document_file,document_title,image_file,image_reference_type,image_reference_line,detected_image_type,has_interactive_buttons,interactive_buttons_magenta,hard_fail_triggered,hard_fail_reason,score_topic_match,score_detail_match,score_section_relevance,score_visual_evidence,score_contradictions,overall_score,final_verdict,processing_error,processing_warning,image_reference_error,api_http_status,api_finish_reason,api_attempt,match_reasons,missing_evidence
api-ref/source/appendix/obtaining_a_project_id.rst,Obtaining a Project ID,,,,,,,,,,,,,,,fail,kein valides Bild,,,,,0,,
api-ref/source/appendix/obtaining_a_project_id.rst,Obtaining a Project ID,/home/ubuntu/repotesting/relational-database-service/umn/source/_static/images/en-us_image_0000001127708398.jpg,figure,63,,,,,,,,,,,,fail,,,kein valides Bild,,,0,,
api-ref/source/before_you_start/concepts.rst,Concepts,,,,,,,,,,,,,,,fail,kein valides Bild,,,,,0,,
api-ref/source/before_you_start/concepts.rst,Concepts,/home/ubuntu/repotesting/relational-database-service/umn/source/_static/images/en-us_image_0000001784521786.png,figure,31,,,,,,,,,,,,fail,,,kein valides Bild,,,0,,
api-ref/source/calling_apis/response.rst,Response,,,,,,,,,,,,,,,fail,kein valides Bild,,,,,0,,
api-ref/source/calling_apis/response.rst,Response,/home/ubuntu/repotesting/relational-database-service/umn/source/_static/images/en-us_image_0000001127868142.png,figure,26,,,,,,,,,,,,fail,,,kein valides Bild,,,0,,
umn/source/faqs/database_connection/what_should_i_do_if_an_rds_microsoft_sql_server_db_instance_failed_to_be_connected.rst,What Should I Do If an RDS Microsoft SQL Server DB Instance Failed to Be Connected?,/home/ubuntu/repotesting/relational-database-service/umn/source/_static/images/en-us_image_0000001191211679.png,substitution_image,38,icon,False,False,False,,2,2,2,3,3,0.77,partial,,,,200,stop,1,"The image is a small gray location/map-pin pictogram, which is an isolated UI symbol rather than a full interface screenshot. | In the RST, |image1| is used in Solution step 2 to indicate clicking the region/project selector in the upper left corner, and a location pin is a fitting symbol for region selection. | The icon is semantically consistent with the 'select a region and a project' instruction and does not contradict the surrounding text. | The visual content (a teardrop pin with a central dot) is clearly legible and matches a typical region/location selector icon.","The image does not show the surrounding console UI, so the exact placement in the upper-left corner cannot be visually confirmed. | No label or text accompanies the icon, so its specific function (region vs. project) is inferred from the RST rather than the image itself."
umn/source/faqs/database_parameter_modification/does_rds_for_postgresql_support_the_test_decoding_plugin.rst,Does RDS for PostgreSQL Support the test_decoding Plugin?,/home/ubuntu/repotesting/relational-database-service/umn/source/_static/images/en-us_image_0000001191211679.png,substitution_image,19,icon,False,False,False,,1,2,2,2,3,0.62,partial,,,,200,stop,1,"The image is a small gray location-pin / map-marker icon, an isolated UI symbol, so it is classified as an icon. | In the RST, |image1| is used in step 2 to indicate clicking the region/project selector in the upper-left corner, which matches a location-pin navigation icon. | The icon is part of the console navigation steps rather than directly illustrating test_decoding or the wal_level parameter, so topic match is limited. | No visible interactive button controls are present; it is a symbolic navigation glyph. | No contradiction between the image and the surrounding text.","The image does not show the surrounding console UI, so the exact placement (upper-left corner) cannot be visually confirmed. | No label or text accompanies the icon to explicitly confirm it is the region/project selector."
umn/source/getting_started_with_rds_for_mysql/operation_guide.rst,Operation Guide,/home/ubuntu/repotesting/relational-database-service/umn/source/_static/images/en-us_image_0000001191131447.png,figure,14,other,False,False,True,Forbidden color #3298ff was detected in the image.,0,0,0,0,0,0.00,fail,,Images with the forbidden color were not sent to the AI API.,,,local_hard_fail,0,Local color check detected #3298ff.,
umn/source/getting_started_with_rds_for_mysql/step_2_connect_to_a_db_instance/connecting_to_a_db_instance.rst,Connecting to a DB Instance,/home/ubuntu/repotesting/relational-database-service/umn/source/_static/images/en-us_image_0000001191131351.png,figure,33,other,False,False,True,Forbidden color #3298ff was detected in the image.,0,0,0,0,0,0.00,fail,,Images with the forbidden color were not sent to the AI API.,,,local_hard_fail,0,Local color check detected #3298ff.,
umn/source/getting_started_with_rds_for_mysql/step_2_connect_to_a_db_instance/connecting_to_an_rds_for_mysql_db_instance_through_a_private_network/connecting_to_a_db_instance_through_a_private_network.rst,Connecting to a DB Instance Through a Private Network,/home/ubuntu/repotesting/relational-database-service/umn/source/_static/images/en-us_image_0000001191211679.png,substitution_image,156,icon,False,False,False,,2,2,2,2,3,0.72,partial,,,,200,stop,1,"Image is a small gray location pin / map marker icon, used as an inline reference |image1| in the RST. | The RST instructs: 'Click |image1| in the upper left corner and select a region and a project,' which is a standard region selector in the Huawei Cloud management console. | A location pin icon is a reasonable representation for a region selector in a cloud console UI. | This icon is part of the SSL Connection section, step 2, which is a prerequisite step rather than the core DB connection action. | The icon is generic and does not show the full console context, making it harder to verify exact placement.","The icon is shown in isolation without the surrounding console UI, so its exact position in the upper left corner cannot be verified. | No text label or tooltip is visible to confirm it is specifically the region selector."
umn/source/getting_started_with_rds_for_mysql/step_2_connect_to_a_db_instance/connecting_to_an_rds_for_mysql_db_instance_through_a_private_network/overview.rst,Overview,/home/ubuntu/repotesting/relational-database-service/umn/source/_static/images/en-us_image_0000001145211526.png,figure,15,other,False,False,True,Forbidden color #3298ff was detected in the image.,0,0,0,0,0,0.00,fail,,Images with the forbidden color were not sent to the AI API.,,,local_hard_fail,0,Local color check detected #3298ff.,
umn/source/getting_started_with_rds_for_mysql/step_2_connect_to_a_db_instance/connecting_to_an_rds_for_mysql_db_instance_through_a_public_network/overview.rst,Overview,/home/ubuntu/repotesting/relational-database-service/umn/source/_static/images/en-us_image_0000001145051736.png,figure,15,other,False,False,True,Forbidden color #3298ff was detected in the image.,0,0,0,0,0,0.00,fail,,Images with the forbidden color were not sent to the AI API.,,,local_hard_fail,0,Local color check detected #3298ff.,
umn/source/getting_started_with_rds_for_postgresql/operation_guide.rst,Operation Guide,/home/ubuntu/repotesting/relational-database-service/umn/source/_static/images/en-us_image_0000001191131447.png,figure,14,other,False,False,True,Forbidden color #3298ff was detected in the image.,0,0,0,0,0,0.00,fail,,Images with the forbidden color were not sent to the AI API.,,,local_hard_fail,0,Local color check detected #3298ff.,
umn/source/getting_started_with_rds_for_postgresql/step_2_connect_to_a_db_instance/connecting_to_a_db_instance.rst,Connecting to a DB Instance,/home/ubuntu/repotesting/relational-database-service/umn/source/_static/images/en-us_image_0000001191211393.png,figure,33,other,False,False,True,Forbidden color #3298ff was detected in the image.,0,0,0,0,0,0.00,fail,,Images with the forbidden color were not sent to the AI API.,,,local_hard_fail,0,Local color check detected #3298ff.,
umn/source/getting_started_with_rds_for_postgresql/step_2_connect_to_a_db_instance/connecting_to_a_postgresql_db_instance_through_a_private_network/connecting_to_a_db_instance_through_psql.rst,Connecting to a DB Instance Through psql,/home/ubuntu/repotesting/relational-database-service/umn/source/_static/images/en-us_image_0000001191211679.png,substitution_image,126,icon,False,False,False,,1,2,2,2,3,0.62,partial,,,,200,stop,1,"The image is a small location-pin icon, consistent with a region/project selector in a cloud management console. | The RST references this icon in step 2 of the SSL Connection section: 'Click |image1| in the upper left corner and select a region and a project.' | The icon is a generic navigation element and not directly related to the psql connection procedure itself. | No contradiction between the icon and the surrounding text; a location pin is a standard symbol for region selection.","The icon is shown in isolation without surrounding UI context (no console header, no menu), so its exact placement in the upper-left corner cannot be visually confirmed. | No label or tooltip is visible on the icon to confirm it specifically represents 'region and project' selection."
umn/source/getting_started_with_rds_for_postgresql/step_2_connect_to_a_db_instance/connecting_to_a_postgresql_db_instance_through_a_private_network/overview.rst,Overview,/home/ubuntu/repotesting/relational-database-service/umn/source/_static/images/en-us_image_0000001145051740.png,figure,15,other,False,False,True,Forbidden color #3298ff was detected in the image.,0,0,0,0,0,0.00,fail,,Images with the forbidden color were not sent to the AI API.,,,local_hard_fail,0,Local color check detected #3298ff.,
umn/source/getting_started_with_rds_for_postgresql/step_2_connect_to_a_db_instance/connecting_to_a_postgresql_db_instance_through_a_public_network/overview.rst,Overview,/home/ubuntu/repotesting/relational-database-service/umn/source/_static/images/en-us_image_0000001145211530.png,figure,15,other,False,False,True,Forbidden color #3298ff was detected in the image.,0,0,0,0,0,0.00,fail,,Images with the forbidden color were not sent to the AI API.,,,local_hard_fail,0,Local color check detected #3298ff.,
umn/source/getting_started_with_rds_for_sql_server/operation_guide.rst,Operation Guide,/home/ubuntu/repotesting/relational-database-service/umn/source/_static/images/en-us_image_0000001191131447.png,figure,14,other,False,False,True,Forbidden color #3298ff was detected in the image.,0,0,0,0,0,0.00,fail,,Images with the forbidden color were not sent to the AI API.,,,local_hard_fail,0,Local color check detected #3298ff.,
umn/source/getting_started_with_rds_for_sql_server/step_1_create_a_db_instance.rst,Step 1: Create a DB Instance,/home/ubuntu/repotesting/relational-database-service/umn/source/_static/images/en-us_image_0000001191211679.png,substitution_image,228,icon,False,False,False,,2,2,2,2,3,0.72,partial,,,,200,stop,1,"The image is a small location pin/marker icon, consistent with a region selector UI element. | The RST step 2 instructs the user to click this icon in the upper left corner to select a region and project, which aligns with a location pin symbol. | The icon is a generic UI symbol rather than a screenshot of the RDS console, so it provides limited visual detail about the actual creation workflow. | No contradiction exists between the icon and the surrounding text describing region selection.","The image does not show the surrounding UI context (e.g., the upper-left corner of the console) that would confirm its exact placement. | No label or text accompanies the icon to explicitly identify it as a region/project selector."
umn/source/getting_started_with_rds_for_sql_server/step_2_connect_to_a_db_instance/connecting_to_a_db_instance.rst,Connecting to a DB Instance,/home/ubuntu/repotesting/relational-database-service/umn/source/_static/images/en-us_image_0000001145211356.png,figure,33,other,False,False,True,Forbidden color #3298ff was detected in the image.,0,0,0,0,0,0.00,fail,,Images with the forbidden color were not sent to the AI API.,,,local_hard_fail,0,Local color check detected #3298ff.,
umn/source/getting_started_with_rds_for_sql_server/step_2_connect_to_a_db_instance/connecting_to_a_sql_server_db_instance_through_a_private_network/connecting_to_a_db_instance_through_a_private_network.rst,Connecting to a DB Instance Through a Private Network,/home/ubuntu/repotesting/relational-database-service/umn/source/_static/images/en-us_image_0000001191211461.jpg,figure,115,other,False,False,True,Forbidden color #3298ff was detected in the image.,0,0,0,0,0,0.00,fail,,Images with the forbidden color were not sent to the AI API.,,200,stop,1,Local color check detected #3298ff.,
umn/source/getting_started_with_rds_for_sql_server/step_2_connect_to_a_db_instance/connecting_to_a_sql_server_db_instance_through_a_private_network/connecting_to_a_db_instance_through_a_private_network.rst,Connecting to a DB Instance Through a Private Network,/home/ubuntu/repotesting/relational-database-service/umn/source/_static/images/en-us_image_0000001191131309.png,figure,59,screenshot,True,False,False,,3,3,3,3,3,1.00,pass,,Images with the forbidden color were not sent to the AI API.,,200,stop,1,"Image is the SQL Server Management Studio 'Connect to Server' dialog, matching Figure 1 in the Non-SSL Connection section. | Fields shown (Server name with IP,port, SQL Server Authentication, Login rdsuser, Password) align with the RST description. | Connect/Cancel/Help/Options buttons are visible, consistent with the 'Click Connect' instruction.","No SSL/encryption option visible, which is appropriate for the non-SSL figure."
umn/source/getting_started_with_rds_for_sql_server/step_2_connect_to_a_db_instance/connecting_to_a_sql_server_db_instance_through_a_private_network/connecting_to_a_db_instance_through_a_private_network.rst,Connecting to a DB Instance Through a Private Network,/home/ubuntu/repotesting/relational-database-service/umn/source/_static/images/en-us_image_0000001191211463.png,figure,98,screenshot,True,False,False,,3,3,3,3,3,1.00,pass,,Images with the forbidden color were not sent to the AI API.,,200,stop,1,"Image is the SQL Server Management Studio 'Connect to Server' dialog, matching Figure 2 in the SSL Connection section. | Fields (Server name IP,port, SQL Server Authentication, Login rdsuser, Password) match the RST text. | Visible Connect/Cancel/Help/Options buttons align with the connection steps.",The SSL 'Encrypt connection' option is not shown in this dialog (it appears in the separate Connection Properties figure).
umn/source/getting_started_with_rds_for_sql_server/step_2_connect_to_a_db_instance/connecting_to_a_sql_server_db_instance_through_a_private_network/connecting_to_a_db_instance_through_a_private_network.rst,Connecting to a DB Instance Through a Private Network,/home/ubuntu/repotesting/relational-database-service/umn/source/_static/images/en-us_image_0000001191211679.png,substitution_image,126,icon,False,False,False,,3,2,3,2,3,0.88,pass,,Images with the forbidden color were not sent to the AI API.,,200,stop,1,"Image is a small gray location-pin icon, matching the |image1| reference used in the Preparations step to select a region and project. | A location/region pin is semantically consistent with selecting a region in the management console.","The icon is isolated and small, so surrounding console context (region/project menu) is not visible."
umn/source/getting_started_with_rds_for_sql_server/step_2_connect_to_a_db_instance/connecting_to_a_sql_server_db_instance_through_a_private_network/overview.rst,Overview,/home/ubuntu/repotesting/relational-database-service/umn/source/_static/images/en-us_image_0000001191131329.png,figure,15,other,False,False,True,Forbidden color #3298ff was detected in the image.,0,0,0,0,0,0.00,fail,,Images with the forbidden color were not sent to the AI API.,,,local_hard_fail,0,Local color check detected #3298ff.,
umn/source/getting_started_with_rds_for_sql_server/step_2_connect_to_a_db_instance/connecting_to_a_sql_server_db_instance_through_a_public_network/connecting_to_a_db_instance_through_a_public_network.rst,Connecting to a DB Instance Through a Public Network,/home/ubuntu/repotesting/relational-database-service/umn/source/_static/images/en-us_image_0000001145051614.jpg,figure,103,other,False,False,True,Forbidden color #3298ff was detected in the image.,0,0,0,0,0,0.00,fail,,Images with the forbidden color were not sent to the AI API.,,200,stop,1,Local color check detected #3298ff.,
umn/source/getting_started_with_rds_for_sql_server/step_2_connect_to_a_db_instance/connecting_to_a_sql_server_db_instance_through_a_public_network/connecting_to_a_db_instance_through_a_public_network.rst,Connecting to a DB Instance Through a Public Network,/home/ubuntu/repotesting/relational-database-service/umn/source/_static/images/en-us_image_0000001191211449.png,figure,47,screenshot,True,False,False,,3,3,3,3,3,1.00,pass,,Images with the forbidden color were not sent to the AI API.,,200,stop,1,"Image is a SQL Server 'Connect to Server' dialog, matching Figure 1 'Connecting to the server' in the Non-SSL Connection section. | Fields shown (Server name with IP,port, Authentication = SQL Server Authentication, Login = rdsuser, Password) align with the rst field descriptions. | Visible Connect/Cancel/Help/Options controls correspond to the 'Click Connect' step.",No explicit indication of SSL vs non-SSL in the dialog itself; section context provides that.
umn/source/getting_started_with_rds_for_sql_server/step_2_connect_to_a_db_instance/connecting_to_a_sql_server_db_instance_through_a_public_network/connecting_to_a_db_instance_through_a_public_network.rst,Connecting to a DB Instance Through a Public Network,/home/ubuntu/repotesting/relational-database-service/umn/source/_static/images/en-us_image_0000001145051612.png,figure,86,screenshot,True,False,False,,3,3,3,3,3,1.00,pass,,Images with the forbidden color were not sent to the AI API.,,200,stop,1,"Image is a SQL Server 'Connect to Server' dialog, matching Figure 2 'Connecting to the server' in the SSL Connection section. | Fields shown (Server name with IP,port, Authentication = SQL Server Authentication, Login = rdsuser, Password) align with the rst field descriptions. | Visible Connect/Cancel/Help/Options controls correspond to the connection steps.",The SSL 'Encrypt connection' option is not visible in this dialog; it appears in the subsequent Connection Properties figure.
umn/source/getting_started_with_rds_for_sql_server/step_2_connect_to_a_db_instance/connecting_to_a_sql_server_db_instance_through_a_public_network/overview.rst,Overview,/home/ubuntu/repotesting/relational-database-service/umn/source/_static/images/en-us_image_0000001191211573.png,figure,15,other,False,False,True,Forbidden color #3298ff was detected in the image.,0,0,0,0,0,0.00,fail,,Images with the forbidden color were not sent to the AI API.,,,local_hard_fail,0,Local color check detected #3298ff.,
umn/source/introduction/basic_concepts.rst,Basic Concepts,/home/ubuntu/repotesting/relational-database-service/umn/source/_static/images/en-us_image_0000001145051596.png,figure,58,other,False,False,True,Forbidden color #3298ff was detected in the image.,0,0,0,0,0,0.00,fail,,Images with the forbidden color were not sent to the AI API.,,,local_hard_fail,0,Local color check detected #3298ff.,
umn/source/working_with_rds_for_mysql/backups_and_restorations/configuring_an_intra-region_backup_policy.rst,Configuring an Intra-Region Backup Policy,/home/ubuntu/repotesting/relational-database-service/umn/source/_static/images/en-us_image_0000001191211679.png,substitution_image,72,icon,False,False,False,,2,2,2,3,3,0.77,partial,,,,200,stop,1,"The image is a small location-pin symbol, matching the RST reference |image1| used in step 2 to select a region and project. | It is an isolated UI symbol (icon), not a full screenshot or page. | The icon semantically aligns with the 'select a region and a project' navigation action in the RDS console steps. | No contradiction between the icon and the surrounding RST text.","The image does not show the surrounding console UI, so the exact placement in the upper-left corner cannot be visually confirmed. | No label or text accompanies the icon to confirm it is the region/project selector."
umn/source/working_with_rds_for_mysql/backups_and_restorations/downloading_a_backup_file.rst,Downloading a Backup File,/home/ubuntu/repotesting/relational-database-service/umn/source/_static/images/en-us_image_0000001191211679.png,substitution_image,117,icon,False,False,False,,2,2,2,3,3,0.77,partial,,,,200,stop,1,"The image is a small location pin/marker icon, consistent with its use in the RST as a region/project selector in the upper-left corner of the management console. | The RST states 'Click |image1| in the upper left corner and select a region and a project,' which semantically matches a location/region icon. | The icon is used identically in all three methods (|image1|, |image2|, |image3|) for the same navigation step. | The visual clearly shows a map-pin style icon with a dot in the center, appropriate for a region selector.","The icon is very small and low-resolution, making fine details hard to discern. | No surrounding UI context is visible to confirm it is specifically the region selector in the RDS console."
umn/source/working_with_rds_for_mysql/backups_and_restorations/downloading_a_binlog_backup_file.rst,Downloading a Binlog Backup File,/home/ubuntu/repotesting/relational-database-service/umn/source/_static/images/en-us_image_0000001191211679.png,substitution_image,95,icon,False,False,False,,2,2,2,2,3,0.72,partial,,,,200,stop,1,"The image is a location pin / map marker icon, consistent with the RST instruction to 'Click |image1| in the upper left corner and select a region and a project.' | It is a small symbolic UI icon, not a full screenshot. | The icon is a prerequisite navigation step rather than directly illustrating binlog download, so topic match is moderate. | No contradiction between the icon and its described usage in the document.",The surrounding console UI is not visible; only the isolated icon is shown. | No label or tooltip is visible to confirm it is specifically the region/project selector.
umn/source/working_with_rds_for_mysql/backups_and_restorations/introduction_to_backups.rst,Introduction to Backups,/home/ubuntu/repotesting/relational-database-service/umn/source/_static/images/en-us_image_0000002289561469.png,figure,39,other,False,False,True,Forbidden color #3298ff was detected in the image.,0,0,0,0,0,0.00,fail,,Images with the forbidden color were not sent to the AI API.,,,local_hard_fail,0,Local color check detected #3298ff.,
umn/source/working_with_rds_for_mysql/backups_and_restorations/replicating_a_backup.rst,Replicating a Backup,/home/ubuntu/repotesting/relational-database-service/umn/source/_static/images/en-us_image_0000001191211679.png,substitution_image,45,icon,False,False,False,,2,2,2,3,3,0.77,partial,,,,200,stop,1,"The image is a small location-pin / map-marker icon, matching the |image1| reference in step 2 ('Click |image1| in the upper left corner and select a region and a project'). | It is an isolated symbolic UI graphic, so it is classified as an icon rather than a screenshot. | The icon is relevant to the Procedure section where the user selects a region/project before navigating to RDS. | The visual clearly shows a location pin symbol, providing clear visual evidence. | No contradiction between the icon and the surrounding RST text.","The image does not show the surrounding console UI, so the exact placement in the upper-left corner cannot be visually confirmed. | No label or text accompanies the icon to confirm it is the region/project selector."
umn/source/working_with_rds_for_mysql/backups_and_restorations/restoring_a_db_instance_to_a_point_in_time.rst,Restoring a DB Instance to a Point in Time,/home/ubuntu/repotesting/relational-database-service/umn/source/_static/images/en-us_image_0000001191211679.png,substitution_image,78,icon,False,False,False,,2,2,2,3,3,0.77,partial,,,,200,stop,1,"The image is a small gray location-pin / map-marker pictogram, i.e., an isolated UI symbol, so it is classified as an icon. | In the RST it is referenced as |image1| in step 2: 'Click |image1| in the upper left corner and select a region and a project,' which matches a region/project selector icon. | The icon is part of the console navigation steps for the 'Restoring a DB Instance' procedure, so it is relevant to the section. | The visual content (a location pin) is clearly visible and consistent with a region-selection control. | No contradiction between the image and the surrounding RST text.","The image is a generic location-pin icon without surrounding UI context, so the exact console placement (upper-left corner) cannot be visually confirmed. | No label or text accompanies the icon to explicitly confirm it is the region/project selector."
umn/source/working_with_rds_for_mysql/connection_management/binding_and_unbinding_an_eip.rst,Binding and Unbinding an EIP,/home/ubuntu/repotesting/relational-database-service/umn/source/_static/images/en-us_image_0000001191211679.png,substitution_image,71,icon,False,False,False,,2,2,2,3,3,0.77,partial,,,,200,stop,1,"The image is a small location-pin / map-marker icon, consistent with a region selector symbol. | The RST uses |image1| (and |image2|) for the step 'Click ... in the upper left corner and select a region and a project', which matches a region/location icon. | The icon is a generic symbolic graphic with no UI interface, so it is classified as an icon rather than a screenshot. | No interactive controls or buttons are visible in the image itself.","The icon is generic; the RST does not describe its exact appearance, so the match to a 'region selector' is inferred from context. | No surrounding UI is shown to confirm the icon's placement in the console."
umn/source/working_with_rds_for_mysql/connection_management/changing_a_database_port.rst,Changing a Database Port,/home/ubuntu/repotesting/relational-database-service/umn/source/_static/images/en-us_image_0000001191211679.png,substitution_image,45,icon,False,False,False,,2,2,2,2,3,0.72,partial,,,,200,stop,1,"The image is a small location pin icon, consistent with a region/project selector in a cloud management console. | The RST step 2 says 'Click |image1| in the upper left corner and select a region and a project,' which aligns with a location/region pin icon. | The icon is a standard navigation element in the procedure for changing a database port, not directly depicting the port-change action itself.","The icon is very small and low-resolution, making it difficult to confirm exact UI context. | No surrounding UI elements are visible to confirm it is specifically in the upper-left corner of a console."
umn/source/working_with_rds_for_mysql/connection_management/changing_a_database_port.rst,Changing a Database Port,/home/ubuntu/repotesting/relational-database-service/umn/source/_static/images/en-us_image_0000002492831361.png,substitution_image,46,icon,False,False,False,,2,2,2,2,3,0.72,partial,,,,200,stop,1,"The image is a small plus (+) icon inside a rounded square, likely representing an expand or switch-view action. | The RST step 4 says 'click |image2| first and then click the target read replica,' suggesting the icon toggles visibility of read replicas. | The plus icon is a generic UI symbol; its specific meaning (e.g., show read replicas) is inferred from context rather than visually explicit.","The icon is very small and low-resolution, making it hard to confirm exact UI context. | No surrounding interface elements are visible to confirm the icon's specific function in the RDS console."
umn/source/working_with_rds_for_mysql/data_security/changing_a_security_group.rst,Changing a Security Group,/home/ubuntu/repotesting/relational-database-service/umn/source/_static/images/en-us_image_0000001191211679.png,substitution_image,25,icon,False,False,False,,2,2,2,2,3,0.72,partial,,,,200,stop,1,"The image is a small location-pin icon, consistent with the RST instruction to 'Click |image1| in the upper left corner and select a region and a project.' | It is a general navigation element (region selector) rather than something specific to security group configuration. | The icon is clearly visible and semantically matches a region/location selector in a cloud management console. | No contradiction between the icon and its described usage in step 2 of the procedure.",The icon is shown in isolation without surrounding UI context (no console header or region dropdown visible). | No label or text accompanies the icon to confirm it is specifically the region selector.
umn/source/working_with_rds_for_mysql/data_security/changing_a_security_group.rst,Changing a Security Group,/home/ubuntu/repotesting/relational-database-service/umn/source/_static/images/en-us_image_0000001145051618.png,substitution_image,26,icon,False,False,False,,2,2,2,2,3,0.72,partial,,,,200,stop,1,"The image is a refresh/reload icon enclosed in a square button frame, consistent with the RST instruction to 'Click |image2| in the upper right corner on the Summary page to view the results.' | It represents a general refresh action used to check the outcome of the security group change, not a security-group-specific control. | The circular-arrow refresh symbol is clearly visible and semantically matches 'view the results' after a 1-3 minute wait. | No contradiction between the icon and its described usage in step 8 of the procedure.",The icon is shown in isolation without the Summary page context (no page header or surrounding UI visible). | No label or tooltip text is visible to confirm it is specifically the refresh button on the Summary page.
umn/source/working_with_rds_for_mysql/database_proxy_read_write_splitting/applying_for_and_changing_a_private_domain_name_for_a_database_proxy.rst,Applying for and Changing a Private Domain Name for a Database Proxy,/home/ubuntu/repotesting/relational-database-service/umn/source/_static/images/en-us_image_0000001191211679.png,substitution_image,48,icon,False,False,False,,2,2,2,3,3,0.77,partial,,,,200,stop,1,"The image is a small gray location-pin / map-marker pictogram, matching the RST instruction to 'Click |image1| in the upper left corner and select a region and a project.' | It is used as a navigation/region-selector symbol in both the 'Applying for a private domain name' and 'Changing a Private Domain Name' procedures. | The icon is consistent with a region/project selection control in a cloud management console, so it does not contradict the surrounding text. | The image is an isolated symbol rather than a full UI screenshot, so it supports the step but does not depict the private-domain-name dialog itself.","No surrounding console UI is visible, so the exact placement ('upper left corner') cannot be confirmed from the image alone. | The image does not show the private domain name field, Apply/Change/Delete buttons, or the dialog box described in the steps."
umn/source/working_with_rds_for_mysql/database_proxy_read_write_splitting/configuring_the_delay_threshold_and_routing_policy.rst,Configuring the Delay Threshold and Routing Policy,/home/ubuntu/repotesting/relational-database-service/umn/source/_static/images/en-us_image_0000001191211679.png,substitution_image,69,icon,False,False,False,,2,2,2,3,3,0.77,partial,,,,200,stop,1,"The image is a small location pin/region selector icon, consistent with the RST instruction 'Click |image1| in the upper left corner and select a region and a project.' | It is a navigation element used in the procedure steps rather than directly illustrating the delay threshold or routing policy topic. | The icon is a standard region selector symbol commonly found in cloud management consoles. | No contradictions between the image and the RST text.",The icon is generic and does not show any specific UI context such as the management console layout or the region/project selection dialog.
umn/source/working_with_rds_for_mysql/database_proxy_read_write_splitting/configuring_transaction_splitting.rst,Configuring Transaction Splitting,/home/ubuntu/repotesting/relational-database-service/umn/source/_static/images/en-us_image_0000001191211679.png,substitution_image,43,icon,False,False,False,,2,2,2,3,3,0.77,partial,,,,200,stop,1,"The image is a location pin / map marker icon, consistent with a region/project selector in a cloud management console. | The RST step 2 says 'Click |image1| in the upper left corner and select a region and a project,' which matches the purpose of a location pin icon. | The icon is a generic navigation element used to reach the RDS console, not specific to transaction splitting itself.",The icon is small and monochrome; no surrounding UI context is visible to confirm it is in the upper-left corner of a console.
umn/source/working_with_rds_for_mysql/instance_lifecycle/creating_a_same_db_instance_as_an_existing_db_instance.rst,Creating a Same DB Instance as an Existing DB Instance,/home/ubuntu/repotesting/relational-database-service/umn/source/_static/images/en-us_image_0000001191211679.png,substitution_image,39,icon,False,False,False,,2,2,2,3,3,0.77,partial,,,,200,stop,1,"The image is a small gray location-pin / map-marker pictogram, consistent with an isolated UI symbol (icon). | In the RST, |image1| is referenced in step 2 of the Procedure: 'Click |image1| in the upper left corner and select a region and a project,' which matches a region/location selector icon. | The icon is semantically relevant to the procedure for navigating the management console before creating a same DB instance. | No interactive controls (buttons, inputs) are visible; it is a standalone symbol. | No contradiction between the image and the surrounding RST text.","The image does not show the surrounding console UI, so the 'upper left corner' placement cannot be visually confirmed. | No label or tooltip is visible to confirm it specifically denotes region/project selection."
umn/source/working_with_rds_for_mysql/instance_lifecycle/exporting_db_instance_information.rst,Exporting DB Instance Information,/home/ubuntu/repotesting/relational-database-service/umn/source/_static/images/en-us_image_0000001191211679.png,substitution_image,33,icon,False,False,False,,2,2,2,3,3,0.77,partial,,,,200,stop,1,"Location pin icon is a standard UI element for region/project selection in cloud management consoles | The RST references this icon for 'Click |image1| in the upper left corner and select a region and a project' | The icon is a prerequisite navigation step, not the main export action | The visual clearly shows a map/location pin symbol consistent with region selection",No surrounding UI context visible to confirm it is in the upper left corner | No text label visible on the icon to confirm its exact function
umn/source/working_with_rds_for_mysql/instance_lifecycle/rebooting_db_instances_or_read_replicas.rst,Rebooting DB Instances or Read Replicas,/home/ubuntu/repotesting/relational-database-service/umn/source/_static/images/en-us_image_0000001191211679.png,substitution_image,39,icon,False,False,False,,2,2,2,3,3,0.77,partial,,,,200,stop,1,"Location pin icon is used in step 2 for selecting region and project, a standard navigation prerequisite | The icon is a common symbol for region/location selection in management consoles | It is a small symbolic graphic (icon), not a full screenshot",No surrounding UI context visible to confirm it is in the upper left corner of a console
umn/source/working_with_rds_for_mysql/instance_lifecycle/rebooting_db_instances_or_read_replicas.rst,Rebooting DB Instances or Read Replicas,/home/ubuntu/repotesting/relational-database-service/umn/source/_static/images/en-us_image_0000002492863369.png,substitution_image,40,icon,False,False,False,,2,2,2,3,3,0.77,partial,,,,200,stop,1,"Plus sign icon is referenced in step 4 for locating the target read replica | The icon is a small UI symbol (plus in a rounded square), consistent with a view-switch or add button | It is part of the procedure but not directly about the reboot action itself",No surrounding UI context to confirm the exact function of the plus button in the RDS console
umn/source/working_with_rds_for_mysql/instance_lifecycle/stopping_a_db_instance.rst,Stopping a DB Instance,/home/ubuntu/repotesting/relational-database-service/umn/source/_static/images/en-us_image_0000001191211679.png,substitution_image,31,icon,False,False,False,,2,2,2,3,3,0.77,partial,,,,200,stop,1,"The image is a small gray location-pin / map-marker pictogram, i.e., an isolated UI symbol, so it is classified as an icon. | In the RST, |image1| is used in Procedure step 2: 'Click |image1| in the upper left corner and select a region and a project.' A location pin is a reasonable symbol for a region/project selector. | The icon is semantically consistent with selecting a region, matching the surrounding procedure text. | No interactive button or control is visible; it is a static symbol.","The image does not show the surrounding console UI, so the exact placement ('upper left corner') cannot be verified from the image alone. | No label or tooltip is visible to confirm it specifically denotes region/project selection."
umn/source/working_with_rds_for_mysql/instance_modifications/changing_a_db_instance_class.rst,Changing a DB Instance Class,/home/ubuntu/repotesting/relational-database-service/umn/source/_static/images/en-us_image_0000001191211679.png,substitution_image,44,icon,False,False,False,,2,2,2,3,3,0.77,partial,,,,200,stop,1,"The image is a small gray location-pin / map-marker pictogram, consistent with an isolated UI symbol (icon). | In the RST, |image1| is referenced in Procedure step 2: 'Click |image1| in the upper left corner and select a region and a project,' which matches a region/project selector icon. | The icon is relevant to the procedure for changing a DB instance class, though it is not directly about the instance-class change itself. | No interactive controls or buttons are visible; it is a static symbolic graphic. | No contradiction between the image and the surrounding RST text.","The image does not show the surrounding console UI, so the exact placement ('upper left corner') cannot be visually confirmed. | No label or tooltip is visible to confirm it is specifically the region/project selector."
umn/source/working_with_rds_for_mysql/instance_modifications/changing_a_db_instance_name.rst,Changing a DB Instance Name,/home/ubuntu/repotesting/relational-database-service/umn/source/_static/images/en-us_image_0000001191211679.png,substitution_image,33,icon,False,False,False,,2,2,2,3,3,0.77,partial,,,,200,stop,1,"The image shows a location pin/marker icon, consistent with the RST instruction to 'Click |image1| in the upper left corner and select a region and a project.' | The icon is a standard region/location selector symbol used in cloud management consoles. | It is part of the navigation procedure but not directly related to the DB instance name change itself.",The icon is small and low-resolution; exact UI context (upper-left corner placement) cannot be confirmed from the icon alone.
umn/source/working_with_rds_for_mysql/instance_modifications/changing_a_db_instance_type_from_single_to_primary_standby.rst,Changing a DB Instance Type from Single to Primary/Standby,/home/ubuntu/repotesting/relational-database-service/umn/source/_static/images/en-us_image_0000001191211679.png,substitution_image,27,icon,False,False,False,,2,2,2,3,3,0.77,partial,,,,200,stop,1,"The image is a location pin/marker icon, consistent with the RST instruction to 'select a region and a project' in step 2 of the procedure. | It is a generic console navigation icon used across many RDS procedures, not specific to the 'changing instance type' topic. | The icon is clearly identifiable as a location/region selector symbol. | No contradictions between the image and the RST text.","The icon is small and low-resolution; surrounding UI context (e.g., the upper-left corner placement) is not visible. | No text label is visible on the icon to confirm it is specifically a region selector."
umn/source/working_with_rds_for_mysql/instance_modifications/changing_the_maintenance_window.rst,Changing the Maintenance Window,/home/ubuntu/repotesting/relational-database-service/umn/source/_static/images/en-us_image_0000001191211679.png,substitution_image,31,icon,False,False,False,,2,2,2,3,3,0.77,partial,,,,200,stop,1,"The image is a small gray location-pin / map-marker pictogram, an isolated UI symbol, so it is classified as an icon. | In the RST, |image1| is used in Procedure step 2: 'Click |image1| in the upper left corner and select a region and a project.' A location pin is a semantically appropriate symbol for a region selector. | The icon supports the navigation procedure that precedes the maintenance-window configuration steps, so it is relevant to the section. | The visual content (a teardrop pin with a central dot) is clearly legible and matches a standard region/location icon.","The image is a generic location pin and does not show the actual console UI, region list, or project selector, so the exact control it represents is inferred from the RST text rather than visible in the image. | No label or text accompanies the icon to confirm it is the region/project selector."
umn/source/working_with_rds_for_mysql/instance_modifications/manually_switching_between_primary_and_standby_db_instances.rst,Manually Switching Between Primary and Standby DB Instances,/home/ubuntu/repotesting/relational-database-service/umn/source/_static/images/en-us_image_0000001191211679.png,substitution_image,45,icon,False,False,False,,2,2,2,3,3,0.77,partial,,,,200,stop,1,"The image is a location/region pin icon, consistent with the RST instruction to 'Click |image1| in the upper left corner and select a region and a project.' | It is a small symbolic graphic (icon) used as a UI reference in the procedure steps. | The icon is generic (region selector) and not specific to RDS switching, but it is part of the documented procedure.",The icon does not show any RDS-specific branding or context; it is a generic location pin. | No surrounding UI context is visible to confirm it is in the upper left corner of a management console.
umn/source/working_with_rds_for_mysql/instance_modifications/scaling_up_storage_space.rst,Scaling Up Storage Space,/home/ubuntu/repotesting/relational-database-service/umn/source/_static/images/en-us_image_0000001191211679.png,substitution_image,113,icon,False,False,False,,2,2,2,3,3,0.77,partial,,,,200,stop,1,"The image is a small location pin/marker icon, consistent with a region selector in the upper-left corner of a management console. | The RST instructs 'Click |image1| in the upper left corner and select a region and a project,' which matches the semantic meaning of a location/region icon. | The icon is used as a navigation aid in the step-by-step procedure for scaling up storage, not as a direct illustration of the storage scaling feature itself. | The image is referenced twice (as |image1| and |image2|) in both the Primary DB Instance and Read Replica sections for the same navigation step.",The image does not show the full console UI context; it is an isolated icon without surrounding interface elements. | No label or text is visible in the icon to confirm it specifically represents 'region' selection.
umn/source/working_with_rds_for_mysql/instance_modifications/scaling_up_storage_space.rst,Scaling Up Storage Space,/home/ubuntu/repotesting/relational-database-service/umn/source/_static/images/en-us_image_0000002459797326.png,substitution_image,114,icon,False,False,False,,2,2,2,3,3,0.77,partial,,,,200,stop,1,"The image is a small square icon containing a plus sign, consistent with an expand/reveal action in a table or list. | The RST instructs 'click |image3| in front of it. Locate a read replica to be scaled,' which matches the semantic meaning of an expand icon to reveal child instances (read replicas). | The icon is used in the 'Scaling up a Read Replica' section to help users navigate to the specific read replica they want to scale. | The plus-in-square design is a common UI convention for expanding a row to show sub-items.",The image does not show the full table or list context where the icon would appear. | No label or text is visible to confirm it specifically represents 'expand read replicas' rather than a generic add/expand action.
umn/source/working_with_rds_for_mysql/instance_modifications/storage_autoscaling.rst,Storage Autoscaling,/home/ubuntu/repotesting/relational-database-service/umn/source/_static/images/en-us_image_0000001191211679.png,substitution_image,52,icon,False,False,False,,2,2,2,3,3,0.77,partial,,,,200,stop,1,"The image is a location pin icon, consistent with the RST instruction to 'Click |image1| in the upper left corner and select a region and a project.' | It is a small symbolic UI icon (location/marker pin), not a full screenshot. | The icon is part of the navigation procedure (step 2) for accessing the RDS console, which is a prerequisite for the storage autoscaling task. | The visual content (a map/location pin) semantically aligns with region selection in a cloud console.",The image does not show the surrounding UI context (upper-left corner placement) to fully confirm its exact position in the console. | No label or text accompanies the icon in the image itself.
umn/source/working_with_rds_for_mysql/instance_modifications/storage_autoscaling.rst,Storage Autoscaling,/home/ubuntu/repotesting/relational-database-service/umn/source/_static/images/en-us_image_0000002492673373.png,substitution_image,53,icon,False,False,False,,2,2,2,3,3,0.77,partial,,,,200,stop,1,"The image is a plus-sign icon inside a bordered square, consistent with the RST instruction to 'click |image2| in front of a DB instance to locate the read replica.' | It is a small symbolic UI icon (add/expand button), not a full screenshot. | The icon is part of the navigation procedure (step 4) for locating a read replica, which is relevant to the storage autoscaling workflow. | A plus icon is a common UI convention for expanding or revealing associated items (e.g., read replicas under a primary instance).",The image does not show the surrounding table/list context to confirm it appears 'in front of a DB instance.' | No label or text accompanies the icon in the image itself.
umn/source/working_with_rds_for_mysql/instance_modifications/upgrading_a_minor_version.rst,Upgrading a Minor Version,/home/ubuntu/repotesting/relational-database-service/umn/source/_static/images/en-us_image_0000001191211679.png,substitution_image,39,icon,False,False,False,,2,2,2,3,3,0.77,partial,,,,200,stop,1,"The image is a small gray location/map-pin pictogram, an isolated UI symbol, so it is classified as an icon. | In the RST Procedure, step 2 says to click |image1| in the upper left corner to select a region and a project; a location-pin icon semantically matches a region selector. | The icon is generic and not specific to the minor-version-upgrade topic, so topic and detail match are moderate. | The icon appears in the Procedure section where it is actually referenced, so it is section-relevant. | The visual content (a location pin) is clearly visible and unambiguous.","No surrounding console UI, menu, or label is visible to confirm the exact control the icon represents. | No text or tooltip accompanies the icon in the image itself."
umn/source/working_with_rds_for_mysql/interconnection_with_cts/viewing_tracing_events.rst,Viewing Tracing Events,/home/ubuntu/repotesting/relational-database-service/umn/source/_static/images/en-us_image_0000001145051826.png,substitution_image,46,icon,False,False,False,,2,2,3,2,3,0.78,partial,,,,200,stop,1,"The image is a small downward-pointing chevron/arrow, an isolated UI symbol (icon), not a full screenshot. | In the RST, |image1| is referenced in Procedure step 6 as the control clicked 'on the left of the required trace to expand its details', which matches the expand-arrow semantics of the icon. | The icon is placed within the Procedure section describing how to view tracing events on the CTS console, so it is topically relevant. | No contradiction between the image and the surrounding text.","No surrounding UI context (e.g., trace list table or row) is visible in the image. | No text or label accompanies the icon, so its exact placement cannot be confirmed visually."
umn/source/working_with_rds_for_mysql/log_management/downloading_sql_audit_logs.rst,Downloading SQL Audit Logs,/home/ubuntu/repotesting/relational-database-service/umn/source/_static/images/en-us_image_0000001191211679.png,substitution_image,67,icon,False,False,False,,2,2,2,3,3,0.77,partial,,,,200,stop,1,"Image is a small location pin/marker icon used for region and project selection in the management console | Referenced in step 2 of the RST as the icon to click in the upper left corner to select a region and project | The icon is a standard UI navigation element, not directly related to SQL audit log content | Serves as a procedural navigation aid within the broader download procedure","The icon is very small and low-resolution, making it difficult to confirm exact visual details | No surrounding UI context is visible to confirm its placement in the upper left corner of the console"
umn/source/working_with_rds_for_mysql/log_management/viewing_error_logs.rst,Viewing Error Logs,/home/ubuntu/repotesting/relational-database-service/umn/source/_static/images/en-us_image_0000001191211679.png,substitution_image,34,icon,False,False,False,,2,2,2,2,3,0.72,partial,,,,200,stop,1,"The image is a location pin/marker icon, consistent with the RST instruction to 'select a region and a project'. | It is used as an inline reference (|image1|) in the navigation steps for accessing the RDS console. | The icon is a small, isolated symbolic graphic, not a screenshot of the full UI. | The icon semantically matches the concept of region/location selection described in the text.",The icon does not show the actual UI context (upper left corner of the console) where it would appear. | No label or text is visible on the icon to confirm it is specifically the region selector.
umn/source/working_with_rds_for_mysql/log_management/viewing_failover_switchover_logs.rst,Viewing Failover/Switchover Logs,/home/ubuntu/repotesting/relational-database-service/umn/source/_static/images/en-us_image_0000001191211679.png,substitution_image,23,icon,False,False,False,,2,2,2,3,3,0.77,partial,,,,200,stop,1,"The image is a small location-pin / map-marker pictogram, consistent with an icon. | In the RST, |image1| is referenced in step 2 for selecting a region and a project, which matches a location/region selector icon. | The icon is placed within the Procedure section and supports the navigation steps for reaching the RDS console. | No contradiction between the icon and the surrounding text.",The image is a generic location pin; it does not show the actual console UI or label confirming it is the region selector. | No surrounding interface context is visible to confirm exact placement in the upper-left corner.
umn/source/working_with_rds_for_mysql/metrics_and_alarms/viewing_monitoring_metrics.rst,Viewing Monitoring Metrics,/home/ubuntu/repotesting/relational-database-service/umn/source/_static/images/en-us_image_0000001191211679.png,substitution_image,47,icon,False,False,False,,2,2,2,3,3,0.77,partial,,,,200,stop,1,"The image is a small location-pin / map-marker pictogram, consistent with an icon rather than a screenshot. | In the RST it is referenced as |image1| in step 2: 'Click |image1| in the upper left corner and select a region and a project,' which matches a region/location selector icon. | The icon is part of the Procedure section and supports the navigation steps, though it is not directly about monitoring metrics. | No contradiction between the icon and the surrounding text.",The image is a generic location pin; it does not show the actual console UI or the region/project selection menu it represents. | No label or text is visible in the icon to confirm it is the exact control referenced in the procedure.
umn/source/working_with_rds_for_mysql/parameter_template_management/applying_a_parameter_template.rst,Applying a Parameter Template,/home/ubuntu/repotesting/relational-database-service/umn/source/_static/images/en-us_image_0000001191211679.png,substitution_image,36,icon,False,False,False,,2,2,2,3,3,0.77,partial,,,,200,stop,1,"The image is a small location-pin icon, matching the RST reference in step 2 where the user clicks the icon to select a region and project. | A location/region selector icon is semantically appropriate for choosing a region in the management console. | The icon is clearly visible and unambiguous as a map-marker symbol. | No contradiction between the icon and the surrounding procedure text.","The icon is generic; it does not show the actual console UI context (e.g., the upper-left corner placement or region dropdown) described in the text. | No label or text accompanies the icon to confirm it specifically denotes region selection."
umn/source/working_with_rds_for_mysql/parameter_template_management/comparing_parameter_templates.rst,Comparing Parameter Templates,/home/ubuntu/repotesting/relational-database-service/umn/source/_static/images/en-us_image_0000001191211679.png,substitution_image,42,icon,False,False,False,,2,2,2,3,3,0.77,partial,,,,200,stop,1,"The image is a small gray location-pin / map-marker pictogram, an isolated UI symbol, so it is classified as an icon. | In the RST, |image1| and |image2| both reference this image and are used in step 2: 'Click |imageN| in the upper left corner and select a region and a project,' which matches a region/project selector icon. | The icon is semantically consistent with selecting a region and project in the management console navigation steps. | No interactive controls or buttons are visible; it is a static symbolic graphic.","The image does not show the surrounding console UI, so the exact placement in the upper-left corner cannot be visually confirmed. | No label or text accompanies the icon to explicitly identify it as the region/project selector."
umn/source/working_with_rds_for_mysql/parameter_template_management/creating_a_parameter_template.rst,Creating a Parameter Template,/home/ubuntu/repotesting/relational-database-service/umn/source/_static/images/en-us_image_0000001191211679.png,substitution_image,44,icon,False,False,False,,2,2,2,3,3,0.77,partial,,,,200,stop,1,"The image is a small location-pin / map-marker icon, matching the |image1| reference in step 2 ('Click |image1| in the upper left corner and select a region and a project'). | It is a symbolic UI icon rather than a full screenshot, so it is classified as an icon. | The icon semantically supports the region/project selection step in the Procedure section. | No contradiction between the icon and the surrounding RST text.","The image alone does not show the surrounding console UI, so the exact placement in the upper-left corner cannot be visually confirmed. | No label or text accompanies the icon to confirm it is the region selector."
umn/source/working_with_rds_for_mysql/parameter_template_management/exporting_a_parameter_template.rst,Exporting a Parameter Template,/home/ubuntu/repotesting/relational-database-service/umn/source/_static/images/en-us_image_0000001191211679.png,substitution_image,42,icon,False,False,False,,2,2,2,3,3,0.77,partial,,,,200,stop,1,"The image is a small gray location-pin / map-marker pictogram, consistent with an isolated UI symbol (icon). | In the RST it is referenced as |image1| in step 2: 'Click |image1| in the upper left corner and select a region and a project', so a region/location icon is semantically appropriate. | The icon is a generic navigation control, not specific to the 'Exporting a Parameter Template' topic, so topic match is partial. | No interactive button states, labels, or magenta controls are visible; it is a static symbol.","No surrounding UI context (e.g., the upper-left corner of the console) is shown, so the icon's exact placement cannot be verified. | No text label accompanies the icon to confirm it represents region/project selection."
umn/source/working_with_rds_for_mysql/parameter_template_management/importing_a_parameter_template.rst,Importing a Parameter Template,/home/ubuntu/repotesting/relational-database-service/umn/source/_static/images/en-us_image_0000001191211679.png,substitution_image,35,icon,False,False,False,,2,2,2,3,3,0.77,partial,,,,200,stop,1,"The image is a small gray location-pin / map-marker pictogram, an isolated UI symbol, so it is classified as an icon. | In the RST, |image1| is referenced in Procedure step 2: 'Click |image1| in the upper left corner and select a region and a project.' | A location-pin icon is semantically appropriate for a region/project selector control in the upper-left corner of a console. | The icon is a generic symbol and does not itself depict parameter templates, so its direct topical tie to 'Importing a Parameter Template' is indirect. | No interactive button, label, or magenta control is visible in the image.","The image shows only the icon in isolation, without the surrounding console UI, so the exact placement in the upper-left corner cannot be visually confirmed. | No text or label accompanies the icon to explicitly identify it as the region/project selector."
umn/source/working_with_rds_for_mysql/parameter_template_management/resetting_a_parameter_template.rst,Resetting a Parameter Template,/home/ubuntu/repotesting/relational-database-service/umn/source/_static/images/en-us_image_0000001191211679.png,substitution_image,36,icon,False,False,False,,2,2,2,3,3,0.77,partial,,,,200,stop,1,"The image is a small location-pin / map-marker symbol, matching the |image1| reference in step 2 for selecting a region and project. | It is an isolated UI symbol (icon), not a full screenshot or page interface. | The icon is semantically appropriate for a region/project selector in the management console navigation step. | No contradiction between the icon and the surrounding RST text.","The icon is generic and does not show the surrounding console UI, so its exact placement in the upper-left corner cannot be verified from the image alone. | No label or text accompanies the icon to confirm it specifically denotes region/project selection."
umn/source/working_with_rds_for_mysql/parameter_template_management/viewing_application_records_of_a_parameter_template.rst,Viewing Application Records of a Parameter Template,/home/ubuntu/repotesting/relational-database-service/umn/source/_static/images/en-us_image_0000001191211679.png,substitution_image,28,icon,False,False,False,,2,2,2,3,3,0.77,partial,,,,200,stop,1,"The image is a small location-pin icon, matching the RST step 2 instruction to click the icon in the upper left corner to select a region and project. | A map-marker/region icon is semantically appropriate for selecting a region in a cloud console. | The icon is used in the Procedure section and supports the navigation steps, though it is not central to the main topic of viewing application records. | No contradiction between the icon and the surrounding text.",The image is a generic location pin; it does not show the actual console UI or region/project selection dropdown. | No label or text in the image confirms it is the specific region selector referenced.
umn/source/working_with_rds_for_mysql/permissions_management/creating_a_user_and_granting_permissions.rst,Creating a User and Granting Permissions,/home/ubuntu/repotesting/relational-database-service/umn/source/_static/images/en-us_image_0192954081.png,figure,28,other,False,False,True,Forbidden color #3298ff was detected in the image.,0,0,0,0,0,0.00,fail,,Images with the forbidden color were not sent to the AI API.,,,local_hard_fail,0,Local color check detected #3298ff.,
umn/source/working_with_rds_for_mysql/problem_diagnosis_and_sql_analysis/problem_diagnosis/managing_real-time_sessions.rst,Managing Real-Time Sessions,/home/ubuntu/repotesting/relational-database-service/umn/source/_static/images/en-us_image_0000001191211679.png,substitution_image,57,icon,False,False,False,,1,2,2,3,3,0.67,partial,,,,200,stop,1,"The image is a location pin / map marker icon, consistent with the RST instruction to 'select a region and a project' in the upper left corner. | It is a generic navigation icon for region selection, not specific to real-time session management. | The icon is used as a prerequisite step (step 2) before navigating to the Sessions page. | The visual clearly shows a teardrop-shaped location pin with a central dot, matching a region selector control.",No surrounding UI context is visible; the icon is shown in isolation. | The actual console interface where this icon appears is not shown.
umn/source/working_with_rds_for_mysql/problem_diagnosis_and_sql_analysis/problem_diagnosis/managing_storage_capacity.rst,Managing Storage Capacity,/home/ubuntu/repotesting/relational-database-service/umn/source/_static/images/en-us_image_0000001191211679.png,substitution_image,98,icon,False,False,False,,2,2,2,3,3,0.77,partial,,,,200,stop,1,"The image is a location pin icon, consistent with the RST instruction to 'Click |image1| in the upper left corner and select a region and a project.' | The icon is a generic region/area selector, not specific to storage capacity, but it is part of the navigation procedure to reach the Storage Analysis page. | The icon is clearly visible and unambiguous as a location/map pin symbol. | No contradiction between the icon and its described usage in the RST.",The icon does not show any text label or context that would confirm it is specifically the region selector in the RDS console. | No surrounding UI context is visible to confirm placement in the 'upper left corner' as described.
umn/source/working_with_rds_for_mysql/problem_diagnosis_and_sql_analysis/problem_diagnosis/managing_storage_capacity.rst,Managing Storage Capacity,/home/ubuntu/repotesting/relational-database-service/umn/source/_static/images/en-us_image_0000002390250337.png,substitution_image,99,icon,False,False,False,,2,2,2,3,3,0.77,partial,,,,200,stop,1,"The image is a gear/cog (settings) icon, consistent with the RST instruction to 'Click |image2| next to Auto Diagnosis' to configure the daily tablespace increase limit. | A gear icon is a standard symbol for settings/configuration, which aligns with the described action of configuring a threshold. | The icon is clearly visible and unambiguous as a settings/gear symbol. | No contradiction between the icon and its described usage in the RST.","The icon does not show any text label or surrounding UI context to confirm it is specifically next to 'Auto Diagnosis'. | No dialog box or configuration panel is visible, only the icon itself."
umn/source/working_with_rds_for_mysql/problem_diagnosis_and_sql_analysis/sql_analysis/creating_a_sql_insights_task.rst,Creating a SQL Insights Task,/home/ubuntu/repotesting/relational-database-service/umn/source/_static/images/en-us_image_0000001191211679.png,substitution_image,55,icon,False,False,False,,2,2,2,3,3,0.77,partial,,,,200,stop,1,"The image is a location pin icon, consistent with its use in step 2 to indicate clicking a region/project selector in the upper left corner of the management console. | It is a generic navigation icon used across cloud management consoles for region selection, not specific to SQL Insights but relevant to the overall procedure. | The icon clearly depicts a map/location pin, which is the standard symbol for region selection in Huawei Cloud and similar consoles. | No contradiction between the image and the RST text describing its use.","The image does not show the surrounding UI context (e.g., the upper-left corner of the console) to confirm exact placement. | No label or text is visible in the icon to confirm it specifically represents 'region and project' selection."
umn/source/working_with_rds_for_mysql/problem_diagnosis_and_sql_analysis/sql_analysis/creating_a_sql_throttling_rule.rst,Creating a SQL Throttling Rule,/home/ubuntu/repotesting/relational-database-service/umn/source/_static/images/en-us_image_0000001191211679.png,substitution_image,142,icon,False,False,False,,2,2,2,3,3,0.77,partial,,,,200,stop,1,"The image is a location pin icon used in step 2 of the procedure to indicate clicking a region selector in the upper left corner. | It is a generic UI navigation icon, not specific to SQL throttling, but is part of the RDS console access procedure. | The RST describes clicking this icon to select a region and project, which is consistent with a location pin symbol. | The icon is clearly visible and unambiguous as a map/location pin.",The icon does not show any text label or context indicating it is specifically for region selection in the RDS console. | No surrounding UI context is visible to confirm it is in the upper left corner of the console.
umn/source/working_with_rds_for_mysql/problem_diagnosis_and_sql_analysis/sql_analysis/viewing_slow_query_logs_of_a_db_instance.rst,Viewing Slow Query Logs of a DB Instance,/home/ubuntu/repotesting/relational-database-service/umn/source/_static/images/en-us_image_0000001191211679.png,substitution_image,39,icon,False,False,False,,2,2,2,3,3,0.77,partial,,,,200,stop,1,"The image is a small gray location-pin / map-marker pictogram, consistent with a region selector icon. | In the RST, |image1| is referenced in step 2: 'Click |image1| in the upper left corner and select a region and a project,' which matches a location/region icon. | The icon is part of the Procedure section and supports the navigation steps, though it is not directly about slow query logs. | No contradiction between the icon and its textual usage.","The image is a generic location pin without surrounding UI context, so its exact placement in the console cannot be confirmed. | No label or text accompanies the icon to confirm it specifically denotes region/project selection."
umn/source/working_with_rds_for_mysql/read_replicas/creating_a_read_replica.rst,Creating a Read Replica,/home/ubuntu/repotesting/relational-database-service/umn/source/_static/images/en-us_image_0000001191211679.png,substitution_image,134,icon,False,False,False,,2,2,2,3,3,0.77,partial,,,,200,stop,1,"The image is a small gray location-pin / map-marker pictogram, i.e., an isolated UI symbol, so it is classified as an icon. | In the RST, |image1| is referenced in Procedure step 2: 'Click |image1| in the upper left corner and select a region and a project,' which matches a region/location selector icon. | The icon is semantically consistent with selecting a region, supporting the procedure for creating a read replica. | No interactive controls (buttons, menus) are visible in the image, only a static symbol.","The icon has no visible text label, so its exact function (region selector) is inferred from the RST context rather than the image itself. | No surrounding UI context is shown to confirm it is the specific console icon referenced in step 2."
umn/source/working_with_rds_for_mysql/read_replicas/managing_a_read_replica.rst,Managing a Read Replica,/home/ubuntu/repotesting/relational-database-service/umn/source/_static/images/en-us_image_0000001191211679.png,substitution_image,26,icon,False,False,False,,2,2,2,3,3,0.77,partial,,,,200,stop,1,"The image is a location pin / map marker icon, consistent with the RST instruction 'Click |image1| in the upper left corner and select a region and a project.' | It is a generic navigation icon used for region selection, not specific to RDS or read replicas, but appropriate in the procedural context. | The icon is used in both sections (image1 and image3) as a standard console navigation step. | The visual clearly shows a location pin symbol, matching the expected 'region selector' icon.",The icon is very small and low-resolution; finer details of the icon design are not discernible. | No surrounding UI context is visible to confirm it appears in the upper-left corner of a console.
umn/source/working_with_rds_for_mysql/task_center/deleting_a_task_record.rst,Deleting a Task Record,/home/ubuntu/repotesting/relational-database-service/umn/source/_static/images/en-us_image_0000001191211679.png,substitution_image,63,icon,False,False,False,,2,2,2,3,3,0.77,partial,,,,200,stop,1,"The image is a small location-pin / map-marker pictogram, consistent with a region/project selector icon. | The RST uses this image in the step 'Click |image1| in the upper left corner and select a region and a project,' which matches a region selector icon. | The same image is reused for both the instant-task and scheduled-task deletion procedures as the region selector. | No visible interactive controls or buttons are present; it is an isolated symbolic graphic.","The image does not show the surrounding console UI, so its exact placement in the upper-left corner cannot be visually confirmed. | No label or text accompanies the icon to explicitly identify it as the region/project selector."
umn/source/working_with_rds_for_postgresql/backups_and_restorations/replicating_a_backup.rst,Replicating a Backup,/home/ubuntu/repotesting/relational-database-service/umn/source/_static/images/en-us_image_0000001191211679.png,substitution_image,45,icon,False,False,False,,2,2,2,3,3,0.77,partial,,,,200,stop,1,"The image is a small location-pin / map-marker pictogram, matching the |image1| reference in step 2 ('Click |image1| in the upper left corner and select a region and a project'). | A location/region selector icon is semantically consistent with selecting a region and project in the RDS console procedure. | The icon is used within the Procedure section, supporting the navigation steps for accessing the RDS console. | The visual clearly shows an isolated symbolic location marker, confirming the icon classification.","The image does not show the surrounding console UI, so the exact placement in the upper-left corner cannot be verified from the image alone. | No label or text accompanies the icon to confirm it specifically denotes region/project selection."
umn/source/working_with_rds_for_postgresql/connection_management/binding_and_unbinding_an_eip.rst,Binding and Unbinding an EIP,/home/ubuntu/repotesting/relational-database-service/umn/source/_static/images/en-us_image_0000002492743401.png,substitution_image,62,icon,False,False,False,,2,2,3,2,3,0.78,partial,,"Expected 2 image results, but received 1 unique valid results. Missing results for: /home/ubuntu/repotesting/relational-database-service/umn/source/_static/images/en-us_image_0000002492863365.png",,200,stop,1,"The image is a small location pin icon used as a UI symbol for the region/project selector in the upper left corner of the management console. | The RST references this icon in step 2 of the 'Binding an EIP' section: 'Click |image1| in the upper left corner and select a region and a project.' | The icon is a generic location/marker symbol, consistent with a region selector control. | The image is a simple isolated pictogram with no visible interface elements, confirming it is an icon.",The icon does not show any text label or additional context that would confirm it specifically represents a region selector versus a generic location marker. | No surrounding UI context is visible to confirm the exact placement in the upper left corner.
umn/source/working_with_rds_for_postgresql/connection_management/changing_a_database_port.rst,Changing a Database Port,/home/ubuntu/repotesting/relational-database-service/umn/source/_static/images/en-us_image_0000001191211679.png,substitution_image,35,icon,False,False,False,,2,2,2,2,3,0.72,partial,,,,200,stop,1,"The image is a small location pin/marker icon, consistent with a region or project selector in a cloud management console. | The RST step 2 instructs the user to 'Click |image1| in the upper left corner and select a region and a project,' which aligns with a location/region icon. | The icon is part of the general procedure for navigating the console, not directly illustrating the port-change action itself. | No contradiction between the icon's appearance and its described usage in the RST.","The icon is very small and low-resolution, making it difficult to confirm exact visual details. | No surrounding UI context is visible to confirm it is specifically a region selector button."
umn/source/working_with_rds_for_postgresql/connection_management/changing_a_database_port.rst,Changing a Database Port,/home/ubuntu/repotesting/relational-database-service/umn/source/_static/images/en-us_image_0000002492831361.png,substitution_image,36,icon,False,False,False,,2,2,2,2,3,0.72,partial,,,,200,stop,1,"The image is a small plus-sign icon inside a rounded square with a blue border, typical of an 'add' or 'expand' action button in a UI. | The RST step 4 says 'click |image2| first and then click the target read replica,' suggesting the icon is used to access or select read replicas. | The icon is part of the navigation procedure rather than directly illustrating the port-change dialog or result. | No clear contradiction between the plus icon and its described role in selecting a read replica.","The icon is very small and low-resolution; exact label or tooltip is not visible. | No surrounding UI context is shown to confirm the specific function (e.g., 'Add Read Replica' vs. a generic expand menu)."
umn/source/working_with_rds_for_postgresql/connection_management/changing_a_private_domain_name.rst,Changing a Private Domain Name,/home/ubuntu/repotesting/relational-database-service/umn/source/_static/images/en-us_image_0000001191211679.png,substitution_image,26,icon,False,False,False,,2,2,2,3,3,0.77,partial,,,,200,stop,1,"The image is a small gray location-pin / map-marker symbol, matching the region selector icon referenced in step 2. | The RST uses |image1| in step 2 to indicate clicking the region/project selector in the upper left corner, which is consistent with a location pin icon. | The icon is part of the general console navigation procedure rather than the private domain name change itself, so topic relevance is moderate. | No contradiction between the icon and the surrounding text.","The image is an isolated symbol without surrounding UI context, so its exact placement in the console cannot be verified. | No label or text accompanies the icon to confirm it is the region selector."
umn/source/working_with_rds_for_postgresql/instance_lifecycle/deleting_a_db_instance_or_read_replica.rst,Deleting a DB Instance or Read Replica,/home/ubuntu/repotesting/relational-database-service/umn/source/_static/images/en-us_image_0000001191211679.png,substitution_image,53,icon,False,False,False,,2,2,2,3,3,0.77,partial,,,,200,stop,1,"The image is a small location-pin icon, consistent with its use in the RST as a region/project selector in the upper-left corner of the management console. | It is referenced in both the 'Deleting a DB Instance' and 'Deleting a Read Replica' procedures as the navigation step to select a region and project. | The icon is a standard UI symbol (pictogram) for location/region selection, not a full screenshot or interactive button. | No contradiction between the icon's appearance and its described function in the document.","The icon is shown in isolation without surrounding UI context (e.g., the console header), so its exact placement in the interface cannot be visually confirmed. | The RST does not provide a textual label for the icon beyond 'select a region and a project'."
umn/source/working_with_rds_for_postgresql/instance_lifecycle/rebooting_db_instances_or_read_replicas.rst,Rebooting DB Instances or Read Replicas,/home/ubuntu/repotesting/relational-database-service/umn/source/_static/images/en-us_image_0000001191211679.png,substitution_image,39,icon,False,False,False,,2,2,3,2,3,0.78,partial,,"Expected 3 image results, but received 1 unique valid results. Missing results for: /home/ubuntu/repotesting/relational-database-service/umn/source/_static/images/en-us_image_0000002459664212.png, /home/ubuntu/repotesting/relational-database-service/umn/source/_static/images/en-us_image_0000002500515149.png",,200,stop,1,"The image is a location pin / map marker icon, consistent with the RST instruction to 'select a region and a project' in step 2. | It is a small symbolic UI icon used as a clickable element in the management console navigation. | The icon semantically matches the concept of region/location selection described in the procedure.",The icon is generic and does not show any specific cloud provider branding or label. | No text or tooltip is visible to confirm it is specifically the region selector.
umn/source/working_with_rds_for_postgresql/instance_lifecycle/recycling_a_db_instance.rst,Recycling a DB Instance,/home/ubuntu/repotesting/relational-database-service/umn/source/_static/images/en-us_image_0000001191211679.png,substitution_image,50,icon,False,False,False,,2,2,2,3,3,0.77,partial,,,,200,stop,1,"The image is a small gray location-pin / map-marker pictogram, an isolated UI symbol, so it is classified as an icon. | In the RST the image is referenced in step 2 of both procedures as the control to 'select a region and a project' in the upper-left corner, which matches a region-selector pin icon. | The icon is semantically consistent with the navigation steps for reaching the RDS console and the Recycling Management page. | No interactive buttons or controls are visible; it is a static symbolic graphic.","The image alone does not show the surrounding console UI, so the exact label or menu it opens is not visible. | No text or tooltip is present in the image to confirm it specifically denotes region/project selection."
umn/source/working_with_rds_for_postgresql/instance_lifecycle/selecting_displayed_items.rst,Selecting Displayed Items,/home/ubuntu/repotesting/relational-database-service/umn/source/_static/images/en-us_image_0000001191211679.png,substitution_image,27,icon,False,False,False,,2,2,2,3,3,0.77,partial,,,,200,stop,1,"The image is a location pin icon, consistent with the RST instruction to 'select a region and a project' in step 2. | It is a prerequisite step (region/project selection) rather than the main topic of selecting displayed items. | The icon is a standard UI symbol for region selection in cloud management consoles. | No contradiction between the icon and the described action.","The image does not show the full UI context (upper left corner placement, region/project dropdown). | No visible text or label confirming it is specifically for region selection."
umn/source/working_with_rds_for_postgresql/instance_modifications/changing_a_db_instance_class.rst,Changing a DB Instance Class,/home/ubuntu/repotesting/relational-database-service/umn/source/_static/images/en-us_image_0000001191211679.png,substitution_image,49,icon,False,False,False,,2,2,2,3,3,0.77,partial,,,,200,stop,1,"The image is a small gray location-pin / map-marker pictogram, consistent with an icon rather than a screenshot. | In the RST, |image1| is used in Procedure step 2 to indicate clicking the region/project selector in the upper-left corner, which a location-pin icon appropriately represents. | The icon is semantically aligned with 'select a region and a project' in the procedure. | No interactive controls, buttons, or UI panels are visible in the image.","The image does not show the surrounding console UI, so the exact placement in the upper-left corner cannot be visually confirmed. | No label or text accompanies the icon to explicitly identify it as the region/project selector."
umn/source/working_with_rds_for_postgresql/instance_modifications/changing_a_db_instance_type_from_single_to_primary_standby.rst,Changing a DB Instance Type from Single to Primary/Standby,/home/ubuntu/repotesting/relational-database-service/umn/source/_static/images/en-us_image_0000001191211679.png,substitution_image,28,icon,False,False,False,,2,2,2,3,3,0.77,partial,,,,200,stop,1,"The image is a location pin/marker icon, consistent with a region selector in the upper left corner of a management console. | The RST step 2 instructs to 'Click |image1| in the upper left corner and select a region and a project,' which aligns with a location/region icon. | The icon is a generic UI navigation element rather than specific to RDS or the primary/standby change procedure.",The icon is generic and does not show any RDS-specific branding or context. | No surrounding UI is visible to confirm it is in the upper left corner of a console.
umn/source/working_with_rds_for_postgresql/instance_modifications/changing_a_storage_type.rst,Changing a Storage Type,/home/ubuntu/repotesting/relational-database-service/umn/source/_static/images/en-us_image_0000001191211679.png,substitution_image,70,icon,False,False,False,,2,2,2,3,3,0.77,partial,,,,200,stop,1,"The image is a small location/map-pin pictogram, matching the |image1| reference used in step 2 to select a region and project. | A location pin is semantically appropriate for a region/project selector in the RDS console procedure. | The icon is clearly visible and unambiguous as a location marker symbol. | No contradiction between the icon and the surrounding RST text.","The image is an isolated symbol without surrounding UI context, so its exact placement in the console cannot be verified. | No label or text accompanies the icon to confirm it specifically denotes region selection."
umn/source/working_with_rds_for_postgresql/instance_modifications/changing_the_maintenance_window.rst,Changing the Maintenance Window,/home/ubuntu/repotesting/relational-database-service/umn/source/_static/images/en-us_image_0000001191211679.png,substitution_image,31,icon,False,False,False,,2,2,2,3,3,0.77,partial,,,,200,stop,1,"The image is a small gray location-pin / map-marker pictogram, i.e. an isolated UI symbol, so it is classified as an icon. | In the RST, |image1| is used in Procedure step 2: 'Click |image1| in the upper left corner and select a region and a project.' A location pin is a semantically appropriate symbol for region selection. | The icon is part of the navigation procedure that leads to the RDS console, which is the context for changing the maintenance window. | The visual content (a single location pin) is clearly and unambiguously visible.","The image is a generic location pin and does not show the actual management-console UI, so it cannot be confirmed to be the exact region/project selector icon used in the product. | No surrounding interface (upper-left corner, region/project menu) is visible to verify placement described in the text."
umn/source/working_with_rds_for_postgresql/instance_modifications/introduction_to_instance_overview.rst,Introduction to Instance Overview,/home/ubuntu/repotesting/relational-database-service/umn/source/_static/images/en-us_image_0000001191211679.png,substitution_image,94,icon,False,False,False,,2,2,2,3,3,0.77,partial,,,,200,stop,1,"The image is a small gray location-pin / map-marker symbol, consistent with an isolated UI icon. | In the RST it is referenced as |image1| in the step 'Click |image1| in the upper left corner and select a region and a project', which matches a region/region-selector icon. | The icon is used within the Instance Information navigation steps, so it is relevant to that section. | The visual content (a location pin) clearly supports its use as a region selector control.","The image shows only the icon in isolation, without surrounding console UI, so its exact placement in the upper-left corner cannot be visually confirmed. | No label or text accompanies the icon in the image itself."
umn/source/working_with_rds_for_postgresql/instance_modifications/scaling_up_storage_space.rst,Scaling Up Storage Space,/home/ubuntu/repotesting/relational-database-service/umn/source/_static/images/en-us_image_0000001191211679.png,substitution_image,108,icon,False,False,False,,2,2,2,2,3,0.72,partial,,,,200,stop,1,"The image is a small location-pin icon used as an inline reference for selecting a region in the upper-left corner of the console. | The RST states 'Click |image1| in the upper left corner and select a region and a project,' which is consistent with a location/region selector icon. | The icon is a standard navigation element, not directly depicting storage scaling, but it is part of the procedural steps for the task. | The icon is clearly visible and identifiable as a map-pin/location marker symbol.","The icon does not show any surrounding UI context (e.g., the actual console header or region dropdown). | No label or text is visible on the icon itself to confirm it is specifically a region selector."
umn/source/working_with_rds_for_postgresql/instance_modifications/scaling_up_storage_space.rst,Scaling Up Storage Space,/home/ubuntu/repotesting/relational-database-service/umn/source/_static/images/en-us_image_0000002459797326.png,substitution_image,109,icon,False,False,False,,2,2,2,2,3,0.72,partial,,,,200,stop,1,"The image is a small plus-sign icon inside a rounded square, used as an inline reference for expanding a tree node to reveal read replicas. | The RST states 'click |image3| in front of it. Locate a read replica to be scaled,' which is consistent with an expand/plus icon in a tree view. | The icon is a standard UI symbol for expanding child items, relevant to the read-replica scaling procedure. | The icon is clearly visible and identifiable as a plus/expand symbol.","The icon does not show surrounding tree-view context (e.g., instance name or child nodes). | No label or text is visible on the icon to confirm its specific function beyond a generic expand action."
umn/source/working_with_rds_for_postgresql/instance_modifications/storage_autoscaling.rst,Storage Autoscaling,/home/ubuntu/repotesting/relational-database-service/umn/source/_static/images/en-us_image_0000001633304538.png,substitution_image,46,icon,False,False,False,,2,2,2,3,3,0.77,partial,,,,200,stop,1,"The image is a location pin icon, consistent with the RST instruction to 'Click |image1| in the upper left corner and select a region.' | Location pin icons are standard in cloud management consoles for region selection. | The icon is used in the Procedure section (step 2) for navigating the management console. | The image clearly shows a map/location pin symbol.","The icon is very small and low-resolution, making it difficult to confirm exact styling details. | No surrounding UI context is visible to confirm it appears in the upper left corner of a console."
umn/source/working_with_rds_for_postgresql/instance_modifications/storage_autoscaling.rst,Storage Autoscaling,/home/ubuntu/repotesting/relational-database-service/umn/source/_static/images/en-us_image_0000001954623812.png,substitution_image,47,icon,False,False,False,,2,2,2,3,3,0.77,partial,,,,200,stop,1,"The image is a plus (+) icon in a bordered square, consistent with the RST instruction to 'click |image2| in front of a DB instance to locate the read replica.' | A plus icon is commonly used to expand or reveal associated items such as read replicas in a list. | The icon is used in the Procedure section (step 4) for navigating to read replicas. | The image clearly shows a plus sign within a rounded square border.","The icon is very small and low-resolution, making it difficult to confirm exact styling details. | No surrounding UI context is visible to confirm it appears in front of a DB instance in a list."
umn/source/working_with_rds_for_postgresql/log_management/viewing_error_logs.rst,Viewing Error Logs,/home/ubuntu/repotesting/relational-database-service/umn/source/_static/images/en-us_image_0000001191211679.png,substitution_image,35,icon,False,False,False,,2,2,2,3,3,0.77,partial,,,,200,stop,1,"The image is a location pin icon, consistent with the RST instruction to click it in the upper left corner to select a region and project. | It is a small symbolic graphic (icon) used as a UI reference within navigation steps. | The icon is relevant to the navigation portion of the 'Viewing Log Details' section but not directly to error log content. | No contradiction between the image and the surrounding text.",The image does not show the full console UI context (upper-left corner placement) since it is an isolated icon. | No label or text accompanies the icon to confirm it represents region/project selection.
umn/source/working_with_rds_for_postgresql/parameter_template_management/applying_a_parameter_template.rst,Applying a Parameter Template,/home/ubuntu/repotesting/relational-database-service/umn/source/_static/images/en-us_image_0000001191211679.png,substitution_image,33,icon,False,False,False,,2,2,2,3,3,0.77,partial,,,,200,stop,1,"The image is a small location-pin icon, matching the RST reference in step 2 where the user clicks the icon to select a region and project. | A location/region selector icon is semantically appropriate for choosing a region in the management console. | The icon is used within the Procedure section, consistent with its placement in the steps. | The image clearly and unambiguously shows a location pin symbol.","The icon is isolated without surrounding UI context, so its exact label or menu behavior cannot be confirmed from the image alone."
umn/source/working_with_rds_for_postgresql/parameter_template_management/comparing_parameter_templates.rst,Comparing Parameter Templates,/home/ubuntu/repotesting/relational-database-service/umn/source/_static/images/en-us_image_0000001191211679.png,substitution_image,42,icon,False,False,False,,2,2,2,3,3,0.77,partial,,,,200,stop,1,"The image is a small gray location-pin / map-marker pictogram, an isolated UI symbol, so it is classified as an icon. | In the RST it is referenced as |image1|/|image2| in step 2: 'Click ... in the upper left corner and select a region and a project', which matches a region/project selector icon. | The icon is a generic navigation element rather than a depiction of parameter-template comparison, so its topical relevance is partial. | No visible interactive controls or buttons are present in the image.","The image does not show the surrounding console UI, so the exact placement (upper-left region selector) cannot be visually confirmed. | No label or text accompanies the icon to confirm it represents region/project selection."
umn/source/working_with_rds_for_postgresql/parameter_template_management/creating_a_parameter_template.rst,Creating a Parameter Template,/home/ubuntu/repotesting/relational-database-service/umn/source/_static/images/en-us_image_0000001191211679.png,substitution_image,44,icon,False,False,False,,2,2,2,3,3,0.77,partial,,,,200,stop,1,"The image is a small location-pin / map-marker pictogram, matching the |image1| reference used in step 2 to select a region and project. | It is a symbolic UI icon rather than a full screenshot or page interface. | The icon semantically aligns with the 'select a region' action described in the Procedure section. | No contradiction between the icon and the surrounding RST text.","The image does not show the surrounding console UI, so the exact placement in the upper-left corner cannot be visually confirmed. | No label or text accompanies the icon to confirm it is the region selector."
umn/source/working_with_rds_for_postgresql/parameter_template_management/exporting_a_parameter_template.rst,Exporting a Parameter Template,/home/ubuntu/repotesting/relational-database-service/umn/source/_static/images/en-us_image_0000001191211679.png,substitution_image,42,icon,False,False,False,,2,2,2,3,3,0.77,partial,,,,200,stop,1,"The image is a small location-pin / map-marker symbol, consistent with an icon. | In the RST, |image1| is referenced in step 2: 'Click |image1| in the upper left corner and select a region and a project,' which matches a region/location selector icon. | The icon is used within the Procedure section, supporting the navigation steps for the export workflow. | The visual clearly shows a location pin, providing clear visual evidence of a region selector symbol.","The image is an isolated symbol without surrounding UI context, so its exact placement in the console cannot be confirmed. | No label or text accompanies the icon to explicitly confirm it is the region/project selector."
umn/source/working_with_rds_for_postgresql/parameter_template_management/resetting_a_parameter_template.rst,Resetting a Parameter Template,/home/ubuntu/repotesting/relational-database-service/umn/source/_static/images/en-us_image_0000001191211679.png,substitution_image,36,icon,False,False,False,,1,2,2,3,3,0.67,partial,,,,200,stop,1,"The image is a small location-pin / map-marker symbol, i.e., an isolated UI icon. | In the RST it is referenced as |image1| in step 2: 'Click |image1| in the upper left corner and select a region and a project', which matches a region/location selector icon. | The icon is generic navigation and only indirectly related to the parameter-template reset topic. | The visual content (a location pin) is clear and consistent with selecting a region/project.","No surrounding console UI is shown, so the icon's exact placement (upper-left corner) cannot be verified from the image alone. | The image does not show the region/project selection menu that the icon would open."
umn/source/working_with_rds_for_postgresql/parameter_template_management/viewing_application_records_of_a_parameter_template.rst,Viewing Application Records of a Parameter Template,/home/ubuntu/repotesting/relational-database-service/umn/source/_static/images/en-us_image_0000001191211679.png,substitution_image,28,icon,False,False,False,,2,2,2,3,3,0.77,partial,,,,200,stop,1,"The image is a small gray location-pin / map-marker symbol, consistent with a region selector icon. | In the RST, |image1| is referenced in step 2 of the Procedure: 'Click |image1| in the upper left corner and select a region and a project,' which matches a region/location icon. | The icon is part of the login/region-selection procedure rather than the parameter-template-specific content, so topic match is partial. | No interactive controls (buttons, menus) are visible in the image itself, only the isolated symbol.","The image does not show the surrounding console UI, so the 'upper left corner' placement cannot be visually confirmed. | No label or tooltip is visible to confirm the icon's exact function (region vs. project selector)."
umn/source/working_with_rds_for_postgresql/permissions_management/creating_a_user_and_granting_permissions.rst,Creating a User and Granting Permissions,/home/ubuntu/repotesting/relational-database-service/umn/source/_static/images/en-us_image_0192954081.png,figure,28,other,False,False,True,Forbidden color #3298ff was detected in the image.,0,0,0,0,0,0.00,fail,,Images with the forbidden color were not sent to the AI API.,,,local_hard_fail,0,Local color check detected #3298ff.,
umn/source/working_with_rds_for_postgresql/problem_diagnosis_and_sql_analysis/performance_monitoring/viewing_performance_metrics_of_a_db_instance.rst,Viewing Performance Metrics of a DB Instance,/home/ubuntu/repotesting/relational-database-service/umn/source/_static/images/en-us_image_0000001191211679.png,substitution_image,31,icon,False,False,False,,2,2,2,3,3,0.77,partial,,,,200,stop,1,"The image is a small location/map-pin pictogram, matching the |image1| reference used in step 2 to select a region and project. | It is a symbolic UI icon rather than a full screenshot, so it is classified as an icon. | The icon is relevant to the Procedure section where the user selects a region before navigating to RDS. | No contradiction between the icon and the surrounding RST text.","The icon does not show the surrounding console UI, so its exact placement in the upper-left corner cannot be visually confirmed. | No label or text accompanies the icon to confirm it is the region selector."
umn/source/working_with_rds_for_postgresql/problem_diagnosis_and_sql_analysis/sql_analysis/creating_a_sql_insights_task.rst,Creating a SQL Insights Task,/home/ubuntu/repotesting/relational-database-service/umn/source/_static/images/en-us_image_0000001191211679.png,substitution_image,47,icon,False,False,False,,2,2,2,3,3,0.77,partial,,,,200,stop,1,"The image is a location pin icon, consistent with step 2's instruction to click it in the upper left corner to select a region and project. | It is a generic navigation icon used across cloud management consoles, not specific to SQL Insights or RDS. | The icon clearly depicts a map/location pin symbol, matching the expected UI element for region selection. | No contradictions between the image and the RST text.","The image does not show the surrounding UI context (upper-left corner placement, region/project dropdown). | No label or text is visible in the image to confirm it is specifically the region selector."
umn/source/working_with_rds_for_postgresql/problem_diagnosis_and_sql_analysis/sql_analysis/creating_a_sql_throttling_rule.rst,Creating a SQL Throttling Rule,/home/ubuntu/repotesting/relational-database-service/umn/source/_static/images/en-us_image_0000001191211679.png,substitution_image,99,icon,False,False,False,,2,2,2,3,3,0.77,partial,,,,200,stop,1,"The image is a location pin icon used in step 2 to select a region and project in the upper left corner of the management console. | It is a small symbolic graphic (icon) representing a region/area selector, consistent with the RST instruction to click it to select a region. | The icon is relevant to the procedure but not directly related to SQL throttling functionality itself. | No contradictions between the image and the RST text.",The icon is generic; it does not show any specific label or context that would confirm it is the exact region selector in the RDS console.
umn/source/working_with_rds_for_postgresql/problem_diagnosis_and_sql_analysis/sql_analysis/viewing_slow_query_logs_of_a_db_instance.rst,Viewing Slow Query Logs of a DB Instance,/home/ubuntu/repotesting/relational-database-service/umn/source/_static/images/en-us_image_0000001191211679.png,substitution_image,35,icon,False,False,False,,2,2,2,3,3,0.77,partial,,,,200,stop,1,"The image is a small location-pin / map-marker pictogram, consistent with a region selector icon. | In the RST it is referenced as |image1| in Procedure step 2: 'Click |image1| in the upper left corner and select a region and a project,' which matches a location/region icon. | The icon is part of the general console navigation procedure rather than the slow-query-log feature itself, so topic relevance is moderate. | No visible interactive button or control is present; it is an isolated symbolic graphic.","The image does not show the surrounding console UI, so its exact placement in the upper-left corner cannot be visually confirmed. | No label or text accompanies the icon to explicitly identify it as a region selector."
umn/source/working_with_rds_for_postgresql/read_replicas/creating_a_read_replica.rst,Creating a Read Replica,/home/ubuntu/repotesting/relational-database-service/umn/source/_static/images/en-us_image_0000001191211679.png,substitution_image,132,icon,False,False,False,,2,2,2,3,3,0.77,partial,,,,200,stop,1,"The image is a location pin icon, consistent with the RST instruction to 'Click |image1| in the upper left corner and select a region and a project.' | The icon is a standard UI symbol for region/location selection in cloud management consoles. | It appears in step 2 of the Procedure, which is a general navigation step before accessing RDS. | The visual clearly shows a map/location pin, matching the semantic purpose of region selection.","The image is very small and low-resolution, making it difficult to confirm exact UI context. | No surrounding UI elements are visible to confirm it is in the 'upper left corner' of a console."
umn/source/working_with_rds_for_postgresql/read_replicas/creating_a_read_replica.rst,Creating a Read Replica,/home/ubuntu/repotesting/relational-database-service/umn/source/_static/images/en-us_image_0000002509454071.png,substitution_image,133,icon,False,False,False,,2,2,2,3,3,0.77,partial,,,,200,stop,1,"The image is a small square icon with a plus sign, referenced in step 7 for viewing and managing read replicas on the Instances page. | The RST states 'clicking |image2| on the left of the DB instance to which it belongs' to view the read replica, which is consistent with an expand/add-type icon. | It appears in the final step of the Procedure, after the read replica has been created. | The visual clearly shows a plus symbol in a bordered square, a common UI element for expanding or adding related items.","The image is very small and low-resolution, making it difficult to confirm exact UI context. | No surrounding UI elements are visible to confirm it is positioned 'on the left of the DB instance.' | It is slightly ambiguous whether a plus icon is the standard control for 'viewing and managing' (vs. adding) read replicas."
umn/source/working_with_rds_for_postgresql/read_replicas/managing_a_read_replica.rst,Managing a Read Replica,/home/ubuntu/repotesting/relational-database-service/umn/source/_static/images/en-us_image_0000001191211679.png,substitution_image,26,icon,False,False,False,,2,2,2,3,3,0.77,partial,,,,200,stop,1,Image is a location/region pin icon used as a region selector in the management console | RST describes clicking this icon in the upper left corner to select a region and project | The icon is a standard navigation element consistent with region selection in cloud consoles | Used in both sections (Entering and Deleting) as a common navigation step,No full UI context visible; only the isolated icon is shown | Cannot verify the exact placement in the upper left corner from the icon alone
umn/source/working_with_rds_for_postgresql/read_replicas/managing_a_read_replica.rst,Managing a Read Replica,/home/ubuntu/repotesting/relational-database-service/umn/source/_static/images/en-us_image_0000002492732049.png,substitution_image,25,icon,False,False,False,,2,2,2,3,3,0.77,partial,,,,200,stop,1,"Image is a plus/expand icon in a rounded square, consistent with expanding DB instance details | RST states to click this icon to expand the DB instance details and navigate to the read replica Summary page | The plus symbol is a standard UI convention for expanding/collapsing tree items | Used in the 'Entering the Management Interface Through a Read Replica' section",No surrounding UI context to confirm it appears in the DB instance list | Cannot verify the exact visual appearance in the RDS console from the isolated icon
umn/source/working_with_rds_for_postgresql/read_replicas/managing_a_read_replica.rst,Managing a Read Replica,/home/ubuntu/repotesting/relational-database-service/umn/source/_static/images/en-us_image_0000002459823832.png,substitution_image,27,icon,False,False,False,,2,2,2,3,3,0.77,partial,,,,200,stop,1,"Image is a plus/expand icon in a rounded square, consistent with expanding a DB instance row | RST states to click this icon in front of a DB instance to locate the read replica to be deleted | The plus symbol is a standard UI convention for expanding tree/list items | Used in the 'Deleting a Read Replica' section as the expand control",No surrounding UI context to confirm it appears in the DB instance list | Cannot verify the exact visual appearance in the RDS console from the isolated icon
umn/source/working_with_rds_for_postgresql/task_center/viewing_a_task.rst,Viewing a Task,/home/ubuntu/repotesting/relational-database-service/umn/source/_static/images/en-us_image_0000001191211679.png,substitution_image,108,icon,False,False,False,,2,2,2,3,3,0.77,partial,,,,200,stop,1,"The image is a small location-pin / map-marker symbol, matching the RST instruction to 'Click |image1| in the upper left corner and select a region and a project.' | It is used as the region/project selector icon in the navigation steps for both 'Viewing an Instant Task' and 'Viewing a Scheduled Task'. | The icon is an isolated UI symbol, not a full screenshot or interactive button with visible controls. | No contradiction between the icon and the surrounding text describing a region selector.","The image does not show the surrounding console UI, so the exact placement in the upper-left corner cannot be visually confirmed. | No label or text accompanies the icon to confirm it is specifically the region selector."
umn/source/working_with_rds_for_sql_server/backups_and_restorations/configuring_an_intra-region_backup_policy.rst,Configuring an Intra-Region Backup Policy,/home/ubuntu/repotesting/relational-database-service/umn/source/_static/images/en-us_image_0000001191211679.png,substitution_image,45,icon,False,False,False,,2,2,2,3,3,0.77,partial,,,,200,stop,1,"The image is a small location/map-pin icon, matching the RST reference |image1| used in step 2 to select a region and project. | It is an isolated symbolic UI graphic, correctly classified as an icon. | The icon is semantically relevant to the 'Modifying an Automated Backup Policy' procedure where a region selector is clicked in the upper left corner. | No contradiction between the image and the surrounding RST text.","The image is a generic location pin without surrounding console context, so its exact placement in the upper-left corner cannot be visually confirmed. | No label or text accompanies the icon to confirm it specifically denotes region/project selection."
umn/source/working_with_rds_for_sql_server/backups_and_restorations/creating_a_manual_backup.rst,Creating a Manual Backup,/home/ubuntu/repotesting/relational-database-service/umn/source/_static/images/en-us_image_0000001191211679.png,substitution_image,68,icon,False,False,False,,2,2,2,3,3,0.77,partial,,,,200,stop,1,"The image is a small gray location/map-pin pictogram, i.e., an isolated UI symbol, so it is classified as an icon. | In the RST, |image1| and |image2| (both pointing to this file) are described as the control clicked 'in the upper left corner and select a region and a project', which matches a region/location selector icon. | The icon is used in step 2 of both Method 1 and Method 2, supporting the navigation steps of the manual backup procedure. | The visual content (a teardrop location marker with a center dot) is consistent with a region selector and shows no contradiction with the text.","The image is a generic location pin; it does not show the actual console UI, region list, or project selector, so the exact control context is not visible. | No label or text accompanies the icon to confirm it is specifically the region/project selector."
umn/source/working_with_rds_for_sql_server/backups_and_restorations/deleting_a_manual_backup.rst,Deleting a Manual Backup,/home/ubuntu/repotesting/relational-database-service/umn/source/_static/images/en-us_image_0000001191211679.png,substitution_image,36,icon,False,False,False,,2,2,2,3,3,0.77,partial,,,,200,stop,1,"The image is a small location-pin icon, consistent with the RST step 2 instruction to click the icon in the upper left corner to select a region and project. | The icon is a symbolic UI element (region selector), not a full screenshot, so it is classified as an icon. | The icon is semantically appropriate for region selection in the RDS console procedure. | No contradiction between the image and the surrounding RST text.","The image does not show the surrounding console UI, so the exact placement in the upper-left corner cannot be visually confirmed. | No label or text accompanies the icon to explicitly identify it as the region selector."
umn/source/working_with_rds_for_sql_server/backups_and_restorations/downloading_a_backup_file.rst,Downloading a Backup File,/home/ubuntu/repotesting/relational-database-service/umn/source/_static/images/en-us_image_0000001191211679.png,substitution_image,101,icon,False,False,False,,2,2,2,3,3,0.77,partial,,,,200,stop,1,"The image is a location pin icon, used in step 2 of both methods to indicate clicking the region/project selector in the upper left corner of the management console. | The icon semantically matches the text instruction 'Click |image1| in the upper left corner and select a region and a project.' | It is a generic UI navigation icon rather than a screenshot of the RDS backup page, so it provides limited topic-specific detail. | The icon is clearly visible and unambiguous as a location/region selector symbol.",The icon does not show the actual management console interface or the RDS context; it is a standalone symbol. | No surrounding UI elements are visible to confirm the exact placement in the upper left corner.
umn/source/working_with_rds_for_sql_server/backups_and_restorations/replicating_a_backup.rst,Replicating a Backup,/home/ubuntu/repotesting/relational-database-service/umn/source/_static/images/en-us_image_0000001191211679.png,substitution_image,45,icon,False,False,False,,2,2,2,3,3,0.77,partial,,,,200,stop,1,"The image is a small location-pin / map-marker icon, matching the |image1| reference in step 2 ('Click |image1| in the upper left corner and select a region and a project'). | A location/region selector icon is semantically consistent with selecting a region and project in the RDS console procedure. | The icon is used within the Procedure section, supporting the navigation steps for replicating a backup. | The visual clearly shows an isolated location pin symbol, confirming the icon classification.","The image is an isolated icon without surrounding UI context, so its exact placement in the upper-left corner cannot be visually confirmed. | No label or text accompanies the icon to explicitly identify it as the region/project selector."
umn/source/working_with_rds_for_sql_server/backups_and_restorations/restoring_a_db_instance_to_a_point_in_time.rst,Restoring a DB Instance to a Point in Time,/home/ubuntu/repotesting/relational-database-service/umn/source/_static/images/en-us_image_0000001191211679.png,substitution_image,83,icon,False,False,False,,2,2,2,3,3,0.77,partial,,,,200,stop,1,"The image is a small gray location-pin / map-marker pictogram, an isolated UI symbol, so it is classified as an icon. | In the RST, |image1| is referenced in Procedure step 2: 'Click |image1| in the upper left corner and select a region and a project,' which matches a region/project selector icon. | The icon is semantically consistent with selecting a region and project in the management console, supporting the procedure context. | No visible interactive controls (buttons, menus) are present in the isolated image, only a static symbol.","The image does not show the surrounding console UI, so the exact placement ('upper left corner') cannot be visually confirmed. | No label or tooltip is visible to confirm it is specifically the region/project selector rather than a generic location icon."
umn/source/working_with_rds_for_sql_server/connection_management/binding_and_unbinding_an_eip.rst,Binding and Unbinding an EIP,/home/ubuntu/repotesting/relational-database-service/umn/source/_static/images/en-us_image_0000001191211679.png,substitution_image,71,icon,False,False,False,,2,2,2,3,3,0.77,partial,,,,200,stop,1,"The image is a small gray location-pin / map-marker symbol, matching the RST's use of |image1|/|image2| as the region selector in the upper-left corner. | It is referenced in both the 'Binding an EIP' and 'Unbinding an EIP' steps ('Click |image1| in the upper left corner and select a region and a project'), so it is semantically relevant to the navigation flow. | The visual content (a location pin icon) is consistent with a region/project selector control, with no contradiction to the surrounding text.","The image is an isolated icon without surrounding UI context, so the exact label or menu it opens is not visible. | No screenshot of the full console is provided to confirm the icon's placement in the upper-left corner."
umn/source/working_with_rds_for_sql_server/connection_management/changing_a_database_port.rst,Changing a Database Port,/home/ubuntu/repotesting/relational-database-service/umn/source/_static/images/en-us_image_0000001191211679.png,substitution_image,35,icon,False,False,False,,2,2,3,2,3,0.78,partial,,,,200,stop,1,"The image is a small location pin/marker icon, consistent with a region selector in a cloud management console. | The RST step 2 instructs the user to 'Click |image1| in the upper left corner and select a region and a project,' which aligns with a location/region icon. | The icon is placed in the Procedure section as part of the step-by-step instructions for changing a database port. | The visual clearly shows a standard location pin symbol, which is the conventional icon for region selection in cloud consoles.","The image is very small and low-resolution, making it difficult to confirm exact styling or label. | No surrounding UI context is visible to confirm it is in the 'upper left corner' as described."
umn/source/working_with_rds_for_sql_server/connection_management/changing_a_database_port.rst,Changing a Database Port,/home/ubuntu/repotesting/relational-database-service/umn/source/_static/images/en-us_image_0000002492831361.png,substitution_image,36,icon,False,False,False,,2,2,3,2,3,0.78,partial,,,,200,stop,1,"The image is a small plus (+) icon inside a rounded square, a common UI symbol for adding or expanding options. | The RST step 4 instructs the user to 'click |image2| first and then click the target read replica,' suggesting the icon opens or reveals read replica options. | The icon is placed in the Procedure section as part of the step-by-step instructions for changing a database port. | A plus icon is a reasonable representation for selecting or expanding to view read replicas in an RDS console.","The image is very small and low-resolution, making it difficult to confirm exact styling or any label. | No surrounding UI context is visible to confirm the exact button placement or tooltip text."
umn/source/working_with_rds_for_sql_server/connection_management/configuring_and_changing_a_floating_ip_address.rst,Configuring and Changing a Floating IP Address,/home/ubuntu/repotesting/relational-database-service/umn/source/_static/images/en-us_image_0000001191211679.png,substitution_image,42,icon,False,False,False,,2,2,2,3,3,0.77,partial,,,,200,stop,1,"The image is a small gray location-pin (map marker) icon, matching the |image1| reference used in step 2 to select a region and project. | A location pin is a conventional symbol for region/area selection, consistent with the RST instruction 'select a region and a project'. | The icon appears within the 'Changing a Floating IP Address' procedure, supporting the navigation steps of the task. | The visual clearly shows an isolated symbolic graphic with no UI interface, confirming the 'icon' classification.",The icon is generic and does not display any text or label confirming it is specifically the region selector. | No surrounding console UI is shown to confirm the exact placement in the upper-left corner.
umn/source/working_with_rds_for_sql_server/data_security/changing_a_security_group.rst,Changing a Security Group,/home/ubuntu/repotesting/relational-database-service/umn/source/_static/images/en-us_image_0000001191211679.png,substitution_image,25,icon,False,False,False,,2,2,2,3,3,0.77,partial,,,,200,stop,1,"The image is a location pin icon used in step 2 to indicate clicking the region/project selector in the upper left corner. | The icon is consistent with the RST description of selecting a region and a project. | It is a general navigation step in the procedure, not directly about security groups but part of the workflow.",The icon is generic and does not show any RDS-specific context. | No surrounding UI is visible to confirm it is in the upper left corner of a console.
umn/source/working_with_rds_for_sql_server/data_security/changing_a_security_group.rst,Changing a Security Group,/home/ubuntu/repotesting/relational-database-service/umn/source/_static/images/en-us_image_0000001145051618.png,substitution_image,26,icon,False,False,False,,2,2,2,3,3,0.77,partial,,,,200,stop,1,"The image is a refresh/reload icon (circular arrow) used in step 8 to indicate clicking to view results after changing the security group. | The icon is consistent with the RST description of clicking to view results on the Summary page. | It is a procedural step for verifying the security group change, relevant to the overall task.",The icon is generic and does not show any RDS-specific context. | No surrounding UI is visible to confirm it is in the upper right corner of the Summary page.
umn/source/working_with_rds_for_sql_server/distributed_transactions.rst,Distributed Transactions,/home/ubuntu/repotesting/relational-database-service/umn/source/_static/images/en-us_image_0000001191211679.png,substitution_image,104,icon,False,False,False,,1,2,2,3,3,0.67,partial,,,,200,stop,1,"The image is a small location pin/marker icon, used as a navigation element for selecting region and project. | The RST references this icon (as |image1|, |image3|, |image4|, |image5|) in the step 'Click [icon] in the upper left corner and select a region and a project', which is a generic navigation step. | The icon is a generic UI navigation element and is only tangentially related to the distributed transactions topic. | The location pin icon is semantically appropriate for region/project selection. | No contradictions between the RST usage and the icon's appearance.",The icon does not provide specific information about distributed transactions; it is a generic navigation element. | The actual UI context (upper left corner of the management console) is not visible in the image.
umn/source/working_with_rds_for_sql_server/distributed_transactions.rst,Distributed Transactions,/home/ubuntu/repotesting/relational-database-service/umn/source/_static/images/en-us_image_0000001191211405.png,substitution_image,101,icon,False,False,False,,2,2,3,3,2,0.78,partial,,,,200,stop,1,"The image is a small magnifying glass (search) icon, referenced as |image2| in the RST. | The RST instructs: 'On the displayed page, click [icon] in the Distributed Transaction field' to enable the distributed transaction function. | The icon is in the 'Enabling Distributed Transactions' section, making it directly relevant to that procedure. | A magnifying glass icon is typically associated with search functionality, which is somewhat unusual for an 'enable' action in a field, creating a minor semantic mismatch. | The visual evidence clearly shows a magnifying glass icon.",The actual UI context showing where this icon appears in the Distributed Transaction field is not visible. | It is unclear whether this magnifying glass icon represents a toggle/enable action or a search action in the specific RDS console UI.
umn/source/working_with_rds_for_sql_server/instance_lifecycle/deleting_a_db_instance_or_read_replica.rst,Deleting a DB Instance or Read Replica,/home/ubuntu/repotesting/relational-database-service/umn/source/_static/images/en-us_image_0000001191211679.png,substitution_image,53,icon,False,False,False,,2,2,2,3,3,0.77,partial,,,,200,stop,1,"The image is a small location-pin icon, consistent with its use in the RST as a region/project selector in the upper-left corner of the console. | It appears in both the 'Deleting a DB Instance' and 'Deleting a Read Replica' procedures as the navigation step to select a region and project. | The icon is a standard UI symbol (pictogram) for location/region selection, not a screenshot or full interface element. | No interactive buttons are visible; it is a static symbolic graphic.","The icon does not show any surrounding UI context (e.g., the console header) that would confirm its exact placement in the upper-left corner. | No label or text accompanies the icon in the image itself."
umn/source/working_with_rds_for_sql_server/instance_lifecycle/exporting_db_instance_information.rst,Exporting DB Instance Information,/home/ubuntu/repotesting/relational-database-service/umn/source/_static/images/en-us_image_0000001191211679.png,substitution_image,33,icon,False,False,False,,2,2,2,3,3,0.77,partial,,"Expected 3 image results, but received 1 unique valid results. Missing results for: /home/ubuntu/repotesting/relational-database-service/umn/source/_static/images/en-us_image_0000001145051738.png, /home/ubuntu/repotesting/relational-database-service/umn/source/_static/images/en-us_image_0000001191131415.png",,200,stop,1,"The image is a location pin icon, consistent with the RST instruction to 'select a region and a project' in the upper left corner. | The icon is a small symbolic graphic used as a UI element reference, not a full screenshot. | It is referenced as image1 and image3 in the RST for region/project selection steps.",The icon does not show any text label or surrounding UI context to confirm it is specifically the region selector.
umn/source/working_with_rds_for_sql_server/instance_lifecycle/recycling_a_db_instance.rst,Recycling a DB Instance,/home/ubuntu/repotesting/relational-database-service/umn/source/_static/images/en-us_image_0000001191211679.png,substitution_image,50,icon,False,False,False,,2,2,2,3,3,0.77,partial,,,,200,stop,1,"The image is a small gray location-pin / map-marker pictogram, an isolated UI symbol, so it is classified as an icon. | The RST references this image as |image1|/|image2| in the step 'Click ... in the upper left corner and select a region and a project', which is consistent with a region-selector pin icon. | The icon is used in the navigation steps of both the 'Modifying Recycling Policy' and 'Rebuilding a DB Instance' sections, so it is topically relevant to the document. | No interactive controls (buttons, links, menus) are visible in the image, only a static symbol.","The image does not show any surrounding console UI, so its exact placement in the upper-left corner cannot be visually confirmed. | No label or text accompanies the icon, so its specific function (region vs. project selector) is inferred from the RST rather than the image itself."
umn/source/working_with_rds_for_sql_server/instance_lifecycle/selecting_displayed_items.rst,Selecting Displayed Items,/home/ubuntu/repotesting/relational-database-service/umn/source/_static/images/en-us_image_0000001191211679.png,substitution_image,27,icon,False,False,False,,2,2,2,3,3,0.77,partial,,,,200,stop,1,"The image is a location pin/marker icon, consistent with the RST instruction to 'select a region and a project' in step 2. | It is a prerequisite step for accessing the RDS console, not directly about selecting displayed items. | The icon is a standard UI symbol for region/location selection in cloud management consoles. | No contradiction between the icon and its described usage in the procedure.","The icon is very small and low-resolution, making fine details hard to discern. | No surrounding UI context is visible to confirm it appears in the upper left corner as described."
umn/source/working_with_rds_for_sql_server/instance_modifications/changing_a_db_instance_class.rst,Changing a DB Instance Class,/home/ubuntu/repotesting/relational-database-service/umn/source/_static/images/en-us_image_0000001191211679.png,substitution_image,48,icon,False,False,False,,2,2,2,3,3,0.77,partial,,,,200,stop,1,"The image is a small location/map-pin icon, matching the RST reference |image1| used in step 2 to select a region and project. | A location pin is a standard symbol for region/area selection in a management console, consistent with the procedure's context. | The icon appears in the Procedure section where the user logs in and selects a region, so it is topically relevant. | The visual clearly shows an isolated location pin symbol with no surrounding UI, supporting the 'icon' classification. | No contradiction between the icon and the surrounding RST text.","The image is an isolated symbol without surrounding console UI, so the exact placement (upper-left corner) cannot be visually confirmed. | No label or text accompanies the icon to explicitly confirm it is the region selector."
umn/source/working_with_rds_for_sql_server/instance_modifications/changing_a_db_instance_type_from_single_to_primary_standby.rst,Changing a DB Instance Type from Single to Primary/Standby,/home/ubuntu/repotesting/relational-database-service/umn/source/_static/images/en-us_image_0000001191211679.png,substitution_image,27,icon,False,False,False,,2,2,2,3,3,0.77,partial,,,,200,stop,1,"Image is a location pin icon used in step 2 to select a region and project in the management console | The icon is a generic navigation element, not specific to the RDS type-change operation | The RST context says 'Click |image1| in the upper left corner and select a region and a project', which aligns with a location/region selector icon | The icon is clearly visible and unambiguous as a location pin",No surrounding UI context visible to confirm it is in the upper left corner of a console | No text label visible on the icon to confirm its exact function
umn/source/working_with_rds_for_sql_server/instance_modifications/configuring_autoscaling.rst,Configuring Autoscaling,/home/ubuntu/repotesting/relational-database-service/umn/source/_static/images/en-us_image_0000001633304538.png,substitution_image,49,icon,False,False,False,,2,2,2,3,3,0.77,partial,,,,200,stop,1,"The image is a location pin icon, consistent with the RST instruction to 'Click |image1| in the upper left corner and select a region.' | It is a small symbolic UI icon used for region selection in the navigation procedure. | The icon is part of the Procedure section for configuring autoscaling, providing navigational context rather than direct autoscaling content. | No contradictions between the image and the RST text.",The image does not show the full UI context (upper-left corner placement) since it is an isolated icon. | No visible text label confirming it is specifically the region selector.
umn/source/working_with_rds_for_sql_server/instance_modifications/configuring_autoscaling.rst,Configuring Autoscaling,/home/ubuntu/repotesting/relational-database-service/umn/source/_static/images/en-us_image_0000001954623816.png,substitution_image,50,icon,False,False,False,,2,2,2,3,3,0.77,partial,,,,200,stop,1,"The image is a plus-sign icon in a bordered square, consistent with the RST instruction to 'click |image2| in front of a DB instance to locate the read replica.' | A plus icon is a common UI symbol for expanding or revealing associated items (e.g., read replicas under a primary instance). | It is part of the Procedure section, step 4, providing navigational context for the autoscaling configuration workflow. | No contradictions between the image and the RST text.",The image does not show the full table row context where the icon would appear in front of a DB instance. | No visible text label confirming its specific function as a read-replica locator.
umn/source/working_with_rds_for_sql_server/instance_modifications/introduction_to_instance_overview.rst,Introduction to Instance Overview,/home/ubuntu/repotesting/relational-database-service/umn/source/_static/images/en-us_image_0000001191211679.png,substitution_image,68,icon,False,False,False,,2,2,2,3,3,0.77,partial,,,,200,stop,1,"The image is a small gray location-pin / map-marker symbol, consistent with an isolated UI icon. | In the RST, |image1| is used in step 2: 'Click |image1| in the upper left corner and select a region and a project,' which matches a region-selector location icon. | The icon is semantically appropriate for selecting a region/project in a cloud management console. | No visible interactive button controls or magenta styling are present in the isolated icon.","The image is a standalone symbol without surrounding console UI, so its exact placement (upper-left corner) cannot be visually confirmed. | No label or text accompanies the icon to explicitly confirm it is the region selector."
umn/source/working_with_rds_for_sql_server/instance_modifications/manually_switching_between_primary_and_standby_db_instances.rst,Manually Switching Between Primary and Standby DB Instances,/home/ubuntu/repotesting/relational-database-service/umn/source/_static/images/en-us_image_0000001191211679.png,substitution_image,49,icon,False,False,False,,2,2,2,2,3,0.72,partial,,,,200,stop,1,"The image is a location pin icon, consistent with the RST instruction to 'select a region and a project' in step 2. | It is a small isolated symbolic graphic (icon), not a full UI screenshot. | The icon is relevant to the navigation procedure but not directly to the primary/standby switchover topic itself. | No contradiction between the icon and its described usage in the document.","The icon is very small and low-resolution, making it difficult to confirm exact visual details. | No surrounding UI context is visible to confirm it appears in the 'upper left corner' as described."
umn/source/working_with_rds_for_sql_server/log_management/viewing_system_logs.rst,Viewing System Logs,/home/ubuntu/repotesting/relational-database-service/umn/source/_static/images/en-us_image_0000001191211679.png,substitution_image,31,icon,False,False,False,,2,2,2,3,3,0.77,partial,,,,200,stop,1,"The image is a location pin icon, consistent with the RST instruction to click it to select a region and project. | It is a small symbolic graphic (icon) used as a UI element in the navigation procedure. | The icon is generic (location/region selector) and not specific to the system logs topic, but it is correctly placed in the navigation steps. | No contradictions between the image and the RST description.","The icon is very small and low-resolution, making fine details hard to discern. | No surrounding UI context is visible to confirm it appears in the upper left corner of the console."
umn/source/working_with_rds_for_sql_server/managing_tags.rst,Managing Tags,/home/ubuntu/repotesting/relational-database-service/umn/source/_static/images/en-us_image_0000001191211679.png,substitution_image,57,icon,False,False,False,,2,2,2,3,3,0.77,partial,,,,200,stop,1,"The image is a small gray location-pin / map-marker pictogram, matching the RST reference used for selecting a region and project in the upper-left corner. | It is referenced as |image1|, |image2|, and |image3| in the Adding, Editing, and Deleting a Tag procedures, all pointing to the same file. | The icon semantically aligns with the navigation step 'select a region and a project' rather than with tag management itself. | No interactive controls or buttons are visible; it is an isolated symbolic graphic.","The image does not show the surrounding console UI, so the exact placement in the upper-left corner cannot be visually confirmed. | No label or text accompanies the icon to explicitly identify it as the region/project selector."
umn/source/working_with_rds_for_sql_server/metrics_and_alarms/viewing_monitoring_metrics.rst,Viewing Monitoring Metrics,/home/ubuntu/repotesting/relational-database-service/umn/source/_static/images/en-us_image_0000001191211679.png,substitution_image,47,icon,False,False,False,,2,2,2,3,3,0.77,partial,,,,200,stop,1,"The image is a small location-pin / map-marker pictogram, matching the |image1| reference used in step 2 to select a region and project. | It is a symbolic UI icon rather than a full screenshot or interactive control. | The icon is semantically consistent with the 'select a region and a project' action described in the Procedure section. | No contradiction between the icon and the surrounding RST text.",The icon alone does not show the surrounding console UI or the region/project selection menu it triggers. | No label or text accompanies the icon to confirm its exact function beyond the RST description.
umn/source/working_with_rds_for_sql_server/parameter_template_management/applying_a_parameter_template.rst,Applying a Parameter Template,/home/ubuntu/repotesting/relational-database-service/umn/source/_static/images/en-us_image_0000001191211679.png,substitution_image,33,icon,False,False,False,,2,2,2,3,3,0.77,partial,,,,200,stop,1,"The image is a small location-pin icon, matching the RST reference in step 2 where the user clicks an icon in the upper left corner to select a region and project. | A location/region selector icon is semantically consistent with choosing a region in the management console. | The icon is used within the Procedure section, supporting the navigation steps before reaching the Parameter Templates page. | The visual clearly shows an isolated symbolic graphic (location marker), confirming the icon classification.","The image does not show the surrounding console UI, so the exact placement in the upper-left corner cannot be visually confirmed. | No label or text accompanies the icon to explicitly indicate 'region' selection."
umn/source/working_with_rds_for_sql_server/parameter_template_management/creating_a_parameter_template.rst,Creating a Parameter Template,/home/ubuntu/repotesting/relational-database-service/umn/source/_static/images/en-us_image_0000001191211679.png,substitution_image,44,icon,False,False,False,,2,2,2,3,3,0.77,partial,,,,200,stop,1,"The image is a small location-pin / map-marker icon, matching the |image1| reference in step 2 ('Click |image1| in the upper left corner and select a region and a project'). | A location pin is the conventional symbol for a region selector, consistent with the surrounding text about selecting a region and project. | The icon is used within the Procedure section, so it is contextually relevant to the steps for creating a parameter template. | No contradiction between the icon and the RST description.","The image is a generic location pin without any label, so its exact placement in the console UI cannot be confirmed from the image alone. | No surrounding UI context is visible to verify it is the upper-left region selector."
umn/source/working_with_rds_for_sql_server/parameter_template_management/viewing_application_records_of_a_parameter_template.rst,Viewing Application Records of a Parameter Template,/home/ubuntu/repotesting/relational-database-service/umn/source/_static/images/en-us_image_0000001191211679.png,substitution_image,28,icon,False,False,False,,2,2,2,3,3,0.77,partial,,,,200,stop,1,"The image is a small location-pin icon, matching the |image1| reference used in step 2 to select a region and project. | It is an isolated symbolic UI graphic, so it is classified as an icon rather than a screenshot. | The icon is relevant to the procedure (region/project selection) but not directly to the main topic of viewing parameter template application records. | No contradiction between the icon and the surrounding RST text.","The image does not show the surrounding console UI, so its exact placement in the upper-left corner cannot be visually confirmed. | No label or text accompanies the icon to confirm it is the region selector."
umn/source/working_with_rds_for_sql_server/parameter_template_management/viewing_parameter_change_history.rst,Viewing Parameter Change History,/home/ubuntu/repotesting/relational-database-service/umn/source/_static/images/en-us_image_0000002578044348.png,substitution_image,49,icon,False,False,False,,2,2,2,2,3,0.72,partial,,,,200,stop,1,The image is a small location pin icon used as a region/project selector in the upper-left corner of the console. | The RST references this icon in step 2 of the DB instance change history procedure: 'Click |image1| in the upper left corner and select a region and a project.' | The icon is consistent with a standard region-selection UI symbol in cloud management consoles. | The image is relevant to the navigation steps but not directly to the parameter change history content itself.,"The image is very small and low-resolution, making it difficult to confirm exact UI context. | No surrounding UI elements are visible to confirm it is specifically in the upper-left corner of the RDS console."
umn/source/working_with_rds_for_sql_server/parameter_template_management/viewing_parameter_change_history.rst,Viewing Parameter Change History,/home/ubuntu/repotesting/relational-database-service/umn/source/_static/images/en-us_image_0000001191211679.png,substitution_image,50,icon,False,False,False,,2,2,2,2,3,0.72,partial,,,,200,stop,1,The image is a small location pin icon used as a region/project selector in the upper-left corner of the console. | The RST references this icon in step 2 of the parameter template change history procedure: 'Click |image2| in the upper left corner and select a region and a project.' | The icon is consistent with a standard region-selection UI symbol in cloud management consoles. | The image is relevant to the navigation steps but not directly to the parameter change history content itself.,"The image is very small and low-resolution, making it difficult to confirm exact UI context. | No surrounding UI elements are visible to confirm it is specifically in the upper-left corner of the RDS console."
umn/source/working_with_rds_for_sql_server/permissions_management/creating_a_user_and_granting_permissions.rst,Creating a User and Granting Permissions,/home/ubuntu/repotesting/relational-database-service/umn/source/_static/images/en-us_image_0192954081.png,figure,28,other,False,False,True,Forbidden color #3298ff was detected in the image.,0,0,0,0,0,0.00,fail,,Images with the forbidden color were not sent to the AI API.,,,local_hard_fail,0,Local color check detected #3298ff.,
umn/source/working_with_rds_for_sql_server/read_replicas/creating_a_read_replica.rst,Creating a Read Replica,/home/ubuntu/repotesting/relational-database-service/umn/source/_static/images/en-us_image_0000001191211679.png,substitution_image,132,icon,False,False,False,,2,2,2,2,3,0.72,partial,,,,200,stop,1,"The image is a location pin icon, consistent with the RST instruction to 'Click |image1| in the upper left corner and select a region and a project.' | It is a standard navigation icon used in the management console procedure, not specific to read replicas but part of the login/navigation steps. | The icon is small and symbolic, fitting the 'icon' classification. | No contradiction between the icon and its described usage in the procedure.",The image does not show the full console context (upper-left corner placement) since it is an isolated icon. | No label or text accompanies the icon to confirm it is specifically the region/project selector.
umn/source/working_with_rds_for_sql_server/read_replicas/creating_a_read_replica.rst,Creating a Read Replica,/home/ubuntu/repotesting/relational-database-service/umn/source/_static/images/en-us_image_0000001145051660.png,substitution_image,133,icon,False,False,False,,2,2,2,2,3,0.72,partial,,,,200,stop,1,"The image is a downward-pointing chevron/arrow, consistent with the RST instruction to 'clicking |image2| on the left of the DB instance to which it belongs' to view the read replica. | It is a standard expand/collapse indicator used in table or list UIs, appropriate for revealing associated read replicas. | The icon is small and symbolic, fitting the 'icon' classification. | No contradiction between the chevron icon and its described usage for expanding a DB instance row.",The image does not show the full Instances page context (left side of a DB instance row) since it is an isolated icon. | No label or surrounding UI elements are visible to confirm it is specifically the expand control for read replicas.
umn/source/working_with_rds_for_sql_server/read_replicas/managing_a_read_replica.rst,Managing a Read Replica,/home/ubuntu/repotesting/relational-database-service/umn/source/_static/images/en-us_image_0000001191211679.png,substitution_image,26,icon,False,False,False,,2,2,2,2,3,0.72,partial,,,,200,stop,1,"The image is a location/region pin icon used for selecting a region and project in the management console. | It matches the RST instruction: 'Click |image1| in the upper left corner and select a region and a project.' | The icon is a standard UI navigation element, not directly illustrating read replica management but a prerequisite step.",No full UI context is visible; only the isolated icon is shown. | The specific region or project selection interface is not depicted.
umn/source/working_with_rds_for_sql_server/read_replicas/managing_a_read_replica.rst,Managing a Read Replica,/home/ubuntu/repotesting/relational-database-service/umn/source/_static/images/en-us_image_0000002492885721.png,substitution_image,25,icon,False,False,False,,2,2,2,2,3,0.72,partial,,,,200,stop,1,"The image is a plus/expand icon in a square, consistent with expanding DB instance details. | It matches the RST instruction: 'click |image2| to expand the DB instance details and click the target read replica.' | The icon is a standard expand control in the RDS console instance list.","No surrounding UI context (instance list, read replica entries) is visible. | The actual Summary page or read replica details are not shown."
umn/source/working_with_rds_for_sql_server/read_replicas/managing_a_read_replica.rst,Managing a Read Replica,/home/ubuntu/repotesting/relational-database-service/umn/source/_static/images/en-us_image_0000002459846176.png,substitution_image,27,icon,False,False,False,,2,2,2,2,3,0.72,partial,,,,200,stop,1,"The image is a plus/expand icon in a square, used to expand a DB instance row in the instance list. | It matches the RST instruction: 'click |image4| in front of a DB instance, locate the read replica to be deleted.' | The icon is consistent with an expand control for revealing sub-items (read replicas) under a DB instance.","No surrounding UI context (instance list, Operation column, More menu) is visible. | The deletion workflow (More > Delete) is not depicted in the image."
umn/source/working_with_rds_for_sql_server/task_center/deleting_a_task_record.rst,Deleting a Task Record,/home/ubuntu/repotesting/relational-database-service/umn/source/_static/images/en-us_image_0000001191211679.png,substitution_image,63,icon,False,False,False,,2,2,2,3,3,0.77,partial,,,,200,stop,1,"The image is a small location-pin icon, consistent with the RST instruction to click the icon in the upper left corner to select a region and project. | The icon is a generic navigation symbol used across the management console, not specific to the task-deletion topic, so topic match is moderate. | The RST references the same image for both the instant-task and scheduled-task procedures (image1 and image2), and the icon aligns with the region/project selection step in both. | The visual content (a map-marker / location pin) is clearly visible and unambiguous.","The image does not show the surrounding console UI, so the exact placement in the upper-left corner cannot be visually confirmed. | No label or text accompanies the icon in the image itself to confirm it represents the region/project selector."
