document,title,image,image_type,result,score,reasons,missing_evidence
api-ref/source/appendix/obtaining_a_project_id.rst,Obtaining a Project ID,,,fail,,kein valides Bild,No model result was produced.
api-ref/source/before_you_start/concepts.rst,Concepts,,,fail,,kein valides Bild,No model result was produced.
api-ref/source/calling_apis/response.rst,Response,,,fail,,kein valides Bild,No model result was produced.
umn/source/faqs/client_installation/how_can_i_install_the_mysql_client.rst,How Can I Install the MySQL Client?,en-us_image_0000001934653410.png,screenshot,pass,1.00,"The image is a web page screenshot of the MySQL Product Archives (Community Server Archived Versions) download page. | It shows the exact package named in the RST: mysql-community-client-8.0.26-1.el8.x86_64.rpm under 'RPM Package, Client Utilities'. | The version (8.0.26) and OS (Red Hat Enterprise Linux 8, x86 64-bit) match the RST example and the Red Hat Linux target system. | A Download button is highlighted with a red box, consistent with the figure caption 'Figure 1 Download' and step 1 'Obtain the installation package'. | No contradiction between the image content and the RST text.","The image does not show the upload-to-ECS or rpm install steps, but those are not required for this figure."
umn/source/faqs/client_installation/how_can_i_install_the_postgresql_client.rst,How Can I Install the PostgreSQL Client?,en-us_image_0000002218505054.png,screenshot,pass,1.00,"The image is a terminal screenshot showing the output of the 'psql -V' command, which directly matches the RST step 5 describing how to verify the PostgreSQL client installation. | The displayed version 'psql (PostgreSQL) 15.12 (Ubuntu 15.12-1.pgdg24.04+1)' confirms a successful PostgreSQL 15 client installation on Ubuntu, consistent with the document's topic. | The image is placed immediately after the code block for 'psql -V' in the Procedure section, providing the expected output as described in the text. | No contradictions exist between the image content and the RST description.","The image does not show the full terminal session context (e.g., prior installation commands), but this is not required by the RST."
umn/source/faqs/database_connection/what_should_i_do_if_an_rds_microsoft_sql_server_db_instance_failed_to_be_connected.rst,What Should I Do If an RDS Microsoft SQL Server DB Instance Failed to Be Connected?,en-us_image_0000001191211679.png,icon,partial,0.77,"The image is a small gray location/map-pin pictogram, which is an isolated UI symbol rather than a full interface screenshot. | In the RST, |image1| is used in Solution step 2 to indicate clicking the region/project selector in the upper left corner, and a location pin is a fitting symbol for region selection. | The icon is semantically consistent with the 'select a region and a project' instruction and does not contradict the surrounding text. | The visual content (a teardrop pin with a central dot) is clearly legible and matches a typical region/location selector icon.","The image does not show the surrounding console UI, so the exact placement in the upper-left corner cannot be visually confirmed. | No label or text accompanies the icon, so its specific function (region vs. project) is inferred from the RST rather than the image itself."
umn/source/faqs/database_parameter_modification/does_rds_for_postgresql_support_the_test_decoding_plugin.rst,Does RDS for PostgreSQL Support the test_decoding Plugin?,en-us_image_0000001191211679.png,icon,partial,0.62,"The image is a small gray location-pin / map-marker icon, an isolated UI symbol, so it is classified as an icon. | In the RST, |image1| is used in step 2 to indicate clicking the region/project selector in the upper-left corner, which matches a location-pin navigation icon. | The icon is part of the console navigation steps rather than directly illustrating test_decoding or the wal_level parameter, so topic match is limited. | No visible interactive button controls are present; it is a symbolic navigation glyph. | No contradiction between the image and the surrounding text.","The image does not show the surrounding console UI, so the exact placement (upper-left corner) cannot be visually confirmed. | No label or text accompanies the icon to explicitly confirm it is the region/project selector."
umn/source/faqs/log_management/how_can_i_obtain_microsoft_sql_server_error_logs_using_commands.rst,How Can I Obtain Microsoft SQL Server Error Logs Using Commands?,en-us_image_0000001145051730.png,screenshot,pass,1.00,"The image shows a tabular query result with LogDate, ProcessInfo, and Text columns, matching the RST's description of error log query output. | Timestamps (2018-06-14 14:30:4x) align with the example command's FilterBeginTime/FilterEndTime of 2018-06-14 14:30 to 14:31. | Database names containing 'FZYUN' (e.g., FZYUN032020, FZYUN029029) match the example's FilterText 'FZYUN'. | The figure is referenced in the RST as 'Figure 1 Example query results', and the image content is consistent with that caption.","No explicit UI chrome or application title bar is visible, so the exact client tool is not identifiable, though the tabular result format is clear."
umn/source/faqs/product_consulting/how_does_a_cloud_database_perform_a_primary_standby_switchover.rst,How Does a Cloud Database Perform a Primary/Standby Switchover?,en-us_image_0000001191211679.png,icon,pass,0.83,"The image is a location pin icon, consistent with the RST instruction to 'Click |image1| in the upper left corner and select a region and a project.' | A location pin is a standard UI symbol for region/project selection in cloud management consoles. | The icon is used in step 2 of the manual switchover procedure, which is a navigation step to reach the RDS console. | No contradiction between the icon and its described function in the document.","The image is a small isolated icon; the surrounding UI context (upper left corner placement, region/project dropdown) is not visible."
umn/source/faqs/product_consulting/how_does_a_cloud_database_perform_a_primary_standby_switchover.rst,How Does a Cloud Database Perform a Primary/Standby Switchover?,en-us_image_0000001145051626.png,icon,pass,0.90,"The image shows a refresh/reload icon (circular arrow in a bordered button), matching the RST instruction to 'click |image2| to refresh the list.' | The icon is used in step 7 of the switchover procedure to verify the DB instance status changes to 'Available' after switchover completes. | A circular arrow refresh icon is the standard symbol for refreshing a list or page in cloud management consoles. | No contradiction between the icon and its described function in the document.",The image is a small isolated icon; the surrounding UI context (upper right corner of the DB instance list) is not visible.
umn/source/faqs/product_consulting/why_is_an_error_reported_when_i_attempt_to_delete_a_database_from_rds_sql_server_primary_standby_db_instances.rst,Why Is an Error Reported When I Attempt to Delete a Database from RDS SQL Server Primary/Standby DB Instances?,en-us_image_0000001145211492.png,screenshot,pass,1.00,"The image is a SQL Server Management Studio screenshot showing a 'Delete Object' dialog and an error popup. | The error text matches the RST: 'The database ... is enabled for database mirroring. Database mirroring must be removed before you drop the database. (Microsoft SQL Server, Error: 3743)'. | The image is referenced in the RST as Figure 1 (Error information) within the Symptom section. | The visible Object Explorer tree (Databases, dbtest1, etc.) and the 'Error occurred' progress indicator align with the described scenario of dropping a database on a primary/standby instance.",The image does not explicitly label the instance as RDS primary/standby; that context is supplied by the RST text.
umn/source/getting_started_with_rds_for_mysql/operation_guide.rst,Operation Guide,en-us_image_0000001191131447.png,other,fail,0.00,Local color check detected #3298ff.,
umn/source/getting_started_with_rds_for_mysql/step_1_create_a_db_instance.rst,Step 1: Create a DB Instance,en-us_image_0000001145051824.png,icon,pass,0.83,"The image is a small gray location-pin / map-marker symbol, consistent with an isolated UI icon rather than a full screenshot. | In the RST, |image1| is used in Procedure step 2: 'Click |image1| in the upper left corner and select a region and a project,' which matches a region/location selector icon. | The icon is placed within the Procedure section and directly supports the region-selection step of creating a DB instance. | The visual content (a location pin) clearly corresponds to the 'select a region' action described in the text. | No contradiction between the icon and the surrounding RST content.","The image is a generic location pin and does not show the actual console UI, region list, or project selector it represents. | No surrounding interface context is visible to confirm it is the upper-left region selector of the RDS management console."
umn/source/getting_started_with_rds_for_mysql/step_2_connect_to_a_db_instance/connecting_to_a_db_instance.rst,Connecting to a DB Instance,en-us_image_0000001191131351.png,other,fail,0.00,Local color check detected #3298ff.,
umn/source/getting_started_with_rds_for_mysql/step_2_connect_to_a_db_instance/connecting_to_an_rds_for_mysql_db_instance_through_a_private_network/connecting_to_a_db_instance_through_a_private_network.rst,Connecting to a DB Instance Through a Private Network,en-us_image_0000001145211482.png,screenshot,pass,1.00,"Image shows the MySQL-Front 'Open Session' dialog with a 'New...' button, matching the RST instruction to click New in the connection management dialog. | The dialog displays 'Sessions' with 'Name' and 'Last Login' columns, consistent with a connection management interface. | Referenced as Figure 1 'Connection management' in the 'Using MySQL-Front to Connect to a DB Instance' section. | Buttons visible: New..., Remove, Properties..., Open, Cancel — all standard for a session management dialog.","No specific connection entries are visible in the Sessions list, which is expected at the initial step before creating a new connection."
umn/source/getting_started_with_rds_for_mysql/step_2_connect_to_a_db_instance/connecting_to_an_rds_for_mysql_db_instance_through_a_private_network/connecting_to_a_db_instance_through_a_private_network.rst,Connecting to a DB Instance Through a Private Network,en-us_image_0000001191131361.png,screenshot,pass,1.00,"Image shows the 'Add Account' dialog with fields for Description, Name, Host, Port (3306), Connection Type, User (root), Password, and Database. | These fields directly correspond to Table 1 parameters: Name, Host, Port, User, Password described in the RST. | The Port field shows 3306, matching the default database port mentioned in the RST. | The User field shows 'root', matching the default user stated in the RST. | Referenced as Figure 2 'Adding an account' in the MySQL-Front connection section.","The Host field appears empty in the screenshot, which is expected as the user is instructed to fill it in."
umn/source/getting_started_with_rds_for_mysql/step_2_connect_to_a_db_instance/connecting_to_an_rds_for_mysql_db_instance_through_a_private_network/connecting_to_a_db_instance_through_a_private_network.rst,Connecting to a DB Instance Through a Private Network,en-us_image_0000001191131363.png,screenshot,pass,1.00,"Image shows the 'Open Session' dialog with a connection named 'rds' listed and selected (highlighted in blue). | This matches the RST step 4 instruction to 'select the connection that you have created and click Open'. | The 'Open' button is visible and appears active, consistent with the next action. | Referenced as Figure 3 'Opening a session' in the MySQL-Front connection section. | The '???' in the Last Login column indicates the connection has not been used yet, which is consistent with a newly created connection.",The actual connection result (success or failure) is not shown in this screenshot.
umn/source/getting_started_with_rds_for_mysql/step_2_connect_to_a_db_instance/connecting_to_an_rds_for_mysql_db_instance_through_a_private_network/connecting_to_a_db_instance_through_a_private_network.rst,Connecting to a DB Instance Through a Private Network,en-us_image_0000001191211679.png,icon,partial,0.72,"Image is a small gray location pin / map marker icon, used as an inline reference |image1| in the RST. | The RST instructs: 'Click |image1| in the upper left corner and select a region and a project,' which is a standard region selector in the Huawei Cloud management console. | A location pin icon is a reasonable representation for a region selector in a cloud console UI. | This icon is part of the SSL Connection section, step 2, which is a prerequisite step rather than the core DB connection action. | The icon is generic and does not show the full console context, making it harder to verify exact placement.","The icon is shown in isolation without the surrounding console UI, so its exact position in the upper left corner cannot be verified. | No text label or tooltip is visible to confirm it is specifically the region selector."
umn/source/getting_started_with_rds_for_mysql/step_2_connect_to_a_db_instance/connecting_to_an_rds_for_mysql_db_instance_through_a_private_network/overview.rst,Overview,en-us_image_0000001145211526.png,other,fail,0.00,Local color check detected #3298ff.,
umn/source/getting_started_with_rds_for_mysql/step_2_connect_to_a_db_instance/connecting_to_an_rds_for_mysql_db_instance_through_a_public_network/connecting_to_a_db_instance_through_a_public_network.rst,Connecting to a DB Instance Through a Public Network,en-us_image_0000001191211477.png,screenshot,pass,1.00,"Image shows the MySQL-Front 'Open Session' dialog with Sessions list and New/Remove/Properties/Open/Cancel buttons | Matches Figure 1 'Connection management' referenced in step 2 of the MySQL-Front section | The RST instructs to click New in this dialog, and the New... button is clearly visible | Consistent with the topic of connecting to a DB instance through MySQL-Front",
umn/source/getting_started_with_rds_for_mysql/step_2_connect_to_a_db_instance/connecting_to_an_rds_for_mysql_db_instance_through_a_public_network/connecting_to_a_db_instance_through_a_public_network.rst,Connecting to a DB Instance Through a Public Network,en-us_image_0000001191131321.png,screenshot,pass,1.00,"Image shows the MySQL-Front 'Add Account' dialog with fields for Description, Name, Host, Port (3306), Connection Type, User (root), Password, Database | Matches Figure 2 'Adding an account' referenced in step 3 of the MySQL-Front section | The RST Table 1 describes parameters Name, Host, Port, User, Password which all appear in the dialog | Port 3306 and User root are pre-filled, consistent with the RDS MySQL context",
umn/source/getting_started_with_rds_for_mysql/step_2_connect_to_a_db_instance/connecting_to_an_rds_for_mysql_db_instance_through_a_public_network/connecting_to_a_db_instance_through_a_public_network.rst,Connecting to a DB Instance Through a Public Network,en-us_image_0000001145051640.png,screenshot,pass,1.00,Image shows the MySQL-Front 'Open Session' dialog with a session named 'rds' selected in the Sessions list | Matches Figure 3 'Opening a session' referenced in step 4 of the MySQL-Front section | The RST instructs to select the created connection and click Open; the image shows 'rds' highlighted with the Open button available | Consistent with the workflow of connecting to an RDS DB instance,
umn/source/getting_started_with_rds_for_mysql/step_2_connect_to_a_db_instance/connecting_to_an_rds_for_mysql_db_instance_through_a_public_network/connecting_to_a_db_instance_through_a_public_network.rst,Connecting to a DB Instance Through a Public Network,en-us_image_0000001145051824.png,icon,pass,1.00,"Image shows a small location pin/marker icon, consistent with a region selector in a cloud management console | Referenced as |image1| in step 2 of the SSL section: 'Click [icon] in the upper left corner and select a region and a project' | The location pin icon is a standard UI symbol for region/location selection in cloud consoles | Small symbolic graphic fitting the 'icon' classification",
umn/source/getting_started_with_rds_for_mysql/step_2_connect_to_a_db_instance/connecting_to_an_rds_for_mysql_db_instance_through_a_public_network/overview.rst,Overview,en-us_image_0000001145051736.png,other,fail,0.00,Local color check detected #3298ff.,
umn/source/getting_started_with_rds_for_postgresql/operation_guide.rst,Operation Guide,en-us_image_0000001191131447.png,other,fail,0.00,Local color check detected #3298ff.,
umn/source/getting_started_with_rds_for_postgresql/step_1_create_a_db_instance.rst,Step 1: Create a DB Instance,en-us_image_0000001191211679.png,icon,pass,0.83,"The image is a small gray location-pin / map-marker symbol, matching the |image1| reference used in step 2 of the procedure. | The RST instructs to 'Click |image1| in the upper left corner and select a region and a project,' which is consistent with a region/location selector icon. | The icon is placed within the Procedure section and directly supports the region-selection step of creating a DB instance. | The visual content (a location pin) is clearly visible and unambiguous.","The image is a generic location pin and does not show the surrounding console UI, so its exact placement in the upper-left corner cannot be confirmed from the image alone. | No RDS-specific branding or labels are visible in the icon, so its association with the RDS console relies solely on the RST context."
umn/source/getting_started_with_rds_for_postgresql/step_2_connect_to_a_db_instance/connecting_to_a_db_instance.rst,Connecting to a DB Instance,en-us_image_0000001191211393.png,other,fail,0.00,Local color check detected #3298ff.,
umn/source/getting_started_with_rds_for_postgresql/step_2_connect_to_a_db_instance/connecting_to_a_postgresql_db_instance_through_a_private_network/connecting_to_a_db_instance_through_psql.rst,Connecting to a DB Instance Through psql,en-us_image_0000001191211679.png,icon,partial,0.62,"The image is a small location-pin icon, consistent with a region/project selector in a cloud management console. | The RST references this icon in step 2 of the SSL Connection section: 'Click |image1| in the upper left corner and select a region and a project.' | The icon is a generic navigation element and not directly related to the psql connection procedure itself. | No contradiction between the icon and the surrounding text; a location pin is a standard symbol for region selection.","The icon is shown in isolation without surrounding UI context (no console header, no menu), so its exact placement in the upper-left corner cannot be visually confirmed. | No label or tooltip is visible on the icon to confirm it specifically represents 'region and project' selection."
umn/source/getting_started_with_rds_for_postgresql/step_2_connect_to_a_db_instance/connecting_to_a_postgresql_db_instance_through_a_private_network/overview.rst,Overview,en-us_image_0000001145051740.png,other,fail,0.00,Local color check detected #3298ff.,
umn/source/getting_started_with_rds_for_postgresql/step_2_connect_to_a_db_instance/connecting_to_a_postgresql_db_instance_through_a_public_network/connecting_to_a_db_instance_through_psql.rst,Connecting to a DB Instance Through psql,en-us_image_0000001191211679.png,icon,pass,0.90,"The image is a small isolated location-pin pictogram, matching the |image1| reference used for the region selector in the SSL Connection steps. | The RST instructs to 'Click |image1| in the upper left corner and select a region and a project,' which is exactly what a location/region pin icon represents in a cloud console. | The icon is placed in the SSL Connection section (step 2), consistent with navigating the RDS management console. | No contradiction between the icon and the surrounding text.","The image shows only the pin symbol without surrounding console UI, so the 'upper left corner' placement cannot be visually confirmed. | No label or text accompanies the icon to explicitly identify it as the region selector."
umn/source/getting_started_with_rds_for_postgresql/step_2_connect_to_a_db_instance/connecting_to_a_postgresql_db_instance_through_a_public_network/overview.rst,Overview,en-us_image_0000001145211530.png,other,fail,0.00,Local color check detected #3298ff.,
umn/source/getting_started_with_rds_for_sql_server/operation_guide.rst,Operation Guide,en-us_image_0000001191131447.png,other,fail,0.00,Local color check detected #3298ff.,
umn/source/getting_started_with_rds_for_sql_server/step_1_create_a_db_instance.rst,Step 1: Create a DB Instance,en-us_image_0000001191211679.png,icon,partial,0.72,"The image is a small location pin/marker icon, consistent with a region selector UI element. | The RST step 2 instructs the user to click this icon in the upper left corner to select a region and project, which aligns with a location pin symbol. | The icon is a generic UI symbol rather than a screenshot of the RDS console, so it provides limited visual detail about the actual creation workflow. | No contradiction exists between the icon and the surrounding text describing region selection.","The image does not show the surrounding UI context (e.g., the upper-left corner of the console) that would confirm its exact placement. | No label or text accompanies the icon to explicitly identify it as a region/project selector."
umn/source/getting_started_with_rds_for_sql_server/step_2_connect_to_a_db_instance/connecting_to_a_db_instance.rst,Connecting to a DB Instance,en-us_image_0000001145211356.png,other,fail,0.00,Local color check detected #3298ff.,
umn/source/getting_started_with_rds_for_sql_server/step_2_connect_to_a_db_instance/connecting_to_a_sql_server_db_instance_through_a_private_network/connecting_to_a_db_instance_through_a_private_network.rst,Connecting to a DB Instance Through a Private Network,en-us_image_0000001191211461.jpg,other,fail,0.00,Local color check detected #3298ff.,
umn/source/getting_started_with_rds_for_sql_server/step_2_connect_to_a_db_instance/connecting_to_a_sql_server_db_instance_through_a_private_network/connecting_to_a_db_instance_through_a_private_network.rst,Connecting to a DB Instance Through a Private Network,en-us_image_0000001191131309.png,screenshot,pass,1.00,"Image is the SQL Server Management Studio 'Connect to Server' dialog, matching Figure 1 in the Non-SSL Connection section. | Fields shown (Server name with IP,port, SQL Server Authentication, Login rdsuser, Password) align with the RST description. | Connect/Cancel/Help/Options buttons are visible, consistent with the 'Click Connect' instruction.","No SSL/encryption option visible, which is appropriate for the non-SSL figure."
umn/source/getting_started_with_rds_for_sql_server/step_2_connect_to_a_db_instance/connecting_to_a_sql_server_db_instance_through_a_private_network/connecting_to_a_db_instance_through_a_private_network.rst,Connecting to a DB Instance Through a Private Network,en-us_image_0000001191211463.png,screenshot,pass,1.00,"Image is the SQL Server Management Studio 'Connect to Server' dialog, matching Figure 2 in the SSL Connection section. | Fields (Server name IP,port, SQL Server Authentication, Login rdsuser, Password) match the RST text. | Visible Connect/Cancel/Help/Options buttons align with the connection steps.",The SSL 'Encrypt connection' option is not shown in this dialog (it appears in the separate Connection Properties figure).
umn/source/getting_started_with_rds_for_sql_server/step_2_connect_to_a_db_instance/connecting_to_a_sql_server_db_instance_through_a_private_network/connecting_to_a_db_instance_through_a_private_network.rst,Connecting to a DB Instance Through a Private Network,en-us_image_0000001191211679.png,icon,pass,0.88,"Image is a small gray location-pin icon, matching the |image1| reference used in the Preparations step to select a region and project. | A location/region pin is semantically consistent with selecting a region in the management console.","The icon is isolated and small, so surrounding console context (region/project menu) is not visible."
umn/source/getting_started_with_rds_for_sql_server/step_2_connect_to_a_db_instance/connecting_to_a_sql_server_db_instance_through_a_private_network/overview.rst,Overview,en-us_image_0000001191131329.png,other,fail,0.00,Local color check detected #3298ff.,
umn/source/getting_started_with_rds_for_sql_server/step_2_connect_to_a_db_instance/connecting_to_a_sql_server_db_instance_through_a_public_network/connecting_to_a_db_instance_through_a_public_network.rst,Connecting to a DB Instance Through a Public Network,en-us_image_0000001145051614.jpg,other,fail,0.00,Local color check detected #3298ff.,
umn/source/getting_started_with_rds_for_sql_server/step_2_connect_to_a_db_instance/connecting_to_a_sql_server_db_instance_through_a_public_network/connecting_to_a_db_instance_through_a_public_network.rst,Connecting to a DB Instance Through a Public Network,en-us_image_0000001191211449.png,screenshot,pass,1.00,"Image is a SQL Server 'Connect to Server' dialog, matching Figure 1 'Connecting to the server' in the Non-SSL Connection section. | Fields shown (Server name with IP,port, Authentication = SQL Server Authentication, Login = rdsuser, Password) align with the rst field descriptions. | Visible Connect/Cancel/Help/Options controls correspond to the 'Click Connect' step.",No explicit indication of SSL vs non-SSL in the dialog itself; section context provides that.
umn/source/getting_started_with_rds_for_sql_server/step_2_connect_to_a_db_instance/connecting_to_a_sql_server_db_instance_through_a_public_network/connecting_to_a_db_instance_through_a_public_network.rst,Connecting to a DB Instance Through a Public Network,en-us_image_0000001145051612.png,screenshot,pass,1.00,"Image is a SQL Server 'Connect to Server' dialog, matching Figure 2 'Connecting to the server' in the SSL Connection section. | Fields shown (Server name with IP,port, Authentication = SQL Server Authentication, Login = rdsuser, Password) align with the rst field descriptions. | Visible Connect/Cancel/Help/Options controls correspond to the connection steps.",The SSL 'Encrypt connection' option is not visible in this dialog; it appears in the subsequent Connection Properties figure.
umn/source/getting_started_with_rds_for_sql_server/step_2_connect_to_a_db_instance/connecting_to_a_sql_server_db_instance_through_a_public_network/overview.rst,Overview,en-us_image_0000001191211573.png,other,fail,0.00,Local color check detected #3298ff.,
umn/source/introduction/basic_concepts.rst,Basic Concepts,en-us_image_0000001145051596.png,other,fail,0.00,Local color check detected #3298ff.,
umn/source/introduction/typical_applications/diversified_data_storage.rst,Diversified Data Storage,en-us_image_0000001191211525.png,other,pass,1.00,"The image is an architectural diagram illustrating diversified data storage, matching the section title and topic. | It shows ECS routing cached data to DCS for Memcached and DCS for Redis, structured data to RDS, and static data to OBS, consistent with the RST text. | The figure is placed directly under the 'Diversified Data Storage' heading, so it is highly relevant to the section. | Labels and arrows provide clear visual evidence of the storage extension relationships described in the document. | No contradiction between the diagram content and the RST description.","The diagram does not elaborate on specific features or configurations of each storage service, but the RST does not require such detail either."
umn/source/working_with_rds_for_mysql/backups_and_restorations/configuring_an_intra-region_backup_policy.rst,Configuring an Intra-Region Backup Policy,en-us_image_0000001191211679.png,icon,partial,0.77,"The image is a small location-pin symbol, matching the RST reference |image1| used in step 2 to select a region and project. | It is an isolated UI symbol (icon), not a full screenshot or page. | The icon semantically aligns with the 'select a region and a project' navigation action in the RDS console steps. | No contradiction between the icon and the surrounding RST text.","The image does not show the surrounding console UI, so the exact placement in the upper-left corner cannot be visually confirmed. | No label or text accompanies the icon to confirm it is the region/project selector."
umn/source/working_with_rds_for_mysql/backups_and_restorations/creating_a_manual_backup.rst,Creating a Manual Backup,en-us_image_0000001191211679.png,icon,pass,0.90,"The image is a small gray location-pin / map-marker pictogram, an isolated UI symbol, so it is classified as an icon. | The RST references this image as |image1|/|image2| in step 2 of both Method 1 and Method 2: 'Click ... in the upper left corner and select a region and a project.' | A location-pin icon is the standard region/project selector symbol in cloud management consoles, matching the described action. | The icon is directly relevant to the navigation steps of the manual backup procedure.",The image is a generic region-selector icon and does not itself depict the backup dialog or backup-specific UI. | No surrounding console context is visible to confirm the exact placement in the upper-left corner.
umn/source/working_with_rds_for_mysql/backups_and_restorations/deleting_a_manual_backup.rst,Deleting a Manual Backup,en-us_image_0000001191211679.png,icon,pass,0.90,"The image is a small gray location-pin / map-marker icon, an isolated UI symbol, so it is classified as an icon. | In the RST, |image1| is referenced in Procedure step 2: 'Click |image1| in the upper left corner and select a region and a project,' which matches a region/project selector pin icon. | The icon is part of the login/region-selection step of the procedure rather than the backup-deletion action itself, so topic match is partial. | The visual content (a location pin) directly supports the 'select a region and a project' instruction, giving strong detail and visual evidence. | No interactive buttons or controls are visible in the isolated icon image.","The image is an isolated icon without surrounding console UI, so the 'upper left corner' placement cannot be visually confirmed. | No backup-related UI is shown, so the icon's connection to the backup-deletion task is only via the procedure text."
umn/source/working_with_rds_for_mysql/backups_and_restorations/downloading_a_backup_file.rst,Downloading a Backup File,en-us_image_0000001191211679.png,icon,partial,0.77,"The image is a small location pin/marker icon, consistent with its use in the RST as a region/project selector in the upper-left corner of the management console. | The RST states 'Click |image1| in the upper left corner and select a region and a project,' which semantically matches a location/region icon. | The icon is used identically in all three methods (|image1|, |image2|, |image3|) for the same navigation step. | The visual clearly shows a map-pin style icon with a dot in the center, appropriate for a region selector.","The icon is very small and low-resolution, making fine details hard to discern. | No surrounding UI context is visible to confirm it is specifically the region selector in the RDS console."
umn/source/working_with_rds_for_mysql/backups_and_restorations/downloading_a_backup_file.rst,Downloading a Backup File,en-us_image_0000001191131443.png,icon,pass,0.83,"The image shows two overlapping squares/rectangles, a standard 'copy' icon, matching the RST instruction 'click |image4| to copy the URL.' | The icon is used in Method 3 (Using Download URL) step 5, where the user copies a download URL for the backup file. | The visual representation (overlapping rectangles) is a widely recognized copy/duplicate symbol, consistent with the described action. | No contradiction between the icon's appearance and its described function in the document.","The icon is very small and low-resolution; fine details are not clearly visible. | No surrounding UI context (e.g., the dialog box with the URL field) is shown to confirm placement."
umn/source/working_with_rds_for_mysql/backups_and_restorations/downloading_a_binlog_backup_file.rst,Downloading a Binlog Backup File,en-us_image_0000001191211679.png,icon,partial,0.72,"The image is a location pin / map marker icon, consistent with the RST instruction to 'Click |image1| in the upper left corner and select a region and a project.' | It is a small symbolic UI icon, not a full screenshot. | The icon is a prerequisite navigation step rather than directly illustrating binlog download, so topic match is moderate. | No contradiction between the icon and its described usage in the document.",The surrounding console UI is not visible; only the isolated icon is shown. | No label or tooltip is visible to confirm it is specifically the region/project selector.
umn/source/working_with_rds_for_mysql/backups_and_restorations/downloading_a_binlog_backup_file.rst,Downloading a Binlog Backup File,en-us_image_0000002557433943.png,icon,pass,1.00,"The image is a download icon (downward arrow with a tray/line), directly matching the RST instruction to 'click |image3| in the Operation column' to download a merged binlog. | It is a small symbolic UI icon representing a download action. | The icon is used in the 'Downloading a Merged Binlog' section, which is the core topic of the document. | No contradiction between the icon and its described usage.",The surrounding table or OBS Browser+ interface is not visible; only the isolated icon is shown.
umn/source/working_with_rds_for_mysql/backups_and_restorations/downloading_a_binlog_backup_file.rst,Downloading a Binlog Backup File,en-us_image_0000002526234126.png,icon,pass,0.90,"The image is a copy/duplicate icon (two overlapping rectangles), matching the RST instruction to 'Click |image4| to copy the URL within the validity period to download the merged binlog.' | It is a small symbolic UI icon representing a copy-to-clipboard action. | The icon is used in the 'Use Download URL' subsection, which is part of the binlog download workflow. | No contradiction between the icon and its described usage.",The surrounding dialog box or URL field is not visible; only the isolated icon is shown. | No label or tooltip is visible to confirm it is specifically a 'copy URL' button.
umn/source/working_with_rds_for_mysql/backups_and_restorations/introduction_to_backups.rst,Introduction to Backups,en-us_image_0000002289561469.png,other,fail,0.00,Local color check detected #3298ff.,
umn/source/working_with_rds_for_mysql/backups_and_restorations/replicating_a_backup.rst,Replicating a Backup,en-us_image_0000001191211679.png,icon,partial,0.77,"The image is a small location-pin / map-marker icon, matching the |image1| reference in step 2 ('Click |image1| in the upper left corner and select a region and a project'). | It is an isolated symbolic UI graphic, so it is classified as an icon rather than a screenshot. | The icon is relevant to the Procedure section where the user selects a region/project before navigating to RDS. | The visual clearly shows a location pin symbol, providing clear visual evidence. | No contradiction between the icon and the surrounding RST text.","The image does not show the surrounding console UI, so the exact placement in the upper-left corner cannot be visually confirmed. | No label or text accompanies the icon to confirm it is the region/project selector."
umn/source/working_with_rds_for_mysql/backups_and_restorations/restoring_a_db_instance_to_a_point_in_time.rst,Restoring a DB Instance to a Point in Time,en-us_image_0000001191211679.png,icon,partial,0.77,"The image is a small gray location-pin / map-marker pictogram, i.e., an isolated UI symbol, so it is classified as an icon. | In the RST it is referenced as |image1| in step 2: 'Click |image1| in the upper left corner and select a region and a project,' which matches a region/project selector icon. | The icon is part of the console navigation steps for the 'Restoring a DB Instance' procedure, so it is relevant to the section. | The visual content (a location pin) is clearly visible and consistent with a region-selection control. | No contradiction between the image and the surrounding RST text.","The image is a generic location-pin icon without surrounding UI context, so the exact console placement (upper-left corner) cannot be visually confirmed. | No label or text accompanies the icon to explicitly confirm it is the region/project selector."
umn/source/working_with_rds_for_mysql/backups_and_restorations/restoring_from_backup_files_to_a_self-built_mysql_database.rst,Restoring from Backup Files to a Self-Built MySQL Database,en-us_image_0000001426447917.png,screenshot,pass,1.00,"The image is a terminal screenshot showing the MySQL prompt 'mysql> show databases;' and a result table, matching the final procedure step 'Log in to the database and view the restoration result'. | The displayed command and output align exactly with the code block in the RST (show databases) and the figure caption 'Viewing the restoration result'. | The listed databases (information_schema, 123, 1314, 999) serve as visual evidence that data was restored to the self-built MySQL database. | No contradiction between the image content and the surrounding RST text.","The image does not show the specific RDS source instance or version, but this is not required for the figure's purpose."
umn/source/working_with_rds_for_mysql/backups_and_restorations/restoring_from_backup_files_to_db_instances.rst,Restoring from Backup Files to DB Instances,en-us_image_0000001191211679.png,icon,pass,0.90,"The image is a small location-pin / map-marker icon, consistent with a region/project selector in a management console. | In the RST, |image1| is used in step 2: 'Click |image1| in the upper left corner and select a region and a project,' which semantically matches a location icon. | The icon is placed in the Procedure section and directly supports the navigation step described. | No contradiction between the icon and the surrounding text.",The icon is generic and not specific to RDS backup/restore functionality; it only supports the region-selection step. | No surrounding UI context is visible to confirm it is the exact console element referenced.
umn/source/working_with_rds_for_mysql/connection_management/binding_and_unbinding_an_eip.rst,Binding and Unbinding an EIP,en-us_image_0000001191211679.png,icon,partial,0.77,"The image is a small location-pin / map-marker icon, consistent with a region selector symbol. | The RST uses |image1| (and |image2|) for the step 'Click ... in the upper left corner and select a region and a project', which matches a region/location icon. | The icon is a generic symbolic graphic with no UI interface, so it is classified as an icon rather than a screenshot. | No interactive controls or buttons are visible in the image itself.","The icon is generic; the RST does not describe its exact appearance, so the match to a 'region selector' is inferred from context. | No surrounding UI is shown to confirm the icon's placement in the console."
umn/source/working_with_rds_for_mysql/connection_management/changing_a_database_port.rst,Changing a Database Port,en-us_image_0000001191211679.png,icon,partial,0.72,"The image is a small location pin icon, consistent with a region/project selector in a cloud management console. | The RST step 2 says 'Click |image1| in the upper left corner and select a region and a project,' which aligns with a location/region pin icon. | The icon is a standard navigation element in the procedure for changing a database port, not directly depicting the port-change action itself.","The icon is very small and low-resolution, making it difficult to confirm exact UI context. | No surrounding UI elements are visible to confirm it is specifically in the upper-left corner of a console."
umn/source/working_with_rds_for_mysql/connection_management/changing_a_database_port.rst,Changing a Database Port,en-us_image_0000002492831361.png,icon,partial,0.72,"The image is a small plus (+) icon inside a rounded square, likely representing an expand or switch-view action. | The RST step 4 says 'click |image2| first and then click the target read replica,' suggesting the icon toggles visibility of read replicas. | The plus icon is a generic UI symbol; its specific meaning (e.g., show read replicas) is inferred from context rather than visually explicit.","The icon is very small and low-resolution, making it hard to confirm exact UI context. | No surrounding interface elements are visible to confirm the icon's specific function in the RDS console."
umn/source/working_with_rds_for_mysql/connection_management/changing_a_private_domain_name.rst,Changing a Private Domain Name,en-us_image_0000001191211679.png,icon,pass,1.00,"The image is a small gray location-pin icon, matching the |image1| reference in step 2 for selecting a region and project. | A location pin is a standard symbol for region/area selection in a management console, consistent with the procedure text. | The icon is used in the Procedure section exactly where the RST instructs clicking it to choose a region. | No contradiction between the icon and the surrounding RST content.","The image is an isolated symbol without surrounding UI context, so the exact console layout is not visible."
umn/source/working_with_rds_for_mysql/connection_management/configuring_and_changing_a_floating_ip_address.rst,Configuring and Changing a Floating IP Address,en-us_image_0000001191211679.png,icon,pass,1.00,"The image is a small gray location-pin / map-marker symbol, consistent with a region selector icon. | In the RST, |image1| is used in step 2: 'Click |image1| in the upper left corner and select a region and a project,' which matches a region/project location icon. | The icon appears within the 'Changing a Floating IP Address' procedure, so it is relevant to the section. | No visible interactive button states or magenta elements are present; the image is a standalone pictogram.","The image does not show surrounding console UI, so the 'upper left corner' placement cannot be visually confirmed from the image alone. | No label or text accompanies the icon to explicitly identify it as the region selector."
umn/source/working_with_rds_for_mysql/data_security/changing_a_security_group.rst,Changing a Security Group,en-us_image_0000001191211679.png,icon,partial,0.72,"The image is a small location-pin icon, consistent with the RST instruction to 'Click |image1| in the upper left corner and select a region and a project.' | It is a general navigation element (region selector) rather than something specific to security group configuration. | The icon is clearly visible and semantically matches a region/location selector in a cloud management console. | No contradiction between the icon and its described usage in step 2 of the procedure.",The icon is shown in isolation without surrounding UI context (no console header or region dropdown visible). | No label or text accompanies the icon to confirm it is specifically the region selector.
umn/source/working_with_rds_for_mysql/data_security/changing_a_security_group.rst,Changing a Security Group,en-us_image_0000001145051618.png,icon,partial,0.72,"The image is a refresh/reload icon enclosed in a square button frame, consistent with the RST instruction to 'Click |image2| in the upper right corner on the Summary page to view the results.' | It represents a general refresh action used to check the outcome of the security group change, not a security-group-specific control. | The circular-arrow refresh symbol is clearly visible and semantically matches 'view the results' after a 1-3 minute wait. | No contradiction between the icon and its described usage in step 8 of the procedure.",The icon is shown in isolation without the Summary page context (no page header or surrounding UI visible). | No label or tooltip text is visible to confirm it is specifically the refresh button on the Summary page.
umn/source/working_with_rds_for_mysql/data_security/configuring_an_ssl_connection.rst,Configuring an SSL Connection,en-us_image_0000001191211679.png,icon,pass,0.83,"The image is a location pin / map marker icon, consistent with the RST instruction 'Click |image1| in the upper left corner and select a region and a project.' | It is used as both |image1| (Enabling SSL, step 2) and |image3| (Disabling SSL, step 2), serving as a general navigation prerequisite rather than an SSL-specific element. | The icon clearly depicts a location pin, matching the semantic meaning of selecting a region.",No surrounding UI context is visible; the icon is isolated without the management console interface.
umn/source/working_with_rds_for_mysql/data_security/configuring_an_ssl_connection.rst,Configuring an SSL Connection,en-us_image_0000002492045012.png,icon,pass,1.00,"The image shows a toggle switch in the OFF (disabled) position, which is the expected starting state in the 'Enabling SSL' section where the user clicks the SSL toggle to turn it on. | The RST states: 'In the Connection Information area, click |image2| in the SSL field' under the Enabling SSL procedure, and the off-state toggle is semantically correct for a feature that is about to be enabled. | The icon is a small, isolated UI symbol (toggle switch), consistent with an icon classification.","No surrounding UI context (e.g., the Connection Information panel or SSL label) is visible; only the isolated toggle icon is shown."
umn/source/working_with_rds_for_mysql/data_security/configuring_an_ssl_connection.rst,Configuring an SSL Connection,en-us_image_0000002492048460.png,icon,pass,1.00,"The image shows a toggle switch in the ON (enabled) position, which is the expected starting state in the 'Disabling SSL' section where the user clicks the SSL toggle to turn it off. | The RST states: 'In the Connection Information area, click |image4| in the SSL field' under the Disabling SSL procedure, and the on-state toggle is semantically correct for a feature that is about to be disabled. | The icon is a small, isolated UI symbol (toggle switch), consistent with an icon classification.","No surrounding UI context (e.g., the Connection Information panel or SSL label) is visible; only the isolated toggle icon is shown."
umn/source/working_with_rds_for_mysql/data_security/resetting_the_administrator_password.rst,Resetting the Administrator Password,en-us_image_0000001191211679.png,icon,pass,0.90,"The image is a small location-pin / map-marker pictogram, consistent with a region/project selector icon in a cloud management console. | The RST instructs to 'Click |image1| in the upper left corner and select a region and a project', which matches the function of a region selector icon. | The same image is reused for |image2| in Method 2, both serving the identical region-selection step. | The icon is a static symbolic graphic with no visible interactive controls, so it is classified as an icon rather than a screenshot.","The image is low-resolution and monochrome, so surrounding UI context (e.g., the upper-left corner placement) is not visible. | No label or text accompanies the icon to explicitly confirm it is the region selector."
umn/source/working_with_rds_for_mysql/database_proxy_read_write_splitting/applying_for_and_changing_a_private_domain_name_for_a_database_proxy.rst,Applying for and Changing a Private Domain Name for a Database Proxy,en-us_image_0000001191211679.png,icon,partial,0.77,"The image is a small gray location-pin / map-marker pictogram, matching the RST instruction to 'Click |image1| in the upper left corner and select a region and a project.' | It is used as a navigation/region-selector symbol in both the 'Applying for a private domain name' and 'Changing a Private Domain Name' procedures. | The icon is consistent with a region/project selection control in a cloud management console, so it does not contradict the surrounding text. | The image is an isolated symbol rather than a full UI screenshot, so it supports the step but does not depict the private-domain-name dialog itself.","No surrounding console UI is visible, so the exact placement ('upper left corner') cannot be confirmed from the image alone. | The image does not show the private domain name field, Apply/Change/Delete buttons, or the dialog box described in the steps."
umn/source/working_with_rds_for_mysql/database_proxy_read_write_splitting/changing_the_instance_class_of_a_db_proxy_instance.rst,Changing the Instance Class of a DB Proxy Instance,en-us_image_0000001191211679.png,icon,pass,1.00,"The image is a small gray location-pin / map-marker icon, matching the |image1| reference in Procedure step 2 ('Click |image1| in the upper left corner and select a region and a project'). | A location pin is the standard console symbol for selecting a region and project, consistent with the RDS console workflow described. | The icon is used in the Procedure section, directly supporting the step-by-step instructions for accessing the RDS console. | The icon is clearly rendered and unambiguous, providing solid visual evidence. | No contradiction between the icon and the surrounding RST text.","The image is a standalone icon without surrounding UI context, so the exact console layout it belongs to is not visible."
umn/source/working_with_rds_for_mysql/database_proxy_read_write_splitting/changing_the_number_of_proxy_nodes.rst,Changing the Number of Proxy Nodes,en-us_image_0000001191211679.png,icon,pass,0.90,"The image is a small gray location-pin / map-marker pictogram, consistent with an icon rather than a screenshot. | In the RST, |image1| is used in step 2 to indicate clicking the region/project selector in the upper-left corner, which is exactly what a location-pin icon represents in the Huawei Cloud console. | The icon is placed within the Procedure section and supports the navigation steps for reaching the RDS console. | No interactive controls, buttons, or UI panels are visible; it is an isolated symbolic graphic.","The image does not show the surrounding console UI, so the 'upper left corner' placement cannot be visually confirmed from the image alone. | No label or text accompanies the icon to explicitly identify it as the region/project selector."
umn/source/working_with_rds_for_mysql/database_proxy_read_write_splitting/changing_the_read_write_splitting_address.rst,Changing the Read/Write Splitting Address,en-us_image_0000001191211679.png,icon,pass,0.90,"The image is a small gray location-pin (map marker) icon, matching the |image1| reference in step 2 of the Procedure. | Step 2 instructs to click the icon in the upper left corner to select a region and a project, which is exactly what a location/region selector icon represents. | The icon is used within the Procedure section that leads to changing the read/write splitting address, so it is contextually relevant. | No interactive button text or control is visible; it is an isolated symbolic graphic, so it is classified as an icon. | No contradiction between the icon and the surrounding RST text.","The image does not show the surrounding console UI, so the 'upper left corner' placement cannot be visually confirmed from the image alone. | No label or tooltip is visible to confirm it specifically opens the region/project selector."
umn/source/working_with_rds_for_mysql/database_proxy_read_write_splitting/configuring_the_delay_threshold_and_routing_policy.rst,Configuring the Delay Threshold and Routing Policy,en-us_image_0000001191211679.png,icon,partial,0.77,"The image is a small location pin/region selector icon, consistent with the RST instruction 'Click |image1| in the upper left corner and select a region and a project.' | It is a navigation element used in the procedure steps rather than directly illustrating the delay threshold or routing policy topic. | The icon is a standard region selector symbol commonly found in cloud management consoles. | No contradictions between the image and the RST text.",The icon is generic and does not show any specific UI context such as the management console layout or the region/project selection dialog.
umn/source/working_with_rds_for_mysql/database_proxy_read_write_splitting/configuring_the_delay_threshold_and_routing_policy.rst,Configuring the Delay Threshold and Routing Policy,en-us_image_0000001482124730.png,icon,pass,1.00,"The image is a pencil/edit icon, consistent with the RST instruction 'click |image2| next to the Delay Threshold field.' | It directly represents the action of editing/configuring the delay threshold, which is the core topic of the section. | The icon is used in the 'Configuring Delay Threshold' section, making it highly relevant to that section. | The visual clearly shows a pencil symbol with an underline, a standard edit/modify indicator. | No contradictions between the image and the RST text.",The icon is isolated and does not show the surrounding UI context such as the Delay Threshold field or the proxy information area.
umn/source/working_with_rds_for_mysql/database_proxy_read_write_splitting/configuring_transaction_splitting.rst,Configuring Transaction Splitting,en-us_image_0000001191211679.png,icon,partial,0.77,"The image is a location pin / map marker icon, consistent with a region/project selector in a cloud management console. | The RST step 2 says 'Click |image1| in the upper left corner and select a region and a project,' which matches the purpose of a location pin icon. | The icon is a generic navigation element used to reach the RDS console, not specific to transaction splitting itself.",The icon is small and monochrome; no surrounding UI context is visible to confirm it is in the upper-left corner of a console.
umn/source/working_with_rds_for_mysql/database_proxy_read_write_splitting/configuring_transaction_splitting.rst,Configuring Transaction Splitting,en-us_image_0000001533364453.png,icon,pass,1.00,"The image shows a toggle switch in the off position, which is the standard UI control for enabling or disabling a feature. | The RST step 6 says 'click |image2| next to Transaction Splitting,' and a toggle switch is exactly the expected control for enabling/disabling transaction splitting. | The toggle directly represents the on/off state of the transaction splitting feature described in the document.",No surrounding label or page context is visible to confirm the toggle is specifically next to the 'Transaction Splitting' text.
umn/source/working_with_rds_for_mysql/database_proxy_read_write_splitting/disabling_read_write_splitting.rst,Disabling Read/Write Splitting,en-us_image_0000001191211679.png,icon,pass,0.90,"The image is a small gray location-pin / map-marker symbol, matching the region/project selector icon referenced in step 2. | The RST step 2 says 'Click |image1| in the upper left corner and select a region and a project,' which aligns with a location-pin region selector icon. | The icon is an isolated UI symbol, not a full screenshot or interactive button control. | No contradiction between the image and the surrounding procedure text.","The image does not show the surrounding console UI, so the 'upper left corner' placement cannot be visually confirmed. | No label or text is visible in the icon to confirm it is specifically the region/project selector."
umn/source/working_with_rds_for_mysql/database_proxy_read_write_splitting/enabling_or_disabling_access_control.rst,Enabling or Disabling Access Control,en-us_image_0000001191211679.png,icon,pass,1.00,"The image is a location pin icon, which is a standard UI symbol for region/project selection in cloud management consoles. | The RST references this icon in step 2 of both 'Enabling Access Control' and 'Disabling Access Control' as the element to click to select a region and project. | A location pin is semantically consistent with a region selector in the upper-left corner of a management console. | The icon is used identically in both sections (|image1| and |image3|), which is appropriate since the navigation steps are the same.","The image is a generic location pin without any text or branding, so it cannot be confirmed to be the exact icon used in the specific RDS console, but it is a reasonable representation."
umn/source/working_with_rds_for_mysql/database_proxy_read_write_splitting/enabling_or_disabling_access_control.rst,Enabling or Disabling Access Control,en-us_image_0000001482124762.png,icon,pass,1.00,"The image shows a toggle switch in the off (gray) position, which is the control used to enable or disable access control. | The RST references this icon in step 5 of 'Enabling Access Control': 'click |image2| in the Access Control field' to enable the feature. | The toggle being in the off state is consistent with the starting state before enabling access control. | The toggle switch is a standard UI control for binary on/off settings like access control.","The image is a generic toggle switch without surrounding context (no label, no panel), so the exact placement in the Access Control field cannot be visually confirmed, but the semantic match is strong."
umn/source/working_with_rds_for_mysql/database_proxy_read_write_splitting/enabling_or_disabling_access_control.rst,Enabling or Disabling Access Control,en-us_image_0000001481965146.png,icon,pass,1.00,"The image shows a toggle switch in the on (blue) position, which represents access control being currently enabled. | The RST references this icon in step 5 of 'Disabling Access Control': 'click |image4| in the Access Control field' to disable the feature. | The toggle being in the on state is consistent with the starting state before disabling access control. | The blue/active state of the toggle visually communicates that the feature is currently enabled and can be turned off.","The image is a generic toggle switch without surrounding context (no label, no panel), so the exact placement in the Access Control field cannot be visually confirmed, but the semantic match is strong."
umn/source/working_with_rds_for_mysql/database_proxy_read_write_splitting/enabling_read_write_splitting.rst,Enabling Read/Write Splitting,en-us_image_0000001191211679.png,icon,pass,0.83,"The image is a small location-pin / map-marker symbol, consistent with an isolated UI icon. | In the RST, |image1| is used in step 2 to 'select a region and a project', which semantically matches a location/region selector icon. | The icon appears in the 'Enabling a Single Proxy' procedure, directly relevant to the section. | The visual clearly shows a location pin, providing clear visual evidence. | No contradiction between the icon and the surrounding text.","The icon is shown in isolation, so its exact placement in the console UI (upper-left corner) cannot be verified from the image alone. | No label or text accompanies the icon to confirm it specifically denotes region selection."
umn/source/working_with_rds_for_mysql/database_proxy_read_write_splitting/testing_read_write_splitting_performance.rst,Testing Read/Write Splitting Performance,en-us_image_0000001533364489.png,screenshot,pass,1.00,"The image is a MySQL CLI terminal screenshot showing the output of 'select 1' and 'show last route', matching the procedure step in the RST. | The 'show last route' result table with a LAST ROUTE column and an IP address directly illustrates the routing result described in the document. | The orange annotation 'DB instance floating IP address' points to the IP in the LAST ROUTE field, consistent with read/write splitting routing to a DB instance. | The figure caption 'Query result' in the RST aligns with the displayed query output.","The actual IP address value is partially redacted/obscured in the image, so the exact floating IP cannot be read. | No explicit read/write splitting address or connection command is shown, only the routing result."
umn/source/working_with_rds_for_mysql/database_proxy_read_write_splitting/upgrading_the_kernel_version_of_database_proxy.rst,Upgrading the Kernel Version of Database Proxy,en-us_image_0000001191211679.png,icon,pass,0.83,"The image is a small location-pin / map-marker symbol, consistent with an isolated UI icon. | In the RST, |image1| is used in Procedure step 2 to 'select a region and a project', which semantically matches a location/region selector icon. | The icon appears in the Procedure section where the user navigates the console, so it is relevant to that section. | The visual clearly shows a location pin, providing direct visual evidence for a region selector. | No contradiction between the icon and the surrounding text.",The image is a generic location pin; it does not show the actual console UI or the region/project selection menu it represents. | No label or text accompanies the icon to confirm it is the region selector.
umn/source/working_with_rds_for_mysql/instance_lifecycle/creating_a_same_db_instance_as_an_existing_db_instance.rst,Creating a Same DB Instance as an Existing DB Instance,en-us_image_0000001191211679.png,icon,partial,0.77,"The image is a small gray location-pin / map-marker pictogram, consistent with an isolated UI symbol (icon). | In the RST, |image1| is referenced in step 2 of the Procedure: 'Click |image1| in the upper left corner and select a region and a project,' which matches a region/location selector icon. | The icon is semantically relevant to the procedure for navigating the management console before creating a same DB instance. | No interactive controls (buttons, inputs) are visible; it is a standalone symbol. | No contradiction between the image and the surrounding RST text.","The image does not show the surrounding console UI, so the 'upper left corner' placement cannot be visually confirmed. | No label or tooltip is visible to confirm it specifically denotes region/project selection."
umn/source/working_with_rds_for_mysql/instance_lifecycle/deleting_a_db_instance_or_read_replica.rst,Deleting a DB Instance or Read Replica,en-us_image_0000001191211679.png,icon,pass,1.00,"The image is a location pin/marker icon, consistent with its use in step 2 to select a region and project in the upper left corner of the management console. | The icon is referenced as both |image1| and |image2| in the RST, appearing in both the 'Deleting a DB Instance' and 'Deleting a Read Replica' sections. | A location pin is a standard UI symbol for region/area selection, matching the described action of selecting a region and project. | No contradictions between the icon's appearance and its described function in the document.","The icon is shown in isolation without surrounding UI context, so the exact placement in the upper left corner cannot be visually confirmed."
umn/source/working_with_rds_for_mysql/instance_lifecycle/deleting_a_db_instance_or_read_replica.rst,Deleting a DB Instance or Read Replica,en-us_image_0000001191131419.png,icon,pass,1.00,"The image is a downward chevron/expand icon, consistent with its use in step 4 of 'Deleting a Read Replica' to expand a DB instance row and display its read replicas. | A downward chevron is a standard UI symbol for expanding/collapsing a list or row, matching the described action of clicking to show all read replicas. | The icon is referenced as |image3| specifically in the 'Deleting a Read Replica' section, which is the correct context for expanding instance details. | No contradictions between the icon's appearance and its described function in the document.","The icon is shown in isolation without surrounding UI context, so the exact table row or button placement cannot be visually confirmed."
umn/source/working_with_rds_for_mysql/instance_lifecycle/exporting_db_instance_information.rst,Exporting DB Instance Information,en-us_image_0000001191211679.png,icon,partial,0.77,"Location pin icon is a standard UI element for region/project selection in cloud management consoles | The RST references this icon for 'Click |image1| in the upper left corner and select a region and a project' | The icon is a prerequisite navigation step, not the main export action | The visual clearly shows a map/location pin symbol consistent with region selection",No surrounding UI context visible to confirm it is in the upper left corner | No text label visible on the icon to confirm its exact function
umn/source/working_with_rds_for_mysql/instance_lifecycle/exporting_db_instance_information.rst,Exporting DB Instance Information,en-us_image_0000001145051738.png,icon,pass,1.00,"Export icon (box with outward arrow) directly matches the document topic of exporting DB instance information | The RST states 'click |image2| in the upper right corner of the page. By default, information about all DB instances is exported' | The icon is the primary action button for the export operation described in the section | Visual clearly shows a standard export/share icon consistent with the described action",No surrounding UI context visible to confirm placement in upper right corner | No text label on the icon to confirm it says 'Export'
umn/source/working_with_rds_for_mysql/instance_lifecycle/exporting_db_instance_information.rst,Exporting DB Instance Information,en-us_image_0000001191131415.png,icon,pass,1.00,"Export icon (box with outward arrow) directly matches the document topic of exporting DB instance information | The RST states 'click |image4| in the upper right corner of the page. In the displayed dialog box, select the items to be exported and click Export' | The icon is the primary action button for exporting selected DB instances | Visual clearly shows a standard export/share icon consistent with the described action",No surrounding UI context visible to confirm placement in upper right corner | No text label on the icon to confirm it says 'Export'
umn/source/working_with_rds_for_mysql/instance_lifecycle/rebooting_db_instances_or_read_replicas.rst,Rebooting DB Instances or Read Replicas,en-us_image_0000001191211679.png,icon,partial,0.77,"Location pin icon is used in step 2 for selecting region and project, a standard navigation prerequisite | The icon is a common symbol for region/location selection in management consoles | It is a small symbolic graphic (icon), not a full screenshot",No surrounding UI context visible to confirm it is in the upper left corner of a console
umn/source/working_with_rds_for_mysql/instance_lifecycle/rebooting_db_instances_or_read_replicas.rst,Rebooting DB Instances or Read Replicas,en-us_image_0000002492863369.png,icon,partial,0.77,"Plus sign icon is referenced in step 4 for locating the target read replica | The icon is a small UI symbol (plus in a rounded square), consistent with a view-switch or add button | It is part of the procedure but not directly about the reboot action itself",No surrounding UI context to confirm the exact function of the plus button in the RDS console
umn/source/working_with_rds_for_mysql/instance_lifecycle/rebooting_db_instances_or_read_replicas.rst,Rebooting DB Instances or Read Replicas,en-us_image_0000002500427729.png,icon,pass,1.00,Three-dot ellipsis icon is the standard 'more options' menu button used to access the Reboot action | Directly referenced in step 4: 'Click |image3| and choose Reboot in the upper right corner' | The icon is a small symbolic graphic (ellipsis) representing a menu trigger | No contradiction between the image and the RST description,No surrounding UI context visible to confirm placement in the upper right corner of the Summary page
umn/source/working_with_rds_for_mysql/instance_lifecycle/recycling_a_db_instance.rst,Recycling a DB Instance,en-us_image_0000001191211679.png,icon,pass,0.90,"The image is a small gray location-pin / map-marker pictogram, an isolated UI symbol, so it is classified as an icon. | In the RST, |image1| and |image2| both reference this same file and are described as the control clicked 'in the upper left corner' to 'select a region and a project', which matches a region-selector location icon. | The icon appears in step 2 of both the 'Modifying Recycling Policy' and 'Rebuilding a DB Instance' procedures, so it is relevant to those sections. | The visual content (a teardrop location marker with a center dot) is clearly visible and consistent with a region/project selector symbol. | No element of the image contradicts the surrounding RST text.","The icon is a generic region-selector symbol and does not itself depict RDS or recycling-specific content, so its topical link is only indirect. | No surrounding UI context (menu, label, or button) is visible to confirm the exact control name beyond the RST description."
umn/source/working_with_rds_for_mysql/instance_lifecycle/selecting_displayed_items.rst,Selecting Displayed Items,en-us_image_0000001191211679.png,icon,pass,1.00,"The image shows a location pin/marker icon, which is a standard UI symbol for region or project selection. | The RST references this icon in step 2: 'Click |image1| in the upper left corner and select a region and a project.' | A location pin is a conventional and semantically appropriate icon for region/project selection in cloud management consoles. | The icon is small, isolated, and symbolic, fitting the 'icon' classification.","The icon is shown in isolation without surrounding UI context, so the exact placement in the upper-left corner cannot be visually confirmed."
umn/source/working_with_rds_for_mysql/instance_lifecycle/selecting_displayed_items.rst,Selecting Displayed Items,en-us_image_0000001145051752.png,icon,pass,1.00,"The image shows a gear/cog (settings) icon, which is a standard symbol for configuration or customization actions. | The RST references this icon in step 4: 'click |image2| to edit columns displayed in the DB instance list.' | A gear icon is a conventional and semantically appropriate symbol for editing or customizing display settings. | The icon is small, isolated, and symbolic, fitting the 'icon' classification.","The icon is shown in isolation without surrounding UI context, so the exact placement on the Instances page cannot be visually confirmed."
umn/source/working_with_rds_for_mysql/instance_lifecycle/starting_a_db_instance.rst,Starting a DB Instance,en-us_image_0000001191211679.png,icon,pass,0.90,"The image is a small gray location-pin / map-marker glyph, i.e., an isolated UI symbol, so it is classified as an icon. | In the RST, |image1| is referenced in Procedure step 2: 'Click |image1| in the upper left corner and select a region and a project.' A location-pin icon is the standard region/project selector symbol, matching this description. | The icon is placed within the Procedure section and directly supports the step of selecting a region and project before navigating to RDS. | No visible interactive button frame or control is rendered in the image; it is just the icon glyph, so contains_interactive_buttons is false. | No contradiction between the image and the surrounding text.","The image contains no text label, so the 'region and project' meaning is inferred from the RST context rather than visible in the image itself. | No surrounding UI (toolbar, button border) is shown to confirm it is rendered as a clickable control in the console."
umn/source/working_with_rds_for_mysql/instance_lifecycle/stopping_a_db_instance.rst,Stopping a DB Instance,en-us_image_0000001191211679.png,icon,partial,0.77,"The image is a small gray location-pin / map-marker pictogram, i.e., an isolated UI symbol, so it is classified as an icon. | In the RST, |image1| is used in Procedure step 2: 'Click |image1| in the upper left corner and select a region and a project.' A location pin is a reasonable symbol for a region/project selector. | The icon is semantically consistent with selecting a region, matching the surrounding procedure text. | No interactive button or control is visible; it is a static symbol.","The image does not show the surrounding console UI, so the exact placement ('upper left corner') cannot be verified from the image alone. | No label or tooltip is visible to confirm it specifically denotes region/project selection."
umn/source/working_with_rds_for_mysql/instance_modifications/changing_a_db_instance_class.rst,Changing a DB Instance Class,en-us_image_0000001191211679.png,icon,partial,0.77,"The image is a small gray location-pin / map-marker pictogram, consistent with an isolated UI symbol (icon). | In the RST, |image1| is referenced in Procedure step 2: 'Click |image1| in the upper left corner and select a region and a project,' which matches a region/project selector icon. | The icon is relevant to the procedure for changing a DB instance class, though it is not directly about the instance-class change itself. | No interactive controls or buttons are visible; it is a static symbolic graphic. | No contradiction between the image and the surrounding RST text.","The image does not show the surrounding console UI, so the exact placement ('upper left corner') cannot be visually confirmed. | No label or tooltip is visible to confirm it is specifically the region/project selector."
umn/source/working_with_rds_for_mysql/instance_modifications/changing_a_db_instance_name.rst,Changing a DB Instance Name,en-us_image_0000001191211679.png,icon,partial,0.77,"The image shows a location pin/marker icon, consistent with the RST instruction to 'Click |image1| in the upper left corner and select a region and a project.' | The icon is a standard region/location selector symbol used in cloud management consoles. | It is part of the navigation procedure but not directly related to the DB instance name change itself.",The icon is small and low-resolution; exact UI context (upper-left corner placement) cannot be confirmed from the icon alone.
umn/source/working_with_rds_for_mysql/instance_modifications/changing_a_db_instance_name.rst,Changing a DB Instance Name,en-us_image_0000001191211385.png,icon,pass,1.00,"The image shows a pencil/edit icon, which directly matches the RST instruction to 'click |image2| next to it to edit the DB instance name.' | The pencil icon is the universal symbol for editing, perfectly aligned with the task of modifying a DB instance name. | This icon is used in both the Instances page and the Summary page for editing the name, as described in the RST.","The icon is small and slightly pixelated, but the pencil shape is clearly identifiable."
umn/source/working_with_rds_for_mysql/instance_modifications/changing_a_db_instance_name.rst,Changing a DB Instance Name,en-us_image_0000001145051850.png,icon,pass,1.00,"The image shows a green checkmark, which matches the RST instruction 'To submit the change, click |image4|.' | A checkmark is the standard confirm/submit symbol in UI design. | The icon is directly relevant to the procedure of submitting a DB instance name change.","The icon is small and slightly pixelated, but the checkmark shape is clearly identifiable."
umn/source/working_with_rds_for_mysql/instance_modifications/changing_a_db_instance_name.rst,Changing a DB Instance Name,en-us_image_0000001145211644.png,icon,pass,1.00,"The image shows an X mark, which matches the RST instruction 'To cancel the change, click |image5|.' | An X is the standard cancel/close symbol in UI design. | The icon is directly relevant to the procedure of canceling a DB instance name change.","The icon is small and slightly pixelated, but the X shape is clearly identifiable."
umn/source/working_with_rds_for_mysql/instance_modifications/changing_a_db_instance_type_from_single_to_primary_standby.rst,Changing a DB Instance Type from Single to Primary/Standby,en-us_image_0000001191211679.png,icon,partial,0.77,"The image is a location pin/marker icon, consistent with the RST instruction to 'select a region and a project' in step 2 of the procedure. | It is a generic console navigation icon used across many RDS procedures, not specific to the 'changing instance type' topic. | The icon is clearly identifiable as a location/region selector symbol. | No contradictions between the image and the RST text.","The icon is small and low-resolution; surrounding UI context (e.g., the upper-left corner placement) is not visible. | No text label is visible on the icon to confirm it is specifically a region selector."
umn/source/working_with_rds_for_mysql/instance_modifications/changing_a_db_instance_type_from_single_to_primary_standby.rst,Changing a DB Instance Type from Single to Primary/Standby,en-us_image_0000001191211551.png,icon,pass,0.83,"The image is a circular refresh/reload arrow icon, which directly matches the RST instruction 'click |image2| to refresh the list' in step 6. | It is a generic UI refresh icon used in the RDS console, relevant to the procedure but not specific to the 'changing instance type' topic. | The icon is clearly identifiable as a refresh/reload button. | No contradictions between the image and the RST text.","The icon is small and low-resolution; surrounding UI context (e.g., the upper-right corner of the instance list) is not visible. | No text label is visible on the icon to confirm its function beyond the circular arrow shape."
umn/source/working_with_rds_for_mysql/instance_modifications/changing_a_storage_type.rst,Changing a Storage Type,en-us_image_0000001191211679.png,icon,pass,0.83,"The image is a small location-pin / map-marker pictogram, matching the |image1| reference in step 2 ('Click |image1| in the upper left corner and select a region and a project'). | A location icon is semantically appropriate for selecting a region/project in the console navigation. | It appears in the Procedure section where the region selector is invoked, so it is relevant to that step. | The visual content (a single gray location pin) is clearly visible and unambiguous. | No contradiction between the icon and the surrounding RST text.","The icon is generic and does not show the actual console UI context (e.g., the upper-left corner placement or the region/project dropdown). | No label or text accompanies the icon to confirm it is the region selector rather than another location-related control."
umn/source/working_with_rds_for_mysql/instance_modifications/changing_the_failover_priority.rst,Changing the Failover Priority,en-us_image_0000001191211679.png,icon,pass,0.90,"The image is a small gray location-pin / map-marker pictogram, an isolated UI symbol, so it is classified as an icon. | In the RST, |image1| is referenced in Procedure step 2: 'Click |image1| in the upper left corner and select a region and a project.' A location-pin icon is the standard region/project selector symbol, matching this usage. | The icon appears in the Procedure section and directly supports the step that selects a region and project before navigating to RDS. | No visible interactive button frame or control styling is present; it is a standalone pictogram, so contains_interactive_buttons is set to false. | No contradiction between the image and the surrounding text.","The image is a generic location-pin icon without surrounding console UI, so the exact placement ('upper left corner') cannot be visually confirmed. | No label or text accompanies the icon, so its function as a region selector is inferred from the RST context rather than visible in the image."
umn/source/working_with_rds_for_mysql/instance_modifications/changing_the_maintenance_window.rst,Changing the Maintenance Window,en-us_image_0000001191211679.png,icon,partial,0.77,"The image is a small gray location-pin / map-marker pictogram, an isolated UI symbol, so it is classified as an icon. | In the RST, |image1| is used in Procedure step 2: 'Click |image1| in the upper left corner and select a region and a project.' A location pin is a semantically appropriate symbol for a region selector. | The icon supports the navigation procedure that precedes the maintenance-window configuration steps, so it is relevant to the section. | The visual content (a teardrop pin with a central dot) is clearly legible and matches a standard region/location icon.","The image is a generic location pin and does not show the actual console UI, region list, or project selector, so the exact control it represents is inferred from the RST text rather than visible in the image. | No label or text accompanies the icon to confirm it is the region/project selector."
umn/source/working_with_rds_for_mysql/instance_modifications/introduction_to_instance_overview.rst,Introduction to Instance Overview,en-us_image_0000001191211679.png,icon,pass,0.90,"The image is a small gray location-pin / map-marker pictogram, an isolated UI symbol, so it is classified as an icon. | In the RST, |image1| is referenced in step 2 of the Instance Information procedure: 'Click |image1| in the upper left corner and select a region and a project,' which matches a region/project selector icon. | The icon is directly relevant to the navigation steps described in the document. | No visible interactive button styling or magenta elements are present in the isolated image.",No surrounding console UI is visible to confirm the exact placement in the upper-left corner. | No text label accompanies the icon in the image itself.
umn/source/working_with_rds_for_mysql/instance_modifications/manually_switching_between_primary_and_standby_db_instances.rst,Manually Switching Between Primary and Standby DB Instances,en-us_image_0000001191211679.png,icon,partial,0.77,"The image is a location/region pin icon, consistent with the RST instruction to 'Click |image1| in the upper left corner and select a region and a project.' | It is a small symbolic graphic (icon) used as a UI reference in the procedure steps. | The icon is generic (region selector) and not specific to RDS switching, but it is part of the documented procedure.",The icon does not show any RDS-specific branding or context; it is a generic location pin. | No surrounding UI context is visible to confirm it is in the upper left corner of a management console.
umn/source/working_with_rds_for_mysql/instance_modifications/manually_switching_between_primary_and_standby_db_instances.rst,Manually Switching Between Primary and Standby DB Instances,en-us_image_0000001191131421.png,icon,pass,0.83,"The image is a refresh/reload icon (circular arrow), consistent with the RST instruction to 'click |image2| to refresh the list.' | It is a small symbolic graphic (icon) used as a UI reference in the procedure steps. | The icon clearly represents a refresh action, matching the described purpose of updating the DB instance list after switchover.",The icon does not show any RDS-specific branding or context; it is a generic refresh symbol. | No surrounding UI context is visible to confirm it is in the upper right corner of the DB instance list.
umn/source/working_with_rds_for_mysql/instance_modifications/migrating_a_standby_db_instance.rst,Migrating a Standby DB Instance,en-us_image_0000001191211679.png,icon,pass,1.00,"The image is a location pin/marker icon, consistent with the RST instruction to 'Click |image1| in the upper left corner and select a region and a project.' | A location pin is a standard UI symbol for region/area selection in cloud management consoles. | The icon is small and isolated, matching the 'icon' classification. | No contradictions between the image content and the RST context.","The icon is very small and low-resolution, making fine details hard to discern, but the overall shape is clearly a location pin."
umn/source/working_with_rds_for_mysql/instance_modifications/migrating_a_standby_db_instance.rst,Migrating a Standby DB Instance,en-us_image_0000001191211495.png,icon,pass,1.00,"The image is a circular refresh/reload arrow icon, consistent with the RST instruction to 'click |image2| to refresh the list.' | A circular arrow is a standard UI symbol for refresh/reload actions. | The icon is small and isolated, matching the 'icon' classification. | No contradictions between the image content and the RST context.","The icon is very small and low-resolution, but the circular arrow shape is clearly identifiable as a refresh symbol."
umn/source/working_with_rds_for_mysql/instance_modifications/scaling_up_storage_space.rst,Scaling Up Storage Space,en-us_image_0000001191211679.png,icon,partial,0.77,"The image is a small location pin/marker icon, consistent with a region selector in the upper-left corner of a management console. | The RST instructs 'Click |image1| in the upper left corner and select a region and a project,' which matches the semantic meaning of a location/region icon. | The icon is used as a navigation aid in the step-by-step procedure for scaling up storage, not as a direct illustration of the storage scaling feature itself. | The image is referenced twice (as |image1| and |image2|) in both the Primary DB Instance and Read Replica sections for the same navigation step.",The image does not show the full console UI context; it is an isolated icon without surrounding interface elements. | No label or text is visible in the icon to confirm it specifically represents 'region' selection.
umn/source/working_with_rds_for_mysql/instance_modifications/scaling_up_storage_space.rst,Scaling Up Storage Space,en-us_image_0000002459797326.png,icon,partial,0.77,"The image is a small square icon containing a plus sign, consistent with an expand/reveal action in a table or list. | The RST instructs 'click |image3| in front of it. Locate a read replica to be scaled,' which matches the semantic meaning of an expand icon to reveal child instances (read replicas). | The icon is used in the 'Scaling up a Read Replica' section to help users navigate to the specific read replica they want to scale. | The plus-in-square design is a common UI convention for expanding a row to show sub-items.",The image does not show the full table or list context where the icon would appear. | No label or text is visible to confirm it specifically represents 'expand read replicas' rather than a generic add/expand action.
umn/source/working_with_rds_for_mysql/instance_modifications/storage_autoscaling.rst,Storage Autoscaling,en-us_image_0000001191211679.png,icon,partial,0.77,"The image is a location pin icon, consistent with the RST instruction to 'Click |image1| in the upper left corner and select a region and a project.' | It is a small symbolic UI icon (location/marker pin), not a full screenshot. | The icon is part of the navigation procedure (step 2) for accessing the RDS console, which is a prerequisite for the storage autoscaling task. | The visual content (a map/location pin) semantically aligns with region selection in a cloud console.",The image does not show the surrounding UI context (upper-left corner placement) to fully confirm its exact position in the console. | No label or text accompanies the icon in the image itself.
umn/source/working_with_rds_for_mysql/instance_modifications/storage_autoscaling.rst,Storage Autoscaling,en-us_image_0000002492673373.png,icon,partial,0.77,"The image is a plus-sign icon inside a bordered square, consistent with the RST instruction to 'click |image2| in front of a DB instance to locate the read replica.' | It is a small symbolic UI icon (add/expand button), not a full screenshot. | The icon is part of the navigation procedure (step 4) for locating a read replica, which is relevant to the storage autoscaling workflow. | A plus icon is a common UI convention for expanding or revealing associated items (e.g., read replicas under a primary instance).",The image does not show the surrounding table/list context to confirm it appears 'in front of a DB instance.' | No label or text accompanies the icon in the image itself.
umn/source/working_with_rds_for_mysql/instance_modifications/upgrading_a_minor_version.rst,Upgrading a Minor Version,en-us_image_0000001191211679.png,icon,partial,0.77,"The image is a small gray location/map-pin pictogram, an isolated UI symbol, so it is classified as an icon. | In the RST Procedure, step 2 says to click |image1| in the upper left corner to select a region and a project; a location-pin icon semantically matches a region selector. | The icon is generic and not specific to the minor-version-upgrade topic, so topic and detail match are moderate. | The icon appears in the Procedure section where it is actually referenced, so it is section-relevant. | The visual content (a location pin) is clearly visible and unambiguous.","No surrounding console UI, menu, or label is visible to confirm the exact control the icon represents. | No text or tooltip accompanies the icon in the image itself."
umn/source/working_with_rds_for_mysql/interconnection_with_cts/viewing_tracing_events.rst,Viewing Tracing Events,en-us_image_0000001145051826.png,icon,partial,0.78,"The image is a small downward-pointing chevron/arrow, an isolated UI symbol (icon), not a full screenshot. | In the RST, |image1| is referenced in Procedure step 6 as the control clicked 'on the left of the required trace to expand its details', which matches the expand-arrow semantics of the icon. | The icon is placed within the Procedure section describing how to view tracing events on the CTS console, so it is topically relevant. | No contradiction between the image and the surrounding text.","No surrounding UI context (e.g., trace list table or row) is visible in the image. | No text or label accompanies the icon, so its exact placement cannot be confirmed visually."
umn/source/working_with_rds_for_mysql/log_management/downloading_sql_audit_logs.rst,Downloading SQL Audit Logs,en-us_image_0000001145051772.png,screenshot,pass,1.00,"Image shows a table of SQL audit log records with fields matching the document's Table 1 (connection_id, connection_status, name, timestamp) | Visible rows show Connect and Quit operations with UTC timestamps in 2020-03-20 format, consistent with the document's description of MySQL audit logs | Directly referenced in step 7 as 'Figure 1 MySQL audit logs' in the RST document | Field values (1159, 0 for status; Connect, Quit for name) align with the table descriptions in the document","Some columns appear truncated or partially obscured in the image | The full set of fields from Table 1 (sqltext, user, host, ip, default_db) are not clearly visible in this cropped view"
umn/source/working_with_rds_for_mysql/log_management/downloading_sql_audit_logs.rst,Downloading SQL Audit Logs,en-us_image_0000001191211679.png,icon,partial,0.77,"Image is a small location pin/marker icon used for region and project selection in the management console | Referenced in step 2 of the RST as the icon to click in the upper left corner to select a region and project | The icon is a standard UI navigation element, not directly related to SQL audit log content | Serves as a procedural navigation aid within the broader download procedure","The icon is very small and low-resolution, making it difficult to confirm exact visual details | No surrounding UI context is visible to confirm its placement in the upper left corner of the console"
umn/source/working_with_rds_for_mysql/log_management/enabling_the_sql_audit_function.rst,Enabling the SQL Audit Function,en-us_image_0000001191211679.png,icon,pass,1.00,"Image is a location pin icon used in step 2 to indicate clicking the region/project selector | The RST states 'Click |image1| in the upper left corner and select a region and a project' which matches a location pin icon | The icon is small and symbolic, consistent with a UI navigation element",
umn/source/working_with_rds_for_mysql/log_management/enabling_the_sql_audit_function.rst,Enabling the SQL Audit Function,en-us_image_0000001191131431.png,icon,pass,1.00,"Image shows a toggle switch in the OFF/disabled state (gray, knob on left) | RST references it as '|image2| (disabled)' in the context of enabling SQL audit | The visual clearly depicts a disabled toggle, matching the textual description",
umn/source/working_with_rds_for_mysql/log_management/enabling_the_sql_audit_function.rst,Enabling the SQL Audit Function,en-us_image_0000001191211583.png,icon,pass,1.00,"Image shows a toggle switch in the ON/enabled state (blue, knob on right) | RST references it as '|image3| (enabled)' in the context of enabling SQL audit | The visual clearly depicts an enabled toggle, matching the textual description",
umn/source/working_with_rds_for_mysql/log_management/enabling_the_sql_audit_function.rst,Enabling the SQL Audit Function,en-us_image_0000001191211593.png,icon,pass,1.00,"Image shows a toggle switch in the ON/enabled state (blue, knob on right) | RST references it as '|image4| (enabled)' in the context of disabling SQL audit | The visual clearly depicts an enabled toggle, matching the textual description of the starting state before toggling off",
umn/source/working_with_rds_for_mysql/log_management/enabling_the_sql_audit_function.rst,Enabling the SQL Audit Function,en-us_image_0000001191211585.png,icon,pass,1.00,"Image shows a toggle switch in the OFF/disabled state (gray, knob on left) | RST references it as '|image5| (disabled)' in the context of disabling SQL audit | The visual clearly depicts a disabled toggle, matching the textual description of the target state after toggling off",
umn/source/working_with_rds_for_mysql/log_management/viewing_error_logs.rst,Viewing Error Logs,en-us_image_0000001191211679.png,icon,partial,0.72,"The image is a location pin/marker icon, consistent with the RST instruction to 'select a region and a project'. | It is used as an inline reference (|image1|) in the navigation steps for accessing the RDS console. | The icon is a small, isolated symbolic graphic, not a screenshot of the full UI. | The icon semantically matches the concept of region/location selection described in the text.",The icon does not show the actual UI context (upper left corner of the console) where it would appear. | No label or text is visible on the icon to confirm it is specifically the region selector.
umn/source/working_with_rds_for_mysql/log_management/viewing_error_logs.rst,Viewing Error Logs,en-us_image_0000001145211382.png,icon,pass,0.85,"The image is a calendar icon, consistent with the RST instruction to 'view error logs generated in different time segments'. | It is used as an inline reference (|image2|) on the Error Logs page for time-based filtering. | The icon is a small, isolated symbolic graphic representing a date/time picker. | The calendar icon semantically matches the concept of selecting time segments for log viewing.",The icon does not show the actual UI context (upper right corner of the Error Logs page) where it would appear. | No label or text is visible on the icon to confirm it is specifically the time-range selector.
umn/source/working_with_rds_for_mysql/log_management/viewing_failover_switchover_logs.rst,Viewing Failover/Switchover Logs,en-us_image_0000001191211679.png,icon,partial,0.77,"The image is a small location-pin / map-marker pictogram, consistent with an icon. | In the RST, |image1| is referenced in step 2 for selecting a region and a project, which matches a location/region selector icon. | The icon is placed within the Procedure section and supports the navigation steps for reaching the RDS console. | No contradiction between the icon and the surrounding text.",The image is a generic location pin; it does not show the actual console UI or label confirming it is the region selector. | No surrounding interface context is visible to confirm exact placement in the upper-left corner.
umn/source/working_with_rds_for_mysql/log_management/viewing_slow_query_logs.rst,Viewing Slow Query Logs,en-us_image_0000001191211679.png,icon,pass,0.90,"The image is a small gray location-pin / map-marker pictogram, an isolated UI symbol, so it is classified as an icon. | In the RST, |image1| is referenced in step 2: 'Click |image1| in the upper left corner and select a region and a project.' A location pin is the standard region/project selector icon, matching the described action. | The icon appears within the 'Viewing Log Details' procedure, so it is relevant to that section. | The visual content (a teardrop pin with a center dot) is clearly legible and consistent with a region selector. | No contradiction between the icon and the surrounding text.","The image is a standalone icon without surrounding UI context, so the exact console layout it belongs to is not visible. | No label or text accompanies the icon in the image itself; the 'region and project' meaning is inferred from the RST step."
umn/source/working_with_rds_for_mysql/managing_tags.rst,Managing Tags,en-us_image_0000001191211679.png,icon,pass,0.90,"The image is a small gray location-pin / map-marker icon, an isolated UI symbol, so it is classified as an icon. | In the RST the same image is referenced as |image1|, |image2|, and |image3| in the step 'Click |imageX| in the upper left corner and select a region and a project', which matches a region/project selector icon. | The icon is a navigation aid used in the Adding, Editing, and Deleting a Tag procedures, so it is relevant to those sections even though it is not directly about tags. | The visual content (a teardrop location pin with a central dot) is clear and consistent with a region selector control. | No contradiction between the icon and the surrounding text is observed.","The image does not show the surrounding console UI, so the exact placement ('upper left corner') cannot be visually confirmed from the icon alone."
umn/source/working_with_rds_for_mysql/metrics_and_alarms/viewing_monitoring_metrics.rst,Viewing Monitoring Metrics,en-us_image_0000001191211679.png,icon,partial,0.77,"The image is a small location-pin / map-marker pictogram, consistent with an icon rather than a screenshot. | In the RST it is referenced as |image1| in step 2: 'Click |image1| in the upper left corner and select a region and a project,' which matches a region/location selector icon. | The icon is part of the Procedure section and supports the navigation steps, though it is not directly about monitoring metrics. | No contradiction between the icon and the surrounding text.",The image is a generic location pin; it does not show the actual console UI or the region/project selection menu it represents. | No label or text is visible in the icon to confirm it is the exact control referenced in the procedure.
umn/source/working_with_rds_for_mysql/parameter_template_management/applying_a_parameter_template.rst,Applying a Parameter Template,en-us_image_0000001191211679.png,icon,partial,0.77,"The image is a small location-pin icon, matching the RST reference in step 2 where the user clicks the icon to select a region and project. | A location/region selector icon is semantically appropriate for choosing a region in the management console. | The icon is clearly visible and unambiguous as a map-marker symbol. | No contradiction between the icon and the surrounding procedure text.","The icon is generic; it does not show the actual console UI context (e.g., the upper-left corner placement or region dropdown) described in the text. | No label or text accompanies the icon to confirm it specifically denotes region selection."
umn/source/working_with_rds_for_mysql/parameter_template_management/comparing_parameter_templates.rst,Comparing Parameter Templates,en-us_image_0000001191211679.png,icon,partial,0.77,"The image is a small gray location-pin / map-marker pictogram, an isolated UI symbol, so it is classified as an icon. | In the RST, |image1| and |image2| both reference this image and are used in step 2: 'Click |imageN| in the upper left corner and select a region and a project,' which matches a region/project selector icon. | The icon is semantically consistent with selecting a region and project in the management console navigation steps. | No interactive controls or buttons are visible; it is a static symbolic graphic.","The image does not show the surrounding console UI, so the exact placement in the upper-left corner cannot be visually confirmed. | No label or text accompanies the icon to explicitly identify it as the region/project selector."
umn/source/working_with_rds_for_mysql/parameter_template_management/creating_a_parameter_template.rst,Creating a Parameter Template,en-us_image_0000001191211679.png,icon,partial,0.77,"The image is a small location-pin / map-marker icon, matching the |image1| reference in step 2 ('Click |image1| in the upper left corner and select a region and a project'). | It is a symbolic UI icon rather than a full screenshot, so it is classified as an icon. | The icon semantically supports the region/project selection step in the Procedure section. | No contradiction between the icon and the surrounding RST text.","The image alone does not show the surrounding console UI, so the exact placement in the upper-left corner cannot be visually confirmed. | No label or text accompanies the icon to confirm it is the region selector."
umn/source/working_with_rds_for_mysql/parameter_template_management/deleting_a_parameter_template.rst,Deleting a Parameter Template,en-us_image_0000001191211679.png,icon,pass,0.90,"The image is a small gray location-pin / map-marker icon, an isolated UI symbol, so it is classified as an icon. | In the RST, |image1| is referenced in step 2: 'Click |image1| in the upper left corner and select a region and a project.' A location-pin icon is the standard symbol for a region/project selector, matching the described action. | The icon appears in the Procedure section and corresponds directly to the region-selection step, so it is section-relevant. | The visual content (a teardrop pin with a central dot) is clearly visible and unambiguous. | No element of the image contradicts the surrounding text.","The image is a generic region-selector icon and does not itself depict the Parameter Templates page or the delete action described later in the procedure. | No surrounding UI context (menu, labels) is shown to confirm the exact console placement."
umn/source/working_with_rds_for_mysql/parameter_template_management/exporting_a_parameter_template.rst,Exporting a Parameter Template,en-us_image_0000001191211679.png,icon,partial,0.77,"The image is a small gray location-pin / map-marker pictogram, consistent with an isolated UI symbol (icon). | In the RST it is referenced as |image1| in step 2: 'Click |image1| in the upper left corner and select a region and a project', so a region/location icon is semantically appropriate. | The icon is a generic navigation control, not specific to the 'Exporting a Parameter Template' topic, so topic match is partial. | No interactive button states, labels, or magenta controls are visible; it is a static symbol.","No surrounding UI context (e.g., the upper-left corner of the console) is shown, so the icon's exact placement cannot be verified. | No text label accompanies the icon to confirm it represents region/project selection."
umn/source/working_with_rds_for_mysql/parameter_template_management/importing_a_parameter_template.rst,Importing a Parameter Template,en-us_image_0000001191211679.png,icon,partial,0.77,"The image is a small gray location-pin / map-marker pictogram, an isolated UI symbol, so it is classified as an icon. | In the RST, |image1| is referenced in Procedure step 2: 'Click |image1| in the upper left corner and select a region and a project.' | A location-pin icon is semantically appropriate for a region/project selector control in the upper-left corner of a console. | The icon is a generic symbol and does not itself depict parameter templates, so its direct topical tie to 'Importing a Parameter Template' is indirect. | No interactive button, label, or magenta control is visible in the image.","The image shows only the icon in isolation, without the surrounding console UI, so the exact placement in the upper-left corner cannot be visually confirmed. | No text or label accompanies the icon to explicitly identify it as the region/project selector."
umn/source/working_with_rds_for_mysql/parameter_template_management/modifying_a_parameter_template_description.rst,Modifying a Parameter Template Description,en-us_image_0000001191211679.png,icon,pass,1.00,"The image is a location pin icon, consistent with the RST instruction to 'Click |image1| in the upper left corner and select a region and a project.' | A location/region pin is the standard icon for region selection in cloud management consoles. | The icon matches the procedural context of navigating the RDS management console.",No surrounding UI context is visible; only the isolated icon is shown.
umn/source/working_with_rds_for_mysql/parameter_template_management/modifying_a_parameter_template_description.rst,Modifying a Parameter Template Description,en-us_image_0000001191211385.png,icon,pass,1.00,"The image is a pencil/edit icon, consistent with the RST instruction to 'click |image2| in the Description column' to modify the description. | A pencil icon is the standard symbol for an edit action in table columns. | The icon directly supports the procedure step of editing a parameter template description.",No surrounding table or column context is visible; only the isolated icon is shown.
umn/source/working_with_rds_for_mysql/parameter_template_management/modifying_a_parameter_template_description.rst,Modifying a Parameter Template Description,en-us_image_0000001145211348.png,icon,pass,1.00,"The image is a green checkmark icon, consistent with the RST instruction 'You can click |image3| to submit.' | A checkmark is the standard icon for confirming or submitting an action. | The icon directly supports the procedure step of submitting the new description.",No surrounding dialog or form context is visible; only the isolated icon is shown.
umn/source/working_with_rds_for_mysql/parameter_template_management/modifying_a_parameter_template_description.rst,Modifying a Parameter Template Description,en-us_image_0000001191211383.png,icon,pass,1.00,"The image is a red/pink X icon, consistent with the RST instruction 'or |image4| to cancel the modification.' | An X mark is the standard icon for canceling or dismissing an action. | The icon directly supports the procedure step of canceling the description modification.",No surrounding dialog or form context is visible; only the isolated icon is shown.
umn/source/working_with_rds_for_mysql/parameter_template_management/modifying_parameters.rst,Modifying Parameters,en-us_image_0000001191211679.png,icon,pass,1.00,"The image is a small location-pin / map-marker pictogram, matching the RST instruction 'Click |image1| in the upper left corner and select a region and a project.' | A location pin is the conventional symbol for region/area selection, so it semantically matches the region-selection step. | The icon is used identically in all three procedure sections (custom template, instance parameters, multiple instances), each describing the same region/project selection action. | No visible interactive controls, labels, or UI chrome; it is an isolated symbolic graphic, consistent with an icon.","The image shows only the pin symbol without surrounding UI context, so the exact menu it opens is not visible. | No text or label accompanies the icon in the image itself."
umn/source/working_with_rds_for_mysql/parameter_template_management/replicating_a_parameter_template.rst,Replicating a Parameter Template,en-us_image_0000001191211679.png,icon,pass,0.90,"The image is a small gray location-pin / map-marker icon, an isolated UI symbol, so it is classified as an icon. | In the RST, |image1| is referenced in step 2 as the control to click in the upper left corner to select a region and a project, which matches a region-selector location pin icon. | The icon is part of the Procedure section and is directly relevant to that step. | The visual content (a teardrop location marker with a center dot) is clear and unambiguous. | No contradiction between the image and the surrounding text.","The image does not show the surrounding console UI, so the 'upper left corner' placement cannot be visually confirmed from the icon alone."
umn/source/working_with_rds_for_mysql/parameter_template_management/resetting_a_parameter_template.rst,Resetting a Parameter Template,en-us_image_0000001191211679.png,icon,partial,0.77,"The image is a small location-pin / map-marker symbol, matching the |image1| reference in step 2 for selecting a region and project. | It is an isolated UI symbol (icon), not a full screenshot or page interface. | The icon is semantically appropriate for a region/project selector in the management console navigation step. | No contradiction between the icon and the surrounding RST text.","The icon is generic and does not show the surrounding console UI, so its exact placement in the upper-left corner cannot be verified from the image alone. | No label or text accompanies the icon to confirm it specifically denotes region/project selection."
umn/source/working_with_rds_for_mysql/parameter_template_management/viewing_application_records_of_a_parameter_template.rst,Viewing Application Records of a Parameter Template,en-us_image_0000001191211679.png,icon,partial,0.77,"The image is a small location-pin icon, matching the RST step 2 instruction to click the icon in the upper left corner to select a region and project. | A map-marker/region icon is semantically appropriate for selecting a region in a cloud console. | The icon is used in the Procedure section and supports the navigation steps, though it is not central to the main topic of viewing application records. | No contradiction between the icon and the surrounding text.",The image is a generic location pin; it does not show the actual console UI or region/project selection dropdown. | No label or text in the image confirms it is the specific region selector referenced.
umn/source/working_with_rds_for_mysql/parameter_template_management/viewing_parameter_change_history.rst,Viewing Parameter Change History,en-us_image_0000001191211679.png,icon,pass,1.00,"The image is a small location-pin / map-marker icon, consistent with a region/project selector symbol. | The RST uses this image in the step 'Click |imageX| in the upper left corner and select a region and a project', which matches a location/region selector icon. | The icon is referenced identically in all three navigation procedures (DB instance, parameter template, parameter changes), so it is relevant to each section. | No visible interactive button or control is present; it is an isolated symbolic graphic.","The image does not show surrounding console UI, so the exact placement in the upper-left corner cannot be visually confirmed. | No label or text accompanies the icon to explicitly identify it as the region/project selector."
umn/source/working_with_rds_for_mysql/permissions_management/creating_a_user_and_granting_permissions.rst,Creating a User and Granting Permissions,en-us_image_0192954081.png,other,fail,0.00,Local color check detected #3298ff.,
umn/source/working_with_rds_for_mysql/problem_diagnosis_and_sql_analysis/performance_monitoring/viewing_performance_metrics_of_a_db_instance.rst,Viewing Performance Metrics of a DB Instance,en-us_image_0000001191211679.png,icon,pass,0.90,"The image is a small gray location-pin / map-marker pictogram, consistent with a region/project selector icon. | In the RST, |image1| is used in step 2: 'Click |image1| in the upper left corner and select a region and a project,' which matches a location/region selector icon. | The icon is an isolated symbolic graphic with no visible UI chrome, so it is classified as an icon rather than a screenshot. | No interactive button states or controls are visible in the isolated image, so contains_interactive_buttons is false. | The icon supports the procedure section but is not directly about performance metrics, hence a moderate topic_match.","The image does not show the surrounding console UI, so the 'upper left corner' placement cannot be visually confirmed. | No label or tooltip is visible to confirm it is specifically the region/project selector."
umn/source/working_with_rds_for_mysql/problem_diagnosis_and_sql_analysis/problem_diagnosis/daily_reports.rst,Daily Reports,en-us_image_0000001191211679.png,icon,pass,0.90,"The image is a small gray location/map-pin pictogram, an isolated UI symbol, so it is classified as an icon. | In the RST, |image1| is used in step 2: 'Click |image1| in the upper left corner and select a region and a project,' which matches a region/location selector icon. | The icon appears in the 'Starting a Diagnosis' navigation steps, consistent with its role in selecting a region before opening the RDS console. | No interactive controls or buttons are visible; it is a static symbolic graphic.",The image is a generic location pin and does not itself show the 'region and project' selection UI it represents. | No surrounding console context is visible to confirm the upper-left placement described in the text.
umn/source/working_with_rds_for_mysql/problem_diagnosis_and_sql_analysis/problem_diagnosis/managing_historical_transactions.rst,Managing Historical Transactions,en-us_image_0000001191211679.png,icon,pass,0.90,"The image is a small gray location-pin / map-marker pictogram, i.e., an isolated UI symbol, so it is classified as an icon. | In the RST, |image1| is used in Procedure step 2: 'Click |image1| in the upper left corner and select a region and a project,' which matches the region/project selector icon shown. | The icon is placed in the Procedure section and is directly referenced by the step text, so it is section-relevant. | The visual content (a teardrop location marker with a center dot) is clearly visible and unambiguous. | No contradiction between the image and the surrounding RST text.","The image alone does not show the surrounding console UI, so the 'upper left corner' placement cannot be verified from the image itself. | No label or text accompanies the icon, so its exact function (region/project selector) is inferred from the RST context rather than the image."
umn/source/working_with_rds_for_mysql/problem_diagnosis_and_sql_analysis/problem_diagnosis/managing_locks_and_transactions.rst,Managing Locks & Transactions,en-us_image_0000001191211679.png,icon,pass,0.90,"The image is a small location-pin / map-marker icon, matching the |image1| reference in step 2 of the Procedure. | The RST instructs to 'Click |image1| in the upper left corner and select a region and a project', which is exactly the function of a region/location selector icon. | The icon is placed in the Procedure section and is semantically consistent with selecting a region and project in the console. | No contradiction between the icon and the surrounding text.","The image is an isolated icon without surrounding UI context, so the exact console layout cannot be verified. | No label or text accompanies the icon to confirm it is the region selector."
umn/source/working_with_rds_for_mysql/problem_diagnosis_and_sql_analysis/problem_diagnosis/managing_real-time_sessions.rst,Managing Real-Time Sessions,en-us_image_0000001191211679.png,icon,partial,0.67,"The image is a location pin / map marker icon, consistent with the RST instruction to 'select a region and a project' in the upper left corner. | It is a generic navigation icon for region selection, not specific to real-time session management. | The icon is used as a prerequisite step (step 2) before navigating to the Sessions page. | The visual clearly shows a teardrop-shaped location pin with a central dot, matching a region selector control.",No surrounding UI context is visible; the icon is shown in isolation. | The actual console interface where this icon appears is not shown.
umn/source/working_with_rds_for_mysql/problem_diagnosis_and_sql_analysis/problem_diagnosis/managing_real-time_sessions.rst,Managing Real-Time Sessions,en-us_image_0000002422550952.png,icon,pass,0.90,"The image is a pencil/edit icon, consistent with the RST instruction to 'Click |image2| next to the Slow Session Threshold field' to modify the threshold. | It is directly relevant to the 'Setting a slow session threshold' subsection of the session management page. | The pencil icon is a standard UI symbol for editing/modifying a value, which matches the described action of setting a threshold in a dialog box. | The visual clearly shows a pencil with a baseline, a common edit icon.","No surrounding UI context (e.g., the Slow Session Threshold field or dialog box) is visible; the icon is shown in isolation. | The actual Sessions page interface is not shown."
umn/source/working_with_rds_for_mysql/problem_diagnosis_and_sql_analysis/problem_diagnosis/managing_storage_capacity.rst,Managing Storage Capacity,en-us_image_0000001191211679.png,icon,partial,0.77,"The image is a location pin icon, consistent with the RST instruction to 'Click |image1| in the upper left corner and select a region and a project.' | The icon is a generic region/area selector, not specific to storage capacity, but it is part of the navigation procedure to reach the Storage Analysis page. | The icon is clearly visible and unambiguous as a location/map pin symbol. | No contradiction between the icon and its described usage in the RST.",The icon does not show any text label or context that would confirm it is specifically the region selector in the RDS console. | No surrounding UI context is visible to confirm placement in the 'upper left corner' as described.
umn/source/working_with_rds_for_mysql/problem_diagnosis_and_sql_analysis/problem_diagnosis/managing_storage_capacity.rst,Managing Storage Capacity,en-us_image_0000002390250337.png,icon,partial,0.77,"The image is a gear/cog (settings) icon, consistent with the RST instruction to 'Click |image2| next to Auto Diagnosis' to configure the daily tablespace increase limit. | A gear icon is a standard symbol for settings/configuration, which aligns with the described action of configuring a threshold. | The icon is clearly visible and unambiguous as a settings/gear symbol. | No contradiction between the icon and its described usage in the RST.","The icon does not show any text label or surrounding UI context to confirm it is specifically next to 'Auto Diagnosis'. | No dialog box or configuration panel is visible, only the icon itself."
umn/source/working_with_rds_for_mysql/problem_diagnosis_and_sql_analysis/sql_analysis/creating_a_sql_insights_task.rst,Creating a SQL Insights Task,en-us_image_0000001191211679.png,icon,partial,0.77,"The image is a location pin icon, consistent with its use in step 2 to indicate clicking a region/project selector in the upper left corner of the management console. | It is a generic navigation icon used across cloud management consoles for region selection, not specific to SQL Insights but relevant to the overall procedure. | The icon clearly depicts a map/location pin, which is the standard symbol for region selection in Huawei Cloud and similar consoles. | No contradiction between the image and the RST text describing its use.","The image does not show the surrounding UI context (e.g., the upper-left corner of the console) to confirm exact placement. | No label or text is visible in the icon to confirm it specifically represents 'region and project' selection."
umn/source/working_with_rds_for_mysql/problem_diagnosis_and_sql_analysis/sql_analysis/creating_a_sql_insights_task.rst,Creating a SQL Insights Task,en-us_image_0000002390250489.png,icon,pass,1.00,"The image shows a toggle switch in the off position, directly matching step 7's instruction to click the toggle next to 'Collect All SQL Statements' to enable the feature. | The toggle is a prerequisite control for SQL Insights, making it highly relevant to the document's topic. | The off state of the toggle is consistent with the user needing to click it to turn the feature on, as described in the RST. | No contradiction between the image and the RST text; the toggle switch is exactly the type of control referenced.","The image does not show the label 'Collect All SQL Statements' next to the toggle, so the specific association relies on the RST text. | No surrounding UI context is visible to confirm the exact location on the page."
umn/source/working_with_rds_for_mysql/problem_diagnosis_and_sql_analysis/sql_analysis/creating_a_sql_throttling_rule.rst,Creating a SQL Throttling Rule,en-us_image_0000001191211679.png,icon,partial,0.77,"The image is a location pin icon used in step 2 of the procedure to indicate clicking a region selector in the upper left corner. | It is a generic UI navigation icon, not specific to SQL throttling, but is part of the RDS console access procedure. | The RST describes clicking this icon to select a region and project, which is consistent with a location pin symbol. | The icon is clearly visible and unambiguous as a map/location pin.",The icon does not show any text label or context indicating it is specifically for region selection in the RDS console. | No surrounding UI context is visible to confirm it is in the upper left corner of the console.
umn/source/working_with_rds_for_mysql/problem_diagnosis_and_sql_analysis/sql_analysis/creating_a_sql_throttling_rule.rst,Creating a SQL Throttling Rule,en-us_image_0000002360943788.png,icon,pass,1.00,"The image is a toggle switch icon shown in the off position, directly referenced in step 7 as the SQL throttling switch. | The RST states 'Toggle on the SQL throttling switch |image2|', and the image shows exactly a toggle switch in its default (off) state. | This icon is directly relevant to the core topic of enabling SQL throttling, which is the main subject of the document. | The visual is clear and unambiguous as a toggle/switch control.",No label or text is visible on the toggle to confirm it is specifically the 'SQL Throttling' switch. | No surrounding UI context is visible to confirm the exact placement in the SQL Throttling tab.
umn/source/working_with_rds_for_mysql/problem_diagnosis_and_sql_analysis/sql_analysis/viewing_slow_query_logs_of_a_db_instance.rst,Viewing Slow Query Logs of a DB Instance,en-us_image_0000001191211679.png,icon,partial,0.77,"The image is a small gray location-pin / map-marker pictogram, consistent with a region selector icon. | In the RST, |image1| is referenced in step 2: 'Click |image1| in the upper left corner and select a region and a project,' which matches a location/region icon. | The icon is part of the Procedure section and supports the navigation steps, though it is not directly about slow query logs. | No contradiction between the icon and its textual usage.","The image is a generic location pin without surrounding UI context, so its exact placement in the console cannot be confirmed. | No label or text accompanies the icon to confirm it specifically denotes region/project selection."
umn/source/working_with_rds_for_mysql/problem_diagnosis_and_sql_analysis/sql_analysis/viewing_top_sql_statements_of_a_db_instance.rst,Viewing Top SQL Statements of a DB Instance,en-us_image_0000001191211679.png,icon,pass,0.83,"The image is a small location-pin icon, matching the RST reference |image1| used in step 2 to select a region and project. | A location/region selector icon is semantically appropriate for choosing a region in a cloud console. | The icon is placed within the Procedure section where it is referenced. | The visual clearly shows an isolated map-marker symbol with no UI chrome.",No surrounding console UI is visible to confirm the exact placement in the upper-left corner. | No label or text accompanies the icon in the image itself.
umn/source/working_with_rds_for_mysql/read_replicas/creating_a_read_replica.rst,Creating a Read Replica,en-us_image_0000001191211679.png,icon,partial,0.77,"The image is a small gray location-pin / map-marker pictogram, i.e., an isolated UI symbol, so it is classified as an icon. | In the RST, |image1| is referenced in Procedure step 2: 'Click |image1| in the upper left corner and select a region and a project,' which matches a region/location selector icon. | The icon is semantically consistent with selecting a region, supporting the procedure for creating a read replica. | No interactive controls (buttons, menus) are visible in the image, only a static symbol.","The icon has no visible text label, so its exact function (region selector) is inferred from the RST context rather than the image itself. | No surrounding UI context is shown to confirm it is the specific console icon referenced in step 2."
umn/source/working_with_rds_for_mysql/read_replicas/managing_a_read_replica.rst,Managing a Read Replica,en-us_image_0000001191211679.png,icon,partial,0.77,"The image is a location pin / map marker icon, consistent with the RST instruction 'Click |image1| in the upper left corner and select a region and a project.' | It is a generic navigation icon used for region selection, not specific to RDS or read replicas, but appropriate in the procedural context. | The icon is used in both sections (image1 and image3) as a standard console navigation step. | The visual clearly shows a location pin symbol, matching the expected 'region selector' icon.",The icon is very small and low-resolution; finer details of the icon design are not discernible. | No surrounding UI context is visible to confirm it appears in the upper-left corner of a console.
umn/source/working_with_rds_for_mysql/read_replicas/managing_a_read_replica.rst,Managing a Read Replica,en-us_image_0000002459593788.png,icon,pass,0.90,"The image is a plus-sign-in-a-square icon, a standard 'expand' control. | The RST states 'click |image2| to expand the DB instance details and click the target read replica', which directly matches an expand/plus icon. | It is used in the 'Entering the Management Interface Through a Read Replica' section, making it directly relevant to that procedure. | The visual clearly shows a plus symbol inside a rounded square, consistent with an expand toggle.",No surrounding table or list context is visible to confirm it appears in a DB instance list row. | The icon is small and low-resolution; border styling details are approximate.
umn/source/working_with_rds_for_mysql/read_replicas/managing_a_read_replica.rst,Managing a Read Replica,en-us_image_0000002459434180.png,icon,pass,0.90,"The image is a plus-sign-in-a-square icon, a standard 'expand' control. | The RST states 'click |image4| in front of a DB instance, locate the read replica to be deleted', which matches an expand icon used to reveal sub-items (read replicas) under a DB instance. | It is used in the 'Deleting a Read Replica' section, directly relevant to that procedure. | The visual clearly shows a plus symbol inside a rounded square, consistent with an expand toggle.",No surrounding table or list context is visible to confirm it appears in a DB instance list row. | The icon is small and low-resolution; border styling details are approximate.
umn/source/working_with_rds_for_mysql/task_center/deleting_a_task_record.rst,Deleting a Task Record,en-us_image_0000001191211679.png,icon,partial,0.77,"The image is a small location-pin / map-marker pictogram, consistent with a region/project selector icon. | The RST uses this image in the step 'Click |image1| in the upper left corner and select a region and a project,' which matches a region selector icon. | The same image is reused for both the instant-task and scheduled-task deletion procedures as the region selector. | No visible interactive controls or buttons are present; it is an isolated symbolic graphic.","The image does not show the surrounding console UI, so its exact placement in the upper-left corner cannot be visually confirmed. | No label or text accompanies the icon to explicitly identify it as the region/project selector."
umn/source/working_with_rds_for_mysql/task_center/viewing_a_task.rst,Viewing a Task,en-us_image_0000001191211679.png,icon,pass,0.83,"The image is a small location-pin / map-marker pictogram, consistent with a region selector icon. | The RST uses this image in step 2 of both 'Viewing an Instant Task' and 'Viewing a Scheduled Task' as the control to 'select a region and a project', which matches a location/region icon. | The icon is referenced identically for |image1| and |image2|, so a single image serves both sections. | No interactive button states or labels are visible; it is a static symbolic graphic.","The image shows only the icon in isolation, without surrounding console UI, so its exact placement in the upper-left corner cannot be visually confirmed. | No text or tooltip is visible to confirm it specifically denotes region/project selection."
umn/source/working_with_rds_for_postgresql/backups_and_restorations/configuring_an_automated_backup_policy.rst,Configuring an Automated Backup Policy,en-us_image_0000001191211679.png,icon,pass,0.83,"The image is a small location/map-pin pictogram, consistent with an icon rather than a screenshot. | In the RST, |image1| is used in step 2 to indicate clicking the region/project selector in the upper left corner, which semantically matches a location pin icon. | The icon appears within the 'Modifying an Automated Backup Policy' procedure, so it is relevant to that section. | No contradiction between the icon and the surrounding text.","The image does not show the surrounding console UI, so the exact placement in the upper-left corner cannot be visually confirmed. | No label or text accompanies the icon to explicitly confirm it is the region selector."
umn/source/working_with_rds_for_postgresql/backups_and_restorations/creating_a_manual_backup.rst,Creating a Manual Backup,en-us_image_0000001191211679.png,icon,pass,0.90,"The image is a small gray location-pin / map-marker symbol, i.e., an isolated icon rather than a full UI screenshot. | In the RST, |image1| and |image2| (both pointing to this file) are described as the control clicked 'in the upper left corner' to select a region and a project, which matches a location-pin icon. | The icon is used in step 2 of both Method 1 and Method 2, directly supporting the navigation steps of the manual-backup procedure. | No element in the image contradicts the surrounding text.","The image is a standalone symbol without surrounding UI context, so the exact placement ('upper left corner') cannot be visually confirmed. | No label or text accompanies the icon in the image itself."
umn/source/working_with_rds_for_postgresql/backups_and_restorations/deleting_a_manual_backup.rst,Deleting a Manual Backup,en-us_image_0000001191211679.png,icon,pass,0.90,"The image is a small gray location-pin / map-marker symbol, matching the region/project selector icon referenced in step 2. | The RST step 2 says to click the icon in the upper left corner to select a region and a project, which a location pin icon represents. | The icon is an isolated UI symbol, not a full screenshot or interactive button control. | No contradiction between the icon and the surrounding procedure text.","The image does not show the surrounding console UI, so the 'upper left corner' placement cannot be visually confirmed. | No label or text accompanies the icon to explicitly identify it as the region selector."
umn/source/working_with_rds_for_postgresql/backups_and_restorations/downloading_a_full_backup_file.rst,Downloading a Full Backup File,en-us_image_0000001191211679.png,icon,pass,0.83,"The image is a small location pin icon, consistent with its use in the RST as a region/project selector in the management console. | The RST states 'Click |image1| in the upper left corner and select a region and a project', which semantically matches a location pin icon. | The icon is a generic navigation element used across all three download methods, not specific to the backup download topic itself. | The icon is clearly rendered and identifiable as a location/marker symbol.","The icon is very small and low-resolution, making fine details hard to discern. | No surrounding UI context is visible to confirm it is the exact region selector from the RDS console."
umn/source/working_with_rds_for_postgresql/backups_and_restorations/downloading_a_full_backup_file.rst,Downloading a Full Backup File,en-us_image_0000001191211549.png,icon,pass,0.90,"The image is a small copy/duplicate icon (two overlapping squares), consistent with its use in the RST as a 'copy the URL' button. | The RST states 'click |image4| to copy the URL', which semantically matches a standard copy icon. | The icon is used specifically in Method 3 (Using Download URL), which is directly part of the backup file download workflow. | The icon is clearly rendered and identifiable as a copy/duplicate symbol.","The icon is very small and low-resolution, making fine details hard to discern. | No surrounding UI context is visible to confirm it is the exact copy button from the RDS console dialog."
umn/source/working_with_rds_for_postgresql/backups_and_restorations/downloading_an_incremental_backup_file.rst,Downloading an Incremental Backup File,en-us_image_0000001191211679.png,icon,pass,0.90,"The image is a small gray location-pin / map-marker pictogram, an isolated UI symbol, so it is classified as an icon. | In the RST, |image1| is referenced in Procedure step 2: 'Click |image1| in the upper left corner and select a region and a project.' | A location-pin icon is the standard symbol for a region/project selector in a cloud management console, matching the described action. | The icon appears in the Procedure section and is directly tied to the step that selects a region and project before navigating to RDS. | No visible interactive button states, labels, or magenta elements are present in the isolated icon.","The image is a standalone symbol without surrounding console UI, so its exact placement in the upper-left corner cannot be visually confirmed. | No text or tooltip is visible in the image to explicitly label it as the region/project selector."
umn/source/working_with_rds_for_postgresql/backups_and_restorations/replicating_a_backup.rst,Replicating a Backup,en-us_image_0000001191211679.png,icon,partial,0.77,"The image is a small location-pin / map-marker pictogram, matching the |image1| reference in step 2 ('Click |image1| in the upper left corner and select a region and a project'). | A location/region selector icon is semantically consistent with selecting a region and project in the RDS console procedure. | The icon is used within the Procedure section, supporting the navigation steps for accessing the RDS console. | The visual clearly shows an isolated symbolic location marker, confirming the icon classification.","The image does not show the surrounding console UI, so the exact placement in the upper-left corner cannot be verified from the image alone. | No label or text accompanies the icon to confirm it specifically denotes region/project selection."
umn/source/working_with_rds_for_postgresql/backups_and_restorations/restoring_a_db_instance_to_a_point_in_time.rst,Restoring a DB Instance to a Point in Time,en-us_image_0000001191211679.png,icon,pass,0.93,"The image is a small gray location-pin / map-marker pictogram, consistent with an icon. | In the RST it is referenced as |image1| in Procedure step 2: 'Click |image1| in the upper left corner and select a region and a project', which matches a region/project selector icon. | The icon is used within the Procedure section, so it is relevant to that section. | The visual content (a location pin) clearly supports its use as a region selector control. | No contradiction between the image and the surrounding text.",The image alone does not show the dropdown or the region/project selection UI it triggers. | No label or text is visible in the icon to confirm its exact function beyond a generic location marker.
umn/source/working_with_rds_for_postgresql/backups_and_restorations/restoring_from_backup_files_to_rds_for_postgresql.rst,Restoring from Backup Files to RDS for PostgreSQL,en-us_image_0000001191211679.png,icon,pass,0.90,"The image is a small gray location-pin / map-marker pictogram, an isolated UI symbol, so it is classified as an icon. | In the RST, |image1| is referenced in Procedure step 2: 'Click |image1| in the upper left corner and select a region and a project.' | A location-pin icon is the standard symbol for a region/project selector in a cloud management console, matching the described action. | The icon is used within the Procedure section and is directly relevant to the login/region-selection step of the restore workflow. | No contradiction between the image content and the surrounding text.","The image is a generic region-selector icon and does not itself depict the RDS console, the Backups page, or any restore-specific UI. | No surrounding console context (menu, labels, or page) is visible to confirm the exact placement in the upper-left corner."
umn/source/working_with_rds_for_postgresql/connection_management/binding_and_unbinding_an_eip.rst,Binding and Unbinding an EIP,en-us_image_0000002492743401.png,icon,partial,0.78,"The image is a small location pin icon used as a UI symbol for the region/project selector in the upper left corner of the management console. | The RST references this icon in step 2 of the 'Binding an EIP' section: 'Click |image1| in the upper left corner and select a region and a project.' | The icon is a generic location/marker symbol, consistent with a region selector control. | The image is a simple isolated pictogram with no visible interface elements, confirming it is an icon.",The icon does not show any text label or additional context that would confirm it specifically represents a region selector versus a generic location marker. | No surrounding UI context is visible to confirm the exact placement in the upper left corner.
umn/source/working_with_rds_for_postgresql/connection_management/changing_a_database_port.rst,Changing a Database Port,en-us_image_0000001191211679.png,icon,partial,0.72,"The image is a small location pin/marker icon, consistent with a region or project selector in a cloud management console. | The RST step 2 instructs the user to 'Click |image1| in the upper left corner and select a region and a project,' which aligns with a location/region icon. | The icon is part of the general procedure for navigating the console, not directly illustrating the port-change action itself. | No contradiction between the icon's appearance and its described usage in the RST.","The icon is very small and low-resolution, making it difficult to confirm exact visual details. | No surrounding UI context is visible to confirm it is specifically a region selector button."
umn/source/working_with_rds_for_postgresql/connection_management/changing_a_database_port.rst,Changing a Database Port,en-us_image_0000002492831361.png,icon,partial,0.72,"The image is a small plus-sign icon inside a rounded square with a blue border, typical of an 'add' or 'expand' action button in a UI. | The RST step 4 says 'click |image2| first and then click the target read replica,' suggesting the icon is used to access or select read replicas. | The icon is part of the navigation procedure rather than directly illustrating the port-change dialog or result. | No clear contradiction between the plus icon and its described role in selecting a read replica.","The icon is very small and low-resolution; exact label or tooltip is not visible. | No surrounding UI context is shown to confirm the specific function (e.g., 'Add Read Replica' vs. a generic expand menu)."
umn/source/working_with_rds_for_postgresql/connection_management/changing_a_private_domain_name.rst,Changing a Private Domain Name,en-us_image_0000001191211679.png,icon,partial,0.77,"The image is a small gray location-pin / map-marker symbol, matching the region selector icon referenced in step 2. | The RST uses |image1| in step 2 to indicate clicking the region/project selector in the upper left corner, which is consistent with a location pin icon. | The icon is part of the general console navigation procedure rather than the private domain name change itself, so topic relevance is moderate. | No contradiction between the icon and the surrounding text.","The image is an isolated symbol without surrounding UI context, so its exact placement in the console cannot be verified. | No label or text accompanies the icon to confirm it is the region selector."
umn/source/working_with_rds_for_postgresql/connection_management/configuring_and_changing_a_floating_ip_address.rst,Configuring and Changing a Floating IP Address,en-us_image_0000001191211679.png,icon,pass,0.90,"The image is a small gray location-pin / map-marker icon, matching the region/project selector referenced in step 2. | The RST step states 'Click |image1| in the upper left corner and select a region and a project', which aligns with a location/region icon. | The icon is an isolated symbolic graphic with no visible interface, so it is classified as an icon. | No interactive controls or buttons are visible in the image.","The image does not show the surrounding console UI, so the 'upper left corner' placement cannot be visually confirmed. | No text or label is present in the icon to explicitly identify it as a region selector."
umn/source/working_with_rds_for_postgresql/connection_management/connecting_to_a_db_instance_through_pgadmin.rst,Connecting to a DB Instance Through pgAdmin,en-us_image_0000001191211507.png,screenshot,pass,1.00,Image shows pgAdmin interface with Servers highlighted in the left panel | Context menu displays Create > Server... path exactly as described in step 2 | Matches the RST instruction: choose Servers > Create > Server | Figure 1 caption in RST is 'Creation' which aligns with the Create menu shown,
umn/source/working_with_rds_for_postgresql/connection_management/connecting_to_a_db_instance_through_pgadmin.rst,Connecting to a DB Instance Through pgAdmin,en-us_image_0000001145211472.png,screenshot,pass,1.00,"Shows the Create - Server dialog with General tab active | Name field is visible and highlighted (red border), matching RST instruction to specify Name | Server group, Connect now?, and Comments fields are present | Save, Cancel, and Reset buttons visible at the bottom | Matches Figure 2 caption 'General page' in the RST",
umn/source/working_with_rds_for_postgresql/connection_management/connecting_to_a_db_instance_through_pgadmin.rst,Connecting to a DB Instance Through pgAdmin,en-us_image_0000001145211470.png,screenshot,pass,1.00,"Shows the Create - Server dialog with Connection tab active | Host name/address, Port (5432), User name, and Password fields all visible | Port default value 5432 matches RST description | Additional fields (Maintenance database, Save password?, Role, SSL mode) provide extra context | Matches Figure 3 caption 'Connection page' and the parameter description section in RST",
umn/source/working_with_rds_for_postgresql/data_security/changing_a_security_group.rst,Changing a Security Group,en-us_image_0000001191211679.png,icon,pass,1.00,"The image is a location pin icon, consistent with step 2's instruction to click an icon in the upper left corner to select a region and project. | A location/marker icon is semantically appropriate for region and project selection in a cloud management console. | The icon is small and symbolic, matching the 'icon' classification.",The icon is monochrome and small; no surrounding UI context is visible to confirm its exact placement in the upper left corner.
umn/source/working_with_rds_for_postgresql/data_security/changing_a_security_group.rst,Changing a Security Group,en-us_image_0000001145051618.png,icon,pass,1.00,"The image is a refresh/reload icon (circular arrow) inside a button-like container, consistent with step 8's instruction to click an icon in the upper right corner to view results. | A refresh icon is semantically appropriate for re-checking the status of a security group change that takes 1-3 minutes. | The icon is small and symbolic, matching the 'icon' classification.",The icon is small and isolated; no surrounding UI context is visible to confirm its exact placement in the upper right corner of the Summary page.
umn/source/working_with_rds_for_postgresql/data_security/resetting_the_administrator_password.rst,Resetting the Administrator Password,en-us_image_0000001191211679.png,icon,pass,0.90,"The image is a small gray location-pin / map-marker icon, an isolated UI symbol, so it is classified as an icon. | In the RST, |image1| and |image2| both reference this file and are described as the control clicked 'in the upper left corner' to 'select a region and a project', which matches a region-selector pin icon. | The icon is used in step 2 of both Method 1 and Method 2, directly supporting the navigation steps of the password-reset procedure. | No visible text, buttons, or interface elements contradict the documented usage.","The image is an isolated icon without surrounding console UI, so the exact placement ('upper left corner') cannot be visually confirmed. | No label or tooltip is visible to confirm it is specifically the region/project selector."
umn/source/working_with_rds_for_postgresql/instance_lifecycle/creating_a_same_db_instance_as_an_existing_db_instance.rst,Creating a Same DB Instance as an Existing DB Instance,en-us_image_0000001191211679.png,icon,pass,0.90,"The image is a small gray location-pin / map-marker icon, consistent with a region selector symbol. | In the RST it is referenced as |image1| in step 2: 'Click |image1| in the upper left corner and select a region and a project', which semantically matches a region/location icon. | The icon is an isolated symbolic graphic with no surrounding UI, so it is classified as an icon rather than a screenshot. | No interactive controls (buttons, menus, inputs) are visible within the image itself. | No contradiction between the image and the surrounding procedure text.",The icon is generic; the specific console context (upper-left corner placement) is not visible in the image. | No label or text accompanies the icon to confirm it is the region selector.
umn/source/working_with_rds_for_postgresql/instance_lifecycle/deleting_a_db_instance_or_read_replica.rst,Deleting a DB Instance or Read Replica,en-us_image_0000001191211679.png,icon,partial,0.77,"The image is a small location-pin icon, consistent with its use in the RST as a region/project selector in the upper-left corner of the management console. | It is referenced in both the 'Deleting a DB Instance' and 'Deleting a Read Replica' procedures as the navigation step to select a region and project. | The icon is a standard UI symbol (pictogram) for location/region selection, not a full screenshot or interactive button. | No contradiction between the icon's appearance and its described function in the document.","The icon is shown in isolation without surrounding UI context (e.g., the console header), so its exact placement in the interface cannot be visually confirmed. | The RST does not provide a textual label for the icon beyond 'select a region and a project'."
umn/source/working_with_rds_for_postgresql/instance_lifecycle/deleting_a_db_instance_or_read_replica.rst,Deleting a DB Instance or Read Replica,en-us_image_0000001191131419.png,icon,pass,0.83,"The image is a small downward chevron/arrow icon, consistent with its use in the RST to expand and display read replicas associated with a DB instance. | It is referenced specifically in the 'Deleting a Read Replica' section (step 4) where the user clicks it to reveal all read replicas. | The icon is a standard UI symbol for expanding/collapsing a list, not a full screenshot or interactive button. | No contradiction between the icon's appearance and its described function in the document.","The icon is shown in isolation without surrounding UI context (e.g., the instance list row), so its exact placement cannot be visually confirmed. | The RST does not provide a textual label for the icon beyond the action 'click |image3|' to display read replicas."
umn/source/working_with_rds_for_postgresql/instance_lifecycle/exporting_db_instance_information.rst,Exporting DB Instance Information,en-us_image_0000001191211679.png,icon,pass,1.00,"The image is a location pin (map marker) icon, which is the standard UI symbol for region/location selection. | The RST states 'Click |image1| in the upper left corner and select a region and a project,' which perfectly matches a location/region selector icon. | The icon is used in both export scenarios (all instances and selected instances) as the region selector step. | The visual content (a simple gray location pin) is consistent with a region selector button in a cloud management console.","The image is a standalone icon without surrounding UI context, so the exact placement in the upper left corner cannot be visually confirmed."
umn/source/working_with_rds_for_postgresql/instance_lifecycle/exporting_db_instance_information.rst,Exporting DB Instance Information,en-us_image_0000001145051738.png,icon,pass,1.00,"The image is an export icon (a square/box with an arrow pointing outward to the upper-right), which is the standard symbol for export actions. | The RST states 'click |image2| in the upper right corner of the page. By default, information about all DB instances is exported,' which matches an export button icon. | The icon is used in the 'Exporting Information About All DB Instances' section as the trigger for the export action. | The visual content (a simple gray export symbol) is consistent with an export button in a cloud management console.","The image is a standalone icon without surrounding UI context, so the exact placement in the upper right corner cannot be visually confirmed."
umn/source/working_with_rds_for_postgresql/instance_lifecycle/exporting_db_instance_information.rst,Exporting DB Instance Information,en-us_image_0000001191131415.png,icon,pass,1.00,"The image is an export icon (a square/box with an arrow pointing outward to the upper-right), which is the standard symbol for export actions. | The RST states 'click |image4| in the upper right corner of the page. In the displayed dialog box, select the items to be exported and click Export,' which matches an export button icon. | The icon is used in the 'Exporting Information About Selected DB Instances' section as the trigger for the export action. | The visual content (a simple gray export symbol) is consistent with an export button in a cloud management console.","The image is a standalone icon without surrounding UI context, so the exact placement in the upper right corner cannot be visually confirmed."
umn/source/working_with_rds_for_postgresql/instance_lifecycle/rebooting_db_instances_or_read_replicas.rst,Rebooting DB Instances or Read Replicas,en-us_image_0000001191211679.png,icon,partial,0.78,"The image is a location pin / map marker icon, consistent with the RST instruction to 'select a region and a project' in step 2. | It is a small symbolic UI icon used as a clickable element in the management console navigation. | The icon semantically matches the concept of region/location selection described in the procedure.",The icon is generic and does not show any specific cloud provider branding or label. | No text or tooltip is visible to confirm it is specifically the region selector.
umn/source/working_with_rds_for_postgresql/instance_lifecycle/recycling_a_db_instance.rst,Recycling a DB Instance,en-us_image_0000001191211679.png,icon,partial,0.77,"The image is a small gray location-pin / map-marker pictogram, an isolated UI symbol, so it is classified as an icon. | In the RST the image is referenced in step 2 of both procedures as the control to 'select a region and a project' in the upper-left corner, which matches a region-selector pin icon. | The icon is semantically consistent with the navigation steps for reaching the RDS console and the Recycling Management page. | No interactive buttons or controls are visible; it is a static symbolic graphic.","The image alone does not show the surrounding console UI, so the exact label or menu it opens is not visible. | No text or tooltip is present in the image to confirm it specifically denotes region/project selection."
umn/source/working_with_rds_for_postgresql/instance_lifecycle/selecting_displayed_items.rst,Selecting Displayed Items,en-us_image_0000001191211679.png,icon,partial,0.77,"The image is a location pin icon, consistent with the RST instruction to 'select a region and a project' in step 2. | It is a prerequisite step (region/project selection) rather than the main topic of selecting displayed items. | The icon is a standard UI symbol for region selection in cloud management consoles. | No contradiction between the icon and the described action.","The image does not show the full UI context (upper left corner placement, region/project dropdown). | No visible text or label confirming it is specifically for region selection."
umn/source/working_with_rds_for_postgresql/instance_lifecycle/selecting_displayed_items.rst,Selecting Displayed Items,en-us_image_0000001145051752.png,icon,pass,1.00,"The image is a gear/settings icon, directly matching the RST instruction to 'edit columns displayed in the DB instance list.' | This is the core action of the document (selecting displayed items), making it highly relevant to the topic. | The gear icon is a standard UI symbol for settings/customization, appropriate for editing column display. | No contradiction between the icon and the described action of editing displayed columns.",The image does not show the full Instances page context or the column selection dialog. | No visible text label confirming the specific function beyond the gear symbol.
umn/source/working_with_rds_for_postgresql/instance_lifecycle/starting_a_db_instance.rst,Starting a DB Instance,en-us_image_0000001191211679.png,icon,pass,0.90,"The image is a small gray location-pin / map-marker pictogram, an isolated UI symbol, so it is classified as an icon. | In the RST, |image1| is referenced in Procedure step 2: 'Click |image1| in the upper left corner and select a region and a project.' | A location-pin icon is a conventional symbol for selecting a region, which matches the described action of choosing a region and project. | The icon appears in the Procedure section and directly supports the step-by-step instructions for navigating the console. | No interactive controls, buttons, or text are visible within the image itself.","The image shows only the icon in isolation, without the surrounding console UI (upper-left corner context) that the RST describes. | No label or text accompanies the icon to explicitly confirm it is the region/project selector."
umn/source/working_with_rds_for_postgresql/instance_lifecycle/stopping_a_db_instance.rst,Stopping a DB Instance,en-us_image_0000001206123004.png,icon,pass,0.83,"The image is a small gray location-pin / map-marker pictogram, i.e., an isolated symbolic icon. | In the RST it is referenced as |image1| in Procedure step 2: 'Click |image1| in the upper left corner and select a region and a project.' | A location-pin icon is a conventional symbol for a region/project selector, so it is semantically consistent with the described action. | The icon appears in the Procedure section and directly supports the step-by-step instructions for stopping a DB instance.","Only the isolated icon is shown; no surrounding console UI, labels, or menu context is visible. | The exact placement in the upper-left corner of the console cannot be verified from the image alone."
umn/source/working_with_rds_for_postgresql/instance_modifications/changing_a_db_instance_class.rst,Changing a DB Instance Class,en-us_image_0000001191211679.png,icon,partial,0.77,"The image is a small gray location-pin / map-marker pictogram, consistent with an icon rather than a screenshot. | In the RST, |image1| is used in Procedure step 2 to indicate clicking the region/project selector in the upper-left corner, which a location-pin icon appropriately represents. | The icon is semantically aligned with 'select a region and a project' in the procedure. | No interactive controls, buttons, or UI panels are visible in the image.","The image does not show the surrounding console UI, so the exact placement in the upper-left corner cannot be visually confirmed. | No label or text accompanies the icon to explicitly identify it as the region/project selector."
umn/source/working_with_rds_for_postgresql/instance_modifications/changing_a_db_instance_name.rst,Changing a DB Instance Name,en-us_image_0000001191211679.png,icon,pass,1.00,Location pin icon matches the RST context of selecting a region and project in step 2 | Standard location/region selector icon used in cloud management consoles | Icon is clearly visible and appropriate for the described action,
umn/source/working_with_rds_for_postgresql/instance_modifications/changing_a_db_instance_name.rst,Changing a DB Instance Name,en-us_image_0000001191211385.png,icon,pass,1.00,Pencil/edit icon matches the RST context of editing the DB instance name in step 4 | Standard edit icon used in management consoles for inline editing | Icon is clearly visible and appropriate for the described action,
umn/source/working_with_rds_for_postgresql/instance_modifications/changing_a_db_instance_name.rst,Changing a DB Instance Name,en-us_image_0000001145051850.png,icon,pass,1.00,Green checkmark icon matches the RST context of submitting/confirming the name change in step 4 | Standard confirmation icon used in forms and dialogs | Icon is clearly visible and appropriate for the described action,
umn/source/working_with_rds_for_postgresql/instance_modifications/changing_a_db_instance_name.rst,Changing a DB Instance Name,en-us_image_0000001145211644.png,icon,pass,1.00,X icon matches the RST context of canceling the name change in step 4 | Standard cancel/close icon used in forms and dialogs | Icon is clearly visible and appropriate for the described action,
umn/source/working_with_rds_for_postgresql/instance_modifications/changing_a_db_instance_type_from_single_to_primary_standby.rst,Changing a DB Instance Type from Single to Primary/Standby,en-us_image_0000001191211679.png,icon,partial,0.77,"The image is a location pin/marker icon, consistent with a region selector in the upper left corner of a management console. | The RST step 2 instructs to 'Click |image1| in the upper left corner and select a region and a project,' which aligns with a location/region icon. | The icon is a generic UI navigation element rather than specific to RDS or the primary/standby change procedure.",The icon is generic and does not show any RDS-specific branding or context. | No surrounding UI is visible to confirm it is in the upper left corner of a console.
umn/source/working_with_rds_for_postgresql/instance_modifications/changing_a_db_instance_type_from_single_to_primary_standby.rst,Changing a DB Instance Type from Single to Primary/Standby,en-us_image_0000001145051794.png,icon,pass,0.90,"The image is a circular refresh/reload arrow icon, which directly matches the RST instruction to 'click |image2| to refresh the list.' | The icon is placed in step 6 of the Procedure section, where the user refreshes the DB instance list after the type change. | The visual clearly shows a standard refresh symbol (circular arrow), providing strong visual evidence for its purpose.",No surrounding UI context is visible to confirm placement in the upper right corner of the instance list. | The icon is generic and not specific to RDS or the primary/standby workflow.
umn/source/working_with_rds_for_postgresql/instance_modifications/changing_a_storage_type.rst,Changing a Storage Type,en-us_image_0000001191211679.png,icon,partial,0.77,"The image is a small location/map-pin pictogram, matching the |image1| reference used in step 2 to select a region and project. | A location pin is semantically appropriate for a region/project selector in the RDS console procedure. | The icon is clearly visible and unambiguous as a location marker symbol. | No contradiction between the icon and the surrounding RST text.","The image is an isolated symbol without surrounding UI context, so its exact placement in the console cannot be verified. | No label or text accompanies the icon to confirm it specifically denotes region selection."
umn/source/working_with_rds_for_postgresql/instance_modifications/changing_the_failover_priority.rst,Changing the Failover Priority,en-us_image_0000001191211679.png,icon,pass,0.90,"The image is a small gray location-pin / map-marker glyph, i.e., an isolated UI symbol, so it is classified as an icon. | In the RST, |image1| is referenced in Procedure step 2: 'Click |image1| in the upper left corner and select a region and a project,' which matches a region/project selector icon. | The location-pin shape is the conventional symbol for a region selector in cloud management consoles, consistent with the described action. | The icon appears in the Procedure section and directly supports the step-by-step instructions, so it is section-relevant. | No visible interactive button chrome is present in the isolated image, so contains_interactive_buttons is set to false.","The image is a generic location-pin glyph without surrounding UI context, so the exact console placement (upper-left corner) cannot be visually confirmed from the image alone. | No label or text accompanies the icon, so its function is inferred from the RST reference rather than from visible text."
umn/source/working_with_rds_for_postgresql/instance_modifications/changing_the_maintenance_window.rst,Changing the Maintenance Window,en-us_image_0000001191211679.png,icon,partial,0.77,"The image is a small gray location-pin / map-marker pictogram, i.e. an isolated UI symbol, so it is classified as an icon. | In the RST, |image1| is used in Procedure step 2: 'Click |image1| in the upper left corner and select a region and a project.' A location pin is a semantically appropriate symbol for region selection. | The icon is part of the navigation procedure that leads to the RDS console, which is the context for changing the maintenance window. | The visual content (a single location pin) is clearly and unambiguously visible.","The image is a generic location pin and does not show the actual management-console UI, so it cannot be confirmed to be the exact region/project selector icon used in the product. | No surrounding interface (upper-left corner, region/project menu) is visible to verify placement described in the text."
umn/source/working_with_rds_for_postgresql/instance_modifications/introduction_to_instance_overview.rst,Introduction to Instance Overview,en-us_image_0000001191211679.png,icon,partial,0.77,"The image is a small gray location-pin / map-marker symbol, consistent with an isolated UI icon. | In the RST it is referenced as |image1| in the step 'Click |image1| in the upper left corner and select a region and a project', which matches a region/region-selector icon. | The icon is used within the Instance Information navigation steps, so it is relevant to that section. | The visual content (a location pin) clearly supports its use as a region selector control.","The image shows only the icon in isolation, without surrounding console UI, so its exact placement in the upper-left corner cannot be visually confirmed. | No label or text accompanies the icon in the image itself."
umn/source/working_with_rds_for_postgresql/instance_modifications/manually_switching_between_primary_and_standby_db_instances.rst,Manually Switching Between Primary and Standby DB Instances,en-us_image_0000001191211679.png,icon,pass,0.90,"The image is a location pin icon, consistent with a region/project selector in the upper left corner of a management console. | The RST step 2 says 'Click |image1| in the upper left corner and select a region and a project,' which matches the location pin icon. | The icon is a small symbolic graphic (pictogram), not a full screenshot or UI interface. | It is directly referenced in the Procedure section of the document.",The icon is generic and does not show any RDS-specific branding or context. | No surrounding UI is visible to confirm it is in the upper left corner of a console.
umn/source/working_with_rds_for_postgresql/instance_modifications/manually_switching_between_primary_and_standby_db_instances.rst,Manually Switching Between Primary and Standby DB Instances,en-us_image_0000001191131421.png,icon,pass,0.90,"The image is a circular refresh/reload arrow icon, consistent with a list refresh button. | The RST step 7 says 'click |image2| to refresh the list,' which matches the refresh icon. | The icon is a small symbolic graphic (pictogram), not a full screenshot or UI interface. | It is directly referenced in the Procedure section of the document.",The icon is generic and does not show any RDS-specific branding or context. | No surrounding UI is visible to confirm it is in the upper right corner of a DB instance list.
umn/source/working_with_rds_for_postgresql/instance_modifications/migrating_a_standby_db_instance.rst,Migrating a Standby DB Instance,en-us_image_0000001539289437.png,icon,pass,1.00,"The image is a location pin icon, consistent with the RST instruction to 'select a region and a project' | The icon is used in step 2 of the Procedure where the user clicks it in the upper left corner to select a region | The location pin is a standard UI symbol for region/location selection | No contradictions between the image and the document context","The icon is very small and low-resolution, making fine details hard to discern"
umn/source/working_with_rds_for_postgresql/instance_modifications/migrating_a_standby_db_instance.rst,Migrating a Standby DB Instance,en-us_image_0000001488529446.png,icon,pass,1.00,"The image is a circular refresh/reload arrow icon, consistent with the RST instruction to 'click |image2| to refresh the list' | The icon is used in step 6 of the Procedure where the user clicks it in the upper right corner to refresh the DB instance list | The circular arrow is a standard UI symbol for refresh/reload actions | No contradictions between the image and the document context","The icon is very small and low-resolution, making fine details hard to discern"
umn/source/working_with_rds_for_postgresql/instance_modifications/scaling_up_storage_space.rst,Scaling Up Storage Space,en-us_image_0000001191211679.png,icon,partial,0.72,"The image is a small location-pin icon used as an inline reference for selecting a region in the upper-left corner of the console. | The RST states 'Click |image1| in the upper left corner and select a region and a project,' which is consistent with a location/region selector icon. | The icon is a standard navigation element, not directly depicting storage scaling, but it is part of the procedural steps for the task. | The icon is clearly visible and identifiable as a map-pin/location marker symbol.","The icon does not show any surrounding UI context (e.g., the actual console header or region dropdown). | No label or text is visible on the icon itself to confirm it is specifically a region selector."
umn/source/working_with_rds_for_postgresql/instance_modifications/scaling_up_storage_space.rst,Scaling Up Storage Space,en-us_image_0000002459797326.png,icon,partial,0.72,"The image is a small plus-sign icon inside a rounded square, used as an inline reference for expanding a tree node to reveal read replicas. | The RST states 'click |image3| in front of it. Locate a read replica to be scaled,' which is consistent with an expand/plus icon in a tree view. | The icon is a standard UI symbol for expanding child items, relevant to the read-replica scaling procedure. | The icon is clearly visible and identifiable as a plus/expand symbol.","The icon does not show surrounding tree-view context (e.g., instance name or child nodes). | No label or text is visible on the icon to confirm its specific function beyond a generic expand action."
umn/source/working_with_rds_for_postgresql/instance_modifications/storage_autoscaling.rst,Storage Autoscaling,en-us_image_0000001633304538.png,icon,partial,0.77,"The image is a location pin icon, consistent with the RST instruction to 'Click |image1| in the upper left corner and select a region.' | Location pin icons are standard in cloud management consoles for region selection. | The icon is used in the Procedure section (step 2) for navigating the management console. | The image clearly shows a map/location pin symbol.","The icon is very small and low-resolution, making it difficult to confirm exact styling details. | No surrounding UI context is visible to confirm it appears in the upper left corner of a console."
umn/source/working_with_rds_for_postgresql/instance_modifications/storage_autoscaling.rst,Storage Autoscaling,en-us_image_0000001954623812.png,icon,partial,0.77,"The image is a plus (+) icon in a bordered square, consistent with the RST instruction to 'click |image2| in front of a DB instance to locate the read replica.' | A plus icon is commonly used to expand or reveal associated items such as read replicas in a list. | The icon is used in the Procedure section (step 4) for navigating to read replicas. | The image clearly shows a plus sign within a rounded square border.","The icon is very small and low-resolution, making it difficult to confirm exact styling details. | No surrounding UI context is visible to confirm it appears in front of a DB instance in a list."
umn/source/working_with_rds_for_postgresql/instance_modifications/upgrading_a_minor_version.rst,Upgrading a Minor Version,en-us_image_0000001191211679.png,icon,pass,0.90,"The image is a small gray location-pin (map marker) icon, matching the region selector referenced as |image1| in step 2. | The RST step 2 states 'Click |image1| in the upper left corner and select a region and a project,' which is consistent with a location/region icon. | The icon is used within the Procedure section, directly supporting the navigation steps for the upgrade workflow. | No contradiction between the icon and the surrounding text.",The icon is generic and does not show the actual console UI context (upper-left corner placement) described in the text. | No label or text accompanies the icon to confirm it is specifically the region selector.
umn/source/working_with_rds_for_postgresql/interconnection_with_cts/viewing_tracing_events.rst,Viewing Tracing Events,en-us_image_0000001145051826.png,icon,pass,0.90,"The image is a small downward-pointing chevron, a typical expand/collapse UI symbol. | It is referenced in step 6 as the control to click on the left of a trace to expand its details, which matches a downward expand indicator. | It appears in the Procedure section and is directly tied to the trace-list interaction described. | No contradiction between the icon and the surrounding text.","No surrounding CTS console UI (trace list, columns, rows) is visible in the image. | No text label or button styling is present; only the chevron glyph is shown."
umn/source/working_with_rds_for_postgresql/log_management/viewing_error_logs.rst,Viewing Error Logs,en-us_image_0000001191211679.png,icon,partial,0.77,"The image is a location pin icon, consistent with the RST instruction to click it in the upper left corner to select a region and project. | It is a small symbolic graphic (icon) used as a UI reference within navigation steps. | The icon is relevant to the navigation portion of the 'Viewing Log Details' section but not directly to error log content. | No contradiction between the image and the surrounding text.",The image does not show the full console UI context (upper-left corner placement) since it is an isolated icon. | No label or text accompanies the icon to confirm it represents region/project selection.
umn/source/working_with_rds_for_postgresql/log_management/viewing_error_logs.rst,Viewing Error Logs,en-us_image_0000001145211382.png,icon,pass,0.90,"The image is a calendar icon, which aligns with the RST instruction to click it to view error logs in different time segments. | It is a small symbolic graphic (icon) used as a UI reference for time-range selection. | The calendar icon directly supports the 'Viewing Log Details' section's description of filtering logs by time segments. | No contradiction between the image and the surrounding text.",The image does not show the full console UI context (upper-right corner placement) since it is an isolated icon. | No label or text accompanies the icon to explicitly confirm it is a time-segment selector.
umn/source/working_with_rds_for_postgresql/log_management/viewing_slow_query_logs.rst,Viewing Slow Query Logs,en-us_image_0000001191211679.png,icon,pass,0.90,"The image is a small gray location-pin / map-marker pictogram, i.e., an isolated UI symbol rather than a full interface screenshot. | RST step 2 instructs to 'Click |image1| in the upper left corner and select a region and a project,' which matches a region-selector pin icon. | The icon is placed within the 'Viewing Log Details' procedure, so it is relevant to that section's navigation steps. | No contradiction between the icon (region selector) and the surrounding text describing region/project selection.",No surrounding console UI is visible to confirm the icon's position in the upper-left corner. | No text label or tooltip is present in the image to explicitly identify it as the region selector.
umn/source/working_with_rds_for_postgresql/major_version_upgrade/upgrading_the_major_version_of_a_db_instance_on_the_console.rst,Upgrading the Major Version of a DB Instance on the Console,en-us_image_0000001191211679.png,icon,pass,1.00,"The image is a small location-pin / map-marker symbol, matching the |image1| reference in Procedure step 2. | Step 2 instructs to click the icon in the upper left corner to select a region and a project, which is exactly what a location/region selector icon represents. | The icon is used within the Procedure section of the console-based upgrade guide, so it is contextually relevant. | The visual clearly shows an isolated location pin pictogram with no surrounding UI, consistent with an icon classification. | No element in the image contradicts the RST description of a region/project selector control.","The image is an isolated symbol without surrounding console UI, so the exact label or tooltip of the control is not visible. | No text or menu is shown to confirm the specific region/project selection behavior beyond the RST description."
umn/source/working_with_rds_for_postgresql/managing_tags.rst,Managing Tags,en-us_image_0000001191211679.png,icon,pass,0.83,"The image is a small gray location-pin / map-marker pictogram, i.e., an isolated UI symbol, so it is classified as an icon. | In the RST it is referenced as |image1|/|image2|/|image3| with the instruction 'Click ... in the upper left corner and select a region and a project', which matches a region/project selector icon. | The icon is reused across the Adding, Editing, and Deleting a Tag sections as the same navigation step, so it is relevant to those procedural sections. | No interactive controls (buttons, links, form fields) are visible in the image itself. | No contradiction between the icon and the surrounding RST text.","The image alone does not show the surrounding console UI, so the 'upper left corner' placement cannot be visually confirmed from the icon in isolation. | No label or tooltip is visible on the icon to confirm it is specifically the region/project selector."
umn/source/working_with_rds_for_postgresql/metrics_and_alarms/viewing_monitoring_metrics.rst,Viewing Monitoring Metrics,en-us_image_0000001191211679.png,icon,pass,0.83,"The image is a small location-pin / map-marker pictogram, matching the |image1| reference used in step 2 to select a region and project. | A location icon is semantically appropriate for a region/project selector in the upper-left corner of the console. | The icon is used within the Procedure section, which is directly relevant to the viewing-metrics workflow. | No contradiction between the icon and the surrounding RST text.","The image is an isolated symbol without surrounding UI context, so its exact placement (upper-left corner) cannot be visually confirmed. | No label or text accompanies the icon to confirm it represents region/project selection."
umn/source/working_with_rds_for_postgresql/parameter_template_management/applying_a_parameter_template.rst,Applying a Parameter Template,en-us_image_0000001191211679.png,icon,partial,0.77,"The image is a small location-pin icon, matching the RST reference in step 2 where the user clicks the icon to select a region and project. | A location/region selector icon is semantically appropriate for choosing a region in the management console. | The icon is used within the Procedure section, consistent with its placement in the steps. | The image clearly and unambiguously shows a location pin symbol.","The icon is isolated without surrounding UI context, so its exact label or menu behavior cannot be confirmed from the image alone."
umn/source/working_with_rds_for_postgresql/parameter_template_management/comparing_parameter_templates.rst,Comparing Parameter Templates,en-us_image_0000001191211679.png,icon,partial,0.77,"The image is a small gray location-pin / map-marker pictogram, an isolated UI symbol, so it is classified as an icon. | In the RST it is referenced as |image1|/|image2| in step 2: 'Click ... in the upper left corner and select a region and a project', which matches a region/project selector icon. | The icon is a generic navigation element rather than a depiction of parameter-template comparison, so its topical relevance is partial. | No visible interactive controls or buttons are present in the image.","The image does not show the surrounding console UI, so the exact placement (upper-left region selector) cannot be visually confirmed. | No label or text accompanies the icon to confirm it represents region/project selection."
umn/source/working_with_rds_for_postgresql/parameter_template_management/creating_a_parameter_template.rst,Creating a Parameter Template,en-us_image_0000001191211679.png,icon,partial,0.77,"The image is a small location-pin / map-marker pictogram, matching the |image1| reference used in step 2 to select a region and project. | It is a symbolic UI icon rather than a full screenshot or page interface. | The icon semantically aligns with the 'select a region' action described in the Procedure section. | No contradiction between the icon and the surrounding RST text.","The image does not show the surrounding console UI, so the exact placement in the upper-left corner cannot be visually confirmed. | No label or text accompanies the icon to confirm it is the region selector."
umn/source/working_with_rds_for_postgresql/parameter_template_management/deleting_a_parameter_template.rst,Deleting a Parameter Template,en-us_image_0000001191211679.png,icon,pass,0.90,"The image is a small gray location-pin / map-marker symbol, consistent with a region/project selector icon. | In the RST, |image1| is referenced in step 2: 'Click |image1| in the upper left corner and select a region and a project,' which matches a location pin icon. | The icon is an isolated UI symbol, not a full screenshot or interactive button. | No contradiction between the image and the surrounding procedure text.","The image does not show the surrounding console UI, so the 'upper left corner' placement cannot be visually confirmed. | No label or text accompanies the icon to explicitly identify it as the region selector."
umn/source/working_with_rds_for_postgresql/parameter_template_management/exporting_a_parameter_template.rst,Exporting a Parameter Template,en-us_image_0000001191211679.png,icon,partial,0.77,"The image is a small location-pin / map-marker symbol, consistent with an icon. | In the RST, |image1| is referenced in step 2: 'Click |image1| in the upper left corner and select a region and a project,' which matches a region/location selector icon. | The icon is used within the Procedure section, supporting the navigation steps for the export workflow. | The visual clearly shows a location pin, providing clear visual evidence of a region selector symbol.","The image is an isolated symbol without surrounding UI context, so its exact placement in the console cannot be confirmed. | No label or text accompanies the icon to explicitly confirm it is the region/project selector."
umn/source/working_with_rds_for_postgresql/parameter_template_management/modifying_a_parameter_template_description.rst,Modifying a Parameter Template Description,en-us_image_0000001191211679.png,icon,pass,1.00,"The image shows a location pin icon, consistent with the RST instruction to click it in the upper left corner to select a region and project. | The icon is a standard UI symbol for region/location selection in cloud management consoles. | It matches step 2 of the procedure for navigating the RDS management console.",
umn/source/working_with_rds_for_postgresql/parameter_template_management/modifying_a_parameter_template_description.rst,Modifying a Parameter Template Description,en-us_image_0000001191211385.png,icon,pass,1.00,"The image shows a pencil/edit icon, consistent with the RST instruction to click it in the Description column to modify the description. | The icon is a standard UI symbol for editing text fields. | It matches step 4 of the procedure for locating and editing the target parameter template.",
umn/source/working_with_rds_for_postgresql/parameter_template_management/modifying_a_parameter_template_description.rst,Modifying a Parameter Template Description,en-us_image_0000001145211348.png,icon,pass,1.00,"The image shows a green checkmark icon, consistent with the RST instruction to click it to submit the modification. | The icon is a standard UI symbol for confirming or submitting an action. | It matches step 5 of the procedure for submitting the new description.",
umn/source/working_with_rds_for_postgresql/parameter_template_management/modifying_a_parameter_template_description.rst,Modifying a Parameter Template Description,en-us_image_0000001191211383.png,icon,pass,1.00,"The image shows a red/pink X mark icon, consistent with the RST instruction to click it to cancel the modification. | The icon is a standard UI symbol for canceling or rejecting an action. | It matches step 5 of the procedure for canceling the description modification.",
umn/source/working_with_rds_for_postgresql/parameter_template_management/modifying_instance_parameters.rst,Modifying Instance Parameters,en-us_image_0000001191211679.png,icon,pass,0.83,"The image is a small isolated gray location-pin (map marker) symbol, consistent with a region/project selector icon. | The RST step 2 instructs to 'Click |image1| in the upper left corner and select a region and a project', which matches a location-pin region selector. | No application UI or interface is visible, so it is classified as an icon rather than a screenshot. | The icon is used in both the 'Modifying Parameters of a DB Instance' and 'Modifying Parameter Template Parameters' procedures as the region selector, making it relevant to those sections.","No surrounding console UI is shown to confirm the icon's exact placement in the RDS console. | Both |image1| and |image2| reference the same file path; only one image is attached, so the second reference cannot be independently verified."
umn/source/working_with_rds_for_postgresql/parameter_template_management/replicating_a_parameter_template.rst,Replicating a Parameter Template,en-us_image_0000001191211679.png,icon,pass,0.90,"The image is a small gray location-pin / map-marker symbol, matching the region-and-project selector icon referenced in step 2. | The RST step 2 states 'Click |image1| in the upper left corner and select a region and a project,' which aligns with a location/region pin icon. | The icon is an isolated UI symbol, not a full screenshot or button, so it is classified as an icon. | No visible interactive controls or button states are present in the isolated image.","The image does not show the surrounding console UI, so the 'upper left corner' placement cannot be visually confirmed. | No label or text accompanies the icon to explicitly identify it as the region/project selector."
umn/source/working_with_rds_for_postgresql/parameter_template_management/resetting_a_parameter_template.rst,Resetting a Parameter Template,en-us_image_0000001191211679.png,icon,partial,0.67,"The image is a small location-pin / map-marker symbol, i.e., an isolated UI icon. | In the RST it is referenced as |image1| in step 2: 'Click |image1| in the upper left corner and select a region and a project', which matches a region/location selector icon. | The icon is generic navigation and only indirectly related to the parameter-template reset topic. | The visual content (a location pin) is clear and consistent with selecting a region/project.","No surrounding console UI is shown, so the icon's exact placement (upper-left corner) cannot be verified from the image alone. | The image does not show the region/project selection menu that the icon would open."
umn/source/working_with_rds_for_postgresql/parameter_template_management/viewing_application_records_of_a_parameter_template.rst,Viewing Application Records of a Parameter Template,en-us_image_0000001191211679.png,icon,partial,0.77,"The image is a small gray location-pin / map-marker symbol, consistent with a region selector icon. | In the RST, |image1| is referenced in step 2 of the Procedure: 'Click |image1| in the upper left corner and select a region and a project,' which matches a region/location icon. | The icon is part of the login/region-selection procedure rather than the parameter-template-specific content, so topic match is partial. | No interactive controls (buttons, menus) are visible in the image itself, only the isolated symbol.","The image does not show the surrounding console UI, so the 'upper left corner' placement cannot be visually confirmed. | No label or tooltip is visible to confirm the icon's exact function (region vs. project selector)."
umn/source/working_with_rds_for_postgresql/parameter_template_management/viewing_parameter_change_history.rst,Viewing Parameter Change History,en-us_image_0000001191211679.png,icon,pass,0.83,"The image is a small gray location-pin / map-marker pictogram, matching an isolated UI symbol (icon). | The RST uses this image as the region/project selector in the step 'Click |image1| in the upper left corner and select a region and a project', which is consistent with a location-pin icon. | The icon supports the navigation steps in both the DB instance and parameter template sections, though it is not directly about parameter change history itself. | No visible interactive controls or buttons are present; it is a static symbolic graphic.","The image does not show the surrounding console UI, so its exact placement in the upper-left corner cannot be visually confirmed. | No label or text accompanies the icon to explicitly identify it as the region/project selector."
umn/source/working_with_rds_for_postgresql/permissions_management/creating_a_user_and_granting_permissions.rst,Creating a User and Granting Permissions,en-us_image_0192954081.png,other,fail,0.00,Local color check detected #3298ff.,
umn/source/working_with_rds_for_postgresql/plugin_management/installing_and_uninstalling_a_plugin_on_the_rds_console.rst,Installing and Uninstalling a Plugin on the RDS Console,en-us_image_0000001191211679.png,icon,pass,1.00,"The image is a small gray location-pin icon, consistent with a region selector in a cloud management console. | The RST references this icon in step 2 of the 'Modifying the shared_preload_libraries Parameter' section: 'Click |image1| in the upper left corner and select a region and a project.' | A location pin is a standard UI symbol for region/area selection in cloud consoles such as Huawei Cloud. | The icon is appropriately sized and styled as an inline UI symbol rather than a full screenshot.",The full console UI context around the icon is not visible; only the isolated icon is shown.
umn/source/working_with_rds_for_postgresql/plugin_management/installing_and_uninstalling_a_plugin_on_the_rds_console.rst,Installing and Uninstalling a Plugin on the RDS Console,en-us_image_0000001841634206.png,icon,pass,1.00,"The image is a small dark downward-pointing chevron/arrow icon, a common UI element for expanding or viewing details. | The RST references this icon in step 6: 'click |image2| next to Loaded shared_preload_libraries parameter values to view the loaded parameter values.' | A downward chevron is a standard symbol for 'view more' or 'expand' actions in console interfaces. | The icon is appropriately sized and styled as an inline UI symbol.",The surrounding UI context (the parameter values panel) is not visible; only the isolated chevron icon is shown.
umn/source/working_with_rds_for_postgresql/plugin_management/installing_and_uninstalling_a_plugin_on_the_rds_console.rst,Installing and Uninstalling a Plugin on the RDS Console,en-us_image_0000001633304538.png,icon,pass,1.00,"The image is a small gray location-pin icon, visually identical or very similar to image1, consistent with a region selector in a cloud management console. | The RST references this icon in step 2 of the 'Installing and Uninstalling a Plugin' section: 'Click |image3| in the upper left corner and select a region.' | A location pin is a standard UI symbol for region/area selection in cloud consoles. | The icon is appropriately sized and styled as an inline UI symbol.",The full console UI context around the icon is not visible; only the isolated icon is shown.
umn/source/working_with_rds_for_postgresql/plugin_management/rds_pg_sql_ccl.rst,rds_pg_sql_ccl,en-us_image_0000002534464226.png,icon,pass,0.93,"The image is an isolated toggle-switch graphic, matching the RST reference |image1| in the step 'Toggle on the SQL throttling switch'. | It directly illustrates the control the user must toggle to enable SQL throttling, aligning with the rds_pg_sql_ccl topic. | The toggle is shown in the off position, consistent with the instruction to turn it on. | No contradiction between the image and the surrounding text.","The image is a generic toggle switch without any label or context indicating it is specifically the SQL throttling switch. | No surrounding UI (page, tab, or button) is visible to confirm the exact console location."
umn/source/working_with_rds_for_postgresql/problem_diagnosis_and_sql_analysis/performance_monitoring/viewing_performance_metrics_of_a_db_instance.rst,Viewing Performance Metrics of a DB Instance,en-us_image_0000001191211679.png,icon,partial,0.77,"The image is a small location/map-pin pictogram, matching the |image1| reference used in step 2 to select a region and project. | It is a symbolic UI icon rather than a full screenshot, so it is classified as an icon. | The icon is relevant to the Procedure section where the user selects a region before navigating to RDS. | No contradiction between the icon and the surrounding RST text.","The icon does not show the surrounding console UI, so its exact placement in the upper-left corner cannot be visually confirmed. | No label or text accompanies the icon to confirm it is the region selector."
umn/source/working_with_rds_for_postgresql/problem_diagnosis_and_sql_analysis/problem_diagnosis/managing_historical_sessions.rst,Managing Historical Sessions,en-us_image_0000001191211679.png,icon,pass,0.90,"The image is a small gray location-pin / map-marker pictogram, i.e., an isolated UI symbol, so it is classified as an icon. | In the RST, |image1| is referenced in Procedure step 2: 'Click |image1| in the upper left corner and select a region and a project.' A location-pin icon is exactly the control used for region/project selection in the console, so the image matches the textual description. | The icon appears in the Procedure section and is directly tied to the step that selects region and project, making it section-relevant. | The visual content (a teardrop pin with a central dot) is clearly visible and unambiguous. | No contradiction between the image and the surrounding RST text.","The image is a standalone icon without surrounding console UI, so the 'upper left corner' placement and the region/project dropdown cannot be visually confirmed from the image alone. | No label or text accompanies the icon, so its exact function is inferred from the RST rather than from the image itself."
umn/source/working_with_rds_for_postgresql/problem_diagnosis_and_sql_analysis/problem_diagnosis/managing_real-time_sessions.rst,Managing Real-Time Sessions,en-us_image_0000001191211679.png,icon,pass,0.83,"The image is a small location-pin / map-marker pictogram, matching the |image1| reference in step 2 ('select a region and a project'). | It is a symbolic UI icon rather than a full screenshot or interactive button. | The icon is semantically consistent with a region selector in the RDS console navigation procedure. | No contradiction between the icon and the surrounding RST text.","The icon is isolated and does not show the surrounding console UI, so its exact placement in the upper-left corner cannot be visually confirmed. | No label or text accompanies the icon to confirm it specifically denotes region/project selection."
umn/source/working_with_rds_for_postgresql/problem_diagnosis_and_sql_analysis/sql_analysis/creating_a_sql_insights_task.rst,Creating a SQL Insights Task,en-us_image_0000001191211679.png,icon,partial,0.77,"The image is a location pin icon, consistent with step 2's instruction to click it in the upper left corner to select a region and project. | It is a generic navigation icon used across cloud management consoles, not specific to SQL Insights or RDS. | The icon clearly depicts a map/location pin symbol, matching the expected UI element for region selection. | No contradictions between the image and the RST text.","The image does not show the surrounding UI context (upper-left corner placement, region/project dropdown). | No label or text is visible in the image to confirm it is specifically the region selector."
umn/source/working_with_rds_for_postgresql/problem_diagnosis_and_sql_analysis/sql_analysis/creating_a_sql_insights_task.rst,Creating a SQL Insights Task,en-us_image_0000002390330393.png,icon,pass,1.00,"The image shows a toggle switch in the off position, directly matching step 7's instruction to click the toggle next to 'Collect All SQL Statements' to enable the feature. | This is the prerequisite control for using SQL Insights, making it highly relevant to the document's topic. | The toggle switch is a standard interactive UI control for enabling/disabling a feature, exactly as described in the RST. | No contradictions; the off-state toggle aligns with the instruction to click it to enable the feature.",The image does not show the 'Collect All SQL Statements' label or surrounding context. | No indication of the 'Log Settings' dialog mentioned in the note for disabling the feature.
umn/source/working_with_rds_for_postgresql/problem_diagnosis_and_sql_analysis/sql_analysis/creating_a_sql_throttling_rule.rst,Creating a SQL Throttling Rule,en-us_image_0000001191211679.png,icon,partial,0.77,"The image is a location pin icon used in step 2 to select a region and project in the upper left corner of the management console. | It is a small symbolic graphic (icon) representing a region/area selector, consistent with the RST instruction to click it to select a region. | The icon is relevant to the procedure but not directly related to SQL throttling functionality itself. | No contradictions between the image and the RST text.",The icon is generic; it does not show any specific label or context that would confirm it is the exact region selector in the RDS console.
umn/source/working_with_rds_for_postgresql/problem_diagnosis_and_sql_analysis/sql_analysis/creating_a_sql_throttling_rule.rst,Creating a SQL Throttling Rule,en-us_image_0000002390330397.png,icon,pass,1.00,"The image shows a toggle switch in the off position, which directly corresponds to the RST instruction in step 7: 'Toggle on the SQL throttling switch.' | It is an isolated UI control symbol (toggle switch), classified as an icon. | The image is directly relevant to the SQL throttling procedure, specifically the step of enabling the feature. | The off-state of the toggle is consistent with the instruction to toggle it on (i.e., the user needs to change it from off to on). | No contradictions between the image and the RST text.",The image does not show any label or surrounding context confirming it is specifically the 'SQL throttling' switch rather than a generic toggle.
umn/source/working_with_rds_for_postgresql/problem_diagnosis_and_sql_analysis/sql_analysis/viewing_slow_query_logs_of_a_db_instance.rst,Viewing Slow Query Logs of a DB Instance,en-us_image_0000001191211679.png,icon,partial,0.77,"The image is a small location-pin / map-marker pictogram, consistent with a region selector icon. | In the RST it is referenced as |image1| in Procedure step 2: 'Click |image1| in the upper left corner and select a region and a project,' which matches a location/region icon. | The icon is part of the general console navigation procedure rather than the slow-query-log feature itself, so topic relevance is moderate. | No visible interactive button or control is present; it is an isolated symbolic graphic.","The image does not show the surrounding console UI, so its exact placement in the upper-left corner cannot be visually confirmed. | No label or text accompanies the icon to explicitly identify it as a region selector."
umn/source/working_with_rds_for_postgresql/read_replicas/creating_a_read_replica.rst,Creating a Read Replica,en-us_image_0000001191211679.png,icon,partial,0.77,"The image is a location pin icon, consistent with the RST instruction to 'Click |image1| in the upper left corner and select a region and a project.' | The icon is a standard UI symbol for region/location selection in cloud management consoles. | It appears in step 2 of the Procedure, which is a general navigation step before accessing RDS. | The visual clearly shows a map/location pin, matching the semantic purpose of region selection.","The image is very small and low-resolution, making it difficult to confirm exact UI context. | No surrounding UI elements are visible to confirm it is in the 'upper left corner' of a console."
umn/source/working_with_rds_for_postgresql/read_replicas/creating_a_read_replica.rst,Creating a Read Replica,en-us_image_0000002509454071.png,icon,partial,0.77,"The image is a small square icon with a plus sign, referenced in step 7 for viewing and managing read replicas on the Instances page. | The RST states 'clicking |image2| on the left of the DB instance to which it belongs' to view the read replica, which is consistent with an expand/add-type icon. | It appears in the final step of the Procedure, after the read replica has been created. | The visual clearly shows a plus symbol in a bordered square, a common UI element for expanding or adding related items.","The image is very small and low-resolution, making it difficult to confirm exact UI context. | No surrounding UI elements are visible to confirm it is positioned 'on the left of the DB instance.' | It is slightly ambiguous whether a plus icon is the standard control for 'viewing and managing' (vs. adding) read replicas."
umn/source/working_with_rds_for_postgresql/read_replicas/managing_a_read_replica.rst,Managing a Read Replica,en-us_image_0000001191211679.png,icon,partial,0.77,Image is a location/region pin icon used as a region selector in the management console | RST describes clicking this icon in the upper left corner to select a region and project | The icon is a standard navigation element consistent with region selection in cloud consoles | Used in both sections (Entering and Deleting) as a common navigation step,No full UI context visible; only the isolated icon is shown | Cannot verify the exact placement in the upper left corner from the icon alone
umn/source/working_with_rds_for_postgresql/read_replicas/managing_a_read_replica.rst,Managing a Read Replica,en-us_image_0000002492732049.png,icon,partial,0.77,"Image is a plus/expand icon in a rounded square, consistent with expanding DB instance details | RST states to click this icon to expand the DB instance details and navigate to the read replica Summary page | The plus symbol is a standard UI convention for expanding/collapsing tree items | Used in the 'Entering the Management Interface Through a Read Replica' section",No surrounding UI context to confirm it appears in the DB instance list | Cannot verify the exact visual appearance in the RDS console from the isolated icon
umn/source/working_with_rds_for_postgresql/read_replicas/managing_a_read_replica.rst,Managing a Read Replica,en-us_image_0000002459823832.png,icon,partial,0.77,"Image is a plus/expand icon in a rounded square, consistent with expanding a DB instance row | RST states to click this icon in front of a DB instance to locate the read replica to be deleted | The plus symbol is a standard UI convention for expanding tree/list items | Used in the 'Deleting a Read Replica' section as the expand control",No surrounding UI context to confirm it appears in the DB instance list | Cannot verify the exact visual appearance in the RDS console from the isolated icon
umn/source/working_with_rds_for_postgresql/task_center/deleting_a_task_record.rst,Deleting a Task Record,en-us_image_0000001191211679.png,icon,pass,0.90,"The image is a small gray location-pin / map-marker pictogram, an isolated UI symbol, so it is classified as an icon. | In the RST, |image1| is referenced in Procedure step 2: 'Click |image1| in the upper left corner and select a region and a project.' A location-pin icon is the standard region/project selector, matching the described action. | The icon appears in the Procedure section and directly supports the navigation step, so it is section-relevant. | The visual content (a teardrop pin with a center dot) is unambiguous and consistent with a region selector control. | No element of the image contradicts the surrounding text.","The image is a standalone icon without surrounding console UI, so the 'upper left corner' placement and the region/project dropdown cannot be visually confirmed. | No label or text accompanies the icon, so its exact function is inferred from the RST rather than from the image alone."
umn/source/working_with_rds_for_postgresql/task_center/viewing_a_task.rst,Viewing a Task,en-us_image_0000001191211679.png,icon,partial,0.77,"The image is a small location-pin / map-marker symbol, matching the RST instruction to 'Click |image1| in the upper left corner and select a region and a project.' | It is used as the region/project selector icon in the navigation steps for both 'Viewing an Instant Task' and 'Viewing a Scheduled Task'. | The icon is an isolated UI symbol, not a full screenshot or interactive button with visible controls. | No contradiction between the icon and the surrounding text describing a region selector.","The image does not show the surrounding console UI, so the exact placement in the upper-left corner cannot be visually confirmed. | No label or text accompanies the icon to confirm it is specifically the region selector."
umn/source/working_with_rds_for_sql_server/backups_and_restorations/configuring_an_intra-region_backup_policy.rst,Configuring an Intra-Region Backup Policy,en-us_image_0000001191211679.png,icon,partial,0.77,"The image is a small location/map-pin icon, matching the RST reference |image1| used in step 2 to select a region and project. | It is an isolated symbolic UI graphic, correctly classified as an icon. | The icon is semantically relevant to the 'Modifying an Automated Backup Policy' procedure where a region selector is clicked in the upper left corner. | No contradiction between the image and the surrounding RST text.","The image is a generic location pin without surrounding console context, so its exact placement in the upper-left corner cannot be visually confirmed. | No label or text accompanies the icon to confirm it specifically denotes region/project selection."
umn/source/working_with_rds_for_sql_server/backups_and_restorations/creating_a_manual_backup.rst,Creating a Manual Backup,en-us_image_0000001191211679.png,icon,partial,0.77,"The image is a small gray location/map-pin pictogram, i.e., an isolated UI symbol, so it is classified as an icon. | In the RST, |image1| and |image2| (both pointing to this file) are described as the control clicked 'in the upper left corner and select a region and a project', which matches a region/location selector icon. | The icon is used in step 2 of both Method 1 and Method 2, supporting the navigation steps of the manual backup procedure. | The visual content (a teardrop location marker with a center dot) is consistent with a region selector and shows no contradiction with the text.","The image is a generic location pin; it does not show the actual console UI, region list, or project selector, so the exact control context is not visible. | No label or text accompanies the icon to confirm it is specifically the region/project selector."
umn/source/working_with_rds_for_sql_server/backups_and_restorations/deleting_a_manual_backup.rst,Deleting a Manual Backup,en-us_image_0000001191211679.png,icon,partial,0.77,"The image is a small location-pin icon, consistent with the RST step 2 instruction to click the icon in the upper left corner to select a region and project. | The icon is a symbolic UI element (region selector), not a full screenshot, so it is classified as an icon. | The icon is semantically appropriate for region selection in the RDS console procedure. | No contradiction between the image and the surrounding RST text.","The image does not show the surrounding console UI, so the exact placement in the upper-left corner cannot be visually confirmed. | No label or text accompanies the icon to explicitly identify it as the region selector."
umn/source/working_with_rds_for_sql_server/backups_and_restorations/downloading_a_backup_file.rst,Downloading a Backup File,en-us_image_0000001191211679.png,icon,partial,0.77,"The image is a location pin icon, used in step 2 of both methods to indicate clicking the region/project selector in the upper left corner of the management console. | The icon semantically matches the text instruction 'Click |image1| in the upper left corner and select a region and a project.' | It is a generic UI navigation icon rather than a screenshot of the RDS backup page, so it provides limited topic-specific detail. | The icon is clearly visible and unambiguous as a location/region selector symbol.",The icon does not show the actual management console interface or the RDS context; it is a standalone symbol. | No surrounding UI elements are visible to confirm the exact placement in the upper left corner.
umn/source/working_with_rds_for_sql_server/backups_and_restorations/downloading_a_backup_file.rst,Downloading a Backup File,en-us_image_0000001145211388.png,icon,pass,0.90,"The image is a copy/duplicate icon (two overlapping squares), used in Method 2 step 5 to indicate clicking to copy the download URL. | The icon semantically matches the text instruction 'click |image3| to copy the URL.' | It is directly relevant to the specific step of copying the backup file download URL in the 'Using Download URL' method. | The icon is clearly visible and unambiguous as a copy action symbol.",The icon does not show the actual dialog box or URL field context; it is a standalone symbol. | No surrounding UI elements are visible to confirm the exact placement within the download dialog.
umn/source/working_with_rds_for_sql_server/backups_and_restorations/replicating_a_backup.rst,Replicating a Backup,en-us_image_0000001191211679.png,icon,partial,0.77,"The image is a small location-pin / map-marker icon, matching the |image1| reference in step 2 ('Click |image1| in the upper left corner and select a region and a project'). | A location/region selector icon is semantically consistent with selecting a region and project in the RDS console procedure. | The icon is used within the Procedure section, supporting the navigation steps for replicating a backup. | The visual clearly shows an isolated location pin symbol, confirming the icon classification.","The image is an isolated icon without surrounding UI context, so its exact placement in the upper-left corner cannot be visually confirmed. | No label or text accompanies the icon to explicitly identify it as the region/project selector."
umn/source/working_with_rds_for_sql_server/backups_and_restorations/restoring_a_db_instance_to_a_point_in_time.rst,Restoring a DB Instance to a Point in Time,en-us_image_0000001191211679.png,icon,partial,0.77,"The image is a small gray location-pin / map-marker pictogram, an isolated UI symbol, so it is classified as an icon. | In the RST, |image1| is referenced in Procedure step 2: 'Click |image1| in the upper left corner and select a region and a project,' which matches a region/project selector icon. | The icon is semantically consistent with selecting a region and project in the management console, supporting the procedure context. | No visible interactive controls (buttons, menus) are present in the isolated image, only a static symbol.","The image does not show the surrounding console UI, so the exact placement ('upper left corner') cannot be visually confirmed. | No label or tooltip is visible to confirm it is specifically the region/project selector rather than a generic location icon."
umn/source/working_with_rds_for_sql_server/backups_and_restorations/restoring_from_backup_files_to_a_self-built_sql_server_database.rst,Restoring from Backup Files to a Self-Built SQL Server Database,en-us_image_0000001145051704.png,screenshot,pass,1.00,"Shows the SSMS 'Restore Database' window with a 'Locate Backup File' file browser, matching Figure 1 'Adding a backup file'. | A .bak backup file is selected in the file list, consistent with adding a decompressed backup file. | The dialog includes OK/Cancel controls as described in the procedure.","The exact file path shown (E:\db_backup) is not stated in the RST, but is plausible."
umn/source/working_with_rds_for_sql_server/backups_and_restorations/restoring_from_backup_files_to_a_self-built_sql_server_database.rst,Restoring from Backup Files to a Self-Built SQL Server Database,en-us_image_0000001191131381.png,screenshot,pass,1.00,"Displays the SSMS 'Restore Database - db8' Options page, matching Figure 2 'Configuring required options'. | Shows restore options, recovery state, and tail-log backup settings, consistent with configuring required information on the Options page. | The Options node is selected in the left pane, aligning with the described step.","Specific option values (e.g., standby file path) are not detailed in the RST."
umn/source/working_with_rds_for_sql_server/backups_and_restorations/restoring_from_backup_files_to_a_self-built_sql_server_database.rst,Restoring from Backup Files to a Self-Built SQL Server Database,en-us_image_0000001191131383.png,screenshot,pass,1.00,"Shows the SSMS Object Explorer with the 'Databases' node highlighted, matching step 5 (right-click Databases). | The interface is the SSMS client as referenced in the procedure. | No contradiction with the surrounding text.",The right-click context menu ('Restore Database') is not visible in this frame.
umn/source/working_with_rds_for_sql_server/backups_and_restorations/restoring_from_backup_files_to_a_self-built_sql_server_database.rst,Restoring from Backup Files to a Self-Built SQL Server Database,en-us_image_0000001191131379.png,screenshot,pass,1.00,"Shows the 'Select backup devices' dialog with 'Backup media type' set to 'File', matching step 6a. | Includes Add/Remove/Contents and OK/Cancel controls as described. | Consistent with specifying backup media and its location.","The backup media list is empty in this frame, which is expected before clicking Add."
umn/source/working_with_rds_for_sql_server/backups_and_restorations/restoring_from_backup_files_to_a_self-built_sql_server_database.rst,Restoring from Backup Files to a Self-Built SQL Server Database,en-us_image_0000001191131385.png,screenshot,pass,1.00,"Shows the 'Restore Database - db8' General page with a restore in progress (progress bar and 'Restoring...' status), matching step 6.3 (click OK to restore). | Source Device and Destination Database (db8) are populated, consistent with restoring to a self-built database. | Restore plan lists Full and Transaction Log backup sets, aligning with the backup file restore.",The final completion state of the restore is not shown.
umn/source/working_with_rds_for_sql_server/backups_and_restorations/restoring_from_backup_files_to_rds_for_sql_server.rst,Restoring from Backup Files to RDS for SQL Server,en-us_image_0000001191211679.png,icon,pass,0.83,"The image is a small location/map-pin symbol, matching the |image1| reference in step 2 where the user clicks it to select a region and project. | It is an isolated UI symbol (icon), not a full screenshot or page interface. | The icon's meaning (region/location selector) aligns with the procedure's instruction to choose a region and project before opening the RDS console. | No contradiction between the icon and the surrounding RST text.","The image alone does not show the surrounding console UI, so the exact placement in the upper-left corner cannot be visually confirmed. | No label or tooltip is visible to confirm it specifically denotes region selection."
umn/source/working_with_rds_for_sql_server/connection_management/applying_for_and_changing_a_private_domain_name.rst,Applying for and Changing a Private Domain Name,en-us_image_0000001191211679.png,icon,pass,1.00,"The image is a small gray location-pin / map-marker pictogram, matching the region selector icon referenced in step 2 ('Click |image1| in the upper left corner and select a region and a project'). | The icon is used identically for both |image1| and |image2|, consistent with the same region-selection step appearing in both the 'Applying for' and 'Changing' procedures. | A location pin is the standard symbol for region/area selection in cloud management consoles, so it semantically fits the navigation context. | No contradiction between the icon and the surrounding RST text.","The image is a generic location pin without surrounding UI, so the exact console context (e.g., Huawei Cloud header) is not visible. | No label or text accompanies the icon to confirm it is the region selector beyond the RST description."
umn/source/working_with_rds_for_sql_server/connection_management/binding_and_unbinding_an_eip.rst,Binding and Unbinding an EIP,en-us_image_0000001191211679.png,icon,partial,0.77,"The image is a small gray location-pin / map-marker symbol, matching the RST's use of |image1|/|image2| as the region selector in the upper-left corner. | It is referenced in both the 'Binding an EIP' and 'Unbinding an EIP' steps ('Click |image1| in the upper left corner and select a region and a project'), so it is semantically relevant to the navigation flow. | The visual content (a location pin icon) is consistent with a region/project selector control, with no contradiction to the surrounding text.","The image is an isolated icon without surrounding UI context, so the exact label or menu it opens is not visible. | No screenshot of the full console is provided to confirm the icon's placement in the upper-left corner."
umn/source/working_with_rds_for_sql_server/connection_management/changing_a_database_port.rst,Changing a Database Port,en-us_image_0000001191211679.png,icon,partial,0.78,"The image is a small location pin/marker icon, consistent with a region selector in a cloud management console. | The RST step 2 instructs the user to 'Click |image1| in the upper left corner and select a region and a project,' which aligns with a location/region icon. | The icon is placed in the Procedure section as part of the step-by-step instructions for changing a database port. | The visual clearly shows a standard location pin symbol, which is the conventional icon for region selection in cloud consoles.","The image is very small and low-resolution, making it difficult to confirm exact styling or label. | No surrounding UI context is visible to confirm it is in the 'upper left corner' as described."
umn/source/working_with_rds_for_sql_server/connection_management/changing_a_database_port.rst,Changing a Database Port,en-us_image_0000002492831361.png,icon,partial,0.78,"The image is a small plus (+) icon inside a rounded square, a common UI symbol for adding or expanding options. | The RST step 4 instructs the user to 'click |image2| first and then click the target read replica,' suggesting the icon opens or reveals read replica options. | The icon is placed in the Procedure section as part of the step-by-step instructions for changing a database port. | A plus icon is a reasonable representation for selecting or expanding to view read replicas in an RDS console.","The image is very small and low-resolution, making it difficult to confirm exact styling or any label. | No surrounding UI context is visible to confirm the exact button placement or tooltip text."
umn/source/working_with_rds_for_sql_server/connection_management/configuring_and_changing_a_floating_ip_address.rst,Configuring and Changing a Floating IP Address,en-us_image_0000001191211679.png,icon,partial,0.77,"The image is a small gray location-pin (map marker) icon, matching the |image1| reference used in step 2 to select a region and project. | A location pin is a conventional symbol for region/area selection, consistent with the RST instruction 'select a region and a project'. | The icon appears within the 'Changing a Floating IP Address' procedure, supporting the navigation steps of the task. | The visual clearly shows an isolated symbolic graphic with no UI interface, confirming the 'icon' classification.",The icon is generic and does not display any text or label confirming it is specifically the region selector. | No surrounding console UI is shown to confirm the exact placement in the upper-left corner.
umn/source/working_with_rds_for_sql_server/data_migration/migrating_data_to_rds_for_sql_server_using_sql_server_management_studio.rst,Migrating Data to RDS for SQL Server Using SQL Server Management Studio,en-us_image_0000001145211626.png,screenshot,pass,1.00,"The image is a data grid screenshot showing rows of database records (test_collection, test1, test2) with IDs, NULL values, binary/hex data, timestamps, and collation names, consistent with a SQL Server Management Studio results pane. | It directly corresponds to the 'Check the data import result' step that runs `select * from sys.databases;` and is captioned 'Figure 1 Data import result' in the RST. | The database names (test1, test2) align with the test database examples used throughout the migration procedure. | No interactive controls or buttons are visible; it is a static results table.","The column headers are partially cut off at the top, so exact column names (e.g., name, database_id, create_date, collation_name) are not fully legible. | No window chrome or SSMS interface elements are visible, so the surrounding application context is not shown."
umn/source/working_with_rds_for_sql_server/data_security/changing_a_security_group.rst,Changing a Security Group,en-us_image_0000001191211679.png,icon,partial,0.77,"The image is a location pin icon used in step 2 to indicate clicking the region/project selector in the upper left corner. | The icon is consistent with the RST description of selecting a region and a project. | It is a general navigation step in the procedure, not directly about security groups but part of the workflow.",The icon is generic and does not show any RDS-specific context. | No surrounding UI is visible to confirm it is in the upper left corner of a console.
umn/source/working_with_rds_for_sql_server/data_security/changing_a_security_group.rst,Changing a Security Group,en-us_image_0000001145051618.png,icon,partial,0.77,"The image is a refresh/reload icon (circular arrow) used in step 8 to indicate clicking to view results after changing the security group. | The icon is consistent with the RST description of clicking to view results on the Summary page. | It is a procedural step for verifying the security group change, relevant to the overall task.",The icon is generic and does not show any RDS-specific context. | No surrounding UI is visible to confirm it is in the upper right corner of the Summary page.
umn/source/working_with_rds_for_sql_server/data_security/configuring_the_tde_function.rst,Configuring the TDE Function,en-us_image_0000001145211414.png,screenshot,pass,1.00,"Shows SQL Query window with 'exec master.dbo.rds_tde db1,1' matching Figure 1 'Enabling TDE' | Messages panel displays 'HW_RDS_Process_Successful' confirming successful TDE enablement | Directly corresponds to step a in the 'Configuring Database-Level TDE' section | SQL Server Management Studio interface is clearly visible",
umn/source/working_with_rds_for_sql_server/data_security/configuring_the_tde_function.rst,Configuring the TDE Function,en-us_image_0000001145211412.png,screenshot,pass,1.00,"Shows SQL Query window with 'exec master.dbo.rds_tde db1,0' matching Figure 2 'Disabling TDE' | Messages panel displays 'HW_RDS_Process_Successful' confirming successful TDE disablement | Directly corresponds to step b in the 'Configuring Database-Level TDE' section | SQL Server Management Studio interface is clearly visible",
umn/source/working_with_rds_for_sql_server/data_security/configuring_the_tde_function.rst,Configuring the TDE Function,en-us_image_0000001191211443.png,screenshot,pass,1.00,"Shows 'exec master.dbo.rds_tde db1,-1' query with Results tab displaying encryption status | Results show is_encrypted=1, Algorithm=AES, KeyLength=256, EncryptionStateDesc=Encrypted matching Figure 3 'Querying the TDE status (Enabled)' | Directly corresponds to step c in the 'Configuring Database-Level TDE' section | Column headers (name, database_id, create_date, is_encrypted, Algorithm, KeyLength, EncryptionStateDesc, PercentComplete) are clearly visible",
umn/source/working_with_rds_for_sql_server/data_security/configuring_the_tde_function.rst,Configuring the TDE Function,en-us_image_0000001191131291.png,screenshot,pass,1.00,"Shows 'exec master.dbo.rds_tde db1,-1' query with Results tab displaying encryption status | Results show is_encrypted=0, Algorithm=NULL, KeyLength=NULL, EncryptionStateDesc=Unencrypted matching Figure 4 'Querying the TDE status (Disabled)' | Directly corresponds to step c in the 'Configuring Database-Level TDE' section | The 'Unencrypted' status is highlighted in the EncryptionStateDesc column",
umn/source/working_with_rds_for_sql_server/data_security/configuring_the_tde_function.rst,Configuring the TDE Function,en-us_image_0000001145051606.png,screenshot,pass,1.00,"Shows 'exec master.dbo.rds_tde null,-1' query with Results tab displaying multiple databases | Results show tempd, db1, model, master, msdb with mixed encryption statuses matching Figure 5 'Querying the TDE status of all databases' | Directly corresponds to step d in the 'Configuring Database-Level TDE' section | Multiple rows with varying is_encrypted values (0 and 1) confirm the 'all databases' query",
umn/source/working_with_rds_for_sql_server/data_security/configuring_the_tde_function.rst,Configuring the TDE Function,en-us_image_0000001191211679.png,icon,pass,1.00,Shows a location pin / map marker icon used as |image1| in step 2 of 'Enabling Instance-Level TDE' | The document states 'Click |image1| in the upper left corner and select a region and a project' which matches a region/location selector icon | Small symbolic graphic consistent with a UI icon for region selection | No contradictions with the document context,
umn/source/working_with_rds_for_sql_server/data_security/configuring_the_tde_function.rst,Configuring the TDE Function,en-us_image_0000001191211447.png,icon,pass,0.93,Shows a magnifying glass / search icon used as |image2| in step 5 of 'Enabling Instance-Level TDE' | The document states 'click |image2| in the TDE field to enable TDE' which references this icon in the TDE configuration context | Small symbolic graphic consistent with a UI action icon | A magnifying glass for 'enabling TDE' is slightly unconventional but could represent a 'view/configure' action button in the TDE field,The exact UI context (TDE field in DB Information area) is not visible in the icon alone | Whether this magnifying glass icon is the standard icon for TDE enablement in the RDS console is not independently verifiable from the image alone
umn/source/working_with_rds_for_sql_server/data_security/resetting_the_administrator_password.rst,Resetting the Administrator Password,en-us_image_0000001191211679.png,icon,pass,0.90,"The image is a small gray location-pin / map-marker icon, matching the 'select a region and a project' control described in the RST. | The RST instructs 'Click |image1| in the upper left corner and select a region and a project', which is exactly the function of a region/location icon. | The same image is referenced for both Method 1 and Method 2 step 2, consistent with a shared region-selector icon. | The icon is an isolated symbolic graphic, not a full UI screenshot, so it is classified as an icon.","The image does not show the surrounding console UI, so the 'upper left corner' placement cannot be visually confirmed. | No label or text is visible on the icon to confirm it is the region selector beyond its shape."
umn/source/working_with_rds_for_sql_server/dba_assistant/storage_analysis.rst,Storage Analysis,en-us_image_0000001191211679.png,icon,pass,1.00,"The image is a location pin / map marker icon, consistent with a region selector in a cloud management console. | The RST states 'Click |image1| in the upper left corner and select a region and a project,' which matches a location/region icon. | The icon is small, symbolic, and isolated, fitting the 'icon' classification. | No contradictions between the image and the surrounding text.","The icon is very small and low-resolution, but its shape (teardrop pin with center dot) is clearly a location/region marker."
umn/source/working_with_rds_for_sql_server/dba_assistant/storage_analysis.rst,Storage Analysis,en-us_image_0000002409825729.png,icon,pass,1.00,"The image is a small upward-pointing chevron/arrow, a standard expand/collapse UI indicator. | The RST states 'You can click |image2| in front of a database to expand the list of files contained in the database,' which matches an expand chevron icon. | The icon is small, symbolic, and isolated, fitting the 'icon' classification. | No contradictions between the image and the surrounding text.","The icon is very small and low-resolution, but its shape (upward chevron) is clearly an expand/collapse indicator."
umn/source/working_with_rds_for_sql_server/distributed_transactions.rst,Distributed Transactions,en-us_image_0000001145051556.png,screenshot,pass,1.00,"The image shows the Local DTC Properties dialog with the Security tab active, matching the RST reference 'Figure 1 Local DTC properties'. | The RST instructs to click the Security tab and configure information as shown in this figure, and the image displays exactly that configuration page. | The image is in the 'Configuring MSDTC on a Remote Server' section, which is precisely what the dialog represents. | Visible settings include Network DTC Access, Allow Remote Clients, Allow Inbound/Outbound, No Authentication Required, Enable XA Transactions, and Enable SNA LU 6.2 Transactions, all relevant to MSDTC configuration. | No contradictions between the RST text and the image content.","The RST does not specify exactly which settings should be enabled, only saying 'configure information as required as shown', so the specific highlighted settings in the image serve as the reference."
umn/source/working_with_rds_for_sql_server/distributed_transactions.rst,Distributed Transactions,en-us_image_0000001191211679.png,icon,partial,0.67,"The image is a small location pin/marker icon, used as a navigation element for selecting region and project. | The RST references this icon (as |image1|, |image3|, |image4|, |image5|) in the step 'Click [icon] in the upper left corner and select a region and a project', which is a generic navigation step. | The icon is a generic UI navigation element and is only tangentially related to the distributed transactions topic. | The location pin icon is semantically appropriate for region/project selection. | No contradictions between the RST usage and the icon's appearance.",The icon does not provide specific information about distributed transactions; it is a generic navigation element. | The actual UI context (upper left corner of the management console) is not visible in the image.
umn/source/working_with_rds_for_sql_server/distributed_transactions.rst,Distributed Transactions,en-us_image_0000001191211405.png,icon,partial,0.78,"The image is a small magnifying glass (search) icon, referenced as |image2| in the RST. | The RST instructs: 'On the displayed page, click [icon] in the Distributed Transaction field' to enable the distributed transaction function. | The icon is in the 'Enabling Distributed Transactions' section, making it directly relevant to that procedure. | A magnifying glass icon is typically associated with search functionality, which is somewhat unusual for an 'enable' action in a field, creating a minor semantic mismatch. | The visual evidence clearly shows a magnifying glass icon.",The actual UI context showing where this icon appears in the Distributed Transaction field is not visible. | It is unclear whether this magnifying glass icon represents a toggle/enable action or a search action in the specific RDS console UI.
umn/source/working_with_rds_for_sql_server/instance_lifecycle/creating_a_same_db_instance_as_an_existing_db_instance.rst,Creating a Same DB Instance as an Existing DB Instance,en-us_image_0000001191211679.png,icon,pass,0.90,"The image is a small gray location-pin / map-marker symbol, matching the region selector icon referenced in step 2. | The RST step 2 instructs to click the icon in the upper left corner to select a region and a project, which aligns with a location-pin icon. | The icon is used within the Procedure section and is directly relevant to the described workflow. | No contradiction between the image content and the surrounding text.","The image is an isolated symbol without surrounding UI context, so its exact placement (upper left corner) cannot be visually confirmed. | No label or text accompanies the icon to explicitly identify it as the region/project selector."
umn/source/working_with_rds_for_sql_server/instance_lifecycle/deleting_a_db_instance_or_read_replica.rst,Deleting a DB Instance or Read Replica,en-us_image_0000001191211679.png,icon,partial,0.77,"The image is a small location-pin icon, consistent with its use in the RST as a region/project selector in the upper-left corner of the console. | It appears in both the 'Deleting a DB Instance' and 'Deleting a Read Replica' procedures as the navigation step to select a region and project. | The icon is a standard UI symbol (pictogram) for location/region selection, not a screenshot or full interface element. | No interactive buttons are visible; it is a static symbolic graphic.","The icon does not show any surrounding UI context (e.g., the console header) that would confirm its exact placement in the upper-left corner. | No label or text accompanies the icon in the image itself."
umn/source/working_with_rds_for_sql_server/instance_lifecycle/deleting_a_db_instance_or_read_replica.rst,Deleting a DB Instance or Read Replica,en-us_image_0000001191131419.png,icon,pass,0.83,"The image is a small downward chevron (v-shaped arrow) icon, consistent with its use in the RST to expand and display read replicas for a DB instance. | It is used specifically in the 'Deleting a Read Replica' section, step 4, where the user clicks it to reveal all read replicas. | The icon is a standard UI symbol for expanding/collapsing a list, not a screenshot or full interface element. | No interactive buttons are visible; it is a static symbolic graphic.","The icon does not show any surrounding UI context (e.g., the instance row or table) that would confirm its exact placement. | No label or text accompanies the icon in the image itself."
umn/source/working_with_rds_for_sql_server/instance_lifecycle/exporting_db_instance_information.rst,Exporting DB Instance Information,en-us_image_0000001191211679.png,icon,partial,0.77,"The image is a location pin icon, consistent with the RST instruction to 'select a region and a project' in the upper left corner. | The icon is a small symbolic graphic used as a UI element reference, not a full screenshot. | It is referenced as image1 and image3 in the RST for region/project selection steps.",The icon does not show any text label or surrounding UI context to confirm it is specifically the region selector.
umn/source/working_with_rds_for_sql_server/instance_lifecycle/rebooting_db_instances_or_read_replicas.rst,Rebooting DB Instances or Read Replicas,en-us_image_0000001191211679.png,icon,pass,1.00,"The image is a location pin/marker icon, consistent with selecting a region in a cloud management console. | The RST states 'Click |image1| in the upper left corner and select a region and a project,' which matches a region/location selector icon. | The icon is a standard UI symbol for region or location selection.","The icon is small and low-resolution, but the shape is clearly a location pin."
umn/source/working_with_rds_for_sql_server/instance_lifecycle/rebooting_db_instances_or_read_replicas.rst,Rebooting DB Instances or Read Replicas,en-us_image_0000002459664204.png,icon,pass,0.83,"The image shows a plus sign (+) inside a bordered square, a common UI icon for adding or expanding items. | The RST states 'click |image2| and then locate the target read replica,' suggesting this icon triggers a view or filter to show read replicas. | A plus sign is a generic icon; its specific meaning in this context (showing read replicas) is plausible but not explicitly confirmed by the icon alone.",The icon is very small and low-resolution; the exact label or tooltip is not visible. | It is unclear whether the plus sign specifically means 'show read replicas' or 'add new' in this UI context.
umn/source/working_with_rds_for_sql_server/instance_lifecycle/rebooting_db_instances_or_read_replicas.rst,Rebooting DB Instances or Read Replicas,en-us_image_0000002514985127.png,icon,pass,1.00,"The image shows three horizontal dots (ellipsis), the standard 'more options' or 'menu' icon. | The RST states 'Click |image3| and choose Reboot in the upper right corner,' which aligns with a menu icon that reveals additional actions like Reboot. | The three-dot icon is a universally recognized symbol for accessing additional options in a UI.","The icon is small and low-resolution, but the three-dot pattern is clearly identifiable."
umn/source/working_with_rds_for_sql_server/instance_lifecycle/recycling_a_db_instance.rst,Recycling a DB Instance,en-us_image_0000001191211679.png,icon,partial,0.77,"The image is a small gray location-pin / map-marker pictogram, an isolated UI symbol, so it is classified as an icon. | The RST references this image as |image1|/|image2| in the step 'Click ... in the upper left corner and select a region and a project', which is consistent with a region-selector pin icon. | The icon is used in the navigation steps of both the 'Modifying Recycling Policy' and 'Rebuilding a DB Instance' sections, so it is topically relevant to the document. | No interactive controls (buttons, links, menus) are visible in the image, only a static symbol.","The image does not show any surrounding console UI, so its exact placement in the upper-left corner cannot be visually confirmed. | No label or text accompanies the icon, so its specific function (region vs. project selector) is inferred from the RST rather than the image itself."
umn/source/working_with_rds_for_sql_server/instance_lifecycle/selecting_displayed_items.rst,Selecting Displayed Items,en-us_image_0000001191211679.png,icon,partial,0.77,"The image is a location pin/marker icon, consistent with the RST instruction to 'select a region and a project' in step 2. | It is a prerequisite step for accessing the RDS console, not directly about selecting displayed items. | The icon is a standard UI symbol for region/location selection in cloud management consoles. | No contradiction between the icon and its described usage in the procedure.","The icon is very small and low-resolution, making fine details hard to discern. | No surrounding UI context is visible to confirm it appears in the upper left corner as described."
umn/source/working_with_rds_for_sql_server/instance_lifecycle/selecting_displayed_items.rst,Selecting Displayed Items,en-us_image_0000001145051752.png,icon,pass,1.00,"The image is a gear/cog settings icon, directly matching the RST instruction to 'edit columns displayed in the DB instance list' in step 4. | This is the core action of the 'Selecting Displayed Items' procedure, making it highly relevant to the topic. | A gear icon is a standard UI symbol for configuration/settings, appropriate for customizing displayed columns. | No contradiction between the icon and its described usage.",The icon is small and low-resolution; fine details are limited. | No surrounding UI context is visible to confirm it appears on the Instances page as described.
umn/source/working_with_rds_for_sql_server/instance_lifecycle/starting_a_db_instance.rst,Starting a DB Instance,en-us_image_0000002378606722.png,icon,pass,1.00,"The image is a small gray location-pin (map marker) pictogram, matching the 'region/project' selector icon referenced in step 2 of the Procedure. | The RST instructs to 'Click |image1| in the upper left corner and select a region and a project', and a location pin is the standard symbol for that control. | The icon is an isolated symbolic graphic with no surrounding UI, so it is classified as an icon rather than a screenshot. | No interactive buttons or controls are visible within the image itself.","The image shows only the icon in isolation, without the surrounding management-console context (upper-left corner placement) that the RST describes. | No label or text accompanies the icon to confirm it is the region/project selector."
umn/source/working_with_rds_for_sql_server/instance_lifecycle/stopping_a_db_instance.rst,Stopping a DB Instance,en-us_image_0000002388704389.png,icon,pass,0.90,"The image is a small gray location-pin / map-marker symbol, matching the region-and-project selector icon referenced in Procedure step 2. | The RST step 2 states 'Click |image1| in the upper left corner and select a region and a project,' which aligns with a location/region selector icon. | The icon is an isolated UI symbol, not a full screenshot or interactive button, so it is classified as an icon. | No contradiction between the icon and the surrounding procedure text.","The image is a generic region-selector pin; it does not show the surrounding console UI, so the 'upper left corner' placement cannot be visually confirmed from the image alone. | No label or text accompanies the icon to explicitly identify it as the region/project selector."
umn/source/working_with_rds_for_sql_server/instance_modifications/changing_a_db_instance_class.rst,Changing a DB Instance Class,en-us_image_0000001191211679.png,icon,partial,0.77,"The image is a small location/map-pin icon, matching the RST reference |image1| used in step 2 to select a region and project. | A location pin is a standard symbol for region/area selection in a management console, consistent with the procedure's context. | The icon appears in the Procedure section where the user logs in and selects a region, so it is topically relevant. | The visual clearly shows an isolated location pin symbol with no surrounding UI, supporting the 'icon' classification. | No contradiction between the icon and the surrounding RST text.","The image is an isolated symbol without surrounding console UI, so the exact placement (upper-left corner) cannot be visually confirmed. | No label or text accompanies the icon to explicitly confirm it is the region selector."
umn/source/working_with_rds_for_sql_server/instance_modifications/changing_a_db_instance_name.rst,Changing a DB Instance Name,en-us_image_0000001191211679.png,icon,pass,1.00,Location pin icon matches the RST context of selecting a region and project in the upper left corner | Standard UI icon for region/area selection in cloud management consoles | Used in step 2 of the procedure for navigating to the RDS console,
umn/source/working_with_rds_for_sql_server/instance_modifications/changing_a_db_instance_name.rst,Changing a DB Instance Name,en-us_image_0000001191211385.png,icon,pass,1.00,Pencil/edit icon matches the RST context of editing the DB instance name | Used in step 4 both for the Instances page and the Summary page to initiate name editing | Standard UI convention for edit actions,
umn/source/working_with_rds_for_sql_server/instance_modifications/changing_a_db_instance_name.rst,Changing a DB Instance Name,en-us_image_0000001145051850.png,icon,pass,1.00,Green checkmark icon matches the RST context of submitting/confirming the name change | Used in step 4 as the submit action for the DB instance name change | Standard UI convention for confirm/accept actions,
umn/source/working_with_rds_for_sql_server/instance_modifications/changing_a_db_instance_name.rst,Changing a DB Instance Name,en-us_image_0000001145211644.png,icon,pass,1.00,X/cancel icon matches the RST context of canceling the name change | Used in step 4 as the cancel action for the DB instance name change | Standard UI convention for cancel/dismiss actions,
umn/source/working_with_rds_for_sql_server/instance_modifications/changing_a_db_instance_type_from_single_to_primary_standby.rst,Changing a DB Instance Type from Single to Primary/Standby,en-us_image_0000001191211679.png,icon,partial,0.77,"Image is a location pin icon used in step 2 to select a region and project in the management console | The icon is a generic navigation element, not specific to the RDS type-change operation | The RST context says 'Click |image1| in the upper left corner and select a region and a project', which aligns with a location/region selector icon | The icon is clearly visible and unambiguous as a location pin",No surrounding UI context visible to confirm it is in the upper left corner of a console | No text label visible on the icon to confirm its exact function
umn/source/working_with_rds_for_sql_server/instance_modifications/changing_a_db_instance_type_from_single_to_primary_standby.rst,Changing a DB Instance Type from Single to Primary/Standby,en-us_image_0000001191211587.png,icon,pass,0.90,"Image is a circular refresh/reload arrow icon | The RST explicitly states 'click |image2| to refresh the list' in step 6, which perfectly matches a refresh icon | Used in the context of verifying the DB instance type change result on the Instances page | The icon is clearly visible and unambiguous as a refresh symbol",No surrounding UI context visible to confirm it is in the upper right corner of the instance list | No text label visible on the icon
umn/source/working_with_rds_for_sql_server/instance_modifications/changing_a_storage_type.rst,Changing a Storage Type,en-us_image_0000001191211679.png,icon,pass,0.90,"The image is a small location-pin / map-marker icon, matching the |image1| reference in step 2 ('Click |image1| in the upper left corner and select a region and a project'). | A location pin is the standard symbol for a region selector in the management console, so it aligns with the described action. | The icon appears in the Procedure section where the region/project selection step is documented. | No contradiction between the icon and the surrounding RST text.","The image is an isolated icon without surrounding UI context, so the exact placement (upper-left corner) cannot be visually confirmed. | No label or text accompanies the icon to explicitly identify it as the region selector."
umn/source/working_with_rds_for_sql_server/instance_modifications/changing_the_failover_priority.rst,Changing the Failover Priority,en-us_image_0000001191211679.png,icon,pass,0.90,"The image is a small gray location-pin / map-marker glyph, an isolated UI symbol, so it is classified as an icon. | In the RST, |image1| is referenced in Procedure step 2: 'Click |image1| in the upper left corner and select a region and a project.' A location-pin icon is the standard region/project selector symbol, matching the described control. | The icon appears in the Procedure section and is directly tied to the login/region-selection step, so it is section-relevant. | The visual content (a teardrop pin with a center dot) is consistent with a region selector and shows no contradiction with the text.","The image is an isolated glyph without surrounding console UI, so the 'upper left corner' placement and the region/project dropdown cannot be visually confirmed. | No label or text accompanies the icon, so its exact function is inferred from the RST reference rather than from the image alone."
umn/source/working_with_rds_for_sql_server/instance_modifications/changing_the_maintenance_window.rst,Changing the Maintenance Window,en-us_image_0000001191211679.png,icon,pass,0.90,"The image is a small gray location-pin / map-marker pictogram, consistent with a region/project selector icon. | In the RST, |image1| is used in Procedure step 2: 'Click |image1| in the upper left corner and select a region and a project,' which matches a location/region icon. | The icon is an isolated symbolic graphic with no surrounding UI, so it is classified as an icon rather than a screenshot. | No interactive controls (buttons, menus) are visible within the image itself.","The image does not show the surrounding console UI, so the 'upper left corner' placement cannot be visually confirmed. | No label or tooltip is visible to confirm it specifically denotes region/project selection."
umn/source/working_with_rds_for_sql_server/instance_modifications/configuring_autoscaling.rst,Configuring Autoscaling,en-us_image_0000001633304538.png,icon,partial,0.77,"The image is a location pin icon, consistent with the RST instruction to 'Click |image1| in the upper left corner and select a region.' | It is a small symbolic UI icon used for region selection in the navigation procedure. | The icon is part of the Procedure section for configuring autoscaling, providing navigational context rather than direct autoscaling content. | No contradictions between the image and the RST text.",The image does not show the full UI context (upper-left corner placement) since it is an isolated icon. | No visible text label confirming it is specifically the region selector.
umn/source/working_with_rds_for_sql_server/instance_modifications/configuring_autoscaling.rst,Configuring Autoscaling,en-us_image_0000001954623816.png,icon,partial,0.77,"The image is a plus-sign icon in a bordered square, consistent with the RST instruction to 'click |image2| in front of a DB instance to locate the read replica.' | A plus icon is a common UI symbol for expanding or revealing associated items (e.g., read replicas under a primary instance). | It is part of the Procedure section, step 4, providing navigational context for the autoscaling configuration workflow. | No contradictions between the image and the RST text.",The image does not show the full table row context where the icon would appear in front of a DB instance. | No visible text label confirming its specific function as a read-replica locator.
umn/source/working_with_rds_for_sql_server/instance_modifications/introduction_to_instance_overview.rst,Introduction to Instance Overview,en-us_image_0000001191211679.png,icon,partial,0.77,"The image is a small gray location-pin / map-marker symbol, consistent with an isolated UI icon. | In the RST, |image1| is used in step 2: 'Click |image1| in the upper left corner and select a region and a project,' which matches a region-selector location icon. | The icon is semantically appropriate for selecting a region/project in a cloud management console. | No visible interactive button controls or magenta styling are present in the isolated icon.","The image is a standalone symbol without surrounding console UI, so its exact placement (upper-left corner) cannot be visually confirmed. | No label or text accompanies the icon to explicitly confirm it is the region selector."
umn/source/working_with_rds_for_sql_server/instance_modifications/manually_switching_between_primary_and_standby_db_instances.rst,Manually Switching Between Primary and Standby DB Instances,en-us_image_0000001191211679.png,icon,partial,0.72,"The image is a location pin icon, consistent with the RST instruction to 'select a region and a project' in step 2. | It is a small isolated symbolic graphic (icon), not a full UI screenshot. | The icon is relevant to the navigation procedure but not directly to the primary/standby switchover topic itself. | No contradiction between the icon and its described usage in the document.","The icon is very small and low-resolution, making it difficult to confirm exact visual details. | No surrounding UI context is visible to confirm it appears in the 'upper left corner' as described."
umn/source/working_with_rds_for_sql_server/instance_modifications/manually_switching_between_primary_and_standby_db_instances.rst,Manually Switching Between Primary and Standby DB Instances,en-us_image_0000001191131421.png,icon,pass,0.83,"The image is a refresh/reload icon (circular arrow), which directly matches the RST instruction to 'refresh the list' in step 7. | It is a small isolated symbolic graphic (icon), not a full UI screenshot. | The icon is part of the post-switchover verification procedure, relevant to the overall topic. | No contradiction between the refresh icon and its described usage in the document.",No surrounding UI context is visible to confirm it appears in the 'upper right corner of the DB instance list' as described.
umn/source/working_with_rds_for_sql_server/instance_modifications/scaling_up_storage_space.rst,Scaling Up Storage Space,en-us_image_0000001191211679.png,icon,pass,0.83,"The image is a small location-pin / map-marker icon, consistent with a region selector symbol. | In the RST it is referenced as |image1| in Procedure step 2: 'Click |image1| in the upper left corner and select a region and a project.', which semantically matches a location/region icon. | The icon is isolated and symbolic, fitting the 'icon' classification rather than a screenshot. | No interactive controls (buttons, menus) are visible within the image itself. | No contradiction between the icon and the surrounding RST text.","The image does not show the surrounding console UI, so the 'upper left corner' placement cannot be visually confirmed. | No label or text accompanies the icon to explicitly identify it as a region selector."
umn/source/working_with_rds_for_sql_server/interconnection_with_cts/viewing_tracing_events.rst,Viewing Tracing Events,en-us_image_0000001145051826.png,icon,pass,0.90,"The image is a small downward-pointing chevron, a typical expand/collapse indicator icon. | In the RST it is referenced as |image1| in step 6: 'Click |image1| on the left of the required trace to expand its details,' which matches a downward expand arrow. | It is an isolated UI symbol rather than a full console screenshot, so it is classified as an icon. | The icon is semantically consistent with the procedure of expanding trace details in the CTS Trace List.","No surrounding UI context (e.g., trace list table or navigation pane) is visible in the image. | No text or label accompanies the icon to confirm its exact placement."
umn/source/working_with_rds_for_sql_server/log_management/viewing_and_downloading_slow_query_logs.rst,Viewing and Downloading Slow Query Logs,en-us_image_0000001145211498.png,screenshot,pass,1.00,"Image shows SSMS with the exact SQL command from the RST: select * from ::fn_trace_gettable('D:\SQLTrace\audit\SQLTrace.trc', default) | Results tab displays columns TextData, BinaryData, DatabaseID, TransactionID matching slow query log details | Directly corresponds to Figure 1 referenced in the Viewing Slow Query Logs section | The query text at the top matches the example command in the RST exactly",
umn/source/working_with_rds_for_sql_server/log_management/viewing_and_downloading_slow_query_logs.rst,Viewing and Downloading Slow Query Logs,en-us_image_0000001191211679.png,icon,pass,1.00,"Location pin icon used as |image1|, |image5|, |image7| for selecting region and project in the upper left corner | Matches the RST instruction: Click in the upper left corner and select a region and a project | Standard UI icon for region/project selection in Huawei Cloud console",
umn/source/working_with_rds_for_sql_server/log_management/viewing_and_downloading_slow_query_logs.rst,Viewing and Downloading Slow Query Logs,en-us_image_0000001145051706.png,icon,pass,1.00,Pencil/edit icon used as |image2| to change the threshold of slow query log | Matches RST: click in the Threshold of Slow Query Log (long_query_time) field to change the threshold | Standard edit icon appropriate for modifying a parameter value,
umn/source/working_with_rds_for_sql_server/log_management/viewing_and_downloading_slow_query_logs.rst,Viewing and Downloading Slow Query Logs,en-us_image_0000001191211533.png,icon,pass,1.00,"Green checkmark icon used as |image3| to submit the change | Matches RST: To submit the change, click | Standard confirmation/submit icon",
umn/source/working_with_rds_for_sql_server/log_management/viewing_and_downloading_slow_query_logs.rst,Viewing and Downloading Slow Query Logs,en-us_image_0000001191131375.png,icon,pass,1.00,"Pink/magenta X icon used as |image4| to cancel the change | Matches RST: To cancel the change, click | Standard cancel/close icon",
umn/source/working_with_rds_for_sql_server/log_management/viewing_and_downloading_slow_query_logs.rst,Viewing and Downloading Slow Query Logs,en-us_image_0000001191211405.png,icon,pass,1.00,Magnifying glass icon used as |image6| to enable the slow query log function | Matches RST in Viewing Slow Query Logs section: click to enable the slow query log function | Search/view icon consistent with accessing log details,
umn/source/working_with_rds_for_sql_server/log_management/viewing_and_downloading_slow_query_logs.rst,Viewing and Downloading Slow Query Logs,en-us_image_0000001145211504.png,icon,pass,1.00,"Magnifying glass icon used as |image8| to enable the slow query log function | Matches RST in Downloading a Log section: click to enable the slow query log function | Same icon type as image6, consistent with the RST reference",
umn/source/working_with_rds_for_sql_server/log_management/viewing_system_logs.rst,Viewing System Logs,en-us_image_0000001191211679.png,icon,partial,0.77,"The image is a location pin icon, consistent with the RST instruction to click it to select a region and project. | It is a small symbolic graphic (icon) used as a UI element in the navigation procedure. | The icon is generic (location/region selector) and not specific to the system logs topic, but it is correctly placed in the navigation steps. | No contradictions between the image and the RST description.","The icon is very small and low-resolution, making fine details hard to discern. | No surrounding UI context is visible to confirm it appears in the upper left corner of the console."
umn/source/working_with_rds_for_sql_server/log_management/viewing_system_logs.rst,Viewing System Logs,en-us_image_0000001145211382.png,icon,pass,0.90,"The image is a calendar icon, which directly matches the RST instruction to click it to view logs generated in different time segments. | It is a small symbolic graphic (icon) representing a date/time picker, appropriate for the log time-range selection context. | The icon is directly relevant to the Viewing Log Details section where time-segment filtering of logs is described. | No contradictions between the image and the RST description.","The icon is very small and low-resolution, making fine details hard to discern. | No surrounding UI context is visible to confirm it appears in the upper right corner of the System Logs page."
umn/source/working_with_rds_for_sql_server/managing_tags.rst,Managing Tags,en-us_image_0000001191211679.png,icon,partial,0.77,"The image is a small gray location-pin / map-marker pictogram, matching the RST reference used for selecting a region and project in the upper-left corner. | It is referenced as |image1|, |image2|, and |image3| in the Adding, Editing, and Deleting a Tag procedures, all pointing to the same file. | The icon semantically aligns with the navigation step 'select a region and a project' rather than with tag management itself. | No interactive controls or buttons are visible; it is an isolated symbolic graphic.","The image does not show the surrounding console UI, so the exact placement in the upper-left corner cannot be visually confirmed. | No label or text accompanies the icon to explicitly identify it as the region/project selector."
umn/source/working_with_rds_for_sql_server/metrics_and_alarms/viewing_monitoring_metrics.rst,Viewing Monitoring Metrics,en-us_image_0000001191211679.png,icon,partial,0.77,"The image is a small location-pin / map-marker pictogram, matching the |image1| reference used in step 2 to select a region and project. | It is a symbolic UI icon rather than a full screenshot or interactive control. | The icon is semantically consistent with the 'select a region and a project' action described in the Procedure section. | No contradiction between the icon and the surrounding RST text.",The icon alone does not show the surrounding console UI or the region/project selection menu it triggers. | No label or text accompanies the icon to confirm its exact function beyond the RST description.
umn/source/working_with_rds_for_sql_server/parameter_template_management/applying_a_parameter_template.rst,Applying a Parameter Template,en-us_image_0000001191211679.png,icon,partial,0.77,"The image is a small location-pin icon, matching the RST reference in step 2 where the user clicks an icon in the upper left corner to select a region and project. | A location/region selector icon is semantically consistent with choosing a region in the management console. | The icon is used within the Procedure section, supporting the navigation steps before reaching the Parameter Templates page. | The visual clearly shows an isolated symbolic graphic (location marker), confirming the icon classification.","The image does not show the surrounding console UI, so the exact placement in the upper-left corner cannot be visually confirmed. | No label or text accompanies the icon to explicitly indicate 'region' selection."
umn/source/working_with_rds_for_sql_server/parameter_template_management/comparing_parameter_templates.rst,Comparing Parameter Templates,en-us_image_0000001191211679.png,icon,pass,0.83,"The image is a small location-pin (map marker) symbol, consistent with a region selector icon. | The RST instructs to 'Click |image1| in the upper left corner and select a region and a project,' which matches a region/location icon. | The same image is reused for |image2| in the second procedure, both serving as the region selector step. | The icon is a standalone symbolic graphic, not a full UI screenshot, so it is classified as an icon.","The image does not show surrounding console UI, so its exact placement in the upper-left corner cannot be visually confirmed. | No label or text accompanies the icon to explicitly identify it as the region selector."
umn/source/working_with_rds_for_sql_server/parameter_template_management/creating_a_parameter_template.rst,Creating a Parameter Template,en-us_image_0000001191211679.png,icon,partial,0.77,"The image is a small location-pin / map-marker icon, matching the |image1| reference in step 2 ('Click |image1| in the upper left corner and select a region and a project'). | A location pin is the conventional symbol for a region selector, consistent with the surrounding text about selecting a region and project. | The icon is used within the Procedure section, so it is contextually relevant to the steps for creating a parameter template. | No contradiction between the icon and the RST description.","The image is a generic location pin without any label, so its exact placement in the console UI cannot be confirmed from the image alone. | No surrounding UI context is visible to verify it is the upper-left region selector."
umn/source/working_with_rds_for_sql_server/parameter_template_management/deleting_a_parameter_template.rst,Deleting a Parameter Template,en-us_image_0000001191211679.png,icon,pass,0.90,"The image is a small gray location-pin / map-marker icon, matching the region/project selector referenced in step 2. | The RST step 2 says 'Click |image1| in the upper left corner and select a region and a project', which is exactly what a location-pin icon represents in a cloud console. | The icon is an isolated symbolic graphic, so it is classified as an icon rather than a screenshot. | No interactive button styling or control state is visible in the isolated icon.","The image does not show the surrounding console UI, so the 'upper left corner' placement cannot be visually confirmed. | No label or text accompanies the icon to explicitly identify it as the region selector."
umn/source/working_with_rds_for_sql_server/parameter_template_management/exporting_a_parameter_template.rst,Exporting a Parameter Template,en-us_image_0000001191211679.png,icon,pass,0.90,"The image is a small gray location-pin / map-marker icon, an isolated UI symbol, so it is classified as an icon. | In the RST, |image1| is referenced in Procedure step 2: 'Click |image1| in the upper left corner and select a region and a project,' which matches a region/project selector icon. | The location-pin glyph is the conventional symbol for a region selector in cloud management consoles, consistent with the described action. | The icon appears in the Procedure section and is directly tied to the navigation step, so it is relevant to that section. | No visible interactive button styling is present; it is a standalone symbolic icon, so contains_interactive_buttons is false.","The image is a generic location-pin icon without surrounding UI context, so the exact console placement (upper-left corner) cannot be visually confirmed from the image alone. | No label or text accompanies the icon to explicitly identify it as the region/project selector."
umn/source/working_with_rds_for_sql_server/parameter_template_management/modifying_a_parameter_template_description.rst,Modifying a Parameter Template Description,en-us_image_0000001191211679.png,icon,pass,1.00,"The image shows a location pin icon, consistent with the RST instruction to 'Click |image1| in the upper left corner and select a region and a project.' | A location/region pin is the standard icon for region selection in cloud management consoles. | The icon is used in step 2 of the Procedure section, which deals with console navigation.",
umn/source/working_with_rds_for_sql_server/parameter_template_management/modifying_a_parameter_template_description.rst,Modifying a Parameter Template Description,en-us_image_0000001191211385.png,icon,pass,1.00,"The image shows a pencil/edit icon, consistent with the RST instruction to 'click |image2| in the Description column' to modify the description. | A pencil icon is the standard symbol for editing text in a table column. | The icon is used in step 4 of the Procedure section, which is about locating and editing the target parameter template.",
umn/source/working_with_rds_for_sql_server/parameter_template_management/modifying_a_parameter_template_description.rst,Modifying a Parameter Template Description,en-us_image_0000001145211348.png,icon,pass,1.00,"The image shows a green checkmark, consistent with the RST instruction 'You can click |image3| to submit.' | A checkmark is the standard icon for confirming or submitting a form/action. | The icon is used in step 5 of the Procedure section, which is about submitting the new description.",
umn/source/working_with_rds_for_sql_server/parameter_template_management/modifying_a_parameter_template_description.rst,Modifying a Parameter Template Description,en-us_image_0000001191211383.png,icon,pass,1.00,"The image shows a red/pink X mark, consistent with the RST instruction 'or |image4| to cancel the modification.' | An X mark is the standard icon for canceling or dismissing an action. | The icon is used in step 5 of the Procedure section, which is about canceling the modification.",
umn/source/working_with_rds_for_sql_server/parameter_template_management/modifying_parameters.rst,Modifying Parameters,en-us_image_0000001191211679.png,icon,pass,0.90,"The image is a small gray location-pin / map-marker pictogram, consistent with a region/project selector icon. | The RST uses this image as |image1| and |image2| in the step 'Click ... in the upper left corner and select a region and a project', which matches a location-pin region selector. | The icon appears in both the 'Modifying Parameter Template Parameters' and 'Modifying Instance Parameters' procedures as step 2, so it is relevant to those sections. | No visible interactive button states or magenta elements are present; it is a static symbolic icon.","The image does not show the surrounding console UI, so the 'upper left corner' placement cannot be visually confirmed from the icon alone. | No label or text accompanies the icon to explicitly identify it as the region/project selector."
umn/source/working_with_rds_for_sql_server/parameter_template_management/replicating_a_parameter_template.rst,Replicating a Parameter Template,en-us_image_0000001191211679.png,icon,pass,0.90,"The image is a small gray location-pin / map-marker icon, an isolated UI symbol, so it is classified as an icon. | In the RST, |image1| is referenced in step 2: 'Click |image1| in the upper left corner and select a region and a project.' A location-pin icon is the standard symbol for region/project selection, matching the described action. | The icon appears in the Procedure section and is directly tied to the login/region-selection step of the replication workflow. | The visual content (a teardrop pin with a center dot) is clearly legible and consistent with a region selector control. | No contradiction between the icon and the surrounding text.","The image is a generic location icon and does not itself depict the parameter template replication dialog or the RDS console, so it only supports the navigation step rather than the core topic."
umn/source/working_with_rds_for_sql_server/parameter_template_management/resetting_a_parameter_template.rst,Resetting a Parameter Template,en-us_image_0000001191211679.png,icon,pass,0.90,"The image is a small gray location-pin / map-marker symbol, consistent with an icon rather than a screenshot. | In the RST, |image1| is used in step 2: 'Click |image1| in the upper left corner and select a region and a project,' which matches a region/project selector pin icon. | The icon is placed within the Procedure section and directly supports the navigation step described. | No visible interactive controls, buttons, or UI chrome are present in the image itself.","The image is a generic location pin and does not show the surrounding console UI, so the 'upper left corner' placement cannot be visually confirmed from the image alone. | No label or text accompanies the icon to explicitly identify it as the region/project selector."
umn/source/working_with_rds_for_sql_server/parameter_template_management/viewing_application_records_of_a_parameter_template.rst,Viewing Application Records of a Parameter Template,en-us_image_0000001191211679.png,icon,partial,0.77,"The image is a small location-pin icon, matching the |image1| reference used in step 2 to select a region and project. | It is an isolated symbolic UI graphic, so it is classified as an icon rather than a screenshot. | The icon is relevant to the procedure (region/project selection) but not directly to the main topic of viewing parameter template application records. | No contradiction between the icon and the surrounding RST text.","The image does not show the surrounding console UI, so its exact placement in the upper-left corner cannot be visually confirmed. | No label or text accompanies the icon to confirm it is the region selector."
umn/source/working_with_rds_for_sql_server/parameter_template_management/viewing_parameter_change_history.rst,Viewing Parameter Change History,en-us_image_0000002578044348.png,icon,partial,0.72,The image is a small location pin icon used as a region/project selector in the upper-left corner of the console. | The RST references this icon in step 2 of the DB instance change history procedure: 'Click |image1| in the upper left corner and select a region and a project.' | The icon is consistent with a standard region-selection UI symbol in cloud management consoles. | The image is relevant to the navigation steps but not directly to the parameter change history content itself.,"The image is very small and low-resolution, making it difficult to confirm exact UI context. | No surrounding UI elements are visible to confirm it is specifically in the upper-left corner of the RDS console."
umn/source/working_with_rds_for_sql_server/parameter_template_management/viewing_parameter_change_history.rst,Viewing Parameter Change History,en-us_image_0000001191211679.png,icon,partial,0.72,The image is a small location pin icon used as a region/project selector in the upper-left corner of the console. | The RST references this icon in step 2 of the parameter template change history procedure: 'Click |image2| in the upper left corner and select a region and a project.' | The icon is consistent with a standard region-selection UI symbol in cloud management consoles. | The image is relevant to the navigation steps but not directly to the parameter change history content itself.,"The image is very small and low-resolution, making it difficult to confirm exact UI context. | No surrounding UI elements are visible to confirm it is specifically in the upper-left corner of the RDS console."
umn/source/working_with_rds_for_sql_server/permissions_management/creating_a_user_and_granting_permissions.rst,Creating a User and Granting Permissions,en-us_image_0192954081.png,other,fail,0.00,Local color check detected #3298ff.,
umn/source/working_with_rds_for_sql_server/read_replicas/creating_a_read_replica.rst,Creating a Read Replica,en-us_image_0000001191211679.png,icon,partial,0.72,"The image is a location pin icon, consistent with the RST instruction to 'Click |image1| in the upper left corner and select a region and a project.' | It is a standard navigation icon used in the management console procedure, not specific to read replicas but part of the login/navigation steps. | The icon is small and symbolic, fitting the 'icon' classification. | No contradiction between the icon and its described usage in the procedure.",The image does not show the full console context (upper-left corner placement) since it is an isolated icon. | No label or text accompanies the icon to confirm it is specifically the region/project selector.
umn/source/working_with_rds_for_sql_server/read_replicas/creating_a_read_replica.rst,Creating a Read Replica,en-us_image_0000001145051660.png,icon,partial,0.72,"The image is a downward-pointing chevron/arrow, consistent with the RST instruction to 'clicking |image2| on the left of the DB instance to which it belongs' to view the read replica. | It is a standard expand/collapse indicator used in table or list UIs, appropriate for revealing associated read replicas. | The icon is small and symbolic, fitting the 'icon' classification. | No contradiction between the chevron icon and its described usage for expanding a DB instance row.",The image does not show the full Instances page context (left side of a DB instance row) since it is an isolated icon. | No label or surrounding UI elements are visible to confirm it is specifically the expand control for read replicas.
umn/source/working_with_rds_for_sql_server/read_replicas/managing_a_read_replica.rst,Managing a Read Replica,en-us_image_0000001191211679.png,icon,partial,0.72,"The image is a location/region pin icon used for selecting a region and project in the management console. | It matches the RST instruction: 'Click |image1| in the upper left corner and select a region and a project.' | The icon is a standard UI navigation element, not directly illustrating read replica management but a prerequisite step.",No full UI context is visible; only the isolated icon is shown. | The specific region or project selection interface is not depicted.
umn/source/working_with_rds_for_sql_server/read_replicas/managing_a_read_replica.rst,Managing a Read Replica,en-us_image_0000002492885721.png,icon,partial,0.72,"The image is a plus/expand icon in a square, consistent with expanding DB instance details. | It matches the RST instruction: 'click |image2| to expand the DB instance details and click the target read replica.' | The icon is a standard expand control in the RDS console instance list.","No surrounding UI context (instance list, read replica entries) is visible. | The actual Summary page or read replica details are not shown."
umn/source/working_with_rds_for_sql_server/read_replicas/managing_a_read_replica.rst,Managing a Read Replica,en-us_image_0000002459846176.png,icon,partial,0.72,"The image is a plus/expand icon in a square, used to expand a DB instance row in the instance list. | It matches the RST instruction: 'click |image4| in front of a DB instance, locate the read replica to be deleted.' | The icon is consistent with an expand control for revealing sub-items (read replicas) under a DB instance.","No surrounding UI context (instance list, Operation column, More menu) is visible. | The deletion workflow (More > Delete) is not depicted in the image."
umn/source/working_with_rds_for_sql_server/task_center/deleting_a_task_record.rst,Deleting a Task Record,en-us_image_0000001191211679.png,icon,partial,0.77,"The image is a small location-pin icon, consistent with the RST instruction to click the icon in the upper left corner to select a region and project. | The icon is a generic navigation symbol used across the management console, not specific to the task-deletion topic, so topic match is moderate. | The RST references the same image for both the instant-task and scheduled-task procedures (image1 and image2), and the icon aligns with the region/project selection step in both. | The visual content (a map-marker / location pin) is clearly visible and unambiguous.","The image does not show the surrounding console UI, so the exact placement in the upper-left corner cannot be visually confirmed. | No label or text accompanies the icon in the image itself to confirm it represents the region/project selector."
umn/source/working_with_rds_for_sql_server/task_center/viewing_a_task.rst,Viewing a Task,en-us_image_0000001191211679.png,icon,pass,0.83,"The image is a small location-pin / map-marker pictogram, consistent with a region selector icon. | The RST uses this image as |image1|/|image2| in step 2: 'Click ... in the upper left corner and select a region and a project,' which matches a region/location selector icon. | The icon appears in both the 'Viewing an Instant Task' and 'Viewing a Scheduled Task' sections, so it is relevant to those sections. | The visual content (a teardrop pin with a center dot) clearly matches a location/region marker symbol.","The image is a generic location pin; it does not show the surrounding console UI, so the exact placement ('upper left corner') cannot be visually confirmed. | No label or text is present in the icon to confirm it specifically denotes region/project selection."
umn/source/working_with_rds_for_sql_server/usage_of_stored_procedures/updating_database_statistics.rst,Updating Database Statistics,en-us_image_0000001145051616.png,screenshot,pass,1.00,"The image shows the system output message 'Statistics for all tables have been updated.', which is exactly the result the RST says is displayed after running the rds_updatestats stored procedure. | The content directly supports the Procedure section's description of updating database statistics. | The text is legible and provides clear visual evidence of the expected output. | No contradiction between the image and the surrounding RST text.","No terminal or application interface chrome is visible, so the exact source of the output (e.g., SQL Server Management Studio, command line) is not shown. | No database name or additional context is displayed, only the generic success message."
