document,title,image,image_type,result,score,reasons,missing_evidence
umn/source/applying_for_a_cloud_waf_instance.rst,Applying for a Cloud WAF Instance,en-us_image_0000002361496364.jpg,icon,partial,0.77,"The image is a small location pin/marker icon, consistent with a region or project selector in a management console. | The RST step 2 instructs to click this icon in the upper left corner to select a region or project, which matches the location pin semantics. | The icon is a generic UI navigation element, not specific to WAF, but it is part of the WAF application workflow. | The image is clearly visible and unambiguous as a location/region selector icon.","The image is very small and low-resolution, making fine details hard to discern. | No surrounding UI context is visible to confirm it is in the upper left corner of a management console."
umn/source/applying_for_a_cloud_waf_instance.rst,Applying for a Cloud WAF Instance,en-us_image_0000002361654944.png,icon,partial,0.77,"The image is a hamburger menu icon (three horizontal lines), a standard navigation menu toggle. | The RST step 3 instructs to click this icon in the upper left corner to open the menu and choose Web Application Firewall (Dedicated) under Security, which matches the hamburger menu semantics. | The icon is a generic UI navigation element, not specific to WAF, but it is part of the WAF application workflow. | The image is clearly visible and unambiguous as a hamburger/menu icon.","The image is very small and low-resolution, making fine details hard to discern. | No surrounding UI context is visible to confirm it is in the upper left corner of a management console."
umn/source/applying_for_a_dedicated_waf_instance.rst,Applying for a Dedicated WAF Instance,en-us_image_0000002395174981.png,screenshot,pass,1.00,"Image is a full UI screenshot of the dedicated WAF instance configuration form | All parameters from Table 1 are visible: WAF Mode, Billing Mode, Region, AZ, Specifications (WI-500/WI-100), WAF Instance Type, VPC, Subnet, Security Group, Quantity, Instance Name Prefix, Tag, Anti-affinity | Matches the RST caption 'Figure 1 Configuring a dedicated WAF instance' in step 6 | The 'Create Now' button at the bottom right matches step 7 of the procedure",
umn/source/applying_for_a_dedicated_waf_instance.rst,Applying for a Dedicated WAF Instance,en-us_image_0000002361495032.jpg,icon,pass,0.88,Small location pin icon used in step 2 to indicate clicking to select a region or project | Matches the RST instruction 'Click |image1| in the upper left corner of the management console and select a region or project' | The icon is a standard location/region selector symbol appropriate for the context,"Image is small and slightly blurry, making fine details hard to discern"
umn/source/applying_for_a_dedicated_waf_instance.rst,Applying for a Dedicated WAF Instance,en-us_image_0000002361654944.png,icon,pass,0.88,Hamburger menu icon (three horizontal lines) used in step 3 to open the navigation menu | Matches the RST instruction 'Click |image2| in the upper left corner and choose Web Application Firewall (Dedicated) under Security' | Standard navigation menu icon appropriate for accessing the service list in the management console,Image is small; only the three-line hamburger pattern is clearly visible
umn/source/configuring_protection_policies/condition_field_description.rst,Condition Field Description,en-us_image_0000002395175065.png,screenshot,pass,1.00,"The image is a UI screenshot of a WAF 'Trigger' condition list panel, matching the document's topic of condition fields. | It displays the columns Field, Subfield, Logic, and Content, exactly the components the RST states a condition field consists of. | The populated row uses Field=Path and Logic=Include, consistent with Example 1 in the document. | The figure is referenced in the 'What Is a Condition Field?' section as Figure 1, so it is directly relevant to that section. | Interactive controls (dropdowns, toggle, Delete, Add Condition, Add Reference Table) are visible, confirming it is a configuration interface.","The 'Case-Sen...' and 'Operation' columns are not explicitly described in the RST table, but this is not a contradiction."
umn/source/configuring_protection_policies/configuring_a_global_protection_whitelist_rule_to_ignore_false_alarms.rst,Configuring a Global Protection Whitelist Rule to Ignore False Alarms,en-us_image_0000002361655996.png,screenshot,pass,0.95,"Image is the 'Add Global Protection Whitelist Rule' dialog, directly matching Figure 1 in the RST. | All parameters from Table 1 are visible: Scope, Domain Name, Condition List (Field/Subfield/Logic/Content), Ignore WAF Protection, Rule Description. | Example values match: Domain Name = www.example.com, Field = Path, Logic = Include, Content = /product. | The dialog shows 'All protection' selected for Ignore WAF Protection, while the table example value states 'Basic web protection' — a minor discrepancy.","The 'Ignored Protection Type', 'Rule ID', 'Rule Type', and 'Ignore Field' parameters from Table 1 are not visible in this dialog view (likely appear conditionally when 'Basic web protection' is selected)."
umn/source/configuring_protection_policies/configuring_a_global_protection_whitelist_rule_to_ignore_false_alarms.rst,Configuring a Global Protection Whitelist Rule to Ignore False Alarms,en-us_image_0000002395174933.png,icon,partial,0.78,"Small location-pin icon used as the region/project selector in the WAF console, matching step 2 description. | Referenced as |image1| in the RST for selecting a region or project in the upper left corner. | Icon is small and low-resolution but clearly a map/location pin symbol.",Icon is very small and slightly blurry; exact styling details are hard to discern.
umn/source/configuring_protection_policies/configuring_a_global_protection_whitelist_rule_to_ignore_false_alarms.rst,Configuring a Global Protection Whitelist Rule to Ignore False Alarms,en-us_image_0000002395334641.png,icon,partial,0.78,Hamburger menu icon (three horizontal lines) used to open the service navigation menu in the WAF console. | Referenced as |image2| in the RST for choosing Web Application Firewall (Dedicated) under Security. | Icon is small and low-resolution but the three-line pattern is recognizable.,Icon is very small and slightly blurry; exact color and styling are hard to confirm.
umn/source/configuring_protection_policies/configuring_a_global_protection_whitelist_rule_to_ignore_false_alarms.rst,Configuring a Global Protection Whitelist Rule to Ignore False Alarms,en-us_image_0000002395174901.png,icon,pass,1.00,"Toggle switch icon in the 'on' (enabled) position, shown in magenta/pink color. | Directly referenced as |image3| in step 6 of the RST, labeled as 'enabled' for the Blacklist and Whitelist configuration area. | Clearly depicts an active toggle state matching the 'enabled' description.",
umn/source/configuring_protection_policies/configuring_a_global_protection_whitelist_rule_to_ignore_false_alarms.rst,Configuring a Global Protection Whitelist Rule to Ignore False Alarms,en-us_image_0000002361494960.png,icon,pass,1.00,"Toggle switch icon in the 'off' (disabled) position, shown in gray. | Directly referenced as |image4| in step 6 of the RST, labeled as 'disabled' for the Blacklist and Whitelist configuration area. | Clearly depicts an inactive toggle state matching the 'disabled' description.",
umn/source/configuring_protection_policies/configuring_a_known_attack_source_rule_to_block_specific_visitors_for_a_specified_duration.rst,Configuring a Known Attack Source Rule to Block Specific Visitors for a Specified Duration,,,fail,,backend_error,No model result was produced.
umn/source/configuring_protection_policies/configuring_anti-crawler_rules.rst,Configuring Anti-Crawler Rules,en-us_image_0000002361655288.png,other,fail,0.00,Local color check detected #3298ff.,
umn/source/configuring_protection_policies/configuring_anti-crawler_rules.rst,Configuring Anti-Crawler Rules,en-us_image_0000002395175325.png,screenshot,pass,1.00,"Image is the 'Event Distribution' donut chart labeled Figure 2 in the RST. | Shows total 18 with Javascript challenges 16, JavaScript authentication 2, Other 0, matching the RST text exactly. | Appears in the 'How JavaScript Anti-Crawler Protection Works' section as expected.",
umn/source/configuring_protection_policies/configuring_anti-crawler_rules.rst,Configuring Anti-Crawler Rules,en-us_image_0000002361655788.png,screenshot,pass,1.00,"Image is the Feature Library tab (Figure 3) showing anti-crawler detection features. | Shows Protective Action 'Block' selected and Scanner enabled by default, matching the RST. | Lists Search Engine, Scanner, Script Tool, Other with status toggles as described in Table 1.",
umn/source/configuring_protection_policies/configuring_anti-crawler_rules.rst,Configuring Anti-Crawler Rules,en-us_image_0000002395335661.png,screenshot,pass,1.00,"Image is the JavaScript tab (Figure 4) with Status toggle on and Protection Mode 'Protect specified requests'. | Shows a rule table with wafjs, Path Include /admin, Effective Date Immediate, matching Table 2 example values. | Includes the CDN/Cookie caution banner consistent with the RST important note.",
umn/source/configuring_protection_policies/configuring_anti-crawler_rules.rst,Configuring Anti-Crawler Rules,en-us_image_0000002361655832.png,screenshot,pass,1.00,"Image is the 'Exclude Rule' dialog (Figure 5) for protecting all paths except a specified path. | Fields Rule Name wafjs, Path /admin, Logic Include, Effective Date Immediate match Table 2. | Contains Confirm and Cancel buttons as described in the RST step.",
umn/source/configuring_protection_policies/configuring_anti-crawler_rules.rst,Configuring Anti-Crawler Rules,en-us_image_0000002361655836.png,screenshot,pass,1.00,"Image is the 'Add Rule' dialog (Figure 6) for protecting a specified path only. | Fields Rule Name wafjs, Path /admin, Logic Include, Effective Date Immediate match Table 2. | Contains Confirm and Cancel buttons consistent with the RST step.",
umn/source/configuring_protection_policies/configuring_anti-crawler_rules.rst,Configuring Anti-Crawler Rules,en-us_image_0000002395176221.png,screenshot,pass,1.00,"Image is the Feature Library tab (Figure 7) with the Script Tool status toggle highlighted by a red box. | Script Tool is shown enabled, matching the configuration example step to enable Script Tool. | Other features (Search Engine, Other) shown disabled, consistent with the example.",
umn/source/configuring_protection_policies/configuring_anti-crawler_rules.rst,Configuring Anti-Crawler Rules,en-us_image_0000002361656172.png,screenshot,pass,1.00,Image is the Anti-Crawler configuration area (Figure 8) with the toggle switched on. | Matches the RST step to enable anti-crawler protection. | Small UI element showing the enabled state clearly.,
umn/source/configuring_protection_policies/configuring_anti-crawler_rules.rst,Configuring Anti-Crawler Rules,en-us_image_0000002361496296.png,screenshot,pass,1.00,"Image is the 'Add Precise Protection Rule' dialog (Figure 9) for blocking POST requests. | Condition list shows Method Equal to POST and User Agent Include Baiduspider, matching the search engine example. | Protective Action Block and Priority 50 are visible, consistent with the RST.",
umn/source/configuring_protection_policies/configuring_anti-crawler_rules.rst,Configuring Anti-Crawler Rules,en-us_image_0000002395174933.png,icon,partial,0.72,"Image is a small location-pin icon used as |image1| for selecting a region/project. | Symbolic graphic consistent with the region selector in step 2. | Image is small and low-resolution, limiting detail verification.",Icon is blurry; exact glyph detail is hard to confirm.
umn/source/configuring_protection_policies/configuring_anti-crawler_rules.rst,Configuring Anti-Crawler Rules,en-us_image_0000002395334641.png,icon,partial,0.72,Image is a hamburger (three-line) menu icon used as |image2| for the navigation menu. | Consistent with the step to open the menu and choose Web Application Firewall. | Small isolated symbol; limited detail.,Icon is small and low-resolution.
umn/source/configuring_protection_policies/configuring_anti-crawler_rules.rst,Configuring Anti-Crawler Rules,en-us_image_0000002395174901.png,icon,pass,1.00,Image is an enabled (on) toggle switch icon used as |image3| for 'enabled'. | Matches the RST bullet '|image3|: enabled'. | Clear on-state toggle symbol.,
umn/source/configuring_protection_policies/configuring_anti-crawler_rules.rst,Configuring Anti-Crawler Rules,en-us_image_0000002361494960.png,icon,pass,1.00,Image is a disabled (off) toggle switch icon used as |image4| for 'disabled'. | Matches the RST bullet '|image4|: disabled'. | Clear off-state toggle symbol.,
umn/source/configuring_protection_policies/configuring_anti-crawler_rules.rst,Configuring Anti-Crawler Rules,en-us_image_0000002361654864.png,icon,pass,1.00,Image is a disabled (off) toggle switch icon used as |image5| to click and enable JavaScript anti-crawler. | Matches the RST step 'click |image5| ... to toggle on'. | Clear off-state toggle symbol.,
umn/source/configuring_protection_policies/configuring_anti-crawler_rules.rst,Configuring Anti-Crawler Rules,en-us_image_0000002395335693.png,icon,pass,1.00,Image is an enabled (on) toggle switch icon used as |image6| for the toggled-on state. | Matches the RST step describing toggling on the JavaScript status. | Clear on-state toggle symbol.,
umn/source/configuring_protection_policies/configuring_anti-crawler_rules.rst,Configuring Anti-Crawler Rules,en-us_image_0000002395176237.png,icon,pass,1.00,Image is a disabled (off) toggle switch icon used as |image7| for the Search Engine status. | Matches the search engine example step setting Status to the off state. | Clear off-state toggle symbol.,
umn/source/configuring_protection_policies/configuring_basic_web_protection_to_defend_against_common_web_attacks.rst,Configuring Basic Web Protection to Defend Against Common Web Attacks,en-us_image_0000002395174837.png,screenshot,pass,1.00,"Image is Figure 1 'Basic web protection' showing the Protection Status tab in the WAF console | Displays Mode (Block/Log only), Protection Level (Medium), and all four protection types (General Check, Webshell Detection, Deep Inspection, Header Inspection) | General Check is shown enabled (magenta toggle) while others are disabled, matching the document's default state description | Directly referenced in the 'Enabling Basic Web Protection Rules' section step 7",
umn/source/configuring_protection_policies/configuring_basic_web_protection_to_defend_against_common_web_attacks.rst,Configuring Basic Web Protection to Defend Against Common Web Attacks,en-us_image_0000002395334729.png,screenshot,pass,1.00,"Image is Figure 2 'Enabling General Check' showing the Protection Status tab with General Check toggled on | Matches the Configuration Example section step 1 which instructs to enable General Check | Shows the same layout as Figure 1 with General Check enabled and other types disabled | Protection Level set to Medium and Mode set to Log only, consistent with the document",
umn/source/configuring_protection_policies/configuring_basic_web_protection_to_defend_against_common_web_attacks.rst,Configuring Basic Web Protection to Defend Against Common Web Attacks,en-us_image_0000002395334701.png,screenshot,pass,1.00,Image is Figure 3 'Basic Web Protection configuration area' showing the toggle in enabled state | Displays 'Basic Web Protection' label with a magenta toggle switch in the on position | Directly referenced in the Configuration Example section step 2 for enabling WAF basic web protection | Matches the document's description of toggling Basic Web Protection on or off,
umn/source/configuring_protection_policies/configuring_basic_web_protection_to_defend_against_common_web_attacks.rst,Configuring Basic Web Protection to Defend Against Common Web Attacks,en-us_image_0000002361494948.png,screenshot,pass,1.00,"Image is Figure 4 'Block page' showing a 418 error response from WAF | Displays the message 'Sorry, your request has been intercepted because it appears to be an attack' | Includes an Event ID field (redacted) and guidance for webmasters to configure WAF console | Directly referenced in the Configuration Example section step 3 as the example block page after a simulated SQL injection",Event ID is redacted/blurred in the image
umn/source/configuring_protection_policies/configuring_basic_web_protection_to_defend_against_common_web_attacks.rst,Configuring Basic Web Protection to Defend Against Common Web Attacks,en-us_image_0000002395174933.png,icon,partial,0.72,"Image is |image1|, a location/region pin icon used in step 2 to select a region or project | It is a generic console navigation icon, not specific to web protection configuration | The icon is small and somewhat blurry, making fine detail hard to discern | Referenced in the 'Enabling Basic Web Protection Rules' section as part of login navigation steps","Icon is low resolution and slightly blurry, making it difficult to confirm exact appearance"
umn/source/configuring_protection_policies/configuring_basic_web_protection_to_defend_against_common_web_attacks.rst,Configuring Basic Web Protection to Defend Against Common Web Attacks,en-us_image_0000002395334641.png,icon,partial,0.72,"Image is |image2|, a hamburger menu icon (three horizontal lines) used in step 3 to access the navigation menu | It is a generic console navigation icon, not specific to web protection | The icon is small and somewhat blurry | Referenced in the 'Enabling Basic Web Protection Rules' section for selecting Web Application Firewall under Security",Icon is low resolution and slightly blurry
umn/source/configuring_protection_policies/configuring_basic_web_protection_to_defend_against_common_web_attacks.rst,Configuring Basic Web Protection to Defend Against Common Web Attacks,en-us_image_0000002395174901.png,icon,pass,1.00,"Image is |image3|, a toggle switch in the enabled (on) state shown in magenta/pink | Directly referenced in step 6 as the visual indicator for 'enabled' state of Basic Web Protection | Clearly shows the toggle in the on position with the knob on the right side | Matches the document's description of toggling Basic Web Protection on",
umn/source/configuring_protection_policies/configuring_basic_web_protection_to_defend_against_common_web_attacks.rst,Configuring Basic Web Protection to Defend Against Common Web Attacks,en-us_image_0000002361494960.png,icon,pass,1.00,"Image is |image4|, a toggle switch in the disabled (off) state shown in gray | Directly referenced in step 6 as the visual indicator for 'disabled' state of Basic Web Protection | Clearly shows the toggle in the off position with the knob on the left side | Matches the document's description of toggling Basic Web Protection off",
umn/source/configuring_protection_policies/configuring_cc_attack_protection_rules_to_defend_against_cc_attacks.rst,Configuring CC Attack Protection Rules to Defend Against CC Attacks,,,fail,,backend_error,No model result was produced.
umn/source/configuring_protection_policies/configuring_custom_precise_protection_rules.rst,Configuring Custom Precise Protection Rules,en-us_image_0000002395334965.png,screenshot,pass,1.00,"Image is the 'Add Precise Protection Rule' dialog (Figure 1) referenced in the RST. | Shows Condition List with Path/Include, Protective Action Block, Priority 50, matching the example values in Table 1. | Directly illustrates the rule-configuration step described in the document.",
umn/source/configuring_protection_policies/configuring_custom_precise_protection_rules.rst,Configuring Custom Precise Protection Rules,en-us_image_0000002361495300.png,screenshot,pass,1.00,"Image (Figure 2) shows a list of User Agent entries containing 'WordPress ... verifying pingback', matching the WordPress pingback attack analysis in the RST. | Supports the configuration example about blocking WordPress pingback attacks.",
umn/source/configuring_protection_policies/configuring_custom_precise_protection_rules.rst,Configuring Custom Precise Protection Rules,en-us_image_0000002361495212.png,screenshot,pass,1.00,Image (Figure 3) shows the Add Precise Protection Rule dialog with User Agent / Include / WordPress condition. | Matches the RST example of blocking WordPress pingback attacks via the User Agent field.,
umn/source/configuring_protection_policies/configuring_custom_precise_protection_rules.rst,Configuring Custom Precise Protection Rules,en-us_image_0000002361655184.png,screenshot,pass,1.00,Image (Figure 4) shows the rule dialog with Path / Include / /xxx condition and Block action. | Corresponds to the 'Blocking Requests to a Certain URL' section in the RST.,
umn/source/configuring_protection_policies/configuring_custom_precise_protection_rules.rst,Configuring Custom Precise Protection Rules,en-us_image_0000002395335077.png,screenshot,pass,1.00,Image (Figure 5) shows Header / referer / Does not have condition with Block action. | Matches the 'Blocking Requests with null Fields' (empty Referer) example in the RST.,
umn/source/configuring_protection_policies/configuring_custom_precise_protection_rules.rst,Configuring Custom Precise Protection Rules,en-us_image_0000002395335101.png,screenshot,pass,1.00,"Image (Figure 6) shows Path / Include / .zip condition with Block action. | Matches the 'Blocking Specified File Types (ZIP, TAR, and DOCX)' example in the RST.",
umn/source/configuring_protection_policies/configuring_custom_precise_protection_rules.rst,Configuring Custom Precise Protection Rules,en-us_image_0000002361655172.png,screenshot,pass,1.00,"Image (Figure 7) shows Path / Include / / condition with Block action, i.e. blocking all requests. | Matches the 'Blocking all requests' part of the IP-allow example in the RST.",
umn/source/configuring_protection_policies/configuring_custom_precise_protection_rules.rst,Configuring Custom Precise Protection Rules,en-us_image_0000002395335105.png,screenshot,pass,1.00,Image (Figure 8) shows IPv4 / Client IP Address / Equal to / 192.168.2.3 with Allow action. | Matches the 'Allowing a Specified IP Address to Access Your Website' example in the RST.,
umn/source/configuring_protection_policies/configuring_custom_precise_protection_rules.rst,Configuring Custom Precise Protection Rules,en-us_image_0000002361655220.png,screenshot,pass,1.00,"Image (Figure 9) shows two conditions: IPv4 Equal to 192.168.2.3 and Path Include /admin, with Allow action. | Matches the 'Allowing a Specific IP Address to Access a Certain URL' example in the RST.",
umn/source/configuring_protection_policies/configuring_custom_precise_protection_rules.rst,Configuring Custom Precise Protection Rules,en-us_image_0000002395174933.png,icon,pass,1.00,Image is a location/region pin icon (|image1|) used in step 2 to select a region or project. | Consistent with the RST instruction to click the region selector in the upper left corner.,
umn/source/configuring_protection_policies/configuring_custom_precise_protection_rules.rst,Configuring Custom Precise Protection Rules,en-us_image_0000002395334641.png,icon,pass,1.00,Image is a hamburger menu icon (|image2|) used in step 3 to open the service menu. | Consistent with the RST instruction to click the menu and choose Web Application Firewall (Dedicated) under Security.,
umn/source/configuring_protection_policies/configuring_custom_precise_protection_rules.rst,Configuring Custom Precise Protection Rules,en-us_image_0000002395174901.png,icon,pass,1.00,Image is a toggle switch in the on/enabled state (|image3|). | Matches the RST step 6 bullet describing the enabled state of the Precise Protection toggle.,
umn/source/configuring_protection_policies/configuring_custom_precise_protection_rules.rst,Configuring Custom Precise Protection Rules,en-us_image_0000002361494960.png,icon,pass,1.00,Image is a toggle switch in the off/disabled state (|image4|). | Matches the RST step 6 bullet describing the disabled state of the Precise Protection toggle.,
umn/source/configuring_protection_policies/configuring_data_masking_rules_to_prevent_privacy_information_leakage.rst,Configuring Data Masking Rules to Prevent Privacy Information Leakage,en-us_image_0000002395175541.png,screenshot,pass,1.00,"Image shows the 'Add Data Masking Rule' dialog with Path, Masked Field, Field Name, and Rule Description fields, matching Figure 1 in the RST. | The dialog content aligns with Table 1 parameters (Path=/admin/login.php, Masked Field=Cookie, Field Name=name). | Confirm and Cancel buttons are visible at the bottom of the dialog.",
umn/source/configuring_protection_policies/configuring_data_masking_rules_to_prevent_privacy_information_leakage.rst,Configuring Data Masking Rules to Prevent Privacy Information Leakage,en-us_image_0000002395335373.png,screenshot,pass,1.00,"Image shows the 'Add Data Masking Rule' dialog with Path=/test, Masked Field=Cookie, Field Name=jsessionid, matching Figure 2 in the RST. | This corresponds to the Configuration Example section where the jsessionid cookie field is masked. | The dialog structure matches Table 1 parameters exactly.",
umn/source/configuring_protection_policies/configuring_data_masking_rules_to_prevent_privacy_information_leakage.rst,Configuring Data Masking Rules to Prevent Privacy Information Leakage,en-us_image_0000002395335377.png,screenshot,pass,1.00,"Image shows the 'Data Masking' configuration area with a toggle switch in the enabled (on) position. | Matches Figure 3 in the RST: 'Data Masking configuration area'. | The toggle is in the active/enabled state, consistent with the step to enable data masking.",
umn/source/configuring_protection_policies/configuring_data_masking_rules_to_prevent_privacy_information_leakage.rst,Configuring Data Masking Rules to Prevent Privacy Information Leakage,en-us_image_0000002361655508.png,screenshot,pass,1.00,"Image shows the Event Details page with fields like Time, Source IP, Domain Name, Event Type (SQL Injection), Protective Action (Block), etc. | The bottom of the image highlights 'jsessionid=***mask***' in the Cookie field, demonstrating the data masking in action. | Matches Figure 4 in the RST: 'Viewing events - privacy data masking'.",
umn/source/configuring_protection_policies/configuring_data_masking_rules_to_prevent_privacy_information_leakage.rst,Configuring Data Masking Rules to Prevent Privacy Information Leakage,en-us_image_0000002395174933.png,icon,partial,0.77,"Image is a small location pin (map marker) icon, used as |image1| in step 2 for selecting a region or project. | It is a generic navigation icon, not directly related to data masking configuration. | The icon is clearly visible as a location/marker symbol.","The icon is very small and low-resolution, making fine details hard to discern."
umn/source/configuring_protection_policies/configuring_data_masking_rules_to_prevent_privacy_information_leakage.rst,Configuring Data Masking Rules to Prevent Privacy Information Leakage,en-us_image_0000002395334641.png,icon,partial,0.77,"Image is a hamburger menu icon (three horizontal lines), used as |image2| in step 3 for navigating to Web Application Firewall. | It is a generic navigation icon, not directly related to data masking configuration. | The icon is clearly visible as a three-line menu symbol.","The icon is very small and low-resolution, making fine details hard to discern."
umn/source/configuring_protection_policies/configuring_data_masking_rules_to_prevent_privacy_information_leakage.rst,Configuring Data Masking Rules to Prevent Privacy Information Leakage,en-us_image_0000002395174901.png,icon,pass,1.00,"Image shows a toggle switch in the enabled (on) position, used as |image3| in step 6 to indicate the enabled state of Data Masking. | Directly relevant to the data masking configuration topic. | The toggle is clearly in the active/on position.",
umn/source/configuring_protection_policies/configuring_data_masking_rules_to_prevent_privacy_information_leakage.rst,Configuring Data Masking Rules to Prevent Privacy Information Leakage,en-us_image_0000002361494960.png,icon,pass,1.00,"Image shows a toggle switch in the disabled (off) position, used as |image4| in step 6 to indicate the disabled state of Data Masking. | Directly relevant to the data masking configuration topic. | The toggle is clearly in the inactive/off position.",
umn/source/configuring_protection_policies/configuring_geolocation_access_control_rules_to_block_or_allow_requests_from_specific_locations.rst,Configuring Geolocation Access Control Rules to Block or Allow Requests from Specific Locations,en-us_image_0000002395335617.png,screenshot,pass,0.88,"Shows the 'Add Geolocation Access Control Rule' dialog with Rule Description, Geolocation, and Protective Action fields, matching Figure 1 and Table 1. | Dialog includes Confirm and Cancel buttons consistent with step 9. | Geolocation shown is 'Albania' while the RST example value is 'Australia', a minor mismatch.",The RST example value (Australia) is not reflected in the figure (Albania).
umn/source/configuring_protection_policies/configuring_geolocation_access_control_rules_to_block_or_allow_requests_from_specific_locations.rst,Configuring Geolocation Access Control Rules to Block or Allow Requests from Specific Locations,en-us_image_0000002395335561.png,screenshot,pass,1.00,"Shows the geolocation rule dialog with Geolocation set to Australia and Protective Action set to Allow, matching Figure 2. | Aligns with the 'Allowing Only IP Addresses from a Specified Location' example step 1.",
umn/source/configuring_protection_policies/configuring_geolocation_access_control_rules_to_block_or_allow_requests_from_specific_locations.rst,Configuring Geolocation Access Control Rules to Block or Allow Requests from Specific Locations,en-us_image_0000002395175765.png,screenshot,pass,1.00,"Shows the 'Geolocation Access Control' configuration area with the toggle in the enabled (on) state, matching Figure 3 and step 6. | The enabled toggle state is consistent with the 'enable geolocation access control' instruction.",
umn/source/configuring_protection_policies/configuring_geolocation_access_control_rules_to_block_or_allow_requests_from_specific_locations.rst,Configuring Geolocation Access Control Rules to Block or Allow Requests from Specific Locations,en-us_image_0000002395335281.png,screenshot,pass,1.00,"Shows the 'Add Precise Protection Rule' dialog with a Path Include '/' condition and Protective Action Block, matching Figure 4. | Consistent with the step to configure a precise rule that blocks all requests.",
umn/source/configuring_protection_policies/configuring_geolocation_access_control_rules_to_block_or_allow_requests_from_specific_locations.rst,Configuring Geolocation Access Control Rules to Block or Allow Requests from Specific Locations,en-us_image_0000002361494948.png,screenshot,pass,1.00,"Shows the WAF block page with HTTP 418 and the message that the request was intercepted, matching Figures 5 and 8. | Consistent with the verification step describing the returned block page.",
umn/source/configuring_protection_policies/configuring_geolocation_access_control_rules_to_block_or_allow_requests_from_specific_locations.rst,Configuring Geolocation Access Control Rules to Block or Allow Requests from Specific Locations,en-us_image_0000002395175761.png,screenshot,pass,1.00,"Shows the geolocation rule dialog with Geolocation Australia and Protective Action Block, matching Figure 6. | Aligns with the 'Blocking IP Addresses from a Specified Location' example step 1.",
umn/source/configuring_protection_policies/configuring_geolocation_access_control_rules_to_block_or_allow_requests_from_specific_locations.rst,Configuring Geolocation Access Control Rules to Block or Allow Requests from Specific Locations,en-us_image_0000002361655700.png,screenshot,pass,0.88,"Shows the Events page table with Geolocation, Event Type GeoIP, and Protective Action Block columns, matching Figure 9. | The displayed geolocation is Beijing rather than the Australia used in the surrounding example, a minor contextual mismatch.","The example context references Australia, but the event rows show Beijing."
umn/source/configuring_protection_policies/configuring_geolocation_access_control_rules_to_block_or_allow_requests_from_specific_locations.rst,Configuring Geolocation Access Control Rules to Block or Allow Requests from Specific Locations,en-us_image_0000002395174933.png,icon,partial,0.72,A location-pin icon used as the region/project selector in step 2. | Small symbolic UI graphic consistent with the 'click in the upper left corner and select a region' instruction.,"Image is low resolution, making fine detail hard to confirm."
umn/source/configuring_protection_policies/configuring_geolocation_access_control_rules_to_block_or_allow_requests_from_specific_locations.rst,Configuring Geolocation Access Control Rules to Block or Allow Requests from Specific Locations,en-us_image_0000002395334641.png,icon,partial,0.72,A hamburger (three-line) menu icon used in step 3 to open the navigation menu. | Consistent with the instruction to click the menu and choose Web Application Firewall under Security.,"Image is low resolution, limiting detail verification."
umn/source/configuring_protection_policies/configuring_geolocation_access_control_rules_to_block_or_allow_requests_from_specific_locations.rst,Configuring Geolocation Access Control Rules to Block or Allow Requests from Specific Locations,en-us_image_0000002395174901.png,icon,pass,1.00,"An enabled (on) toggle switch icon, matching image3 described as 'enabled' in step 6. | Directly illustrates the on state of the Geolocation Access Control toggle.",
umn/source/configuring_protection_policies/configuring_geolocation_access_control_rules_to_block_or_allow_requests_from_specific_locations.rst,Configuring Geolocation Access Control Rules to Block or Allow Requests from Specific Locations,en-us_image_0000002361494960.png,icon,pass,1.00,"A disabled (off) toggle switch icon, matching image4 described as 'disabled' in step 6. | Directly illustrates the off state of the Geolocation Access Control toggle.",
umn/source/configuring_protection_policies/configuring_information_leakage_prevention_rules_to_protect_sensitive_information_from_leakage.rst,Configuring Information Leakage Prevention Rules to Protect Sensitive Information from Leakage,,,fail,,backend_error,No model result was produced.
umn/source/configuring_protection_policies/configuring_ip_address_blacklist_and_whitelist_rules_to_block_or_allow_specified_ip_addresses.rst,Configuring IP Address Blacklist and Whitelist Rules to Block or Allow Specified IP Addresses,en-us_image_0000002361655368.png,screenshot,pass,1.00,"Shows the 'Add Blacklist or Whitelist Rule' dialog matching Figure 1 caption. | Fields (Rule Name, IP Address/Range, Protective Action, Known Attack Source, Rule Description) align with Table 1 parameters. | Directly supports step 8 of the configuration procedure.",
umn/source/configuring_protection_policies/configuring_ip_address_blacklist_and_whitelist_rules_to_block_or_allow_specified_ip_addresses.rst,Configuring IP Address Blacklist and Whitelist Rules to Block or Allow Specified IP Addresses,en-us_image_0000002395335333.png,screenshot,pass,1.00,"Dialog shows IP Address/Range 1.0.0.0/1 with Protective Action Block, matching Figure 2 caption. | Rule Name 'all01' and 'Add Known Attack Source Rule' link are visible. | Supports Method 1 of the example configuration for blocking a range.",
umn/source/configuring_protection_policies/configuring_ip_address_blacklist_and_whitelist_rules_to_block_or_allow_specified_ip_addresses.rst,Configuring IP Address Blacklist and Whitelist Rules to Block or Allow Specified IP Addresses,en-us_image_0000002395335317.png,screenshot,pass,1.00,"Dialog shows IP Address/Range 128.0.0.0/1 with Protective Action Block, matching Figure 3 caption. | Rule Name 'all01' and 'Add Known Attack Source Rule' link are visible. | Supports Method 1 of the example configuration for blocking the second range.",
umn/source/configuring_protection_policies/configuring_ip_address_blacklist_and_whitelist_rules_to_block_or_allow_specified_ip_addresses.rst,Configuring IP Address Blacklist and Whitelist Rules to Block or Allow Specified IP Addresses,en-us_image_0000002395335281.png,screenshot,pass,1.00,"Shows 'Add Precise Protection Rule' dialog with Condition List (Path Include /) and Protective Action Block, matching Figure 4 caption. | Includes Apply, Priority, and Block Page fields consistent with a precise protection rule. | Supports Method 2 of the example configuration for blocking all access requests.",
umn/source/configuring_protection_policies/configuring_ip_address_blacklist_and_whitelist_rules_to_block_or_allow_specified_ip_addresses.rst,Configuring IP Address Blacklist and Whitelist Rules to Block or Allow Specified IP Addresses,en-us_image_0000002361495544.png,screenshot,pass,1.00,"Dialog shows IP Address/Range 192.168.2.3 with Protective Action Allow, matching Figure 5 caption. | Rule Name 'all01' is visible, consistent with the whitelist example. | Supports step 2 of the example configuration allowing a specified IP address.",
umn/source/configuring_protection_policies/configuring_ip_address_blacklist_and_whitelist_rules_to_block_or_allow_specified_ip_addresses.rst,Configuring IP Address Blacklist and Whitelist Rules to Block or Allow Specified IP Addresses,en-us_image_0000002395335249.png,icon,pass,1.00,"Isolated UI toggle labeled 'Blacklist and Whitelist' in the enabled (on) state, matching Figure 6 caption. | Represents the configuration area toggle referenced in the example configuration step 3. | Small symbolic UI control rather than a full page screenshot.",
umn/source/configuring_protection_policies/configuring_ip_address_blacklist_and_whitelist_rules_to_block_or_allow_specified_ip_addresses.rst,Configuring IP Address Blacklist and Whitelist Rules to Block or Allow Specified IP Addresses,en-us_image_0000002361494948.png,screenshot,pass,1.00,"Shows a 418 block page with message 'your request has been intercepted because it appears to be an attack', matching Figure 7 caption. | Includes Event ID and webmaster guidance text consistent with a WAF block page. | Supports step 4 of the example configuration demonstrating the block effect.",Event ID value is blurred/redacted.
umn/source/configuring_protection_policies/configuring_ip_address_blacklist_and_whitelist_rules_to_block_or_allow_specified_ip_addresses.rst,Configuring IP Address Blacklist and Whitelist Rules to Block or Allow Specified IP Addresses,en-us_image_0000002395174933.png,icon,pass,1.00,Location pin icon used in step 2 to select a region or project. | Matches the |image1| reference in the procedure. | Small symbolic UI icon.,
umn/source/configuring_protection_policies/configuring_ip_address_blacklist_and_whitelist_rules_to_block_or_allow_specified_ip_addresses.rst,Configuring IP Address Blacklist and Whitelist Rules to Block or Allow Specified IP Addresses,en-us_image_0000002395334641.png,icon,pass,1.00,Hamburger menu icon (three horizontal lines) used in step 3 to open the navigation menu. | Matches the |image2| reference in the procedure. | Small symbolic UI icon.,
umn/source/configuring_protection_policies/configuring_ip_address_blacklist_and_whitelist_rules_to_block_or_allow_specified_ip_addresses.rst,Configuring IP Address Blacklist and Whitelist Rules to Block or Allow Specified IP Addresses,en-us_image_0000002395174901.png,icon,pass,1.00,"Toggle switch in the enabled (on) state, matching the |image3| reference for the enabled configuration area. | Supports step 6 of the procedure describing the enabled state. | Small symbolic UI icon.",
umn/source/configuring_protection_policies/configuring_ip_address_blacklist_and_whitelist_rules_to_block_or_allow_specified_ip_addresses.rst,Configuring IP Address Blacklist and Whitelist Rules to Block or Allow Specified IP Addresses,en-us_image_0000002361494960.png,icon,pass,1.00,"Toggle switch in the disabled (off) state, matching the |image4| reference for the disabled configuration area. | Supports step 6 of the procedure describing the disabled state. | Small symbolic UI icon.",
umn/source/configuring_protection_policies/configuring_web_tamper_protection_rules_to_prevent_static_web_pages_from_being_tampered_with.rst,Configuring Web Tamper Protection Rules to Prevent Static Web Pages from Being Tampered With,en-us_image_0000002395176281.png,screenshot,pass,1.00,"Shows the 'Add Web Tamper Protection Rule' dialog box with Domain Name, Path, and Rule Description fields | Matches Figure 1 and Figure 2 in the RST exactly | Field values (www.example.com, /admin) match the example values in Table 1 | Contains Confirm and Cancel buttons as described in the configuration steps",
umn/source/configuring_protection_policies/configuring_web_tamper_protection_rules_to_prevent_static_web_pages_from_being_tampered_with.rst,Configuring Web Tamper Protection Rules to Prevent Static Web Pages from Being Tampered With,en-us_image_0000002395174933.png,icon,partial,0.72,Small location/region pin icon used in step 2 to select a region or project | Matches the RST instruction 'Click |image1| in the upper left corner and select a region or project' | Icon is small and slightly blurry but recognizable as a map marker/region selector,"Icon is very small and low resolution, making fine details hard to discern"
umn/source/configuring_protection_policies/configuring_web_tamper_protection_rules_to_prevent_static_web_pages_from_being_tampered_with.rst,Configuring Web Tamper Protection Rules to Prevent Static Web Pages from Being Tampered With,en-us_image_0000002395334641.png,icon,partial,0.72,Hamburger menu icon (three horizontal lines) used in step 3 to open the navigation menu | Matches the RST instruction 'Click |image2| in the upper left corner and choose Web Application Firewall (Dedicated) under Security' | Icon is small and slightly blurry but recognizable as a menu toggle,"Icon is very small and low resolution, making fine details hard to discern"
umn/source/configuring_protection_policies/configuring_web_tamper_protection_rules_to_prevent_static_web_pages_from_being_tampered_with.rst,Configuring Web Tamper Protection Rules to Prevent Static Web Pages from Being Tampered With,en-us_image_0000002395174901.png,icon,pass,1.00,Toggle switch in the 'on' position (magenta/pink with circle on right) | Directly corresponds to RST step 6: '|image3|: enabled' | Clearly represents the enabled state of the Web Tamper Protection toggle,
umn/source/configuring_protection_policies/configuring_web_tamper_protection_rules_to_prevent_static_web_pages_from_being_tampered_with.rst,Configuring Web Tamper Protection Rules to Prevent Static Web Pages from Being Tampered With,en-us_image_0000002361494960.png,icon,pass,1.00,Toggle switch in the 'off' position (gray with circle on left) | Directly corresponds to RST step 6: '|image4|: disabled' | Clearly represents the disabled state of the Web Tamper Protection toggle,
umn/source/configuring_protection_policies/creating_a_reference_table_to_configure_protection_metrics_in_batches.rst,Creating a Reference Table to Configure Protection Metrics in Batches,en-us_image_0000002361655404.png,screenshot,pass,1.00,"Image shows the Reference Table Management page with the 'Reference Table Management' button highlighted in a red border, matching Figure 1 in the RST. | The table displays rule entries with columns (Rule ID, Protection R..., Rate Limit, Protective Ac..., Effective Date, Rule Status, Added, Rule Descrip..., Operation) consistent with a WAF policy list. | The 'Add Rule', 'Reference Table Management', and 'Delete' buttons in the upper left match the RST step 7 description. | A sample row shows 'Path Include ff' and 'test' which aligns with the example values in Table 1.",
umn/source/configuring_protection_policies/creating_a_reference_table_to_configure_protection_metrics_in_batches.rst,Creating a Reference Table to Configure Protection Metrics in Batches,en-us_image_0000002395175445.png,screenshot,pass,1.00,"Image shows the Reference Table Management page with the 'Add Reference Table' button visible, matching Figure 2 in the RST. | The table columns (Name, Type, Value, Rule Description, Operation) exactly match the parameters described in Table 1 of the RST. | A sample row shows 'test', 'Path', '/admin', '--', 'Delete Modify' which aligns with the example values in the document. | The 'You can add 99 more rules' text and search box are consistent with the management console UI.",
umn/source/configuring_protection_policies/creating_a_reference_table_to_configure_protection_metrics_in_batches.rst,Creating a Reference Table to Configure Protection Metrics in Batches,en-us_image_0000002361495496.png,screenshot,pass,1.00,"Image shows the 'Add Reference Table' dialog box with fields Name, Type, Value, and Rule Description, matching Figure 3 and Table 1 in the RST. | The Name field shows 'test', Type shows 'Path' dropdown, Value shows '/admin', all matching the example values in Table 1. | The 'Add' link with 'You can add 29 more conditions' text matches the RST note about clicking Add to add more than one value. | The 'Confirm' and 'Cancel' buttons at the bottom match the RST step 10 instruction to click Confirm.",
umn/source/configuring_protection_policies/creating_a_reference_table_to_configure_protection_metrics_in_batches.rst,Creating a Reference Table to Configure Protection Metrics in Batches,en-us_image_0000002395174933.png,icon,partial,0.72,"Image is a small location pin (map marker) icon, used as |image1| in step 2 for selecting a region or project. | The icon is consistent with a region/project selector commonly found in cloud management consoles. | The image is small and slightly blurry but clearly identifiable as a location pin symbol.","The icon is very small and low-resolution, making it difficult to confirm exact visual details. | No surrounding UI context is visible to confirm the exact placement in the upper left corner."
umn/source/configuring_protection_policies/creating_a_reference_table_to_configure_protection_metrics_in_batches.rst,Creating a Reference Table to Configure Protection Metrics in Batches,en-us_image_0000002395334641.png,icon,partial,0.72,"Image is a hamburger menu icon (three horizontal lines), used as |image2| in step 3 for accessing the navigation menu. | The icon is consistent with a navigation menu toggle commonly found in management consoles. | The image is small and slightly blurry but clearly identifiable as a three-line hamburger menu symbol.","The icon is very small and low-resolution, making it difficult to confirm exact visual details. | No surrounding UI context is visible to confirm the exact placement in the upper left corner."
umn/source/configuring_protection_policies/protection_configuration_overview.rst,Protection Configuration Overview,en-us_image_0000002395175017.png,other,fail,0.00,Local color check detected #3298ff.,
umn/source/configuring_protection_policies/protection_configuration_overview.rst,Protection Configuration Overview,en-us_image_0000002395176313.png,other,fail,0.00,Local color check detected #3298ff.,
umn/source/connecting_a_website_to_waf/connecting_your_website_to_waf_dedicated_mode/step_1_add_your_website_to_waf.rst,Step 1: Add Your Website to WAF,en-us_image_0000002395175601.png,screenshot,pass,1.00,"Image shows 'Domain Name Details' form with Website Name, Protected Object, and Website Remarks fields, matching Figure 1 in the RST | The form fields (WAF-DT, www.example.com) align with the RST description of step 7 | Directly corresponds to the 'Configuring domain name details' figure reference in the procedure",
umn/source/connecting_a_website_to_waf/connecting_your_website_to_waf_dedicated_mode/step_1_add_your_website_to_waf.rst,Step 1: Add Your Website to WAF,en-us_image_0000002395335441.png,screenshot,pass,1.00,"Image shows 'Origin Server Settings' with Protected Port, Server Configuration table including Client Protocol, Server Protocol, VPC, Server Address, and Server Port | Matches Figure 2 and Table 1 in the RST exactly | Values shown (HTTP, HTTP, vpc-cwx12..., 192.168.1.1, 80) align with the example values in Table 1 | Contains an 'Add' button for adding origin server addresses",
umn/source/connecting_a_website_to_waf/connecting_your_website_to_waf_dedicated_mode/step_1_add_your_website_to_waf.rst,Step 1: Add Your Website to WAF,en-us_image_0000002361495680.png,screenshot,pass,1.00,"Image shows 'Advanced Settings' with Proxy Configured options (Layer-7 proxy, Layer-4 proxy, No proxy) and Policy dropdown (System-generated policy) | Matches Figure 3 in the RST and the description in step 9 | The proxy options and their descriptions align with the RST text about layer-7, layer-4, and no proxy configurations | Policy section shows System-generated policy as default, matching the RST description",
umn/source/connecting_a_website_to_waf/connecting_your_website_to_waf_dedicated_mode/step_1_add_your_website_to_waf.rst,Step 1: Add Your Website to WAF,en-us_image_0000002361655564.png,screenshot,pass,1.00,"Image shows 'Import New Certificate' dialog with Certificate Name, Certificate File, and Private Key fields | Matches Figure 4 in the RST under the 'Importing a New Certificate' section | Certificate file shows BEGIN CERTIFICATE content and Private Key shows RSA PRIVATE KEY content, consistent with .pem format mentioned in RST | Contains Confirm and Cancel buttons matching the RST step to click Confirm",
umn/source/connecting_a_website_to_waf/connecting_your_website_to_waf_dedicated_mode/step_1_add_your_website_to_waf.rst,Step 1: Add Your Website to WAF,en-us_image_0000002395226817.jpg,icon,partial,0.72,"Image is a small location pin icon, referenced as |image1| in step 2 for selecting a region or project | The icon is consistent with a region/area selector in a management console | Image is very small and low resolution, making detailed assessment difficult | No contradiction with the RST text describing clicking this icon to select a region","Image is very small and blurry, making it difficult to confirm exact appearance | Cannot verify if this is the standard Huawei Cloud region selector icon"
umn/source/connecting_a_website_to_waf/connecting_your_website_to_waf_dedicated_mode/step_1_add_your_website_to_waf.rst,Step 1: Add Your Website to WAF,en-us_image_0000002361495660.png,icon,partial,0.72,"Image is a hamburger menu icon (three horizontal lines), referenced as |image2| in step 3 for navigating to Web Application Firewall | The icon is consistent with a navigation menu toggle in a management console | Image is very small and low resolution, making detailed assessment difficult | No contradiction with the RST text describing clicking this icon to access the service menu","Image is very small and blurry, making it difficult to confirm exact appearance | Cannot verify if this is the standard Huawei Cloud navigation menu icon"
umn/source/connecting_a_website_to_waf/connecting_your_website_to_waf_dedicated_mode/step_2_configure_a_load_balancer_for_waf.rst,Step 2: Configure a Load Balancer for WAF,en-us_image_0000002395335321.png,screenshot,pass,1.00,"Image is Figure 1 'Configuring a listener' as referenced in the RST | Shows the Add Listener form with Frontend Protocol (HTTP selected) and Frontend Port (80) as described | Step 1 'Configure Listener' is active in the wizard, matching the RST step | All fields (Name, Frontend Protocol, Frontend Port, Redirect, Transfer Client IP Address, Advanced Forwarding) are visible",
umn/source/connecting_a_website_to_waf/connecting_your_website_to_waf_dedicated_mode/step_2_configure_a_load_balancer_for_waf.rst,Step 2: Configure a Load Balancer for WAF,en-us_image_0000002395335337.png,screenshot,pass,1.00,"Image is Figure 2 'Configuring a backend server group' as referenced in the RST | Shows step 2 'Configure Routing Policy' with Backend Server Group, Backend Protocol (HTTP), Load Balancing Algorithm (Weighted round robin selected) | Sticky Session toggle is visible and off, matching the RST warning about disabling Sticky Session | All fields described in the RST are present in the screenshot",
umn/source/connecting_a_website_to_waf/connecting_your_website_to_waf_dedicated_mode/step_2_configure_a_load_balancer_for_waf.rst,Step 2: Configure a Load Balancer for WAF,en-us_image_0000002361495344.png,screenshot,pass,1.00,"Image is Figure 3 'Dedicated engine list' as referenced in the RST | Shows a table of WAF instances with columns: Instance Name, Running Status, Protected Website, VPC, Subnet, IP Address, Version, Operation | Two instances visible (asas-4llv, test-0919-QoOV) with Running status | Operation column shows 'More' dropdown as referenced in the RST step for 'Add to ELB'",
umn/source/connecting_a_website_to_waf/connecting_your_website_to_waf_dedicated_mode/step_2_configure_a_load_balancer_for_waf.rst,Step 2: Configure a Load Balancer for WAF,en-us_image_0000002395175465.png,screenshot,pass,1.00,"Image is Figure 4 'Add to ELB' as referenced in the RST | Shows the Add to ELB dialog with ELB (Load Balancer), ELB Listener, and Backend Server Group fields | Backend Server Group Details show Weighted round robin, Sticky Session Disabled, Health Check Enabled | Table shows Private IP Address, Health Check Result (Normal), Weight, and Backend Port (80)",
umn/source/connecting_a_website_to_waf/connecting_your_website_to_waf_dedicated_mode/step_2_configure_a_load_balancer_for_waf.rst,Step 2: Configure a Load Balancer for WAF,en-us_image_0000002395335257.png,screenshot,pass,1.00,"Image is Figure 5 'Configuring Backend Port' as referenced in the RST | Shows the Add Backend Server dialog with Instance Name, Private IP Address, Backend Port, and Weight columns | Info message about network ACLs and security group is visible | Backend Port field shows value 86, matching the RST instruction to set Backend Port to the port configured in Step 1",
umn/source/connecting_a_website_to_waf/connecting_your_website_to_waf_dedicated_mode/step_2_configure_a_load_balancer_for_waf.rst,Step 2: Configure a Load Balancer for WAF,en-us_image_0000002395175473.jpg,icon,partial,0.72,"Image is |image1|, a small location pin icon used for region/project selection | RST references it in step 2: 'Click |image1| in the upper left corner of the management console and select a region or project' | The icon is a standard region selector symbol, semantically matching the described action | Image is very small and low-resolution, limiting detail assessment",Icon is too small to assess fine details | No surrounding UI context visible to confirm exact placement
umn/source/connecting_a_website_to_waf/connecting_your_website_to_waf_dedicated_mode/step_2_configure_a_load_balancer_for_waf.rst,Step 2: Configure a Load Balancer for WAF,en-us_image_0000002395335289.png,icon,partial,0.72,"Image is |image2|, a hamburger menu icon (three horizontal lines) for navigation | RST references it in step 3: 'Click |image2| in the upper left corner of the page and choose Elastic Load Balance under Network' | The icon is a standard navigation menu symbol, semantically matching the described action | Image is very small and low-resolution, limiting detail assessment",Icon is too small to assess fine details | No surrounding UI context visible to confirm exact placement
umn/source/connecting_a_website_to_waf/connecting_your_website_to_waf_dedicated_mode/step_2_configure_a_load_balancer_for_waf.rst,Step 2: Configure a Load Balancer for WAF,en-us_image_0000002395175425.jpg,icon,partial,0.72,"Image is |image3|, a small location pin icon used for region/project selection | RST references it in step 2 of 'Adding WAF Instances to an ELB Load Balancer': 'Click |image3| in the upper left corner of the management console and select a region or project' | The icon is a standard region selector symbol, semantically matching the described action | Image is very small and low-resolution, limiting detail assessment",Icon is too small to assess fine details | No surrounding UI context visible to confirm exact placement
umn/source/connecting_a_website_to_waf/connecting_your_website_to_waf_dedicated_mode/step_2_configure_a_load_balancer_for_waf.rst,Step 2: Configure a Load Balancer for WAF,en-us_image_0000002361655364.png,icon,partial,0.72,"Image is |image4|, a hamburger menu icon (three horizontal lines) for navigation | RST references it in step 3 of 'Adding WAF Instances to an ELB Load Balancer': 'Click |image4| in the upper left corner and choose Web Application Firewall (Dedicated) under Security' | The icon is a standard navigation menu symbol, semantically matching the described action | Image is very small and low-resolution, limiting detail assessment",Icon is too small to assess fine details | No surrounding UI context visible to confirm exact placement
umn/source/connecting_a_website_to_waf/connecting_your_website_to_waf_dedicated_mode/step_3_bind_an_eip_to_a_load_balancer.rst,Step 3: Bind an EIP to a Load Balancer,en-us_image_0000002361655604.png,screenshot,pass,1.00,Shows the Elastic Load Balancers page with a table of load balancers | The 'More' dropdown in the Operation column is expanded showing 'Unbind IPv4 EIP' option | Matches the RST description of unbinding an IPv4 EIP from the origin server | Two load balancer rows visible: one Shared (origin) and one Dedicated (WAF) | The highlighted 'Unbind IPv4 EIP' option directly corresponds to the procedure step,
umn/source/connecting_a_website_to_waf/connecting_your_website_to_waf_dedicated_mode/step_3_bind_an_eip_to_a_load_balancer.rst,Step 3: Bind an EIP to a Load Balancer,en-us_image_0000002361495716.jpg,icon,partial,0.72,"Small location pin/marker icon used for region or project selection | Referenced as |image1| in Step 2: 'Click |image1| in the upper left corner of the management console and select a region or project' | The icon is a blue teardrop-shaped location marker, consistent with a region selector | Image is small and somewhat blurry, limiting detail assessment","Image is very small and low resolution, making it difficult to confirm exact icon design | Cannot verify the exact UI context where this icon appears"
umn/source/connecting_a_website_to_waf/connecting_your_website_to_waf_dedicated_mode/step_3_bind_an_eip_to_a_load_balancer.rst,Step 3: Bind an EIP to a Load Balancer,en-us_image_0000002361655436.png,icon,partial,0.72,"Hamburger menu icon (three horizontal lines) used for navigation | Referenced as |image2| in Step 3: 'Click |image2| in the upper left corner of the page and choose Elastic Load Balance under Network' | The icon is consistent with a navigation menu toggle in cloud management consoles | Image is small and somewhat blurry, limiting detail assessment",Image is very small and low resolution | Cannot verify the exact UI context where this hamburger menu appears
umn/source/connecting_a_website_to_waf/connecting_your_website_to_waf_dedicated_mode/step_4_whitelist_back-to-source_ip_addresses_of_dedicated_waf_instances.rst,Step 4: Whitelist Back-to-Source IP Addresses of Dedicated WAF Instances,en-us_image_0000002395389761.png,screenshot,pass,1.00,"Shows the Dedicated Engine list with an IP Address column, matching Figure 1 and the step to obtain WAF instance IP addresses. | Columns (Instance Name, VPC, Subnet, IP Address, Operation) align with the RST description of viewing dedicated engine instance details.","No explicit indication that this is the dedicated WAF (Dedicated) console versus shared mode, though context implies it."
umn/source/connecting_a_website_to_waf/connecting_your_website_to_waf_dedicated_mode/step_4_whitelist_back-to-source_ip_addresses_of_dedicated_waf_instances.rst,Step 4: Whitelist Back-to-Source IP Addresses of Dedicated WAF Instances,en-us_image_0000002395270729.png,screenshot,pass,1.00,"Identical Dedicated Engine list view used as Figure 2 in the load balancer section. | IP Address column present, supporting the step of obtaining back-to-source IP addresses.",Same as Figure 1; no additional distinguishing detail for the ELB workflow.
umn/source/connecting_a_website_to_waf/connecting_your_website_to_waf_dedicated_mode/step_4_whitelist_back-to-source_ip_addresses_of_dedicated_waf_instances.rst,Step 4: Whitelist Back-to-Source IP Addresses of Dedicated WAF Instances,en-us_image_0000002395175717.png,screenshot,pass,1.00,"Shows the ELB listener list with an Access Control column and a Configure link, matching Figure 3 and step 9. | Listener row (listener-7ffc, HTTP/80) and Access Control 'All IP addresses' align with the RST instruction to click Configure.","Does not show the configured whitelist state, only the default 'All IP addresses'."
umn/source/connecting_a_website_to_waf/connecting_your_website_to_waf_dedicated_mode/step_4_whitelist_back-to-source_ip_addresses_of_dedicated_waf_instances.rst,Step 4: Whitelist Back-to-Source IP Addresses of Dedicated WAF Instances,en-us_image_0000002395175685.png,screenshot,pass,1.00,"Configure Access Control dialog with Access Policy set to Whitelist and an IP Address Group selector, matching Figure 4 and step 10. | Includes Create IP Address Group link and OK/Cancel controls consistent with the RST instructions.","IP Address Group is still '--Select--', so the actual WAF IP group is not shown as selected."
umn/source/connecting_a_website_to_waf/connecting_your_website_to_waf_dedicated_mode/step_4_whitelist_back-to-source_ip_addresses_of_dedicated_waf_instances.rst,Step 4: Whitelist Back-to-Source IP Addresses of Dedicated WAF Instances,en-us_image_0000002395175669.jpg,icon,partial,0.72,Location/region pin icon used as image1 for selecting a region or project in the upper-left corner. | Generic navigation symbol; relevant to the login/region step but not specific to WAF content.,No text or label; meaning inferred only from RST context.
umn/source/connecting_a_website_to_waf/connecting_your_website_to_waf_dedicated_mode/step_4_whitelist_back-to-source_ip_addresses_of_dedicated_waf_instances.rst,Step 4: Whitelist Back-to-Source IP Addresses of Dedicated WAF Instances,en-us_image_0000002361495768.png,icon,partial,0.72,Hamburger menu icon used as image2 to open the navigation menu and choose Web Application Firewall (Dedicated). | Generic UI symbol; supports the navigation step but carries no WAF-specific detail.,No menu contents visible; only the collapsed menu glyph.
umn/source/connecting_a_website_to_waf/connecting_your_website_to_waf_dedicated_mode/step_4_whitelist_back-to-source_ip_addresses_of_dedicated_waf_instances.rst,Step 4: Whitelist Back-to-Source IP Addresses of Dedicated WAF Instances,en-us_image_0000002361655436.png,icon,partial,0.72,Hamburger menu icon used as image3 to navigate to Compute > Elastic Cloud Server. | Generic navigation glyph; relevant to the ECS step but not WAF-specific.,No menu items shown; meaning inferred from RST.
umn/source/connecting_a_website_to_waf/connecting_your_website_to_waf_dedicated_mode/step_4_whitelist_back-to-source_ip_addresses_of_dedicated_waf_instances.rst,Step 4: Whitelist Back-to-Source IP Addresses of Dedicated WAF Instances,en-us_image_0000002361495764.jpg,icon,partial,0.72,Location/region pin icon used as image4 for selecting a region or project in the load balancer section. | Generic symbol; supports the region-selection step only.,No label; meaning inferred from RST context.
umn/source/connecting_a_website_to_waf/connecting_your_website_to_waf_dedicated_mode/step_4_whitelist_back-to-source_ip_addresses_of_dedicated_waf_instances.rst,Step 4: Whitelist Back-to-Source IP Addresses of Dedicated WAF Instances,en-us_image_0000002361655656.png,icon,partial,0.72,Hamburger menu icon used as image5 to choose Web Application Firewall (Dedicated) under Security. | Generic navigation glyph; relevant to the menu step but not WAF-specific.,No menu contents visible.
umn/source/connecting_a_website_to_waf/connecting_your_website_to_waf_dedicated_mode/step_4_whitelist_back-to-source_ip_addresses_of_dedicated_waf_instances.rst,Step 4: Whitelist Back-to-Source IP Addresses of Dedicated WAF Instances,en-us_image_0000002395175689.png,icon,partial,0.72,Hamburger menu icon used as image6 to navigate to Networking > Elastic Load Balance. | Generic navigation glyph; supports the ELB navigation step only.,No menu items shown; meaning inferred from RST.
umn/source/connecting_a_website_to_waf/connecting_your_website_to_waf_dedicated_mode/step_5_test_dedicated_waf_instances.rst,Step 5: Test Dedicated WAF Instances,en-us_image_0000002361655076.png,screenshot,pass,1.00,"Image shows a 'Basic Web Protection' label with a toggle switch in the on position, matching the figure caption 'Enabling Basic Web Protection'. | The RST references this figure in the attack blocking test steps where block mode for basic web protection must be enabled. | The visible toggle control is an interactive UI element consistent with enabling a protection feature. | No contradiction between the image content and the surrounding RST text.","No surrounding policy or website context is visible in the cropped image, only the single toggle control."
umn/source/connecting_a_website_to_waf/connecting_your_website_to_waf_dedicated_mode/website_connection_process_dedicated_mode.rst,Website Connection Process (Dedicated Mode),en-us_image_0000002361655916.png,other,fail,0.00,Local color check detected #3298ff.,
umn/source/connecting_a_website_to_waf/connecting_your_website_to_waf_elb_access_mode.rst,Connecting Your Website to WAF (ELB Access Mode),en-us_image_0000002395337089.jpg,icon,pass,1.00,"The image is a small location pin icon, consistent with step 2 which instructs the user to click it to select a region or project. | A location pin is a standard UI symbol for region/project selection in cloud management consoles. | The icon is used in the 'Connecting a Website to WAF in ELB Access Mode' section as the first navigation step. | No contradiction between the icon's meaning and the surrounding text.","The image is very small and low-resolution, making fine details hard to discern, but the location pin shape is identifiable."
umn/source/connecting_a_website_to_waf/connecting_your_website_to_waf_elb_access_mode.rst,Connecting Your Website to WAF (ELB Access Mode),en-us_image_0000002395334641.png,icon,pass,1.00,"The image shows a hamburger menu icon (three horizontal lines), which is the standard symbol for opening a navigation menu. | Step 3 instructs the user to click this icon in the upper left corner to access the menu and choose 'Web Application Firewall (Dedicated)' under 'Security'. | The hamburger menu icon is appropriate for opening a service navigation panel in a cloud management console. | No contradiction between the icon's function and the surrounding text.","The image is very small and low-resolution, but the three-line hamburger pattern is clearly identifiable."
umn/source/creating_a_user_group_and_granting_permissions.rst,Creating a User Group and Granting Permissions,en-us_image_0000002395335177.png,other,fail,0.00,Local color check detected #3298ff.,
umn/source/faqs/about_waf/does_waf_block_customized_post_requests.rst,Does WAF Block Customized POST Requests?,en-us_image_0000002395175017.png,other,fail,0.00,Local color check detected #3298ff.,
umn/source/faqs/about_waf/what_are_the_differences_between_waf_forwarding_and_nginx_forwarding.rst,What Are the Differences Between WAF Forwarding and Nginx Forwarding?,en-us_image_0000002361655880.png,other,fail,0.00,Local color check detected #3298ff.,
umn/source/faqs/about_waf/what_are_the_differences_between_waf_forwarding_and_nginx_forwarding.rst,What Are the Differences Between WAF Forwarding and Nginx Forwarding?,en-us_image_0000002395175913.png,other,fail,0.00,Local color check detected #3298ff.,
umn/source/faqs/checking_whether_normal_requests_are_blocked_mistakenly/why_does_waf_block_normal_requests_as_invalid_requests.rst,Why Does WAF Block Normal Requests as Invalid Requests?,en-us_image_0000002361495084.png,screenshot,pass,1.00,"The image is a UI screenshot of a WAF Events table with columns including Event Type, Protective Action, and Operation. | The third row shows Event Type 'Invalid request' and a grayed-out 'Handle False Alarm' control, matching the Symptom description in the RST. | The figure is referenced as Figure 1 in the Symptom section, so it is directly relevant to that section. | Visible interactive controls (Details and Handle False Alarm links/buttons) confirm it is an application screenshot.",The page title or breadcrumb confirming this is the 'Events' page is not visible in the cropped image.
umn/source/faqs/protection_rules/how_do_i_allow_only_specified_ip_addresses_to_access_protected_websites.rst,How Do I Allow Only Specified IP Addresses to Access Protected Websites?,en-us_image_0000002395335333.png,screenshot,pass,1.00,"Shows the 'Add Blacklist or Whitelist Rule' dialog with IP range 1.0.0.0/1 and Block action, matching Figure 1. | Directly illustrates the step of adding a blacklist rule to block a source IP range.",
umn/source/faqs/protection_rules/how_do_i_allow_only_specified_ip_addresses_to_access_protected_websites.rst,How Do I Allow Only Specified IP Addresses to Access Protected Websites?,en-us_image_0000002395335317.png,screenshot,pass,1.00,"Shows the 'Add Blacklist or Whitelist Rule' dialog with IP range 128.0.0.0/1 and Block action, matching Figure 2. | Illustrates the second blacklist rule used to block the remaining source IP range.",
umn/source/faqs/protection_rules/how_do_i_allow_only_specified_ip_addresses_to_access_protected_websites.rst,How Do I Allow Only Specified IP Addresses to Access Protected Websites?,en-us_image_0000002395175781.png,screenshot,pass,1.00,"Shows the 'Precise Protection' configuration area with the toggle enabled, matching Figure 3. | Corresponds to the step of enabling Precise Protection.",
umn/source/faqs/protection_rules/how_do_i_allow_only_specified_ip_addresses_to_access_protected_websites.rst,How Do I Allow Only Specified IP Addresses to Access Protected Websites?,en-us_image_0000002361655172.png,screenshot,pass,1.00,"Shows the 'Add Precise Protection Rule' dialog with Path Include '/' and Block action, matching Figure 4. | Illustrates the rule that blocks all requests before the allow rule.",
umn/source/faqs/protection_rules/how_do_i_allow_only_specified_ip_addresses_to_access_protected_websites.rst,How Do I Allow Only Specified IP Addresses to Access Protected Websites?,en-us_image_0000002395335105.png,screenshot,pass,1.00,"Shows the 'Add Precise Protection Rule' dialog with IPv4 Client IP Address Equal to 192.168.2.3 and Allow action, matching Figure 5. | Illustrates the rule that allows the specified IP address to access the website.",
umn/source/faqs/protection_rules/how_do_i_allow_only_specified_ip_addresses_to_access_protected_websites.rst,How Do I Allow Only Specified IP Addresses to Access Protected Websites?,en-us_image_0000002395177737.jpg,icon,partial,0.77,"A location/region pin icon used in step 2 to select a region or project. | Generic navigation icon, not specific to IP address rules.",Icon is low resolution and the exact label is not visible.
umn/source/faqs/protection_rules/how_do_i_allow_only_specified_ip_addresses_to_access_protected_websites.rst,How Do I Allow Only Specified IP Addresses to Access Protected Websites?,en-us_image_0000002395177733.png,icon,partial,0.77,"A hamburger menu icon used in step 3 to open the navigation and choose Web Application Firewall (Dedicated). | Generic navigation icon, not specific to IP address rules.",Icon is low resolution and the menu contents are not visible.
umn/source/faqs/protection_rules/how_do_i_allow_only_specified_ip_addresses_to_access_protected_websites.rst,How Do I Allow Only Specified IP Addresses to Access Protected Websites?,en-us_image_0000002361497788.jpg,icon,partial,0.77,"A location/region pin icon used in step 2 of the Precise Protection section to select a region or project. | Generic navigation icon, not specific to IP address rules.",Icon is low resolution and the exact label is not visible.
umn/source/faqs/protection_rules/how_do_i_allow_only_specified_ip_addresses_to_access_protected_websites.rst,How Do I Allow Only Specified IP Addresses to Access Protected Websites?,en-us_image_0000002395337605.png,icon,partial,0.77,"A hamburger menu icon used in step 3 of the Precise Protection section to choose Web Application Firewall (Dedicated). | Generic navigation icon, not specific to IP address rules.",Icon is low resolution and the menu contents are not visible.
umn/source/faqs/protection_rules/how_do_i_allow_requests_from_only_ip_addresses_in_a_specified_geographical_region.rst,How Do I Allow Requests from Only IP Addresses in a Specified Geographical Region?,en-us_image_0000002395335561.png,screenshot,pass,1.00,"Screenshot shows 'Add Geolocation Access Control Rule' dialog matching Figure 1 caption exactly | Geolocation field is set to 'Australia' and Protective Action is set to 'Allow', matching RST step 6 | Rule Description field shows 'waf' which is consistent with the WAF context | Dialog includes Confirm and Cancel buttons as expected for a configuration form",
umn/source/faqs/protection_rules/how_do_i_allow_requests_from_only_ip_addresses_in_a_specified_geographical_region.rst,How Do I Allow Requests from Only IP Addresses in a Specified Geographical Region?,en-us_image_0000002395335281.png,screenshot,pass,1.00,"Screenshot shows 'Add Precise Protection Rule' dialog matching Figure 2 caption 'Blocking all access requests' | Condition List shows Path field with 'Include' logic and '/' content, which blocks all requests as described in RST step 7 | Protective Action is set to 'Block', consistent with the goal of blocking all non-Australian traffic | Additional fields (Priority, Apply, Block Page) are visible and consistent with a WAF rule configuration",
umn/source/faqs/protection_rules/how_do_i_allow_requests_from_only_ip_addresses_in_a_specified_geographical_region.rst,How Do I Allow Requests from Only IP Addresses in a Specified Geographical Region?,en-us_image_0000002361657280.jpg,icon,partial,0.72,"Small location-pin icon referenced as |image1| in step 2 for selecting a region or project | The icon is a navigation element, not directly illustrating the geolocation rule configuration | Image is very small and low-resolution, making fine details difficult to discern | Consistent with a region/project selector icon in a management console",Image is too small and blurry to confirm exact icon design details | No surrounding UI context visible to confirm placement in upper-left corner
umn/source/faqs/protection_rules/how_do_i_allow_requests_from_only_ip_addresses_in_a_specified_geographical_region.rst,How Do I Allow Requests from Only IP Addresses in a Specified Geographical Region?,en-us_image_0000002395177353.png,icon,partial,0.72,Small hamburger-menu icon (three horizontal lines) referenced as |image2| in step 3 | Used to open the navigation menu to select Web Application Firewall (Dedicated) under Security | Image is very small and low-resolution | Consistent with a standard navigation menu toggle icon in a management console,Image is too small to confirm exact styling or color of the icon | No surrounding UI context visible to confirm placement in upper-left corner
umn/source/faqs/protection_rules/how_does_javascript_anti-crawler_detection_work.rst,How Does JavaScript Anti-Crawler Detection Work?,en-us_image_0000002361655288.png,other,fail,0.00,Local color check detected #3298ff.,
umn/source/faqs/protection_rules/how_does_javascript_anti-crawler_detection_work.rst,How Does JavaScript Anti-Crawler Detection Work?,en-us_image_0000002395175325.png,screenshot,pass,1.00,"Image is a dashboard screenshot titled 'Event Distribution' showing a donut chart with total 18, matching Figure 2 in the RST. | Tooltip values (Javascript challenges 16, JavaScript authentication 2, Other 0) align with the RST statement of 18 events, 16 challenge and 2 authentication responses. | The 'Anti-Crawler Details' legend and 'Details' link are consistent with a WAF anti-crawler statistics view. | Other = 0 is consistent with the total (16 + 2 = 18) and does not contradict the RST's general note that Other represents fabricated crawler requests.","The RST describes Figure 2 as 'Parameters of a JavaScript anti-crawler protection rule', but the image shows an event distribution chart rather than rule parameters, a minor label mismatch. | No explicit indication in the image of which specific protection rule the statistics belong to."
umn/source/faqs/protection_rules/why_does_a_requested_page_fail_to_respond_to_the_client_after_the_javascript-based_anti-crawler_is_enabled.rst,Why Does a Requested Page Fail to Respond to the Client After the JavaScript-based Anti-Crawler Is Enabled?,en-us_image_0000002361655136.png,other,fail,0.00,Local color check detected #3298ff.,
umn/source/faqs/protection_rules/why_does_the_page_fail_to_be_refreshed_after_wtp_is_enabled.rst,Why Does the Page Fail to Be Refreshed After WTP Is Enabled?,en-us_image_0000002395174933.png,icon,pass,1.00,Image is a location pin icon used for region/project selection in the management console | Matches step 2 description: 'Click |image1| in the upper left corner and select a region or project' | Standard UI icon for geographic/region selection in cloud management consoles,
umn/source/faqs/protection_rules/why_does_the_page_fail_to_be_refreshed_after_wtp_is_enabled.rst,Why Does the Page Fail to Be Refreshed After WTP Is Enabled?,en-us_image_0000002395334641.png,icon,pass,1.00,Image is a hamburger menu icon (three horizontal lines) used for navigation | Matches step 3 description: 'Click |image2| in the upper left corner and choose Web Application Firewall (Dedicated) under Security' | Standard UI icon for opening a navigation menu in management consoles,
umn/source/faqs/protection_rules/why_does_the_page_fail_to_be_refreshed_after_wtp_is_enabled.rst,Why Does the Page Fail to Be Refreshed After WTP Is Enabled?,en-us_image_0000002361655640.png,icon,pass,1.00,"Image is a toggle switch in the ON (enabled) position, shown in magenta/pink | Matches step 6 description: 'If this function is enabled (|image3|)' | Clearly represents the WTP function being in an enabled state",
umn/source/faqs/protection_rules/why_does_the_page_fail_to_be_refreshed_after_wtp_is_enabled.rst,Why Does the Page Fail to Be Refreshed After WTP Is Enabled?,en-us_image_0000002361655632.png,icon,pass,1.00,"Image is a toggle switch in the OFF (disabled) position, shown in gray | Matches step 6 description: 'If this function is disabled (|image4|)' | Clearly represents the WTP function being in a disabled state",
umn/source/faqs/protection_rules/why_does_the_page_fail_to_be_refreshed_after_wtp_is_enabled.rst,Why Does the Page Fail to Be Refreshed After WTP Is Enabled?,en-us_image_0000002395175681.png,icon,pass,1.00,"Image is a toggle switch in the OFF (disabled) position, shown in gray | Matches step 6 description: 'click |image5| to enable the function' | Represents the toggle control the user must click to enable WTP",
umn/source/faqs/troubleshooting_certificate_and_cipher_suite_issues/how_do_i_fix_an_incomplete_certificate_chain.rst,How Do I Fix an Incomplete Certificate Chain?,en-us_image_0000002395334853.png,screenshot,pass,1.00,"Image shows the Certificate Export Wizard dialog as referenced in Figure 1 of the RST | The Base-64 encoded X.509 (.CER) option is selected and highlighted with a red box, matching the RST instruction | The dialog includes Next and Cancel buttons consistent with the wizard flow described | All visible elements (radio buttons, checkboxes, format options) align with the RST description of step 3c",
umn/source/faqs/troubleshooting_certificate_and_cipher_suite_issues/how_do_i_fix_an_incomplete_certificate_chain.rst,How Do I Fix an Incomplete Certificate Chain?,en-us_image_0000002395175005.png,screenshot,pass,1.00,"Image shows a split view of a Notepad file with multiple PEM certificates and a Certificate dialog with the Certification Path tab, matching Figure 2 description | The Certification Path displays a chain: DigiCert Baltimore Root > DigiCert Global Root CA > GeoTrust RSA CA 2018 > leaf certificate | Blue connector lines visually map the certificates in the text file to their positions in the chain, illustrating the rebuilding sequence | Certificate status shows 'This certificate is OK' confirming the chain is valid | The RST step 4 instructs to rebuild the certificate according to the sequence shown in Figure 2, which this image demonstrates",
umn/source/faqs/troubleshooting_certificate_and_cipher_suite_issues/how_do_i_fix_an_incomplete_certificate_chain.rst,How Do I Fix an Incomplete Certificate Chain?,en-us_image_0000002361495052.png,icon,partial,0.78,"Image is a small right-pointing chevron/arrow icon referenced as |image1| in step 1b of the RST | The RST instructs to 'click |image1|, and click Valid Certificate in address bar', suggesting this is a browser UI element indicator | The icon is consistent with a dropdown or expand arrow found in browser address bars | The image is very small and low-resolution, making it difficult to identify the exact UI element it represents",The image is too small and blurry to definitively identify which specific browser element it represents | No surrounding context is visible to confirm it is part of a browser address bar interface
umn/source/faqs/troubleshooting_certificate_and_cipher_suite_issues/why_are_https_requests_denied_on_some_mobile_phones.rst,Why Are HTTPS Requests Denied on Some Mobile Phones?,en-us_image_0000002395175941.png,screenshot,partial,0.78,"The image is a browser screenshot showing a page with a broken/locked padlock icon, which visually indicates an HTTPS/security problem consistent with the symptom of an abnormal HTTPS request. | It is placed in the Symptom section as 'Figure 1 Access failed', illustrating the page a user sees when the HTTPS request is abnormal. | The broken lock icon provides clear visual evidence of a certificate/HTTPS issue, matching the topic of incomplete certificate chains. | The layout appears to be a desktop browser tab rather than a mobile phone browser as the RST describes, and the page content (Nginx welcome page) loaded rather than showing an explicit failure message.","No explicit 'access failed' or error message is visible; the Nginx default page content rendered normally. | No mobile phone UI is visible, despite the RST referring to a mobile phone browser. | No certificate-chain or cipher-suite error text is shown to confirm the specific cause."
umn/source/faqs/troubleshooting_traffic_forwarding_exceptions/what_is_error_code_404_502_or_504_returned_to_visitors_after_my_website_or_application_is_connected_to_waf.rst,"What Is Error Code 404, 502, or 504 Returned to Visitors After My Website or Application Is Connected to WAF?",en-us_image_0000002361494856.png,other,pass,1.00,"Image shows a 404 page with the text 'The requested page could not be found or has been deleted.' | Diagram illustrates the flow Web visitor -> Web application firewall -> Website, matching the 404 Not Found scenario. | Matches Figure 1 referenced in the RST as the 404 page.",
umn/source/faqs/troubleshooting_traffic_forwarding_exceptions/what_is_error_code_404_502_or_504_returned_to_visitors_after_my_website_or_application_is_connected_to_waf.rst,"What Is Error Code 404, 502, or 504 Returned to Visitors After My Website or Application Is Connected to WAF?",en-us_image_0000002395334777.png,screenshot,pass,1.00,"Screenshot of the Domain Name Details / Origin Server Settings page. | Protected Port is set to 8080, illustrating a non-standard port configuration. | Matches Figure 2 'Configuration of a non-standard port' in the 404 section.",
umn/source/faqs/troubleshooting_traffic_forwarding_exceptions/what_is_error_code_404_502_or_504_returned_to_visitors_after_my_website_or_application_is_connected_to_waf.rst,"What Is Error Code 404, 502, or 504 Returned to Visitors After My Website or Application Is Connected to WAF?",en-us_image_0000002395334669.png,screenshot,pass,1.00,"Screenshot of the Domain Name Details / Origin Server Settings page. | Protected Port is set to 'Standard port', illustrating that no non-standard port is configured. | Matches Figure 3 'Non-standard port not configured' in the 404 section.",
umn/source/faqs/troubleshooting_traffic_forwarding_exceptions/what_is_error_code_404_502_or_504_returned_to_visitors_after_my_website_or_application_is_connected_to_waf.rst,"What Is Error Code 404, 502, or 504 Returned to Visitors After My Website or Application Is Connected to WAF?",en-us_image_0000002395174917.jpg,icon,pass,0.88,Small blue edit/pencil icon used as the |image1| replacement in the Server Information area step. | Corresponds to the edit control referenced in the 502 Bad Gateway cause 2 procedure. | Isolated symbolic graphic with no surrounding UI context.,"No surrounding console UI shown, so the exact button label is not visible."
umn/source/faqs/troubleshooting_traffic_forwarding_exceptions/what_is_error_code_404_502_or_504_returned_to_visitors_after_my_website_or_application_is_connected_to_waf.rst,"What Is Error Code 404, 502, or 504 Returned to Visitors After My Website or Application Is Connected to WAF?",en-us_image_0000002395174869.jpg,icon,pass,0.88,Small blue edit/pencil icon used as the |image2| replacement in the Server Information area step. | Corresponds to the edit control referenced in the 504 Gateway Timeout cause 1 method 2 procedure. | Isolated symbolic graphic with no surrounding UI context.,"No surrounding console UI shown, so the exact button label is not visible."
umn/source/faqs/troubleshooting_traffic_forwarding_exceptions/what_is_the_connection_timeout_duration_of_waf_can_i_manually_set_the_timeout_duration.rst,What Is the Connection Timeout Duration of WAF? Can I Manually Set the Timeout Duration?,en-us_image_0000002395175289.png,icon,fail,0.43,"The image is a small teal checkmark symbol, i.e., an isolated icon rather than a screenshot or page. | In the RST it is referenced twice as a clickable element (|image1| and |image2|) within the timeout-settings procedure, so it is procedurally relevant but does not depict the WAF timeout topic itself. | The checkmark does not show the Basic Information page, Timeout Settings toggle, or the WAF-to-Server/Read/Write timeout fields described in the text. | No contradiction between the image and the document text is evident.","No visible UI context (page, fields, or labels) tying the checkmark to the WAF timeout configuration. | The image does not show the actual 'Timeout Settings' enable control or the save action it is meant to represent. | No text or interface elements are present to confirm the specific function of the icon."
umn/source/faqs/troubleshooting_traffic_forwarding_exceptions/why_am_i_seeing_error_code_414_request-uri_too_large.rst,Why Am I Seeing Error Code 414 Request-URI Too Large?,en-us_image_0000002361655136.png,other,fail,0.00,Local color check detected #3298ff.,
umn/source/faqs/troubleshooting_traffic_forwarding_exceptions/why_am_i_seeing_error_code_414_request-uri_too_large.rst,Why Am I Seeing Error Code 414 Request-URI Too Large?,en-us_image_0000002395175177.png,screenshot,pass,1.00,"Image clearly displays the text '414 Request-URI Too Large' which is the exact error described in the document title and Symptoms section. | The 'CloudWAF' label below the error confirms this is a WAF-generated error page, matching the document context. | Referenced as Figure 1 in the Symptoms section, directly illustrating the symptom described.",
umn/source/faqs/troubleshooting_traffic_forwarding_exceptions/why_am_i_seeing_error_code_414_request-uri_too_large.rst,Why Am I Seeing Error Code 414 Request-URI Too Large?,en-us_image_0000002395174933.png,icon,partial,0.72,"Image shows a location pin icon, consistent with the RST instruction to 'select a region or project' in step 2. | Used as |image1| in the Handling Suggestions section for navigating the management console. | The icon is small and symbolic, fitting the 'icon' classification.","The icon is very small and low-resolution, making it difficult to confirm exact visual details."
umn/source/faqs/troubleshooting_traffic_forwarding_exceptions/why_am_i_seeing_error_code_414_request-uri_too_large.rst,Why Am I Seeing Error Code 414 Request-URI Too Large?,en-us_image_0000002395334641.png,icon,partial,0.72,"Image shows a hamburger menu icon (three horizontal lines), consistent with the RST instruction to click and choose 'Web Application Firewall (Dedicated) under Security' in step 3. | Used as |image2| in the Handling Suggestions section for navigating the management console. | Standard navigation icon used in cloud management consoles.","The icon is very small and low-resolution, making it difficult to confirm exact visual details."
umn/source/faqs/troubleshooting_traffic_forwarding_exceptions/why_am_i_seeing_error_code_414_request-uri_too_large.rst,Why Am I Seeing Error Code 414 Request-URI Too Large?,en-us_image_0000002395174901.png,icon,pass,0.90,"Image shows a toggle switch in the 'on' (enabled) position, matching the RST description '|image3|: enabled' in step 6. | Directly referenced in the Handling Suggestions section for the Anti-Crawler configuration area. | The toggle is a recognizable interactive control element.",
umn/source/faqs/troubleshooting_traffic_forwarding_exceptions/why_am_i_seeing_error_code_414_request-uri_too_large.rst,Why Am I Seeing Error Code 414 Request-URI Too Large?,en-us_image_0000002361494960.png,icon,pass,0.90,"Image shows a toggle switch in the 'off' (disabled) position, matching the RST description '|image4|: disabled' in step 6. | Directly referenced in the Handling Suggestions section for the Anti-Crawler configuration area. | The toggle is a recognizable interactive control element.",
umn/source/faqs/troubleshooting_traffic_forwarding_exceptions/why_was_my_website_redirected_so_many_times.rst,Why Was My Website Redirected So Many Times?,en-us_image_0000002361495376.png,screenshot,pass,1.00,"The screenshot shows the 'Edit Server Information' panel, matching the figure caption 'Example configuration' in the RST. | It displays two server entries: HTTP client to HTTP server (port 80) and HTTPS client to HTTPS server (port 443), exactly the two-piece configuration the RST recommends to avoid the redirect loop. | The presence of a certificate selector and 'Import New Certificate' link aligns with the HTTPS server configuration described in the document. | The interface is a clear application UI with dropdowns, links, and Cancel/Confirm controls, classifying it as a screenshot.","The server address IP values are partially redacted, so the exact origin addresses cannot be verified. | The image does not show the WAF redirect/loop behavior itself, only the corrective server configuration."
umn/source/faqs/troubleshooting_website_connection_exceptions/why_is_my_domain_name_or_ip_address_inaccessible.rst,Why Is My Domain Name or IP Address Inaccessible?,en-us_image_0000002361655044.png,other,fail,0.00,Local color check detected #3298ff.,
umn/source/faqs/troubleshooting_website_connection_exceptions/why_is_my_domain_name_or_ip_address_inaccessible.rst,Why Is My Domain Name or IP Address Inaccessible?,en-us_image_0000002395334977.png,other,fail,0.00,Local color check detected #3298ff.,
umn/source/faqs/troubleshooting_website_connection_exceptions/why_is_my_domain_name_or_ip_address_inaccessible.rst,Why Is My Domain Name or IP Address Inaccessible?,en-us_image_0000002395334973.png,icon,pass,1.00,"The image is a small circular refresh/sync icon (two curved arrows forming a circle). | It is referenced in Table 1, Cause 1 as the button to click to update the Access Status for a protected website. | The icon semantically matches the 'update the status' action described in the RST text. | The icon is clearly visible and identifiable as a refresh/sync symbol.","The icon is very small and low-resolution, making fine details hard to discern. | No surrounding UI context is visible to confirm the exact button label or placement."
umn/source/faqs/troubleshooting_website_connection_exceptions/why_is_my_domain_name_or_ip_address_inaccessible.rst,Why Is My Domain Name or IP Address Inaccessible?,en-us_image_0000002395334945.png,icon,pass,1.00,"The image is a small circular refresh/sync icon (two curved arrows forming a circle). | It is referenced in Table 1, Cause 2 as the button to click to update the Access Status after generating sufficient traffic. | The icon semantically matches the 'update the status' action described in the RST text. | The icon is clearly visible and identifiable as a refresh/sync symbol.","The icon is very small and low-resolution, making fine details hard to discern. | No surrounding UI context is visible to confirm the exact button label or placement."
umn/source/faqs/troubleshooting_website_connection_exceptions/why_is_my_domain_name_or_ip_address_inaccessible.rst,Why Is My Domain Name or IP Address Inaccessible?,en-us_image_0000002395334969.png,icon,pass,1.00,"The image is a small circular refresh/sync icon (two curved arrows forming a circle). | It is referenced in Table 2 (ELB Access Mode), Cause 1 as the button to click to update the Access Status. | The icon semantically matches the 'update the status' action described in the RST text. | The icon is clearly visible and identifiable as a refresh/sync symbol.","The icon is very small and low-resolution, making fine details hard to discern. | No surrounding UI context is visible to confirm the exact button label or placement."
umn/source/faqs/troubleshooting_website_connection_exceptions/why_is_my_domain_name_or_ip_address_inaccessible.rst,Why Is My Domain Name or IP Address Inaccessible?,en-us_image_0000002395334937.png,icon,pass,1.00,"The image is a small circular refresh/sync icon (two curved arrows forming a circle). | It is referenced in Table 2 (ELB Access Mode), Cause 2 as the button to click to update the Access Status after generating sufficient traffic. | The icon semantically matches the 'update the status' action described in the RST text. | The icon is clearly visible and identifiable as a refresh/sync symbol.","The icon is very small and low-resolution, making fine details hard to discern. | No surrounding UI context is visible to confirm the exact button label or placement."
umn/source/faqs/website_access_issues/how_does_a_dedicated_waf_instance_protect_non-standard_ports_that_are_not_supported_by_the_dedicated_instance.rst,How Does a Dedicated WAF Instance Protect Non-Standard Ports That Are Not Supported by the Dedicated Instance?,en-us_image_0000002395177433.png,icon,partial,0.77,"The image is a hamburger menu icon (three horizontal lines), matching the RST instruction to click the menu icon in the upper left corner. | It is used in step 2.a to navigate to Web Application Firewall (Dedicated) under Security. | The icon is a generic navigation symbol, not specific to WAF, but it is semantically correct for the described action.",The icon does not show any WAF-specific branding or label. | No surrounding UI context is visible to confirm it is the management console menu.
umn/source/instance_management/managing_dedicated_waf_engines.rst,Managing Dedicated WAF Engines,en-us_image_0000002361495344.png,screenshot,pass,1.00,"Image is a UI screenshot of the Dedicated Engine list page, matching Figure 1 in the RST. | Columns (Instance Name, Running Status, Protected Website, VPC, Subnet, IP Address, Access Status, Version, Deployment, Specifications, Operation) align with Table 2 in the RST. | Operation column shows Cloud Eye, Upgrade, and More links, consistent with the RST's described actions. | Two instance rows are visible with realistic data (e.g., vpc-cwx122..., subnet-1d7a, 192.168.0.x, version 202309). | No contradictions between the image content and the RST description.","The full column headers are truncated (e.g., 'Running St...', 'Access...', 'Deploy...'), but context makes them identifiable."
umn/source/instance_management/managing_dedicated_waf_engines.rst,Managing Dedicated WAF Engines,en-us_image_0000002361495144.png,screenshot,pass,0.88,"Image is a UI screenshot of a deletion confirmation dialog, matching Figure 2 in the RST. | Dialog title 'Are you sure you want to delete the following instance?' and warning text align with the RST's deletion section. | Table shows Instance Name, Protected Website, Access Status, Running Status for instance 'test-z3AZ'. | Confirm and Cancel buttons are visible at the bottom of the dialog. | The RST instructs the user to 'enter DELETE and click Confirm', but no text input field for typing DELETE is visible in the screenshot, suggesting a minor UI version difference.",No visible text input field for entering the word 'DELETE' as described in the RST step 5. | The Running Status shows 'Creation failed.' which is not explicitly mentioned in the RST as a prerequisite for deletion.
umn/source/instance_management/managing_dedicated_waf_engines.rst,Managing Dedicated WAF Engines,en-us_image_0000002395334641.png,icon,partial,0.65,"Image is a small hamburger-menu icon (three horizontal lines), used as a navigation trigger. | The RST references this icon (|image1|, |image3|, etc.) for clicking to open the main navigation menu to select 'Web Application Firewall (Dedicated)'. | The icon is generic and not specific to WAF; it is a standard UI navigation symbol. | No contradictions with the RST; it serves the described purpose of opening the service menu.","The icon is very small and low-resolution, making fine details hard to discern. | No WAF-specific branding or labeling is visible on the icon itself."
umn/source/instance_management/managing_dedicated_waf_engines.rst,Managing Dedicated WAF Engines,en-us_image_0000002395174933.png,icon,partial,0.65,"Image is a small location-pin / map-marker icon, used as a region or project selector. | The RST references this icon (|image2|, |image4|, etc.) for clicking to select a region or project. | The icon is a generic UI symbol for location/region selection, not specific to WAF. | No contradictions with the RST; it fulfills the described role of selecting a region or project.",The icon is very small and low-resolution. | No text label or WAF-specific context is visible on the icon itself.
umn/source/instance_management/viewing_product_details.rst,Viewing Product Details,en-us_image_0000002361495608.png,screenshot,pass,1.00,"Screenshot clearly shows the Product Details page with Dedicated Mode, domain name quota (2,000), and dedicated instance count (1) | Matches the RST description of viewing WAF edition, specifications, and domain quotas | The 'Details' link visible on the right corresponds to the RST instruction to click Details for more info | Enterprise Project dropdown is visible, matching the note about enterprise projects",Expiration time mentioned in RST is not clearly visible in this screenshot
umn/source/instance_management/viewing_product_details.rst,Viewing Product Details,en-us_image_0000002395174933.png,icon,pass,0.88,Small location pin icon used as the region/project selector in step 2 of the instructions | Matches the RST reference to clicking the icon in the upper left corner to select a region or project | Icon is consistent with a map/location marker used for region selection in cloud consoles,"Icon is small and slightly blurry, making fine details hard to discern"
umn/source/instance_management/viewing_product_details.rst,Viewing Product Details,en-us_image_0000002395334641.png,icon,pass,0.88,Hamburger menu icon (three horizontal lines) used as the navigation menu trigger in step 3 | Matches the RST reference to clicking the icon in the upper left corner to access the service menu | Standard navigation icon for opening a service list in cloud management consoles,"Icon is small and slightly blurry, making fine details hard to discern"
umn/source/monitoring_and_auditing/using_cts_to_audit_waf/viewing_cts_traces_in_the_trace_list.rst,Viewing CTS Traces in the Trace List,en-us_image_0000002361495872.png,screenshot,pass,1.00,"Shows the Trace List page with the filter panel described in step 4 (Figure 1). | Visible filters match the RST: Trace Type, Trace Source, Resource Type, Search By, Operator, Trace Status, time range, and Query/Reset/Export. | Time range options (Last 1 hour/day/week, Customize) align with the documented filters.",
umn/source/monitoring_and_auditing/using_cts_to_audit_waf/viewing_cts_traces_in_the_trace_list.rst,Viewing CTS Traces in the Trace List,en-us_image_0000002395177421.png,icon,pass,1.00,"Hamburger menu icon used in step 2 to open the navigation menu for Management & Deployment > Cloud Trace Service. | Isolated symbolic graphic, consistent with an icon.",
umn/source/monitoring_and_auditing/using_cts_to_audit_waf/viewing_cts_traces_in_the_trace_list.rst,Viewing CTS Traces in the Trace List,en-us_image_0000002361495900.png,icon,pass,1.00,"Circular refresh/reload icon matching step 6 ('Click |image2| to view the latest information about traces'). | Isolated pictogram, consistent with an icon.",
umn/source/monitoring_and_auditing/using_cts_to_audit_waf/viewing_cts_traces_in_the_trace_list.rst,Viewing CTS Traces in the Trace List,en-us_image_0000002361655776.jpg,icon,pass,1.00,"Downward chevron/expand icon matching step 7 ('Click |image3| on the left of a trace to expand its details'). | Isolated symbolic graphic, consistent with an icon.",
umn/source/monitoring_and_auditing/using_cts_to_audit_waf/viewing_cts_traces_in_the_trace_list.rst,Viewing CTS Traces in the Trace List,en-us_image_0000002361655780.png,screenshot,pass,1.00,"Shows the Trace List with an expanded trace row revealing detail fields (trace_id, code, trace_name, resource_type, trace_rating, message, source_ip, domain_id, trace_type). | Matches step 7 illustration of expanding a trace's details. | Includes the 'View Trace' operation link referenced in step 8.",
umn/source/monitoring_and_auditing/using_cts_to_audit_waf/viewing_cts_traces_in_the_trace_list.rst,Viewing CTS Traces in the Trace List,en-us_image_0000002361655784.png,screenshot,pass,1.00,"Shows the Trace List with an expanded trace row and its detail fields, consistent with step 7. | Displays the same trace structure (trace_id, code, trace_name, resource_type, trace_rating, message, source_ip, domain_id, trace_type) as documented. | Includes the 'View Trace' operation link.",
umn/source/monitoring_and_auditing/using_cts_to_audit_waf/viewing_cts_traces_in_the_trace_list.rst,Viewing CTS Traces in the Trace List,en-us_image_0000002361655768.png,screenshot,pass,1.00,"Shows the 'View Trace' dialog with the full JSON trace structure, matching step 8 ('Click View Trace ... The trace details are displayed'). | Fields (request, trace_id, code, trace_name, resource_type, trace_rating, message, source_ip, domain_id, trace_type, service_type, event_type, time, user) align with the trace structure referenced in the RST.",
umn/source/object_management/certificate_management/deleting_a_certificate_from_waf.rst,Deleting a Certificate from WAF,en-us_image_0000002395174933.png,icon,partial,0.77,Image is a location pin/marker icon used in step 2 to select a region or project | The icon is a standard UI symbol for region/location selection | It is part of the navigation procedure to access WAF certificate management | The icon clearly depicts a map pin shape,No visible text or label on the icon to confirm its exact function | The icon is very small and low-resolution
umn/source/object_management/certificate_management/deleting_a_certificate_from_waf.rst,Deleting a Certificate from WAF,en-us_image_0000002395334641.png,icon,partial,0.77,Image is a hamburger menu icon (three horizontal lines) used in step 3 to access service navigation | The icon is a standard UI symbol for opening a navigation menu | It is part of the procedure to navigate to Web Application Firewall under Security | The icon clearly shows three horizontal lines,No visible text or label on the icon | The icon is very small and low-resolution
umn/source/object_management/certificate_management/deleting_a_certificate_from_waf.rst,Deleting a Certificate from WAF,en-us_image_0000002361496192.png,icon,partial,0.77,"Image is a pencil/edit icon used in the Related Operations section to modify a certificate binding | The icon represents an edit action, consistent with uploading a new certificate or selecting an existing one | It is part of the unbinding procedure described in the document | The icon clearly depicts a pencil shape",No visible text or label on the icon | The icon is very small and low-resolution
umn/source/object_management/certificate_management/uploading_a_certificate_to_waf.rst,Uploading a Certificate to WAF,en-us_image_0000002395335993.png,screenshot,pass,1.00,"Screenshot shows the 'Add Certificate' dialog box exactly as described in step 6 of the RST. | Contains Certificate Name field with 'wafTest', Certificate File with PEM content, and Private Key with RSA PEM content. | Shows 'Confirm' and 'Cancel' buttons matching the RST instruction to click Confirm. | Figure caption in RST is 'Uploading an international certificate' which matches the dialog content. | The note about certificate file containing certificate chain is visible in the image.",
umn/source/object_management/certificate_management/uploading_a_certificate_to_waf.rst,Uploading a Certificate to WAF,en-us_image_0000002395174933.png,icon,pass,0.95,Small location/region pin icon referenced as |image1| in step 2: 'Click |image1| in the upper left corner and select a region or project.' | The icon shape (map pin/location marker) is consistent with a region selector in a cloud management console. | Directly supports the prerequisite step of selecting a region before navigating to WAF.,"Icon is small and slightly blurry, making fine details hard to discern."
umn/source/object_management/certificate_management/uploading_a_certificate_to_waf.rst,Uploading a Certificate to WAF,en-us_image_0000002395334641.png,icon,pass,0.95,Hamburger menu icon (three horizontal lines) referenced as |image2| in step 3: 'Click |image2| in the upper left corner and choose Web Application Firewall (Dedicated) under Security.' | The three-line icon is a standard navigation menu symbol used in cloud management consoles. | Consistent with the instruction to open a navigation menu to find the WAF service.,"Icon is small and slightly blurry, but the three-line pattern is recognizable."
umn/source/object_management/certificate_management/uploading_a_certificate_to_waf.rst,Uploading a Certificate to WAF,en-us_image_0000002361656020.png,icon,pass,0.95,"Pencil/edit icon referenced as |image3| in Related Operations: 'To change the certificate name, move the cursor over the name of the certificate, click |image3|, and enter a certificate name.' | The pencil icon is a standard edit symbol, consistent with the action of renaming a certificate. | Directly supports the 'change the certificate name' operation described in the RST.","Icon is small and slightly blurry, but the pencil shape is recognizable."
umn/source/object_management/certificate_management/using_a_certificate_for_a_protected_website_in_waf.rst,Using a Certificate for a Protected Website in WAF,en-us_image_0000002395174933.png,icon,partial,0.77,"Image is a location pin icon used for selecting a region or project in step 2 | The icon is a standard navigation element, not specific to certificate management | Matches the RST instruction to click the icon to select a region or project",No certificate-specific content visible in the icon
umn/source/object_management/certificate_management/using_a_certificate_for_a_protected_website_in_waf.rst,Using a Certificate for a Protected Website in WAF,en-us_image_0000002395334641.png,icon,partial,0.77,"Image is a hamburger menu icon (three horizontal lines) used for navigation in step 3 | Used to access Web Application Firewall (Dedicated) under Security | Standard navigation icon, not specific to certificate management",No certificate-specific content visible in the icon
umn/source/object_management/certificate_management/using_a_certificate_for_a_protected_website_in_waf.rst,Using a Certificate for a Protected Website in WAF,en-us_image_0000002361656020.png,icon,pass,0.90,Image is a pencil/edit icon used for changing the certificate name in Related Operations | Directly relevant to the certificate management task of renaming a certificate | Matches the RST instruction to click the icon and enter a certificate name,No certificate-specific content visible in the icon beyond the edit function
umn/source/object_management/certificate_management/viewing_certificate_information.rst,Viewing Certificate Information,en-us_image_0000002395336049.png,screenshot,pass,1.00,"Image is labeled as Figure 1 Certificate list in the RST and shows exactly that: a certificate list table. | Columns Name, Expires, Domain Name, Enterprise Project, and Operation all match Table 1 in the document. | The Operation column shows View, Use, and More, matching the Related Operations section. | The Add Certificate button and search bar are consistent with a WAF management console interface. | Two certificate entries with expiration status (Normal, Expires soon) align with the Expires parameter description.",
umn/source/object_management/certificate_management/viewing_certificate_information.rst,Viewing Certificate Information,en-us_image_0000002395174933.png,icon,partial,0.72,"Referenced as |image1| in step 2: 'Click |image1| in the upper left corner and select a region or project.' | The image is a location pin / map marker icon, which is a common UI symbol for region or project selection. | It is a small symbolic graphic used as a navigation control, consistent with an icon classification. | The icon is small and low-resolution, making fine detail hard to assess.",The icon is very small and pixelated; exact label or tooltip is not visible. | No surrounding UI context is shown to confirm it is in the upper-left corner of the console.
umn/source/object_management/certificate_management/viewing_certificate_information.rst,Viewing Certificate Information,en-us_image_0000002395334641.png,icon,partial,0.72,"Referenced as |image2| in step 3: 'Click |image2| in the upper left corner and choose Web Application Firewall (Dedicated) under Security.' | The image is a hamburger menu icon (three horizontal lines), a standard symbol for opening a navigation/service menu. | It is a small isolated UI symbol, fitting the icon classification. | The icon is small and low-resolution; exact rendering details are limited.","No surrounding navigation pane is visible to confirm the menu opens to show Security > WAF. | The icon is pixelated and small, limiting visual detail assessment."
umn/source/object_management/certificate_management/viewing_certificate_information.rst,Viewing Certificate Information,en-us_image_0000002361656020.png,icon,pass,1.00,"Referenced as |image3| in Related Operations: 'move the cursor over the name of the certificate, click |image3|, and enter a certificate name.' | The image is a pencil/edit icon, which is the standard symbol for editing or renaming an item. | It directly supports the action of changing a certificate name as described in the document. | The icon is clearly a small symbolic graphic (pencil with underline), fitting the icon classification.",No surrounding UI context is shown to confirm it appears next to a certificate name in the list.
umn/source/policy_management/adding_a_domain_name_to_a_policy.rst,Adding a Domain Name to a Policy,en-us_image_0000002361655840.png,screenshot,pass,1.00,"Screenshot shows the WAF policy list page with columns Policy Name, Protection Status, Domain Name, and Operation. | The 'Add Domain Name' link in the Operation column is highlighted with a red box, matching step 5 of the procedure. | Two policies (WAF-Policy and policy_2bFXQKrd) are visible, consistent with the RST context. | Enterprise Project dropdown and Add Policy / View Rules buttons are present, matching the console layout described.",
umn/source/policy_management/adding_a_domain_name_to_a_policy.rst,Adding a Domain Name to a Policy,en-us_image_0000002395335745.png,screenshot,pass,1.00,"Dialog box titled 'Add Domain Name' is displayed, matching Figure 2 in the RST. | Policy Name field shows 'WAF-Policy' and Domain Name field shows 'www.example.com' with a dropdown, matching step 6. | Confirm and Cancel buttons are visible at the bottom of the dialog. | The dialog structure aligns with the RST instruction to select domain names and click Confirm.",
umn/source/policy_management/adding_a_domain_name_to_a_policy.rst,Adding a Domain Name to a Policy,en-us_image_0000002395174933.png,icon,partial,0.72,"Small location-pin / map-marker icon used in step 2 to select a region or project. | The icon is referenced as |image1| in the RST for the region/project selector in the upper-left corner. | The image is low-resolution and somewhat blurry, limiting detail assessment. | Semantically relevant as a region selector icon in a cloud management console.",Icon is very small and blurry; exact visual details are hard to confirm. | No surrounding UI context is visible to confirm placement in the upper-left corner.
umn/source/policy_management/adding_a_domain_name_to_a_policy.rst,Adding a Domain Name to a Policy,en-us_image_0000002395334641.png,icon,partial,0.72,"Hamburger-menu icon (three horizontal lines) used in step 3 to open the navigation menu. | Referenced as |image2| in the RST for clicking to choose Web Application Firewall under Security. | The image is low-resolution and somewhat blurry, limiting detail assessment. | Semantically relevant as a navigation/menu toggle icon in a cloud management console.",Icon is very small and blurry; exact visual details are hard to confirm. | No surrounding UI context is visible to confirm placement in the upper-left corner.
umn/source/policy_management/adding_rules_to_one_or_more_policies.rst,Adding Rules to One or More Policies,en-us_image_0000002395335761.png,screenshot,pass,1.00,"Shows the policy list page with the 'View Rules' button highlighted in a red box, matching Figure 1 caption. | The 'View Rules' button is in the upper left corner of the policy list as described in step 5. | Table columns (Policy Name, Protection Status, Domain Name, Operation) are consistent with a WAF policy management interface. | Enterprise Project dropdown at top is consistent with the management console context.",
umn/source/policy_management/adding_rules_to_one_or_more_policies.rst,Adding Rules to One or More Policies,en-us_image_0000002395175889.png,screenshot,pass,1.00,"Shows 'CC Attack Protection Rules' and 'Precise Protection Rules' sections each with an 'Add Rule' button highlighted in a red box, matching Figure 2 caption. | The 'Add Rule' buttons are in the upper left corner above each rule type list, as described in step 6. | Rule tables show columns like Policy Name, Protection Rule, Rate Limit Mode, Protective Action, Rule Status, consistent with WAF rule management. | Operation column shows Disabled, Delete, Modify links consistent with rule management actions.",
umn/source/policy_management/adding_rules_to_one_or_more_policies.rst,Adding Rules to One or More Policies,en-us_image_0000002361495960.png,screenshot,pass,1.00,"Shows the 'Add CC Attack Protection Rule' form with a Policy Name field containing multiple selected policies (policy_dnBJHUH1, test0911, policy_8cmsikoB), matching step 7. | The Policy Name drop-down list shows multiple policies selected, demonstrating the 'one or more policies' selection described in the document. | Form includes Rate Limit Mode (Per IP address, Per user, Other) and Trigger fields consistent with CC attack protection rule configuration. | Confirm and Cancel buttons at the bottom match step 9 (Click Confirm).",
umn/source/policy_management/adding_rules_to_one_or_more_policies.rst,Adding Rules to One or More Policies,en-us_image_0000002395174933.png,icon,partial,0.72,"A small location pin / map marker icon, used in step 2 as the clickable element to select a region or project. | The icon is consistent with a region/project selector commonly found in cloud management consoles. | It is a small symbolic graphic (icon), not a full UI screenshot.",The icon is very small and low-resolution; surrounding UI context is not visible. | Cannot confirm the exact label or tooltip associated with this icon from the image alone.
umn/source/policy_management/adding_rules_to_one_or_more_policies.rst,Adding Rules to One or More Policies,en-us_image_0000002395334641.png,icon,partial,0.72,"A hamburger menu icon (three horizontal lines), used in step 3 as the clickable element to open the navigation menu and choose Web Application Firewall (Dedicated) under Security. | The icon is a standard navigation menu symbol, consistent with its use in a management console's upper-left corner. | It is a small symbolic graphic (icon), not a full UI screenshot.",The icon is very small and low-resolution; surrounding UI context is not visible. | Cannot confirm the exact menu items that appear when this icon is clicked from the image alone.
umn/source/policy_management/creating_a_protection_policy.rst,Creating a Protection Policy,en-us_image_0000002395335645.png,screenshot,pass,1.00,"Shows the Policies page with a policy list table (Policy Name, Protection Status, Domain Name, Operation). | Includes the 'Add Policy' button referenced in step 5 and the Enterprise Project dropdown mentioned in the note. | Matches Figure 1 'Policies' in the RST.","Page title is in Spanish ('Políticas') rather than English, but content is otherwise consistent."
umn/source/policy_management/creating_a_protection_policy.rst,Creating a Protection Policy,en-us_image_0000002395175777.png,screenshot,pass,1.00,Shows the 'Add Policy' dialog box with a required 'Policy Name' field. | Contains 'Confirm' and 'Cancel' buttons matching step 6 instructions. | Matches Figure 2 'Add Policy' in the RST.,
umn/source/policy_management/creating_a_protection_policy.rst,Creating a Protection Policy,en-us_image_0000002395174933.png,icon,pass,0.88,A location/map-pin pictogram used as |image1| in step 2 for selecting a region or project. | Semantically consistent with region/project selection in the upper left corner.,"Icon is small and low-resolution, making fine detail hard to verify."
umn/source/policy_management/creating_a_protection_policy.rst,Creating a Protection Policy,en-us_image_0000002395334641.png,icon,pass,0.88,A three-line hamburger menu pictogram used as |image2| in step 3 to open the navigation menu. | Consistent with choosing 'Web Application Firewall (Dedicated)' under 'Security' from a menu.,Icon is small and low-resolution.
umn/source/policy_management/creating_a_protection_policy.rst,Creating a Protection Policy,en-us_image_0000002361655748.png,icon,pass,0.88,A pencil/edit pictogram used as |image3| in the Related Operations section for modifying a policy name. | Semantically matches the 'modify a policy name' action.,Icon is small and low-resolution.
umn/source/service_overview/project_and_enterprise_project.rst,Project and Enterprise Project,en-us_image_0000002361495368.png,other,pass,1.00,"The diagram shows IAM projects organized hierarchically under Default projects within two regions (Region A and Region B), directly illustrating the text's description of projects categorizing and physically isolating resources in a region. | The structure (Default project → IAM project A_1, A_2, etc.) matches the RST statement that resources must be mounted under projects and that projects can be a department or project team. | The image is placed immediately after the IAM Project bullet in the 'Differences Between Projects and Enterprise Projects' section, providing visual context for the physical isolation concept. | No contradictions between the diagram and the accompanying text.","The diagram does not explicitly show the 'cannot be transferred' constraint visually, but the static per-region structure implies it."
umn/source/service_overview/project_and_enterprise_project.rst,Project and Enterprise Project,en-us_image_0000002395175301.png,other,pass,1.00,"The diagram shows two enterprise projects each containing resources from multiple regions (Region A and Region B), directly illustrating the text's statement that an enterprise project can contain resources of multiple regions. | The bidirectional arrow labeled 'Add to or Remove from' between the two enterprise projects visually represents the text's description that resources can be added to or removed from enterprise projects. | The image is placed immediately after the Enterprise Project bullet in the 'Differences Between Projects and Enterprise Projects' section, providing visual context for the flexibility of enterprise projects. | No contradictions between the diagram and the accompanying text.","The diagram does not show the relationship between enterprise projects and IAM projects (i.e., that enterprise projects are 'upgraded based on IAM projects')."
umn/source/service_overview/what_is_waf.rst,What Is WAF?,en-us_image_0000002361655880.png,other,fail,0.00,Local color check detected #3298ff.,
umn/source/service_overview/what_is_waf.rst,What Is WAF?,en-us_image_0000002361655616.png,other,fail,0.00,Local color check detected #3298ff.,
umn/source/service_overview/what_is_waf.rst,What Is WAF?,en-us_image_0000002361496104.png,other,fail,0.00,Local color check detected #3298ff.,
umn/source/viewing_protection_events/downloading_events.rst,Downloading Events,en-us_image_0000002395174933.png,icon,partial,0.77,"The image is a small location-pin / map-marker icon, consistent with a region or project selector in a cloud console. | The RST step 2 instructs the user to click this icon in the upper-left corner to select a region or project, which matches the icon's typical purpose. | The icon is generic (not WAF-specific), so topic match is moderate rather than high. | No contradiction between the icon and the surrounding text.",The icon is very small and low-resolution; fine details of the pin are not clearly discernible. | No surrounding UI context is visible to confirm it is placed in the upper-left corner of a console.
umn/source/viewing_protection_events/downloading_events.rst,Downloading Events,en-us_image_0000002395334641.png,icon,partial,0.77,"The image shows three horizontal lines, the standard hamburger-menu / navigation icon. | RST step 3 instructs the user to click this icon in the upper-left corner to open the service navigation and choose Web Application Firewall (Dedicated) under Security, which matches the icon's purpose. | The icon is a generic navigation symbol, not specific to WAF or event downloading, so topic match is moderate. | No contradiction between the icon and the surrounding text.",The icon is very small and low-resolution; individual line details are slightly blurred. | No surrounding UI context is visible to confirm placement in the upper-left corner of a console.
umn/source/viewing_protection_events/handling_false_alarms.rst,Handling False Alarms,en-us_image_0000002483843449.png,screenshot,pass,1.00,"Image is the 'Handle False Alarm' dialog box, matching Figure 1 in the RST. | Visible fields (Scope, Domain Name, Condition List with Field/Subfield/Logic/Content, Ignore WAF Protection, Ignored Protection Type, Rule Type, Rule Description, Advanced Settings) align with Table 1 parameters. | OK and Cancel buttons are present, consistent with the instruction to click OK. | Directly supports the 'Handling False Alarms Triggered by Protection Rules' section.",None significant; the dialog matches the documented parameters.
umn/source/viewing_protection_events/handling_false_alarms.rst,Handling False Alarms,en-us_image_0000002361655940.png,screenshot,pass,1.00,"Image shows the 'Handle False Alarm' dialog for a custom (Challenge Collapsar) rule, matching Figure 2. | Displays a rule table (Protection Rule, Effective Date, Protective Action, Priority, Rule Status) and a 'Handle Now' button, consistent with the text about disabling/deleting a custom rule. | The note about the event no longer being displayed on the Events page matches the RST description. | Supports the 'Disabling or deleting a custom protection rule' subsection.",None significant; the dialog matches the documented flow.
umn/source/viewing_protection_events/handling_false_alarms.rst,Handling False Alarms,en-us_image_0000002361496088.png,screenshot,pass,1.00,"Image is the 'Add to Address Group' dialog, matching Figure 3. | Shows Attack Source IP Address, Add to (Existing address group / New address group), and Group Name fields, consistent with the RST steps. | Confirm and Cancel buttons are present. | Supports the 'Adding a client IP address to an address group' subsection.",None significant; the dialog matches the documented parameters.
umn/source/viewing_protection_events/handling_false_alarms.rst,Handling False Alarms,en-us_image_0000002395335833.png,screenshot,pass,1.00,"Image is the 'Add to Blacklist/Whitelist' dialog, matching Figure 4. | Shows Domain Name, Policies, Attack Source IP Address, Add to (Existing rule / New rule), Rule Name, and Protective Action fields, consistent with Table 2. | Confirm and Cancel buttons are present. | Supports the 'Adding a client IP address to a blacklist or whitelist' subsection.",None significant; the dialog matches the documented parameters.
umn/source/viewing_protection_events/handling_false_alarms.rst,Handling False Alarms,en-us_image_0000002395174933.png,icon,pass,0.88,"Image is a small location/map-pin icon, used in the RST as |image1|/|image3| for 'select a region or project'. | It is an isolated UI symbol (icon), not a full screenshot. | Matches the documented step of clicking the region selector in the upper left corner.",The icon is low-resolution and does not show the region/project selection UI itself.
umn/source/viewing_protection_events/handling_false_alarms.rst,Handling False Alarms,en-us_image_0000002395334641.png,icon,pass,0.88,"Image is a hamburger menu icon (three horizontal lines), used in the RST as |image2|/|image4| to open the menu and choose Web Application Firewall (Dedicated). | It is an isolated UI symbol (icon), not a full screenshot. | Matches the documented step of clicking the menu in the upper left corner.",The icon is low-resolution and does not show the resulting menu or the WAF selection.
umn/source/viewing_protection_events/querying_protection_events.rst,Querying Protection Events,en-us_image_0000002361656208.png,screenshot,pass,1.00,"Image is labeled Figure 1 'Events' in the RST and shows the Events over Time chart and Top Tens section. | Top Tens displays all four categories mentioned in the RST: Attacks, Attacked Websites, Attack Source IP Addresses, and Attacked URLs. | The 'Events over Time' section matches the RST description of displaying WAF protection status within a selected time range. | Copy icons are visible next to each Top Tens category, consistent with the RST instruction to click to copy data.",
umn/source/viewing_protection_events/querying_protection_events.rst,Querying Protection Events,en-us_image_0000002361496316.png,screenshot,pass,1.00,"Image is labeled Figure 2 'Events' in the RST and shows the event list area with all columns from Table 2. | The Export button, search field ('Enter an event ID'), and Details button are all visible and match the RST description. | Columns include Time, Source IP Address, Domain Name, Rule ID, URL, Event Type, Protective Action, Status Code, Malicious Load, Enterprise Project, and Operation. | Numbered annotations (1, 2, 3) highlight the search field, settings icon, and Details button as described in the RST steps.",
umn/source/viewing_protection_events/querying_protection_events.rst,Querying Protection Events,en-us_image_0000002395174933.png,icon,pass,1.00,"Image is a location pin icon used as |image1| in step 2: 'Click |image1| in the upper left corner and select a region or project.' | The icon is a standard location/region selector symbol consistent with its described purpose. | It is a small symbolic graphic, classified as an icon.",
umn/source/viewing_protection_events/querying_protection_events.rst,Querying Protection Events,en-us_image_0000002361919868.png,icon,pass,1.00,"Image is a hamburger menu icon (three horizontal lines) used as |image2| in step 3: 'Click |image2| in the upper left corner and choose Web Application Firewall (Dedicated) under Security.' | The icon is a standard navigation menu symbol consistent with its described purpose of opening the service menu. | It is a small symbolic graphic, classified as an icon.",
umn/source/viewing_protection_events/querying_protection_events.rst,Querying Protection Events,en-us_image_0000002395336129.png,icon,pass,1.00,"Image is a copy icon (two overlapping squares) used as |image3| in step 5: 'You can click |image3| to copy the data in the corresponding chart.' | The icon is a standard copy/duplicate symbol consistent with its described purpose. | It is a small symbolic graphic, classified as an icon.",
umn/source/viewing_protection_events/querying_protection_events.rst,Querying Protection Events,en-us_image_0000002395176261.png,icon,pass,1.00,"Image is a gear/settings icon used as |image4| in step 6: 'Click |image4| to select fields you want to display in the event lists.' | The icon is a standard settings/configuration symbol consistent with its described purpose of selecting display fields. | It is a small symbolic graphic, classified as an icon.",
umn/source/viewing_protection_events/using_lts_to_log_waf_activities.rst,Using LTS to Log WAF Activities,en-us_image_0000002361654992.png,screenshot,pass,1.00,"Screenshot shows the 'Configure Logs' tab in the WAF console, matching Figure 1 in the RST. | Displays Log Group (lts-group-waf), Attack Log (lts-topic-attack), and Access Log (lts-topic-access) fields matching Table 1. | Includes the LTS toggle, View Log Group/Stream links, and OK button as described in step 5. | Directly relevant to the 'Enabling LTS for WAF Protection Event Logging' section.",
umn/source/viewing_protection_events/using_lts_to_log_waf_activities.rst,Using LTS to Log WAF Activities,en-us_image_0000002395174933.png,icon,pass,0.88,"Small location pin icon used as the region/project selector in step 2. | Matches the RST instruction 'Click |image1| in the upper left corner and select a region or project.' | Icon is small and slightly blurry, limiting detail assessment.","Icon is very small and low-resolution, making fine details hard to discern."
umn/source/viewing_protection_events/using_lts_to_log_waf_activities.rst,Using LTS to Log WAF Activities,en-us_image_0000002395334641.png,icon,pass,0.88,Hamburger menu icon (three horizontal lines) used for the navigation menu in step 3. | Matches the RST instruction 'Click |image2| in the upper left corner and choose Web Application Firewall (Dedicated) under Security.' | Icon is small and slightly blurry.,Icon is very small and low-resolution.
umn/source/viewing_protection_events/using_lts_to_log_waf_activities.rst,Using LTS to Log WAF Activities,en-us_image_0000002395334897.png,icon,pass,1.00,"Toggle switch icon in the 'on' position, representing the LTS enable control. | Matches the RST instruction 'enable LTS (|image3|)' in step 5. | Clearly depicts a toggle switch, consistent with the log configuration UI shown in Figure 1.",
umn/source/viewing_protection_events/using_lts_to_log_waf_activities.rst,Using LTS to Log WAF Activities,en-us_image_0000002361495104.jpg,icon,pass,0.88,Location pin icon used as the region/project selector in the LTS console (step 2 of 'Checking and Downloading' section). | Matches the RST instruction 'Click |image4| in the upper left corner of the management console and select a region or project.' | Icon is small and slightly blurry.,Icon is very small and low-resolution.
umn/source/viewing_protection_events/using_lts_to_log_waf_activities.rst,Using LTS to Log WAF Activities,en-us_image_0000002361495112.png,icon,pass,0.88,Hamburger menu icon used for navigation in the LTS console (step 3 of 'Checking and Downloading' section). | Matches the RST instruction 'Click |image5| in the upper left corner of the page and choose Management & Deployment > Log Tank Service.' | Icon is small and slightly blurry.,Icon is very small and low-resolution.
umn/source/viewing_protection_events/using_lts_to_log_waf_activities.rst,Using LTS to Log WAF Activities,en-us_image_0000002361655000.png,icon,pass,1.00,"Downward chevron/expand icon used to expand the WAF log group in the log group list. | Matches the RST instruction 'click |image6| to expand the WAF log group (for example, lts-group-waf).' | Clearly depicts an expand/collapse chevron, consistent with tree-list UI patterns.",
umn/source/viewing_the_dashboard.rst,Viewing the Dashboard,en-us_image_0000002395335201.png,screenshot,pass,1.00,"Image is labeled Figure 1 'Setting search criteria' in the RST and shows the exact UI elements described in step 4. | Displays Enterprise Project dropdown, Domain Names section with Accessible/Inaccessible counts and View link, website/instance selectors, and time range buttons (Yesterday, Today, Past 3 days, Past 7 days, Past 30 days). | Red numbered callouts (1, 2, 3) highlight the key interactive areas matching the procedural steps. | The 'Today' button is highlighted, consistent with the default selection described in the text.",
umn/source/viewing_the_dashboard.rst,Viewing the Dashboard,en-us_image_0000002395175369.png,screenshot,pass,1.00,"Image is labeled Figure 2 'Protection action statistics' in the RST and shows six protection category cards. | Cards display: Requests, Attacks, Basic Web Protection, Precise Protection, CC Attack Protection, and Anti-Crawler protection, all with value 0. | Each card has a shield icon matching the WAF security context. | Directly corresponds to step 5 in the RST describing viewing requests, attacks, and protection action statistics.",The 'Show Details' button mentioned in the RST is not visible in this cropped view.
umn/source/viewing_the_dashboard.rst,Viewing the Dashboard,en-us_image_0000002361655284.png,screenshot,pass,1.00,"Image is labeled Figure 3 'Security Event Statistics' in the RST and shows the full statistics panel. | Displays tabs for Requests, QPS, and Bytes Sent/Received, plus a 'By day' checkbox, matching the RST description. | Shows a line chart with date range 2023-09-20 to 2023-10-19 and legend entries for Total requests, Total attacks, Bot Mitigation, Basic Web Protection, Precise Protection, CC Attack Protection. | Includes Event Distribution section (showing 'No data available') and Top 10 Attacked Domain Names with a pie chart, matching Table 2 parameters in the RST. | The 'View More' link is visible next to Top 10 Attacked Domain Names as described in the RST.",Top 10 Attack Source IP Addresses and Top 10 Attacked URLs sections are not visible in this view (likely below the fold).
umn/source/viewing_the_dashboard.rst,Viewing the Dashboard,en-us_image_0000002395335189.jpg,icon,pass,0.88,"Referenced as |image1| in step 2: 'Click |image1| in the upper left corner of the management console and select a region or project.' | The image shows a small location pin icon, which is a standard UI symbol for region/project selection. | The icon is small and somewhat blurry, limiting detail assessment. | Semantically matches the purpose of selecting a region or project in the management console.","The icon is very small and low-resolution, making it difficult to confirm exact visual details. | No surrounding UI context is visible to confirm its placement in the upper left corner."
umn/source/viewing_the_dashboard.rst,Viewing the Dashboard,en-us_image_0000002395335181.png,icon,pass,0.88,"Referenced as |image2| in step 3: 'Click |image2| in the upper left corner and choose Web Application Firewall (Dedicated) under Security.' | The image shows a hamburger menu icon (three horizontal lines), a standard navigation menu symbol. | Semantically matches the action of opening a navigation menu to select a service. | The icon is small and low-resolution, limiting detail assessment.","The icon is very small and low-resolution, making it difficult to confirm exact visual details. | No surrounding UI context is visible to confirm its placement in the upper left corner."
umn/source/waf_operation_guide.rst,WAF Operation Guide,en-us_image_0000002361495328.png,other,fail,0.00,Local color check detected #3298ff.,
umn/source/website_settings/managing_websites/changing_the_protection_mode.rst,Changing the Protection Mode,en-us_image_0000002395174933.png,icon,partial,0.72,The image is a location pin icon used in step 2 to select a region or project | It is a small symbolic graphic (icon) consistent with a region selector in a cloud console | The RST references it as |image1| for clicking to select a region or project | The icon is relevant to the navigation steps but not directly to the protection mode change itself,"The image is very small and low-resolution, making fine details hard to discern | No surrounding UI context is visible to confirm it is in the upper left corner"
umn/source/website_settings/managing_websites/changing_the_protection_mode.rst,Changing the Protection Mode,en-us_image_0000002395334641.png,icon,partial,0.72,The image is a hamburger menu icon (three horizontal lines) used in step 3 to open the navigation menu | It is a small symbolic graphic (icon) consistent with a navigation menu toggle in a cloud console | The RST references it as |image2| for clicking to choose Web Application Firewall under Security | The icon is relevant to the navigation steps but not directly to the protection mode change itself,"The image is very small and low-resolution, making fine details hard to discern | No surrounding UI context is visible to confirm it is in the upper left corner"
umn/source/website_settings/managing_websites/deleting_a_protected_website_from_waf.rst,Deleting a Protected Website from WAF,en-us_image_0000002395335353.png,screenshot,pass,1.00,"The screenshot shows a confirmation dialog titled 'Are you sure you want to delete the domain?' which directly matches step 6 of the RST procedure. | The dialog includes the 'Retain the policy of this domain name' checkbox, exactly as described in the RST text. | The table displays Domain Name, Deployment Mode, Access Status, and Policies columns with a sample entry (www.example.com, Dedicated mode), consistent with a WAF website settings context. | The warning message about irreversibility aligns with the RST's 'Impact on the System' section stating the action cannot be cancelled. | OK and Cancel buttons are visible, matching the RST instruction to click OK to confirm.","The RST mentions a success message 'Domain name deleted successfully' in the upper right corner, which is not visible in this screenshot (expected, as this is the confirmation step before deletion)."
umn/source/website_settings/managing_websites/deleting_a_protected_website_from_waf.rst,Deleting a Protected Website from WAF,en-us_image_0000002395174933.png,icon,partial,0.72,"The image is a small location-pin / map-marker icon, consistent with a region or project selector in a cloud management console. | The RST references this as |image1| in step 2: 'Click |image1| in the upper left corner and select a region or project,' which semantically matches a location/region icon. | The icon is small and slightly blurry, limiting fine detail assessment, but the shape is clearly a location pin. | No contradiction with the RST text; the icon serves as a visual cue for the region selector.","The icon is very small and low-resolution, making it difficult to confirm exact visual details such as color or surrounding UI context. | No surrounding UI (e.g., the upper-left corner of the console) is visible to confirm placement."
umn/source/website_settings/managing_websites/deleting_a_protected_website_from_waf.rst,Deleting a Protected Website from WAF,en-us_image_0000002395334641.png,icon,partial,0.72,"The image is a hamburger-menu icon (three horizontal lines), a common symbol for opening a navigation or service menu in a management console. | The RST references this as |image2| in step 3: 'Click |image2| in the upper left corner and choose Web Application Firewall (Dedicated) under Security,' which semantically matches a menu-opening icon. | The icon is small and slightly blurry, but the three-line pattern is clearly identifiable. | No contradiction with the RST; the icon serves as a visual cue for the navigation menu.","The icon is very small and low-resolution, making it difficult to confirm exact visual details. | No surrounding UI context is visible to confirm the icon's placement in the upper-left corner of the console."
umn/source/website_settings/managing_websites/editing_server_information.rst,Editing Server Information,en-us_image_0000002395174933.png,icon,pass,1.00,"The image is a small location-pin icon, consistent with the RST instruction to click it in the upper left corner to select a region or project. | A location/region pin is the standard symbolic icon used for region or project selection in cloud management consoles. | The icon is referenced in step 2 of the 'Modifying Server Information of One Website' procedure, which is directly relevant to the navigation steps described. | The visual content (a teardrop-shaped pin with a central circle) clearly matches a region selector icon.","The icon is very small and low-resolution, making fine details hard to discern, but the overall shape is clearly a location pin."
umn/source/website_settings/managing_websites/editing_server_information.rst,Editing Server Information,en-us_image_0000002395334641.png,icon,pass,1.00,"The image shows three horizontal lines (a hamburger menu icon), which is the standard icon for opening a navigation menu in the upper left corner of a management console. | The RST instructs to click this icon and choose 'Web Application Firewall (Dedicated)' under 'Security', which is exactly what a hamburger menu icon opens. | The icon is referenced in step 3 of the procedure, directly relevant to navigating to the WAF section. | The visual content (three stacked horizontal bars) is unambiguously a hamburger/navigation menu icon.","The icon is very small and low-resolution, but the three-line pattern is clearly identifiable as a hamburger menu."
umn/source/website_settings/managing_websites/updating_the_certificate_used_for_a_website.rst,Updating the Certificate Used for a Website,en-us_image_0000002395335805.png,screenshot,pass,1.00,"Shows the 'Update Certificate' dialog with 'Import new certificate' selected, matching Figure 1 in the RST | Displays all fields described: Update Method, Certificate Name, Certificate File, Private Key | Certificate File and Private Key fields show PEM-formatted content as described in the document | Confirm and Cancel buttons are visible at the bottom",
umn/source/website_settings/managing_websites/updating_the_certificate_used_for_a_website.rst,Updating the Certificate Used for a Website,en-us_image_0000002395335797.png,screenshot,pass,1.00,"Shows the 'Update Certificate' dialog with 'Select existing certificate' selected, matching Figure 2 in the RST | Displays the Certificate dropdown with 'waf' selected as described | Confirm and Cancel buttons are visible at the bottom | Directly corresponds to the 'Select existing certificate' option in step 6",
umn/source/website_settings/managing_websites/updating_the_certificate_used_for_a_website.rst,Updating the Certificate Used for a Website,en-us_image_0000002395174933.png,icon,partial,0.72,Location pin icon used for selecting a region or project in step 2 | Matches the RST instruction 'Click |image1| in the upper left corner and select a region or project' | Icon is small and slightly blurry but identifiable as a location pin,Icon is low resolution making fine details hard to discern
umn/source/website_settings/managing_websites/updating_the_certificate_used_for_a_website.rst,Updating the Certificate Used for a Website,en-us_image_0000002395334641.png,icon,partial,0.72,Hamburger menu icon (three horizontal lines) used for navigating to WAF in step 3 | Matches the RST instruction 'Click |image2| in the upper left corner and choose Web Application Firewall (Dedicated) under Security' | Icon is small and slightly blurry but identifiable as a menu icon,Icon is low resolution making fine details hard to discern
umn/source/website_settings/managing_websites/updating_the_certificate_used_for_a_website.rst,Updating the Certificate Used for a Website,en-us_image_0000002361495988.png,icon,pass,0.95,Pencil/edit icon used to trigger the certificate update action in step 6 | Matches the RST instruction 'Click |image3| next to the certificate name' | Directly relevant to the core task of updating the certificate | Icon is small and slightly blurry but identifiable as an edit/pencil icon,Icon is low resolution making fine details hard to discern
umn/source/website_settings/managing_websites/viewing_basic_information_of_a_website.rst,Viewing Basic Information of a Website,en-us_image_0000002395335793.png,screenshot,pass,1.00,"Screenshot shows the Website Settings page with a table listing protected websites | Columns match Table 1 parameters: Domain Name, Access Status, Status/Threats, Certificate/Cipher, Policy, Server IP/Port, Created | Matches Figure 1 'Website list' referenced in step 6 of the RST | Shows 'Dedicated' protection mode and 'Inaccessible' access status consistent with the document description",
umn/source/website_settings/managing_websites/viewing_basic_information_of_a_website.rst,Viewing Basic Information of a Website,en-us_image_0000002395335085.png,screenshot,pass,1.00,"Screenshot shows the basic information page for a protected website domain | Displays a flow diagram: Client -> Dedicated load balancer -> WAF -> Timeout Settings -> Break Protection -> Origin server | Shows Client Protocol section with HTTP and Proxy Configured fields | Matches Figure 2 'Basic Information' referenced in step 8 of the RST | Includes Basic Information section with Website Name, Website Remarks, Created fields",
umn/source/website_settings/managing_websites/viewing_basic_information_of_a_website.rst,Viewing Basic Information of a Website,en-us_image_0000002395174933.png,icon,pass,0.88,Small location pin / map marker icon used as the region or project selector | Referenced as |image1| in step 2: 'Click |image1| in the upper left corner and select a region or project' | Icon is consistent with a region/project selection control in a cloud management console,"Icon is small and slightly blurry, making fine details hard to discern"
umn/source/website_settings/managing_websites/viewing_basic_information_of_a_website.rst,Viewing Basic Information of a Website,en-us_image_0000002395334641.png,icon,pass,0.88,Small hamburger menu icon (three horizontal lines) used as the navigation menu trigger | Referenced as |image2| in step 3: 'Click |image2| in the upper left corner and choose Web Application Firewall (Dedicated) under Security' | Icon is consistent with a navigation menu toggle in a cloud management console,"Icon is small and slightly blurry, making fine details hard to discern"
umn/source/website_settings/recommended_configurations_after_website_connection/configuring_a_timeout_for_connections_between_waf_and_a_website_server.rst,Configuring a Timeout for Connections Between WAF and a Website Server,en-us_image_0000002395335245.png,other,fail,0.00,Local color check detected #3298ff.,
umn/source/website_settings/recommended_configurations_after_website_connection/configuring_a_timeout_for_connections_between_waf_and_a_website_server.rst,Configuring a Timeout for Connections Between WAF and a Website Server,en-us_image_0000002395174933.png,icon,pass,1.00,"Image is a location/map-pin icon, matching |image1| used in step 2 to select a region or project. | The pin symbol is the standard region selector icon in the management console. | It appears in the procedure section for configuring the WAF timeout.",No surrounding UI context is visible; only the isolated icon is shown.
umn/source/website_settings/recommended_configurations_after_website_connection/configuring_a_timeout_for_connections_between_waf_and_a_website_server.rst,Configuring a Timeout for Connections Between WAF and a Website Server,en-us_image_0000002395334641.png,icon,pass,1.00,"Image is a hamburger (three-line) navigation menu icon, matching |image2| in step 3. | Step 3 instructs clicking this icon to choose Web Application Firewall (Dedicated) under Security. | The icon is consistent with the console's top-left navigation menu control.",No menu panel or service list is visible; only the menu icon is shown.
umn/source/website_settings/recommended_configurations_after_website_connection/configuring_a_timeout_for_connections_between_waf_and_a_website_server.rst,Configuring a Timeout for Connections Between WAF and a Website Server,en-us_image_0000002361495468.png,icon,pass,1.00,"Image is a toggle switch icon in the off state, matching |image3| in step 6. | Step 6 instructs toggling this control on to enable Timeout Settings. | The toggle symbol directly represents the enable/disable action described.","No label or row context (e.g., 'Timeout Settings') is visible next to the toggle."
umn/source/website_settings/recommended_configurations_after_website_connection/configuring_a_timeout_for_connections_between_waf_and_a_website_server.rst,Configuring a Timeout for Connections Between WAF and a Website Server,en-us_image_0000002395335253.png,icon,pass,1.00,"Image is a pencil/edit icon, matching |image4| in step 7. | Step 7 instructs clicking this icon to specify the timeout values. | The edit symbol is consistent with opening the timeout configuration fields.",No form fields or timeout values are visible; only the edit icon is shown.
umn/source/website_settings/recommended_configurations_after_website_connection/configuring_a_timeout_for_connections_between_waf_and_a_website_server.rst,Configuring a Timeout for Connections Between WAF and a Website Server,en-us_image_0000002361495460.png,icon,pass,1.00,"Image is a checkmark icon, matching |image5| in step 7. | Step 7 instructs clicking this icon to save the timeout settings. | The checkmark symbol is consistent with a confirm/save action.",No dialog or save button label is visible; only the checkmark icon is shown.
umn/source/website_settings/recommended_configurations_after_website_connection/configuring_a_traffic_identifier_for_a_known_attack_source.rst,Configuring a Traffic Identifier for a Known Attack Source,en-us_image_0000002361654960.png,screenshot,pass,1.00,"Image shows the Traffic Identifier section with IP Tag, Session Tag, and User Tag fields exactly as described in the RST | IP Tag shows '$remote_addr' which matches the example in Table 1 | Session Tag and User Tag show '--' with edit icons, consistent with the configuration step | This is Figure 1 referenced in the RST for the Traffic Identifier area",
umn/source/website_settings/recommended_configurations_after_website_connection/configuring_a_traffic_identifier_for_a_known_attack_source.rst,Configuring a Traffic Identifier for a Known Attack Source,en-us_image_0000002395174933.png,icon,partial,0.72,Image is a location pin icon used as the region/project selector in step 2 | The RST references this as |image1| for selecting a region or project | The icon is consistent with a region selector commonly found in cloud management consoles,"Icon is small and slightly blurry, making exact identification less certain"
umn/source/website_settings/recommended_configurations_after_website_connection/configuring_a_traffic_identifier_for_a_known_attack_source.rst,Configuring a Traffic Identifier for a Known Attack Source,en-us_image_0000002395334641.png,icon,partial,0.72,Image is a hamburger menu icon (three horizontal lines) used in step 3 for navigation | The RST references this as |image2| for accessing the service menu to select Web Application Firewall | The icon is consistent with a navigation menu toggle in cloud management consoles,"Icon is small and slightly blurry, making exact identification less certain"
umn/source/website_settings/recommended_configurations_after_website_connection/configuring_a_traffic_identifier_for_a_known_attack_source.rst,Configuring a Traffic Identifier for a Known Attack Source,en-us_image_0000002395335153.png,icon,pass,1.00,"Image is a pencil/edit icon referenced as |image3| in step 6 for editing traffic identifiers | The RST explicitly states to click this icon next to IP Tag, Session Tag, or User Tag | The icon matches the edit icons visible in Figure 1 (Image 1) next to each tag field | Directly relevant to the core configuration action described in the document",
umn/source/website_settings/recommended_configurations_after_website_connection/configuring_pci_dss_3ds_compliance_check_and_tls.rst,Configuring PCI DSS/3DS Compliance Check and TLS,en-us_image_0000002361654904.png,screenshot,pass,1.00,"Shows the Basic Information panel with Compliance Certification (PCI DSS checked, PCI 3DS unchecked) and TLS Configuration (TLS v1.2, Cipher suite 2) as described in the document | Matches Figure 1 referenced in step 6 of the procedure | Client Protocol is set to HTTPS as required by the prerequisites | All fields (Domain Name, Certificate Name, Proxy Configured, Policy Name) are visible and consistent with the WAF context",
umn/source/website_settings/recommended_configurations_after_website_connection/configuring_pci_dss_3ds_compliance_check_and_tls.rst,Configuring PCI DSS/3DS Compliance Check and TLS,en-us_image_0000002395334833.png,screenshot,pass,1.00,"Shows the TLS Configuration dialog box with Minimum TLS Version (TLS v1.2), Cipher Suite (Cipher suite 2), and Encryption algorithms (EECDH+AESGCM:EDH+AESGCM) | Matches Figure 2 referenced in step 7 of the procedure | Includes the note about requests needing to use the selected version or later | Confirm and Cancel buttons are visible at the bottom",
umn/source/website_settings/recommended_configurations_after_website_connection/configuring_pci_dss_3ds_compliance_check_and_tls.rst,Configuring PCI DSS/3DS Compliance Check and TLS,en-us_image_0000002395174933.png,icon,partial,0.72,Small location pin/marker icon used in step 2 for selecting a region or project | Consistent with the context of clicking to select a region in the upper left corner | Generic UI navigation icon rather than a detailed screenshot,"Icon is very small and low resolution, making fine details hard to discern"
umn/source/website_settings/recommended_configurations_after_website_connection/configuring_pci_dss_3ds_compliance_check_and_tls.rst,Configuring PCI DSS/3DS Compliance Check and TLS,en-us_image_0000002395334641.png,icon,partial,0.72,Hamburger menu icon (three horizontal lines) used in step 3 for accessing the navigation menu | Consistent with the context of clicking to choose Web Application Firewall under Security | Standard navigation icon for opening a menu,Icon is very small and low resolution
umn/source/website_settings/recommended_configurations_after_website_connection/configuring_pci_dss_3ds_compliance_check_and_tls.rst,Configuring PCI DSS/3DS Compliance Check and TLS,en-us_image_0000002361494992.png,icon,pass,1.00,Pencil/edit icon used in step 6 to modify TLS configuration | Directly matches the document instruction to click the edit icon in the TLS Configuration row | Clearly an edit/modify symbol appropriate for the context,
umn/source/website_settings/recommended_configurations_after_website_connection/configuring_pci_dss_3ds_compliance_check_and_tls.rst,Configuring PCI DSS/3DS Compliance Check and TLS,en-us_image_0000002361654928.png,screenshot,pass,1.00,Warning dialog about PCI DSS being enabled with automatic TLS configuration change to TLS v1.2 and EECDH+AESGCM:EDH+AESGCM | Matches the document's description of the warning shown when selecting PCI DSS | Includes OK and Cancel buttons as described | Text matches the important note about minimum TLS version and cipher suite not being changeable,
umn/source/website_settings/recommended_configurations_after_website_connection/configuring_pci_dss_3ds_compliance_check_and_tls.rst,Configuring PCI DSS/3DS Compliance Check and TLS,en-us_image_0000002361495004.png,screenshot,pass,1.00,"Warning dialog about PCI 3DS being enabled with automatic TLS configuration change to TLS v1.2 | Explicitly states that the PCI 3DS certification check cannot be disabled after it is enabled, matching the document's important note | Includes OK and Cancel buttons as described | Text matches the document's description of the PCI 3DS warning",
umn/source/website_settings/recommended_configurations_after_website_connection/enabling_connection_protection_to_protect_origin_servers.rst,Enabling Connection Protection to Protect Origin Servers,en-us_image_0000002361496148.png,screenshot,pass,1.00,"Image is Figure 1 showing the Connection Protection settings panel in the WAF console | All parameter values (1000, 90, 180, 3, 6000, 60) match Table 1 in the RST exactly | Shows Break Protection toggle, Breakdown Protection section, and Connection Protection section as described | Directly referenced as Figure 1 in the 'Enabling Connection Protection' section",
umn/source/website_settings/recommended_configurations_after_website_connection/enabling_connection_protection_to_protect_origin_servers.rst,Enabling Connection Protection to Protect Origin Servers,en-us_image_0000002395174933.png,icon,partial,0.72,Location pin icon used in step 2 to select a region or project | Standard map marker icon consistent with region/project selection in cloud management consoles | Referenced as |image1| in the RST procedure for navigating the management console,"Icon is very small and low resolution, making fine details hard to discern"
umn/source/website_settings/recommended_configurations_after_website_connection/enabling_connection_protection_to_protect_origin_servers.rst,Enabling Connection Protection to Protect Origin Servers,en-us_image_0000002395334641.png,icon,partial,0.72,Hamburger menu icon (three horizontal lines) used in step 3 to open navigation | Standard navigation menu icon for accessing service categories like Security > WAF | Referenced as |image2| in the RST for choosing Web Application Firewall (Dedicated),Icon is very small and low resolution
umn/source/website_settings/recommended_configurations_after_website_connection/enabling_connection_protection_to_protect_origin_servers.rst,Enabling Connection Protection to Protect Origin Servers,en-us_image_0000002361656060.png,icon,partial,0.72,Pencil/edit icon used in step 7 to edit Breakdown Protection and Connection Protection parameters | Standard edit icon consistent with modifying parameter values in a settings form | Referenced as |image3| in the RST for clicking next to each parameter to edit,Icon is very small and low resolution
umn/source/website_settings/recommended_configurations_after_website_connection/enabling_connection_protection_to_protect_origin_servers.rst,Enabling Connection Protection to Protect Origin Servers,en-us_image_0000002395176093.png,icon,partial,0.72,Checkmark icon used in step 7 to save settings after editing parameters | Standard confirmation/save icon consistent with applying configuration changes | Referenced as |image4| in the RST for saving the Connection Protection settings,Icon is very small and low resolution
umn/source/website_settings/recommended_configurations_after_website_connection/modifying_the_alarm_page.rst,Modifying the Alarm Page,en-us_image_0000002395335961.png,screenshot,pass,1.00,"Shows the 'Alarm Page' dialog with 'Default' selected and HTTP Return Code 418, matching Figure 1 in the RST. | Page Template options (Default, Custom, Redirection) and Confirm/Cancel buttons are visible, consistent with step 6. | The 418 code aligns with the RST statement that the Default page returns HTTP code 418.",
umn/source/website_settings/recommended_configurations_after_website_connection/modifying_the_alarm_page.rst,Modifying the Alarm Page,en-us_image_0000002361496164.png,screenshot,pass,1.00,"Shows the 'Alarm Page' dialog with 'Custom' selected, matching Figure 2 in the RST. | Displays HTTP Return Code, Block Page Type (text/html), and Page Content with HTML, matching the custom parameters described. | Confirm/Cancel buttons present, consistent with the editing flow.","Response Header field is not visible in this view, though mentioned in the RST."
umn/source/website_settings/recommended_configurations_after_website_connection/modifying_the_alarm_page.rst,Modifying the Alarm Page,en-us_image_0000002395335941.png,screenshot,pass,1.00,"Shows the 'Alarm Page' dialog with 'Redirection' selected, matching Figure 3 in the RST. | Includes a Redirection URL input field and explanatory text about the root domain name constraint, matching the RST description. | Confirm/Cancel buttons present, consistent with the editing flow.",
umn/source/website_settings/recommended_configurations_after_website_connection/modifying_the_alarm_page.rst,Modifying the Alarm Page,en-us_image_0000002395174933.png,icon,pass,0.88,"A location/map-pin icon, used in the RST as |image1| for selecting a region or project in the upper left corner. | Symbolic graphic consistent with a region selector control.","Icon is small and low-resolution, making fine detail hard to verify."
umn/source/website_settings/recommended_configurations_after_website_connection/modifying_the_alarm_page.rst,Modifying the Alarm Page,en-us_image_0000002395334641.png,icon,pass,0.88,"A hamburger menu icon (three horizontal lines), used in the RST as |image2| for opening the navigation menu to choose Web Application Firewall (Dedicated). | Symbolic graphic consistent with a navigation menu control.","Icon is small and low-resolution, making fine detail hard to verify."
umn/source/website_settings/recommended_configurations_after_website_connection/modifying_the_alarm_page.rst,Modifying the Alarm Page,en-us_image_0000002361656052.png,icon,pass,0.88,"A pencil/edit icon, used in the RST as |image3| for clicking next to the page template name in the Alarm Page row. | Symbolic graphic consistent with an edit control.","Icon is small and low-resolution, making fine detail hard to verify."
