document_file,document_title,image_file,image_reference_type,image_reference_line,detected_image_type,has_interactive_buttons,interactive_buttons_magenta,hard_fail_triggered,hard_fail_reason,score_topic_match,score_detail_match,score_section_relevance,score_visual_evidence,score_contradictions,overall_score,final_verdict,processing_error,processing_warning,image_reference_error,api_http_status,api_finish_reason,api_attempt,match_reasons,missing_evidence
api-ref/source/examples/deleting_a_dedicated_load_balancer.rst,Deleting a Dedicated Load Balancer,,,,,,,,,,,,,,,fail,kein valides Bild,,,,,0,,
api-ref/source/examples/deleting_a_dedicated_load_balancer.rst,Deleting a Dedicated Load Balancer,/home/ubuntu/repotesting/elastic-load-balancing/umn/source/_static/images/en-us_image_0294158472.png,figure,17,,,,,,,,,,,,fail,,,kein valides Bild,,,0,,
doc/best-practice/source/routing_traffic_to_backend_servers_in_different_vpcs/overview.rst,Overview,,,,,,,,,,,,,,,fail,kein valides Bild,,,,,0,,
doc/best-practice/source/routing_traffic_to_backend_servers_in_different_vpcs/overview.rst,Overview,/home/ubuntu/repotesting/elastic-load-balancing/umn/source/_static/images/en-us_image_0000001625619210.png,figure,16,,,,,,,,,,,,fail,,,kein valides Bild,,,0,,
doc/best-practice/source/routing_traffic_to_backend_servers_in_different_vpcs/overview.rst,Overview,/home/ubuntu/repotesting/elastic-load-balancing/umn/source/_static/images/en-us_image_0000001673939077.png,figure,37,,,,,,,,,,,,fail,,,kein valides Bild,,,0,,
doc/best-practice/source/routing_traffic_to_backend_servers_in_different_vpcs/routing_traffic_to_backend_servers_in_different_vpcs_from_the_load_balancer.rst,Routing Traffic to Backend Servers in Different VPCs from the Load Balancer,,,,,,,,,,,,,,,fail,kein valides Bild,,,,,0,,
doc/best-practice/source/routing_traffic_to_backend_servers_in_different_vpcs/routing_traffic_to_backend_servers_in_different_vpcs_from_the_load_balancer.rst,Routing Traffic to Backend Servers in Different VPCs from the Load Balancer,/home/ubuntu/repotesting/elastic-load-balancing/umn/source/_static/images/en-us_image_0000001674059065.png,figure,21,,,,,,,,,,,,fail,,,kein valides Bild,,,0,,
doc/best-practice/source/routing_traffic_to_backend_servers_in_different_vpcs/routing_traffic_to_backend_servers_in_different_vpcs_from_the_load_balancer.rst,Routing Traffic to Backend Servers in Different VPCs from the Load Balancer,/home/ubuntu/repotesting/elastic-load-balancing/umn/source/_static/images/en-us_image_0000001674259057.png,figure,81,,,,,,,,,,,,fail,,,kein valides Bild,,,0,,
doc/best-practice/source/routing_traffic_to_backend_servers_in_different_vpcs/routing_traffic_to_backend_servers_in_different_vpcs_from_the_load_balancer.rst,Routing Traffic to Backend Servers in Different VPCs from the Load Balancer,/home/ubuntu/repotesting/elastic-load-balancing/umn/source/_static/images/en-us_image_0000001625459302.png,figure,104,,,,,,,,,,,,fail,,,kein valides Bild,,,0,,
doc/best-practice/source/routing_traffic_to_backend_servers_in_different_vpcs/routing_traffic_to_backend_servers_in_different_vpcs_from_the_load_balancer.rst,Routing Traffic to Backend Servers in Different VPCs from the Load Balancer,/home/ubuntu/repotesting/elastic-load-balancing/umn/source/_static/images/en-us_image_0000001674139185.png,figure,116,,,,,,,,,,,,fail,,,kein valides Bild,,,0,,
doc/best-practice/source/routing_traffic_to_backend_servers_in_different_vpcs/routing_traffic_to_backend_servers_in_different_vpcs_from_the_load_balancer.rst,Routing Traffic to Backend Servers in Different VPCs from the Load Balancer,/home/ubuntu/repotesting/elastic-load-balancing/umn/source/_static/images/en-us_image_0000001625779198.png,figure,136,,,,,,,,,,,,fail,,,kein valides Bild,,,0,,
doc/best-practice/source/routing_traffic_to_backend_servers_in_different_vpcs/routing_traffic_to_backend_servers_in_different_vpcs_from_the_load_balancer.rst,Routing Traffic to Backend Servers in Different VPCs from the Load Balancer,/home/ubuntu/repotesting/elastic-load-balancing/umn/source/_static/images/en-us_image_0000001625299482.png,figure,161,,,,,,,,,,,,fail,,,kein valides Bild,,,0,,
doc/best-practice/source/routing_traffic_to_backend_servers_in_different_vpcs/routing_traffic_to_backend_servers_in_different_vpcs_from_the_load_balancer.rst,Routing Traffic to Backend Servers in Different VPCs from the Load Balancer,/home/ubuntu/repotesting/elastic-load-balancing/umn/source/_static/images/en-us_image_0000001625619214.png,figure,184,,,,,,,,,,,,fail,,,kein valides Bild,,,0,,
doc/best-practice/source/routing_traffic_to_backend_servers_in_different_vpcs/routing_traffic_to_backend_servers_in_different_vpcs_from_the_load_balancer.rst,Routing Traffic to Backend Servers in Different VPCs from the Load Balancer,/home/ubuntu/repotesting/elastic-load-balancing/umn/source/_static/images/en-us_image_0000001673939081.png,figure,192,,,,,,,,,,,,fail,,,kein valides Bild,,,0,,
doc/best-practice/source/routing_traffic_to_backend_servers_in_different_vpcs/routing_traffic_to_backend_servers_in_different_vpcs_from_the_load_balancer.rst,Routing Traffic to Backend Servers in Different VPCs from the Load Balancer,/home/ubuntu/repotesting/elastic-load-balancing/umn/source/_static/images/en-us_image_0000001674059069.png,figure,213,,,,,,,,,,,,fail,,,kein valides Bild,,,0,,
doc/best-practice/source/routing_traffic_to_backend_servers_in_different_vpcs/routing_traffic_to_backend_servers_in_different_vpcs_from_the_load_balancer.rst,Routing Traffic to Backend Servers in Different VPCs from the Load Balancer,/home/ubuntu/repotesting/elastic-load-balancing/umn/source/_static/images/en-us_image_0000001674259061.png,figure,221,,,,,,,,,,,,fail,,,kein valides Bild,,,0,,
doc/best-practice/source/routing_traffic_to_backend_servers_in_different_vpcs/routing_traffic_to_backend_servers_in_different_vpcs_from_the_load_balancer.rst,Routing Traffic to Backend Servers in Different VPCs from the Load Balancer,/home/ubuntu/repotesting/elastic-load-balancing/umn/source/_static/images/en-us_image_0000001625459306.png,figure,236,,,,,,,,,,,,fail,,,kein valides Bild,,,0,,
doc/best-practice/source/routing_traffic_to_backend_servers_in_different_vpcs/routing_traffic_to_backend_servers_in_different_vpcs_from_the_load_balancer.rst,Routing Traffic to Backend Servers in Different VPCs from the Load Balancer,/home/ubuntu/repotesting/elastic-load-balancing/umn/source/_static/images/en-us_image_0000001674139189.png,figure,248,,,,,,,,,,,,fail,,,kein valides Bild,,,0,,
doc/best-practice/source/routing_traffic_to_backend_servers_in_different_vpcs/routing_traffic_to_backend_servers_in_different_vpcs_from_the_load_balancer.rst,Routing Traffic to Backend Servers in Different VPCs from the Load Balancer,/home/ubuntu/repotesting/elastic-load-balancing/umn/source/_static/images/en-us_image_0000001625779202.png,figure,266,,,,,,,,,,,,fail,,,kein valides Bild,,,0,,
doc/best-practice/source/routing_traffic_to_backend_servers_in_different_vpcs/routing_traffic_to_backend_servers_in_different_vpcs_from_the_load_balancer.rst,Routing Traffic to Backend Servers in Different VPCs from the Load Balancer,/home/ubuntu/repotesting/elastic-load-balancing/umn/source/_static/images/en-us_image_0000001625299490.png,figure,277,,,,,,,,,,,,fail,,,kein valides Bild,,,0,,
doc/best-practice/source/routing_traffic_to_backend_servers_in_different_vpcs/routing_traffic_to_backend_servers_in_the_same_vpc_as_the_load_balancer.rst,Routing Traffic to Backend Servers in the Same VPC as the Load Balancer,,,,,,,,,,,,,,,fail,kein valides Bild,,,,,0,,
doc/best-practice/source/routing_traffic_to_backend_servers_in_different_vpcs/routing_traffic_to_backend_servers_in_the_same_vpc_as_the_load_balancer.rst,Routing Traffic to Backend Servers in the Same VPC as the Load Balancer,/home/ubuntu/repotesting/elastic-load-balancing/umn/source/_static/images/en-us_image_0000001625619218.png,figure,22,,,,,,,,,,,,fail,,,kein valides Bild,,,0,,
doc/best-practice/source/routing_traffic_to_backend_servers_in_different_vpcs/routing_traffic_to_backend_servers_in_the_same_vpc_as_the_load_balancer.rst,Routing Traffic to Backend Servers in the Same VPC as the Load Balancer,/home/ubuntu/repotesting/elastic-load-balancing/umn/source/_static/images/en-us_image_0000001674059073.png,figure,66,,,,,,,,,,,,fail,,,kein valides Bild,,,0,,
doc/best-practice/source/routing_traffic_to_backend_servers_in_different_vpcs/routing_traffic_to_backend_servers_in_the_same_vpc_as_the_load_balancer.rst,Routing Traffic to Backend Servers in the Same VPC as the Load Balancer,/home/ubuntu/repotesting/elastic-load-balancing/umn/source/_static/images/en-us_image_0000001625459326.png,figure,85,,,,,,,,,,,,fail,,,kein valides Bild,,,0,,
doc/best-practice/source/routing_traffic_to_backend_servers_in_different_vpcs/routing_traffic_to_backend_servers_in_the_same_vpc_as_the_load_balancer.rst,Routing Traffic to Backend Servers in the Same VPC as the Load Balancer,/home/ubuntu/repotesting/elastic-load-balancing/umn/source/_static/images/en-us_image_0000001625299518.png,figure,102,,,,,,,,,,,,fail,,,kein valides Bild,,,0,,
doc/best-practice/source/routing_traffic_to_backend_servers_in_different_vpcs/routing_traffic_to_backend_servers_in_the_same_vpc_as_the_load_balancer.rst,Routing Traffic to Backend Servers in the Same VPC as the Load Balancer,/home/ubuntu/repotesting/elastic-load-balancing/umn/source/_static/images/en-us_image_0000001625619246.png,figure,110,,,,,,,,,,,,fail,,,kein valides Bild,,,0,,
doc/best-practice/source/routing_traffic_to_backend_servers_in_different_vpcs/routing_traffic_to_backend_servers_in_the_same_vpc_as_the_load_balancer.rst,Routing Traffic to Backend Servers in the Same VPC as the Load Balancer,/home/ubuntu/repotesting/elastic-load-balancing/umn/source/_static/images/en-us_image_0000001673939093.png,figure,131,,,,,,,,,,,,fail,,,kein valides Bild,,,0,,
doc/best-practice/source/routing_traffic_to_backend_servers_in_different_vpcs/routing_traffic_to_backend_servers_in_the_same_vpc_as_the_load_balancer.rst,Routing Traffic to Backend Servers in the Same VPC as the Load Balancer,/home/ubuntu/repotesting/elastic-load-balancing/umn/source/_static/images/en-us_image_0000001674059081.png,figure,152,,,,,,,,,,,,fail,,,kein valides Bild,,,0,,
doc/best-practice/source/routing_traffic_to_backend_servers_in_different_vpcs/routing_traffic_to_backend_servers_in_the_same_vpc_as_the_load_balancer.rst,Routing Traffic to Backend Servers in the Same VPC as the Load Balancer,/home/ubuntu/repotesting/elastic-load-balancing/umn/source/_static/images/en-us_image_0000001674259073.png,figure,169,,,,,,,,,,,,fail,,,kein valides Bild,,,0,,
doc/best-practice/source/routing_traffic_to_backend_servers_in_different_vpcs/routing_traffic_to_backend_servers_in_the_same_vpc_as_the_load_balancer.rst,Routing Traffic to Backend Servers in the Same VPC as the Load Balancer,/home/ubuntu/repotesting/elastic-load-balancing/umn/source/_static/images/en-us_image_0000001625459334.png,figure,181,,,,,,,,,,,,fail,,,kein valides Bild,,,0,,
doc/best-practice/source/using_advanced_forwarding_for_application_iteration.rst,Using Advanced Forwarding for Application Iteration,,,,,,,,,,,,,,,fail,kein valides Bild,,,,,0,,
doc/best-practice/source/using_advanced_forwarding_for_application_iteration.rst,Using Advanced Forwarding for Application Iteration,/home/ubuntu/repotesting/elastic-load-balancing/umn/source/_static/images/en-us_image_0000001221220190.png,figure,24,,,,,,,,,,,,fail,,,kein valides Bild,,,0,,
doc/best-practice/source/using_advanced_forwarding_for_application_iteration.rst,Using Advanced Forwarding for Application Iteration,/home/ubuntu/repotesting/elastic-load-balancing/umn/source/_static/images/en-us_image_0000001265145841.png,figure,75,,,,,,,,,,,,fail,,,kein valides Bild,,,0,,
doc/best-practice/source/using_advanced_forwarding_for_application_iteration.rst,Using Advanced Forwarding for Application Iteration,/home/ubuntu/repotesting/elastic-load-balancing/umn/source/_static/images/en-us_image_0000001220740254.png,figure,83,,,,,,,,,,,,fail,,,kein valides Bild,,,0,,
doc/best-practice/source/using_advanced_forwarding_for_application_iteration.rst,Using Advanced Forwarding for Application Iteration,/home/ubuntu/repotesting/elastic-load-balancing/umn/source/_static/images/en-us_image_0000001265579817.png,figure,104,,,,,,,,,,,,fail,,,kein valides Bild,,,0,,
doc/best-practice/source/using_advanced_forwarding_for_application_iteration.rst,Using Advanced Forwarding for Application Iteration,/home/ubuntu/repotesting/elastic-load-balancing/umn/source/_static/images/en-us_image_0000001265745537.png,figure,119,,,,,,,,,,,,fail,,,kein valides Bild,,,0,,
doc/best-practice/source/using_advanced_forwarding_for_application_iteration.rst,Using Advanced Forwarding for Application Iteration,/home/ubuntu/repotesting/elastic-load-balancing/umn/source/_static/images/en-us_image_0000001265924809.png,figure,135,,,,,,,,,,,,fail,,,kein valides Bild,,,0,,
doc/best-practice/source/using_advanced_forwarding_for_application_iteration.rst,Using Advanced Forwarding for Application Iteration,/home/ubuntu/repotesting/elastic-load-balancing/umn/source/_static/images/en-us_image_0000001265646757.png,figure,149,,,,,,,,,,,,fail,,,kein valides Bild,,,0,,
doc/best-practice/source/using_advanced_forwarding_for_application_iteration.rst,Using Advanced Forwarding for Application Iteration,/home/ubuntu/repotesting/elastic-load-balancing/umn/source/_static/images/en-us_image_0000001265465929.png,figure,160,,,,,,,,,,,,fail,,,kein valides Bild,,,0,,
doc/best-practice/source/using_advanced_forwarding_for_application_iteration.rst,Using Advanced Forwarding for Application Iteration,/home/ubuntu/repotesting/elastic-load-balancing/umn/source/_static/images/en-us_image_0000001265928345.png,figure,176,,,,,,,,,,,,fail,,,kein valides Bild,,,0,,
doc/best-practice/source/using_advanced_forwarding_for_application_iteration.rst,Using Advanced Forwarding for Application Iteration,/home/ubuntu/repotesting/elastic-load-balancing/umn/source/_static/images/en-us_image_0000001265488349.png,figure,188,,,,,,,,,,,,fail,,,kein valides Bild,,,0,,
doc/best-practice/source/using_advanced_forwarding_for_application_iteration.rst,Using Advanced Forwarding for Application Iteration,/home/ubuntu/repotesting/elastic-load-balancing/umn/source/_static/images/en-us_image_0000001221308334.png,figure,199,,,,,,,,,,,,fail,,,kein valides Bild,,,0,,
doc/best-practice/source/using_advanced_forwarding_for_application_iteration.rst,Using Advanced Forwarding for Application Iteration,/home/ubuntu/repotesting/elastic-load-balancing/umn/source/_static/images/en-us_image_0000001221328134.png,figure,220,,,,,,,,,,,,fail,,,kein valides Bild,,,0,,
doc/best-practice/source/using_advanced_forwarding_for_application_iteration.rst,Using Advanced Forwarding for Application Iteration,/home/ubuntu/repotesting/elastic-load-balancing/umn/source/_static/images/en-us_image_0000001265648321.png,figure,234,,,,,,,,,,,,fail,,,kein valides Bild,,,0,,
umn/source/access_control/access_control.rst,Access Control,/home/ubuntu/repotesting/elastic-load-balancing/umn/source/_static/images/en-us_image_0000001747739624.png,substitution_image,62,icon,False,False,False,,1,2,2,2,3,0.62,partial,,,,200,stop,1,The image is a location pin icon used in step 2 to select region and project | It is a small symbolic graphic (icon) consistent with a region selector | The RST states 'click |image1| and select the desired region and project' which matches a location pin | The icon is part of the navigation procedure within the Configuring Access Control section,"The image is very small and blurry, making it difficult to confirm exact visual details | No direct connection to access control concepts; it is a generic navigation icon"
umn/source/access_control/access_control.rst,Access Control,/home/ubuntu/repotesting/elastic-load-balancing/umn/source/_static/images/en-us_image_0000001794660485.png,substitution_image,63,icon,False,False,False,,1,2,2,2,3,0.62,partial,,,,200,stop,1,The image is a hamburger menu icon (three horizontal lines) used in step 3 to display the Service List | It is a small symbolic graphic (icon) consistent with a menu toggle | The RST states 'Click |image2| in the upper left corner to display Service List' which matches a hamburger menu icon | The icon is part of the navigation procedure within the Configuring Access Control section,"The image is very small and blurry, making it difficult to confirm exact visual details | No direct connection to access control concepts; it is a generic navigation icon"
umn/source/access_control/managing_ip_address_groups/creating_an_ip_address_group.rst,Creating an IP Address Group,/home/ubuntu/repotesting/elastic-load-balancing/umn/source/_static/images/en-us_image_0000001747739624.png,substitution_image,61,icon,False,False,False,,2,2,2,3,3,0.77,partial,,,,200,stop,1,"The image is a location pin icon, consistent with a region/project selector in a cloud management console | The RST step 2 states 'click |image1| and select the desired region and project', which matches a location pin icon | The icon is used in the Procedure section as a navigation element for the IP Address Group creation workflow | The visual clearly shows a small location pin/marker symbol","The icon is very small and blurry, making it difficult to confirm exact styling details | No surrounding UI context is visible to confirm it is in the upper left corner of a page"
umn/source/access_control/managing_ip_address_groups/creating_an_ip_address_group.rst,Creating an IP Address Group,/home/ubuntu/repotesting/elastic-load-balancing/umn/source/_static/images/en-us_image_0000001794660485.png,substitution_image,62,icon,False,False,False,,2,2,2,3,3,0.77,partial,,,,200,stop,1,"The image is a hamburger menu icon (three horizontal lines), consistent with a service list/menu toggle | The RST step 3 states 'Click |image2| in the upper left corner to display Service List', which matches a hamburger menu icon | The icon is used in the Procedure section as a navigation element for the IP Address Group creation workflow | The visual clearly shows three horizontal lines forming a standard menu icon","The icon is very small and blurry, making it difficult to confirm exact styling details | No surrounding UI context is visible to confirm it is in the upper left corner of a page"
umn/source/access_control/managing_ip_address_groups/deleting_an_ip_address_group.rst,Deleting an IP Address Group,/home/ubuntu/repotesting/elastic-load-balancing/umn/source/_static/images/en-us_image_0000001747739624.png,substitution_image,28,icon,False,False,False,,2,2,2,3,3,0.77,partial,,,,200,stop,1,Image is a location pin icon used as the region/project selector in step 2 of the procedure | The RST states 'click |image1| and select the desired region and project' which matches a location/region icon | The icon is relevant to the procedure for navigating the management console | The visual clearly shows a map pin / location marker symbol,"The icon is very small and blurry, making it difficult to confirm exact design details | No surrounding UI context is visible to confirm it is specifically a region selector"
umn/source/access_control/managing_ip_address_groups/deleting_an_ip_address_group.rst,Deleting an IP Address Group,/home/ubuntu/repotesting/elastic-load-balancing/umn/source/_static/images/en-us_image_0000001794660485.png,substitution_image,29,icon,False,False,False,,2,2,2,3,3,0.77,partial,,,,200,stop,1,Image is a hamburger menu icon (three horizontal lines) used in step 3 to display the Service List | The RST states 'Click |image2| in the upper left corner to display Service List' which matches a hamburger menu icon | The icon is relevant to the procedure for navigating to the ELB service | The visual clearly shows three horizontal lines representing a menu toggle,"The icon is very small and blurry, making it difficult to confirm exact design details | No surrounding UI context is visible to confirm it is specifically the Service List menu button"
umn/source/access_control/managing_ip_address_groups/managing_ip_addresses_in_an_ip_address_group.rst,Managing IP Addresses in an IP Address Group,/home/ubuntu/repotesting/elastic-load-balancing/umn/source/_static/images/en-us_image_0000001747739624.png,substitution_image,94,icon,False,False,False,,1,2,2,2,3,0.62,partial,,,,200,stop,1,"The image is a small location-pin pictogram, matching the RST instruction to click the region selector and choose a region/project. | It is used as |image1|, |image3|, and |image5| across the Adding, Changing, and Deleting sections, so it is relevant to the navigation steps. | The icon is a generic region selector and not specific to IP address group management, limiting topic match. | No contradiction between the icon and the surrounding text.",No surrounding UI context is shown; only the isolated pin icon is visible. | The actual region/project selection dialog is not depicted.
umn/source/access_control/managing_ip_address_groups/managing_ip_addresses_in_an_ip_address_group.rst,Managing IP Addresses in an IP Address Group,/home/ubuntu/repotesting/elastic-load-balancing/umn/source/_static/images/en-us_image_0000001794660485.png,substitution_image,95,icon,False,False,False,,1,2,2,2,3,0.62,partial,,,,200,stop,1,"The image is a three-line hamburger menu icon, matching the RST instruction to click the menu in the upper left corner to display the Service List. | It is used as |image2|, |image4|, and |image6| across the Adding, Changing, and Deleting sections, so it is relevant to the navigation steps. | The icon is a generic service-list menu symbol and not specific to IP address group management, limiting topic match. | No contradiction between the icon and the surrounding text.",No surrounding UI context is shown; only the isolated menu icon is visible. | The Service List panel that the menu opens is not depicted.
umn/source/access_control/managing_ip_address_groups/viewing_the_details_of_an_ip_address_group.rst,Viewing the Details of an IP Address Group,/home/ubuntu/repotesting/elastic-load-balancing/umn/source/_static/images/en-us_image_0000001747739624.png,substitution_image,30,icon,False,False,False,,2,2,2,3,3,0.77,partial,,,,200,stop,1,"The image is a location pin icon, consistent with step 2 where the user clicks it to select region and project. | A location/region pin is a standard UI symbol for region selection in cloud management consoles. | The icon is relevant to the procedure section as a navigation prerequisite step. | The image clearly shows a recognizable location pin symbol.","The icon is very small and low-resolution, making fine details hard to discern. | No surrounding UI context is visible to confirm it is embedded in a management console."
umn/source/access_control/managing_ip_address_groups/viewing_the_details_of_an_ip_address_group.rst,Viewing the Details of an IP Address Group,/home/ubuntu/repotesting/elastic-load-balancing/umn/source/_static/images/en-us_image_0000001794660485.png,substitution_image,31,icon,False,False,False,,2,2,2,3,3,0.77,partial,,,,200,stop,1,"The image is a hamburger menu icon (three horizontal lines), consistent with step 3 where the user hovers to display the Service List. | A hamburger menu is a standard UI symbol for opening a navigation/service list in management consoles. | The icon is relevant to the procedure section as a navigation step to reach Elastic Load Balancing. | The image clearly shows three horizontal lines forming a recognizable menu icon.","The icon is very small and low-resolution, making fine details hard to discern. | No surrounding UI context is visible to confirm it is embedded in a management console."
umn/source/access_logging.rst,Access Logging,/home/ubuntu/repotesting/elastic-load-balancing/umn/source/_static/images/en-us_image_0000002435793570.png,figure,38,other,False,False,True,Forbidden color #3298ff was detected in the image.,0,0,0,0,0,0.00,fail,,Images with the forbidden color were not sent to the AI API.,,200,stop,1,Local color check detected #3298ff.,
umn/source/access_logging.rst,Access Logging,/home/ubuntu/repotesting/elastic-load-balancing/umn/source/_static/images/en-us_image_0000001983096677.png,figure,57,screenshot,False,False,False,,3,3,3,3,3,1.00,pass,,Images with the forbidden color were not sent to the AI API.,,200,stop,1,"Shows the 'Create Log Group' dialog with Log Group Name, Log Retention Duration, and Remark fields. | Matches Figure 2 'Creating a log group' in the Creating a Log Group section. | Field labels align with the RST step of entering a name for the log group.","No visible OK button in the cropped view, though the RST step references clicking OK."
umn/source/access_logging.rst,Access Logging,/home/ubuntu/repotesting/elastic-load-balancing/umn/source/_static/images/en-us_image_0000001982936809.png,figure,72,screenshot,False,False,False,,3,3,3,3,3,1.00,pass,,Images with the forbidden color were not sent to the AI API.,,200,stop,1,"Shows the 'Create Log Stream' dialog with Log Group Name, Log Stream Name, and Remark fields. | Matches Figure 3 'Creating a log stream' in the Creating a Log Stream section. | Log Group Name value (lts-group-elb) is consistent with the prior log group creation step.",OK button not visible in the cropped view.
umn/source/access_logging.rst,Access Logging,/home/ubuntu/repotesting/elastic-load-balancing/umn/source/_static/images/en-us_image_0000001982936813.png,figure,91,screenshot,True,False,False,,3,3,3,3,3,1.00,pass,,Images with the forbidden color were not sent to the AI API.,,200,stop,1,"Shows the 'Configure Access Logging' dialog with a Start Access Logging toggle, Log Group, and Log Stream selectors. | Matches Figure 4 'Configuring access logging' in the Configuring Access Logging section. | Includes interactive controls: toggle, dropdowns, and OK/Cancel buttons.",None significant; the dialog matches the described configuration step.
umn/source/access_logging.rst,Access Logging,/home/ubuntu/repotesting/elastic-load-balancing/umn/source/_static/images/en-us_image_0000001983096673.png,substitution_image,270,icon,False,False,False,,2,2,2,3,3,0.77,partial,,Images with the forbidden color were not sent to the AI API.,,200,stop,1,A location-pin icon used as the region/project selector (image1) in the Creating a Log Group step. | Consistent with the RST instruction to click the region/project icon in the upper left corner.,No surrounding UI context; only the isolated symbol is shown.
umn/source/access_logging.rst,Access Logging,/home/ubuntu/repotesting/elastic-load-balancing/umn/source/_static/images/en-us_image_0000001982936805.png,substitution_image,271,icon,False,False,False,,2,2,2,3,3,0.77,partial,,Images with the forbidden color were not sent to the AI API.,,200,stop,1,A hamburger/menu icon (image2) used to open the service list for selecting Log Tank Service. | Matches the RST step of clicking the menu icon to select Log Tank Service under Management & Deployment.,No surrounding UI context; only the isolated symbol is shown.
umn/source/access_logging.rst,Access Logging,/home/ubuntu/repotesting/elastic-load-balancing/umn/source/_static/images/en-us_image_0000001951137274.png,substitution_image,272,icon,False,False,False,,2,2,2,3,3,0.77,partial,,Images with the forbidden color were not sent to the AI API.,,200,stop,1,A downward chevron/expand icon (image3) used to expand the target log group. | Matches the RST step of clicking the icon on the left of the target log group.,No surrounding UI context; only the isolated symbol is shown.
umn/source/access_logging.rst,Access Logging,/home/ubuntu/repotesting/elastic-load-balancing/umn/source/_static/images/en-us_image_0000001983096681.png,substitution_image,273,icon,False,False,False,,2,2,2,3,3,0.77,partial,,Images with the forbidden color were not sent to the AI API.,,200,stop,1,A hamburger/menu icon (image4) used to display the Service List for choosing Network > Elastic Load Balancing. | Matches the RST step of clicking the icon in the upper left corner to display Service List.,No surrounding UI context; only the isolated symbol is shown.
umn/source/advanced_features_of_http_https_listeners/advanced_forwarding_dedicated_load_balancers/configuring_advanced_forwarding.rst,Configuring Advanced Forwarding,/home/ubuntu/repotesting/elastic-load-balancing/umn/source/_static/images/en-us_image_0000001747739624.png,substitution_image,274,icon,False,False,False,,2,2,2,2,3,0.72,partial,,,,200,stop,1,"The image is a location pin icon used as an inline reference for the region/project selector in the ELB management console. | It is referenced in multiple sections (Enabling, Adding, Sorting, Modifying, Deleting) as the icon to click for selecting region and project. | The icon is a small symbolic graphic, consistent with the 'icon' classification. | The visual content (a pin/marker shape) aligns with the region-selection context described in the RST.","The icon is very small and low-resolution, making it difficult to confirm exact UI context. | No surrounding UI elements are visible to confirm it is part of the ELB console specifically."
umn/source/advanced_features_of_http_https_listeners/advanced_forwarding_dedicated_load_balancers/configuring_advanced_forwarding.rst,Configuring Advanced Forwarding,/home/ubuntu/repotesting/elastic-load-balancing/umn/source/_static/images/en-us_image_0000001794660485.png,substitution_image,275,icon,False,False,False,,2,2,2,2,3,0.72,partial,,,,200,stop,1,"The image is a hamburger menu icon (three horizontal lines) used as an inline reference for the Service List menu in the upper left corner. | It is referenced in multiple sections as the icon to click to display the Service List and navigate to Network > Elastic Load Balancing. | The icon is a small symbolic graphic, consistent with the 'icon' classification. | The three-line pattern is a standard hamburger menu symbol, matching the 'display Service List' context.",The icon is very small and low-resolution. | No surrounding UI elements are visible to confirm it is part of the ELB console specifically.
umn/source/advanced_features_of_http_https_listeners/advanced_forwarding_dedicated_load_balancers/configuring_advanced_forwarding.rst,Configuring Advanced Forwarding,/home/ubuntu/repotesting/elastic-load-balancing/umn/source/_static/images/en-us_image_0000001747739992.png,substitution_image,267,icon,False,False,False,,2,2,2,2,3,0.72,partial,,,,200,stop,1,"The image is a three-dot/kebab menu icon used as an inline reference for the 'more options' button next to the listener name. | It is referenced in the 'Adding an Advanced Forwarding Policy' section as the icon to click to select 'Configure Forwarding Policy'. | The icon is a small symbolic graphic, consistent with the 'icon' classification. | The three-line/dot pattern is a standard 'more options' menu symbol, matching the context of selecting a configuration action.",The icon is very small and low-resolution. | No surrounding UI elements are visible to confirm it is part of the ELB console specifically.
umn/source/advanced_features_of_http_https_listeners/advanced_forwarding_dedicated_load_balancers/configuring_advanced_forwarding.rst,Configuring Advanced Forwarding,/home/ubuntu/repotesting/elastic-load-balancing/umn/source/_static/images/en-us_image_0000001747739984.png,substitution_image,270,icon,False,False,False,,2,2,2,2,3,0.72,partial,,,,200,stop,1,"The image is a three-dot/kebab menu icon used as an inline reference for the 'more options' button next to the listener name. | It is referenced in the 'Sorting Forwarding Policies' section as the icon to click to select 'Configure Forwarding Policy'. | The icon is a small symbolic graphic, consistent with the 'icon' classification. | The three-line/dot pattern is a standard 'more options' menu symbol, matching the context of selecting a configuration action.",The icon is very small and low-resolution. | No surrounding UI elements are visible to confirm it is part of the ELB console specifically.
umn/source/advanced_features_of_http_https_listeners/advanced_forwarding_dedicated_load_balancers/configuring_advanced_forwarding.rst,Configuring Advanced Forwarding,/home/ubuntu/repotesting/elastic-load-balancing/umn/source/_static/images/en-us_image_0000001747381100.png,substitution_image,273,icon,False,False,False,,2,2,2,2,3,0.72,partial,,,,200,stop,1,"The image is a three-dot/kebab menu icon used as an inline reference for the 'more options' button next to the listener name. | It is referenced in the 'Modifying a Forwarding Policy' section as the icon to click to select 'Configure Forwarding Policy'. | The icon is a small symbolic graphic, consistent with the 'icon' classification. | The three-line/dot pattern is a standard 'more options' menu symbol, matching the context of selecting a configuration action.",The icon is very small and low-resolution. | No surrounding UI elements are visible to confirm it is part of the ELB console specifically.
umn/source/advanced_features_of_http_https_listeners/advanced_forwarding_dedicated_load_balancers/configuring_advanced_forwarding.rst,Configuring Advanced Forwarding,/home/ubuntu/repotesting/elastic-load-balancing/umn/source/_static/images/en-us_image_0000001794660837.png,substitution_image,276,icon,False,False,False,,2,2,2,2,3,0.72,partial,,,,200,stop,1,"The image is a three-dot/kebab menu icon used as an inline reference for the 'more options' button next to the listener name. | It is referenced in the 'Deleting a Forwarding Policy' section as the icon to click to select 'Configure Forwarding Policy'. | The icon is a small symbolic graphic, consistent with the 'icon' classification. | The three-line/dot pattern is a standard 'more options' menu symbol, matching the context of selecting a configuration action.",The icon is very small and low-resolution. | No surrounding UI elements are visible to confirm it is part of the ELB console specifically.
umn/source/advanced_features_of_http_https_listeners/advanced_forwarding_dedicated_load_balancers/overview.rst,Overview,/home/ubuntu/repotesting/elastic-load-balancing/umn/source/_static/images/en-us_image_0000001794660773.png,figure,13,other,False,False,True,Forbidden color #3298ff was detected in the image.,0,0,0,0,0,0.00,fail,,Images with the forbidden color were not sent to the AI API.,,,local_hard_fail,0,Local color check detected #3298ff.,
umn/source/advanced_features_of_http_https_listeners/forwarding_policy_dedicated_load_balancers.rst,Forwarding Policy (Dedicated Load Balancers),/home/ubuntu/repotesting/elastic-load-balancing/umn/source/_static/images/en-us_image_0000001747739624.png,substitution_image,196,icon,False,False,False,,1,2,2,3,3,0.67,partial,,,,200,stop,1,"Location-pin icon used as |image1|/|image4|/|image7| for selecting region and project. | Generic UI symbol, not specific to forwarding policy content. | Consistent with the procedure step 'select the desired region and project'.",No surrounding UI context to confirm exact placement.
umn/source/advanced_features_of_http_https_listeners/forwarding_policy_dedicated_load_balancers.rst,Forwarding Policy (Dedicated Load Balancers),/home/ubuntu/repotesting/elastic-load-balancing/umn/source/_static/images/en-us_image_0000001794660485.png,substitution_image,197,icon,False,False,False,,1,2,2,3,3,0.67,partial,,,,200,stop,1,"Hamburger menu icon used as |image2|/|image5|/|image8| to open the Service List. | Generic navigation symbol, not specific to forwarding policy. | Matches the step 'display Service List and choose Network > Elastic Load Balancing'.",No surrounding UI context to confirm exact placement.
umn/source/advanced_features_of_http_https_listeners/forwarding_policy_dedicated_load_balancers.rst,Forwarding Policy (Dedicated Load Balancers),/home/ubuntu/repotesting/elastic-load-balancing/umn/source/_static/images/en-us_image_0000001747380940.png,substitution_image,192,icon,False,False,False,,2,2,2,3,3,0.77,partial,,,,200,stop,1,Menu icon used as |image3| to open 'Configure Forwarding Policy' from the listener name. | Relates to the forwarding policy procedure but is a generic control symbol. | Consistent with the step 'select Configure Forwarding Policy'.,No surrounding UI context to confirm exact placement.
umn/source/advanced_features_of_http_https_listeners/forwarding_policy_dedicated_load_balancers.rst,Forwarding Policy (Dedicated Load Balancers),/home/ubuntu/repotesting/elastic-load-balancing/umn/source/_static/images/en-us_image_0000001794660677.png,substitution_image,195,icon,False,False,False,,2,2,2,3,3,0.77,partial,,,,200,stop,1,Menu icon used as |image6| in the 'Modifying a Forwarding Policy' procedure. | Generic control symbol tied to opening the forwarding policy configuration. | Consistent with the step 'select Configure Forwarding Policy'.,No surrounding UI context to confirm exact placement.
umn/source/advanced_features_of_http_https_listeners/forwarding_policy_dedicated_load_balancers.rst,Forwarding Policy (Dedicated Load Balancers),/home/ubuntu/repotesting/elastic-load-balancing/umn/source/_static/images/en-us_image_0000001747739820.png,substitution_image,198,icon,False,False,False,,2,2,2,3,3,0.77,partial,,,,200,stop,1,Menu icon used as |image9| in the 'Deleting a Forwarding Policy' procedure. | Generic control symbol tied to opening the forwarding policy configuration. | Consistent with the step 'select Configure Forwarding Policy'.,No surrounding UI context to confirm exact placement.
umn/source/advanced_features_of_http_https_listeners/forwarding_policy_shared_load_balancers.rst,Forwarding Policy (Shared Load Balancers),/home/ubuntu/repotesting/elastic-load-balancing/umn/source/_static/images/en-us_image_0000001747739624.png,substitution_image,189,icon,False,False,False,,2,2,2,2,3,0.72,partial,,,,200,stop,1,"Location pin icon used as the region/project selector in console navigation steps | Referenced as |image1|, |image4|, |image7| for 'click and select the desired region and project' | Standard cloud console region selector icon | Relevant to the navigation steps but not specific to forwarding policy content",No surrounding UI context visible to confirm exact placement in the console
umn/source/advanced_features_of_http_https_listeners/forwarding_policy_shared_load_balancers.rst,Forwarding Policy (Shared Load Balancers),/home/ubuntu/repotesting/elastic-load-balancing/umn/source/_static/images/en-us_image_0000001794660485.png,substitution_image,190,icon,False,False,False,,2,2,2,2,3,0.72,partial,,,,200,stop,1,"Hamburger menu icon (three horizontal lines) used to display the Service List | Referenced as |image2|, |image5|, |image8| for 'Click in the upper left corner to display Service List' | Standard navigation icon for accessing the service menu in the console | Relevant to navigation steps but not specific to forwarding policy content",No surrounding UI context visible to confirm exact placement
umn/source/advanced_features_of_http_https_listeners/forwarding_policy_shared_load_balancers.rst,Forwarding Policy (Shared Load Balancers),/home/ubuntu/repotesting/elastic-load-balancing/umn/source/_static/images/en-us_image_0000001794660873.png,substitution_image,185,icon,False,False,False,,2,2,2,2,3,0.72,partial,,,,200,stop,1,Three-line menu icon used to access the 'Configure Forwarding Policy' option on the listener | Referenced as |image3| in the 'Adding a Forwarding Policy' section | Represents the options/menu button on the right of the listener name | Relevant to the forwarding policy configuration workflow,No surrounding UI context visible to confirm the exact menu options available
umn/source/advanced_features_of_http_https_listeners/forwarding_policy_shared_load_balancers.rst,Forwarding Policy (Shared Load Balancers),/home/ubuntu/repotesting/elastic-load-balancing/umn/source/_static/images/en-us_image_0000001794819961.png,substitution_image,188,icon,False,False,False,,2,2,2,2,3,0.72,partial,,,,200,stop,1,Three-line menu icon used to access the 'Configure Forwarding Policy' option | Referenced as |image6| in the 'Modifying a Forwarding Policy' section | Same type of options/menu button as in the Adding section | Relevant to the forwarding policy modification workflow,No surrounding UI context visible to confirm the exact menu options available
umn/source/advanced_features_of_http_https_listeners/forwarding_policy_shared_load_balancers.rst,Forwarding Policy (Shared Load Balancers),/home/ubuntu/repotesting/elastic-load-balancing/umn/source/_static/images/en-us_image_0000001794819965.png,substitution_image,191,icon,False,False,False,,2,2,2,2,3,0.72,partial,,,,200,stop,1,Three-line menu icon used to access the 'Configure Forwarding Policy' option | Referenced as |image9| in the 'Deleting a Forwarding Policy' section | Same type of options/menu button as in other sections | Relevant to the forwarding policy deletion workflow,No surrounding UI context visible to confirm the exact menu options available
umn/source/advanced_features_of_http_https_listeners/http_2.rst,HTTP/2,/home/ubuntu/repotesting/elastic-load-balancing/umn/source/_static/images/en-us_image_0000001747739624.png,substitution_image,45,icon,False,False,False,,1,2,2,2,3,0.62,partial,,"Expected 3 image results, but received 1 unique valid results. Missing results for: /home/ubuntu/repotesting/elastic-load-balancing/umn/source/_static/images/en-us_image_0000001794660485.png, /home/ubuntu/repotesting/elastic-load-balancing/umn/source/_static/images/en-us_image_0000001794819893.png",,200,stop,1,"The image is a location pin icon used for region/project selection in the navigation steps. | The RST references this icon as the element to click to select the desired region and project. | The icon is a generic navigation element, not specific to HTTP/2 or ELB functionality.",No HTTP/2 or ELB-specific content is visible in the icon. | The icon is a generic UI symbol with no topic-specific detail.
umn/source/advanced_features_of_http_https_listeners/http_redirection_to_https.rst,HTTP Redirection to HTTPS,/home/ubuntu/repotesting/elastic-load-balancing/umn/source/_static/images/en-us_image_0000001747739624.png,substitution_image,80,icon,False,False,False,,1,2,2,3,3,0.67,partial,,,,200,stop,1,"The image is a location-pin icon, matching the RST instruction to click and select the desired region and project. | It is a small symbolic graphic (pictogram), not a full UI screenshot. | It is used in the Creating, Modifying, and Deleting steps for region selection, so it is relevant to those sections. | The icon is clearly visible and unambiguous as a region/location selector.",No surrounding UI context is shown; only the isolated icon is present. | The icon does not itself depict HTTP/HTTPS redirection functionality.
umn/source/advanced_features_of_http_https_listeners/http_redirection_to_https.rst,HTTP Redirection to HTTPS,/home/ubuntu/repotesting/elastic-load-balancing/umn/source/_static/images/en-us_image_0000001794660485.png,substitution_image,81,icon,False,False,False,,1,2,2,3,3,0.67,partial,,,,200,stop,1,"The image is a hamburger/menu icon (three horizontal lines), matching the RST instruction to click to display the Service List. | It is a small symbolic graphic (pictogram), not a full UI screenshot. | It is used in the Creating, Modifying, and Deleting steps to open the service list, so it is relevant to those sections. | The icon is clearly visible and unambiguous as a menu toggle.",No surrounding UI context is shown; only the isolated icon is present. | The icon does not itself depict HTTP/HTTPS redirection functionality.
umn/source/advanced_features_of_http_https_listeners/sni_certificate_for_https_listeners.rst,SNI Certificate (for HTTPS Listeners),/home/ubuntu/repotesting/elastic-load-balancing/umn/source/_static/images/en-us_image_0000001747739624.png,substitution_image,47,icon,False,False,False,,2,2,2,3,3,0.77,partial,,,,200,stop,1,"The image is a small location-pin icon, consistent with step 2 of the procedure: 'click |image1| and select the desired region and project.' | A location/region pin is a standard UI symbol for region selection in cloud management consoles. | The icon is relevant to the procedure section but not directly illustrative of SNI certificate configuration. | No contradiction between the icon and the RST description of selecting a region and project.",The image is very small and low-resolution; the exact label or tooltip of the icon is not visible. | No surrounding UI context is shown to confirm it is the region/project selector.
umn/source/advanced_features_of_http_https_listeners/tls_security_policy.rst,TLS Security Policy,/home/ubuntu/repotesting/elastic-load-balancing/umn/source/_static/images/en-us_image_0000001747739624.png,substitution_image,360,icon,False,False,False,,2,2,2,3,3,0.77,partial,,"Expected 3 image results, but received 1 unique valid results. Missing results for: /home/ubuntu/repotesting/elastic-load-balancing/umn/source/_static/images/en-us_image_0000001794660485.png, /home/ubuntu/repotesting/elastic-load-balancing/umn/source/_static/images/en-us_image_0000001747380864.png",,200,stop,1,"The image is a small location pin (map marker) icon used as a region/project selector in the management console navigation steps. | The RST references this image (|image1|, |image3|, |image5|, |image7|, |image9|) for the step 'click [image] and select the desired region and project.' | The icon is semantically appropriate for a region selector but is not directly related to TLS security policy content.",The icon is generic and does not show any TLS-specific or ELB-specific context. | No visible text or labels in the icon to confirm exact UI placement.
umn/source/advanced_features_of_http_https_listeners/transferring_the_load_balancer_eip_to_backend_servers.rst,Transferring the Load Balancer EIP to Backend Servers,/home/ubuntu/repotesting/elastic-load-balancing/umn/source/_static/images/en-us_image_0000001747739624.png,substitution_image,46,icon,False,False,False,,2,2,2,2,3,0.72,partial,,,,200,stop,1,"The image is a small location-pin icon used as a region selector in the management console steps. | The RST references this icon in step 2 of both Enabling and Disabling sections for selecting region and project. | The icon is a generic UI element, not specific to the EIP transfer topic but relevant to the navigation steps.","No screenshot context showing the icon in its actual UI placement. | The icon is low-resolution and blurry, making fine detail hard to assess."
umn/source/advanced_features_of_http_https_listeners/transferring_the_load_balancer_eip_to_backend_servers.rst,Transferring the Load Balancer EIP to Backend Servers,/home/ubuntu/repotesting/elastic-load-balancing/umn/source/_static/images/en-us_image_0000001794660485.png,substitution_image,47,icon,False,False,False,,2,2,2,2,3,0.72,partial,,,,200,stop,1,The image is a hamburger-menu icon (three horizontal lines) used to open the Service List. | The RST references this icon in step 3 of both Enabling and Disabling sections for displaying the Service List. | The icon is a generic navigation element relevant to the console navigation steps described.,No screenshot context showing the icon in its actual UI placement. | The icon is low-resolution and blurry.
umn/source/advanced_features_of_http_https_listeners/transferring_the_load_balancer_eip_to_backend_servers.rst,Transferring the Load Balancer EIP to Backend Servers,/home/ubuntu/repotesting/elastic-load-balancing/umn/source/_static/images/en-us_image_0000001794820001.png,substitution_image,48,icon,False,False,False,,2,2,2,2,3,0.72,partial,,,,200,stop,1,The image is a hamburger-menu icon (three horizontal lines) used as an action menu next to a listener name. | The RST references this icon in step 5 of the Disabling section for selecting Modify Listener. | The icon is a generic action-menu element relevant to the listener management steps.,No screenshot context showing the icon in its actual UI placement. | The icon is low-resolution and blurry.
umn/source/backend_server_dedicated_load_balancers/configuring_security_group_and_firewall_rules.rst,Configuring Security Group and Firewall Rules,/home/ubuntu/repotesting/elastic-load-balancing/umn/source/_static/images/en-us_image_0000001747739624.png,substitution_image,108,icon,False,False,False,,2,2,2,3,3,0.77,partial,,,,200,stop,1,Image is a location pin icon used as a region/project selector in the management console navigation steps | The RST references this icon for selecting the desired region and project before accessing ECS or VPC services | The icon is consistent with a region selector UI element in a cloud management console,No direct visual connection to security group or firewall rule configuration | The icon is a generic navigation element rather than a domain-specific illustration
umn/source/backend_server_dedicated_load_balancers/configuring_security_group_and_firewall_rules.rst,Configuring Security Group and Firewall Rules,/home/ubuntu/repotesting/elastic-load-balancing/umn/source/_static/images/en-us_image_0000001470654829.png,substitution_image,107,icon,False,False,False,,2,2,2,3,3,0.77,partial,,,,200,stop,1,Image is a hamburger menu icon (three horizontal lines) used to open the Service List in the upper left corner | The RST references this icon for navigating to Computing > Elastic Cloud Server in the security group configuration steps | The icon is a standard UI navigation element consistent with the described action,No direct visual connection to security group or firewall rule configuration | The icon is a generic navigation element rather than a domain-specific illustration
umn/source/backend_server_dedicated_load_balancers/configuring_security_group_and_firewall_rules.rst,Configuring Security Group and Firewall Rules,/home/ubuntu/repotesting/elastic-load-balancing/umn/source/_static/images/en-us_image_0000001747381344.png,substitution_image,109,icon,False,False,False,,2,2,2,3,3,0.77,partial,,,,200,stop,1,Image is a hamburger menu icon (three horizontal lines) used to open the Service List in the upper left corner | The RST references this icon for navigating to Network > Virtual Private Cloud in the firewall configuration steps | The icon is a standard UI navigation element consistent with the described action,No direct visual connection to firewall rule configuration | The icon is a generic navigation element rather than a domain-specific illustration
umn/source/backend_server_dedicated_load_balancers/ip_addresses_as_backend_servers/changing_backend_server_weights.rst,Changing Backend Server Weights,/home/ubuntu/repotesting/elastic-load-balancing/umn/source/_static/images/en-us_image_0000001747739624.png,substitution_image,42,icon,False,False,False,,2,2,2,3,3,0.77,partial,,,,200,stop,1,"The image is a location pin icon, consistent with its use in step 2 to select region and project. | It is a small symbolic graphic (icon) used as a UI element in the procedure. | The icon is relevant to the navigation procedure but not directly about changing backend server weights. | The RST states 'click |image1| and select the desired region and project' which matches a location/region selector icon.","The image is very small and blurry, making it difficult to confirm exact visual details. | No surrounding UI context is visible to confirm it is specifically a region selector."
umn/source/backend_server_dedicated_load_balancers/ip_addresses_as_backend_servers/enabling_ip_as_a_backend.rst,Enabling IP as a Backend,/home/ubuntu/repotesting/elastic-load-balancing/umn/source/_static/images/en-us_image_0000001747739624.png,substitution_image,29,icon,False,False,False,,2,2,2,3,3,0.77,partial,,,,200,stop,1,"The image is a location pin icon, consistent with its use in step 2 as the region/project selector. | The RST states 'click |image1| and select the desired region and project,' which aligns with a location/region icon. | The icon is a small symbolic graphic (pictogram), not a full screenshot or UI page. | No contradiction between the image content and its described function in the procedure.","The image is very small and low-resolution, making fine details hard to discern. | No surrounding UI context is visible to confirm it is specifically a region selector in a management console."
umn/source/backend_server_dedicated_load_balancers/ip_addresses_as_backend_servers/enabling_ip_as_a_backend.rst,Enabling IP as a Backend,/home/ubuntu/repotesting/elastic-load-balancing/umn/source/_static/images/en-us_image_0000001747739640.png,substitution_image,30,icon,False,False,False,,2,2,2,3,3,0.77,partial,,,,200,stop,1,"The image is a hamburger menu icon (three horizontal lines), consistent with its use in step 3 to display the Service List. | The RST states 'Click |image2| in the upper left corner to display Service List,' which aligns with a hamburger/menu icon. | The icon is a small symbolic graphic (pictogram), not a full screenshot or UI page. | No contradiction between the image content and its described function in the procedure.","The image is very small and low-resolution, making fine details hard to discern. | No surrounding UI context is visible to confirm it is specifically a service-list menu button in a management console."
umn/source/backend_server_dedicated_load_balancers/ip_addresses_as_backend_servers/overview.rst,Overview,/home/ubuntu/repotesting/elastic-load-balancing/umn/source/_static/images/en-us_image_0000001794819821.png,figure,13,other,False,False,True,Forbidden color #3298ff was detected in the image.,0,0,0,0,0,0.00,fail,,Images with the forbidden color were not sent to the AI API.,,,local_hard_fail,0,Local color check detected #3298ff.,
umn/source/backend_server_dedicated_load_balancers/ip_addresses_as_backend_servers/removing_backend_servers.rst,Removing Backend Servers,/home/ubuntu/repotesting/elastic-load-balancing/umn/source/_static/images/en-us_image_0000001747739624.png,substitution_image,25,icon,False,False,False,,2,2,2,3,3,0.77,partial,,,,200,stop,1,"The image is a small location-pin icon, consistent with a region/project selector in the upper-left corner of a cloud management console. | The RST step 2 instructs the user to click this icon to select the desired region and project, which matches the icon's semantic purpose. | The icon is relevant to the Procedure section as a navigation aid before reaching the Backend Server Groups page. | The visual is clearly a location pin/marker pictogram, providing strong visual evidence for its role as a region selector.","The icon is very small and low-resolution, making fine details hard to discern. | No surrounding UI context is visible to confirm it is specifically in the upper-left corner of the console."
umn/source/backend_server_dedicated_load_balancers/ip_addresses_as_backend_servers/removing_backend_servers.rst,Removing Backend Servers,/home/ubuntu/repotesting/elastic-load-balancing/umn/source/_static/images/en-us_image_0000001794660485.png,substitution_image,26,icon,False,False,False,,2,2,2,3,3,0.77,partial,,,,200,stop,1,"The image is a hamburger-menu icon (three horizontal lines), a standard symbol for opening a service or navigation list. | The RST step 3 instructs the user to click this icon in the upper-left corner to display the Service List, which matches the icon's purpose. | The icon is relevant to the Procedure section as a navigation step to reach Elastic Load Balancing under Network. | The visual clearly shows three horizontal bars, providing strong evidence for a menu/service-list toggle.","The icon is very small and low-resolution, making fine details hard to discern. | No surrounding UI context is visible to confirm it is specifically in the upper-left corner of the console."
umn/source/backend_server_dedicated_load_balancers/ip_addresses_as_backend_servers/viewing_backend_servers.rst,Viewing Backend Servers,/home/ubuntu/repotesting/elastic-load-balancing/umn/source/_static/images/en-us_image_0000001747739624.png,substitution_image,24,icon,False,False,False,,2,2,2,2,3,0.72,partial,,,,200,stop,1,"Image is a location pin icon used in step 2 to select region and project | The icon is semantically appropriate for a region/project selector in a cloud management console | It is a standard UI navigation element, not directly depicting backend servers | The RST explicitly references this image for the region selection action","Image is small and slightly pixelated, making fine details hard to discern | No visible text or labels on the icon to confirm its exact function beyond the RST description"
umn/source/backend_server_dedicated_load_balancers/ip_addresses_as_backend_servers/viewing_backend_servers.rst,Viewing Backend Servers,/home/ubuntu/repotesting/elastic-load-balancing/umn/source/_static/images/en-us_image_0000001794660485.png,substitution_image,25,icon,False,False,False,,2,2,2,2,3,0.72,partial,,,,200,stop,1,Image is a hamburger menu icon (three horizontal lines) used in step 3 to display the Service List | The icon is a standard UI symbol for opening a navigation/service menu | It is part of the navigation procedure to reach Elastic Load Balancing > Backend Server Groups | The RST explicitly references this image for displaying the Service List,Image is small and slightly pixelated | No visible text or labels on the icon to confirm its exact function beyond the RST description
umn/source/backend_server_dedicated_load_balancers/managing_backend_servers/adding_backend_servers.rst,Adding Backend Servers,/home/ubuntu/repotesting/elastic-load-balancing/umn/source/_static/images/en-us_image_0000001747739624.png,substitution_image,41,icon,False,False,False,,2,2,2,2,3,0.72,partial,,,,200,stop,1,"The image is a location pin icon, which is a standard symbol for region/project selection in cloud management consoles. | The RST step 2 instructs the user to click this icon to select the desired region and project, which aligns with a location pin. | The icon is small and somewhat blurry but still identifiable as a location pin/marker. | It is part of the general navigation procedure rather than directly illustrating backend server configuration.","The image is low-resolution and slightly blurry, making fine details hard to confirm. | No surrounding UI context is visible to confirm it is specifically a region selector button."
umn/source/backend_server_dedicated_load_balancers/managing_backend_servers/changing_backend_server_weights.rst,Changing Backend Server Weights,/home/ubuntu/repotesting/elastic-load-balancing/umn/source/_static/images/en-us_image_0000001747739624.png,substitution_image,42,icon,False,False,False,,2,2,2,3,3,0.77,partial,,,,200,stop,1,"The image is a location pin icon used in step 2 to select region and project, which is part of the procedure for changing backend server weights. | The RST states 'click |image1| and select the desired region and project', and the location pin icon is consistent with a region selector. | The icon is clearly visible and unambiguous as a map/location marker. | No contradiction between the image and the RST text.","The image is very small and low-resolution, making it difficult to confirm exact UI context. | No surrounding UI elements are visible to confirm it is specifically a region selector button."
umn/source/backend_server_dedicated_load_balancers/managing_backend_servers/changing_backend_server_weights.rst,Changing Backend Server Weights,/home/ubuntu/repotesting/elastic-load-balancing/umn/source/_static/images/en-us_image_0000001794660485.png,substitution_image,43,icon,False,False,False,,2,2,2,3,3,0.77,partial,,,,200,stop,1,"The image is a hamburger menu icon (three horizontal lines) used in step 3 to display the Service List, which is part of the procedure for changing backend server weights. | The RST states 'Click |image2| in the upper left corner to display Service List', and a hamburger menu icon is consistent with a navigation/service list toggle. | The icon is clearly visible and unambiguous as a standard hamburger menu symbol. | No contradiction between the image and the RST text.","The image is very small and low-resolution, making it difficult to confirm exact UI context. | No surrounding UI elements are visible to confirm it is specifically the Service List menu button."
umn/source/backend_server_dedicated_load_balancers/managing_backend_servers/removing_backend_servers.rst,Removing Backend Servers,/home/ubuntu/repotesting/elastic-load-balancing/umn/source/_static/images/en-us_image_0000001747739624.png,substitution_image,27,icon,False,False,False,,2,2,2,2,3,0.72,partial,,,,200,stop,1,"The image is a location pin icon, consistent with a region/project selector in a cloud management console. | The RST uses this icon in step 2 to indicate clicking to select the desired region and project. | The icon is a small, isolated symbolic graphic (pictogram), fitting the 'icon' classification. | The icon is generic (a standard map pin) rather than a specific branded region selector, limiting detail match.",The icon does not show any text or label indicating 'region' or 'project' selection. | No surrounding UI context is visible to confirm it is part of a management console header.
umn/source/backend_server_dedicated_load_balancers/managing_backend_servers/removing_backend_servers.rst,Removing Backend Servers,/home/ubuntu/repotesting/elastic-load-balancing/umn/source/_static/images/en-us_image_0000001794660485.png,substitution_image,28,icon,False,False,False,,2,2,2,3,3,0.77,partial,,,,200,stop,1,"The image is a standard hamburger menu icon (three horizontal lines), commonly used to open a navigation or service list. | The RST uses this icon in step 3 to indicate clicking to display the Service List and navigate to Elastic Load Balancing. | The icon is a small, isolated symbolic graphic, fitting the 'icon' classification. | The visual evidence is clear: three horizontal bars forming a recognizable hamburger menu symbol.",No surrounding UI context is visible to confirm it is in the upper-left corner of a management console. | The icon does not include any label such as 'Service List' to directly confirm its function.
umn/source/backend_server_dedicated_load_balancers/managing_backend_servers/viewing_backend_servers.rst,Viewing Backend Servers,/home/ubuntu/repotesting/elastic-load-balancing/umn/source/_static/images/en-us_image_0000001747739624.png,substitution_image,24,icon,False,False,False,,2,2,2,3,3,0.77,partial,,,,200,stop,1,"The image is a location pin icon, consistent with step 2's instruction to click it to select region and project. | It is a generic UI navigation icon, not specific to backend servers or ELB, but it is part of the procedure to reach the backend server view. | The location pin semantically matches the concept of selecting a geographic region.","The icon is very small and blurry, making it difficult to confirm exact visual details. | No surrounding UI context is visible to confirm it appears in the upper left corner as described."
umn/source/backend_server_group/changing_a_backend_server_group.rst,Changing a Backend Server Group,/home/ubuntu/repotesting/elastic-load-balancing/umn/source/_static/images/en-us_image_0000001794660553.png,substitution_image,51,icon,False,False,False,,2,2,2,3,3,0.77,partial,,,,200,stop,1,"The image is a location pin icon used in step 2 to select region and project in the management console. | It is a generic navigation icon relevant to the procedure but not specific to backend server group changes. | The RST states 'click |image1| and select the desired region and project,' which aligns with a location/region selector icon. | The icon is clearly visible as a teardrop-shaped location marker with a circular center.","The icon is very small and low-resolution, making fine details hard to discern. | No surrounding UI context is visible to confirm it is specifically a region selector."
umn/source/backend_server_group/changing_a_backend_server_group.rst,Changing a Backend Server Group,/home/ubuntu/repotesting/elastic-load-balancing/umn/source/_static/images/en-us_image_0000001747380852.png,substitution_image,52,icon,False,False,False,,2,2,2,3,3,0.77,partial,,,,200,stop,1,"The image is a hamburger menu icon (three horizontal lines) used in step 3 to display the Service List. | It is a generic navigation icon relevant to the procedure but not specific to backend server group changes. | The RST states 'Click |image2| in the upper left corner to display Service List,' which aligns with a hamburger/menu icon. | The icon is clearly visible as three horizontal lines, a standard menu symbol.",The icon is very small and low-resolution. | No surrounding UI context is visible to confirm it is specifically the service list toggle.
umn/source/backend_server_group/creating_a_backend_server_group_dedicated_load_balancers.rst,Creating a Backend Server Group (Dedicated Load Balancers),/home/ubuntu/repotesting/elastic-load-balancing/umn/source/_static/images/en-us_image_0000001747739624.png,substitution_image,207,icon,False,False,False,,2,2,2,3,3,0.77,partial,,,,200,stop,1,"Image is a location pin icon used in step 2 to select region and project | The icon matches the RST description of clicking to select desired region and project | It is a generic UI navigation element, not specific to backend server groups | The visual clearly shows a location/marker pin symbol","No specific backend server group context visible in the icon itself | The icon is a generic region selector, not tied to the ELB topic specifically"
umn/source/backend_server_group/creating_a_backend_server_group_dedicated_load_balancers.rst,Creating a Backend Server Group (Dedicated Load Balancers),/home/ubuntu/repotesting/elastic-load-balancing/umn/source/_static/images/en-us_image_0000001747739748.png,substitution_image,208,icon,False,False,False,,2,2,2,3,3,0.77,partial,,,,200,stop,1,"Image is a hamburger menu icon (three horizontal lines) used in step 3 to display Service List | The icon matches the RST description of clicking to display Service List and navigate to Network > Elastic Load Balancing | It is a generic UI navigation element, not specific to backend server groups | The visual clearly shows three horizontal lines representing a menu toggle","No specific backend server group context visible in the icon itself | The icon is a generic menu toggle, not tied to the ELB topic specifically"
umn/source/backend_server_group/creating_a_backend_server_group_dedicated_load_balancers.rst,Creating a Backend Server Group (Dedicated Load Balancers),/home/ubuntu/repotesting/elastic-load-balancing/umn/source/_static/images/en-us_image_0000001794660865.png,substitution_image,209,icon,False,False,False,,2,2,2,3,3,0.77,partial,,,,200,stop,1,"Image is a pencil/edit icon used in Table 4 next to Advanced Settings to set health check parameters | The icon matches the RST description of clicking to set health check parameters | It is a generic UI edit symbol, not specific to backend server groups | The visual clearly shows a pencil with an underline representing an edit action","No specific health check or backend server group context visible in the icon itself | The icon is a generic edit symbol, not tied to the ELB topic specifically"
umn/source/backend_server_group/enabling_modification_protection.rst,Enabling Modification Protection,/home/ubuntu/repotesting/elastic-load-balancing/umn/source/_static/images/en-us_image_0000001747739624.png,substitution_image,39,icon,False,False,False,,2,2,2,3,3,0.77,partial,,,,200,stop,1,The image is a location pin icon used as a region/project selector in the management console | It corresponds to step 2 of the procedure: 'click |image1| and select the desired region and project' | The icon is a standard region selector symbol commonly found in cloud management consoles | It is part of the navigation procedure rather than directly illustrating modification protection,"The image is very small and low-resolution, making fine details hard to discern | No surrounding UI context is visible to confirm it is in the upper left corner of a page"
umn/source/backend_server_group/enabling_modification_protection.rst,Enabling Modification Protection,/home/ubuntu/repotesting/elastic-load-balancing/umn/source/_static/images/en-us_image_0000001794660485.png,substitution_image,40,icon,False,False,False,,2,2,2,3,3,0.77,partial,,,,200,stop,1,The image is a hamburger menu icon (three horizontal lines) used to open the Service List | It corresponds to step 3 of the procedure: 'Click |image2| in the upper left corner to display Service List' | The icon is a standard navigation/menu symbol for accessing service categories | It is part of the navigation procedure rather than directly illustrating modification protection,The image is very small and low-resolution | No surrounding UI context is visible to confirm it is in the upper left corner of a page
umn/source/backend_server_group/key_functions/health_check.rst,Health Check,/home/ubuntu/repotesting/elastic-load-balancing/umn/source/_static/images/en-us_image_0000001794819789.png,figure,56,other,False,False,True,Forbidden color #3298ff was detected in the image.,0,0,0,0,0,0.00,fail,,Images with the forbidden color were not sent to the AI API.,,,local_hard_fail,0,Local color check detected #3298ff.,
umn/source/backend_server_group/key_functions/health_check.rst,Health Check,/home/ubuntu/repotesting/elastic-load-balancing/umn/source/_static/images/en-us_image_0000001794819785.png,figure,82,other,False,False,True,Forbidden color #3298ff was detected in the image.,0,0,0,0,0,0.00,fail,,Images with the forbidden color were not sent to the AI API.,,,local_hard_fail,0,Local color check detected #3298ff.,
umn/source/backend_server_group/key_functions/health_check.rst,Health Check,/home/ubuntu/repotesting/elastic-load-balancing/umn/source/_static/images/en-us_image_0000001747739832.png,figure,105,other,False,False,True,Forbidden color #3298ff was detected in the image.,0,0,0,0,0,0.00,fail,,Images with the forbidden color were not sent to the AI API.,,,local_hard_fail,0,Local color check detected #3298ff.,
umn/source/backend_server_group/key_functions/health_check.rst,Health Check,/home/ubuntu/repotesting/elastic-load-balancing/umn/source/_static/images/en-us_image_0000001747739840.png,figure,125,other,False,False,True,Forbidden color #3298ff was detected in the image.,0,0,0,0,0,0.00,fail,,Images with the forbidden color were not sent to the AI API.,,,local_hard_fail,0,Local color check detected #3298ff.,
umn/source/backend_server_group/key_functions/health_check.rst,Health Check,/home/ubuntu/repotesting/elastic-load-balancing/umn/source/_static/images/en-us_image_0000001747739828.png,figure,169,other,False,False,True,Forbidden color #3298ff was detected in the image.,0,0,0,0,0,0.00,fail,,Images with the forbidden color were not sent to the AI API.,,,local_hard_fail,0,Local color check detected #3298ff.,
umn/source/backend_server_group/key_functions/load_balancing_algorithms.rst,Load Balancing Algorithms,/home/ubuntu/repotesting/elastic-load-balancing/umn/source/_static/images/en-us_image_0000001747381180.png,figure,25,other,False,False,True,Forbidden color #3298ff was detected in the image.,0,0,0,0,0,0.00,fail,,Images with the forbidden color were not sent to the AI API.,,,local_hard_fail,0,Local color check detected #3298ff.,
umn/source/backend_server_group/key_functions/load_balancing_algorithms.rst,Load Balancing Algorithms,/home/ubuntu/repotesting/elastic-load-balancing/umn/source/_static/images/en-us_image_0000001747740060.png,figure,38,other,False,False,True,Forbidden color #3298ff was detected in the image.,0,0,0,0,0,0.00,fail,,Images with the forbidden color were not sent to the AI API.,,,local_hard_fail,0,Local color check detected #3298ff.,
umn/source/backend_server_group/key_functions/load_balancing_algorithms.rst,Load Balancing Algorithms,/home/ubuntu/repotesting/elastic-load-balancing/umn/source/_static/images/en-us_image_0000001794820009.png,figure,49,other,False,False,True,Forbidden color #3298ff was detected in the image.,0,0,0,0,0,0.00,fail,,Images with the forbidden color were not sent to the AI API.,,,local_hard_fail,0,Local color check detected #3298ff.,
umn/source/backend_server_group/key_functions/load_balancing_algorithms.rst,Load Balancing Algorithms,/home/ubuntu/repotesting/elastic-load-balancing/umn/source/_static/images/en-us_image_0000001794820013.png,figure,66,other,False,False,True,Forbidden color #3298ff was detected in the image.,0,0,0,0,0,0.00,fail,,Images with the forbidden color were not sent to the AI API.,,,local_hard_fail,0,Local color check detected #3298ff.,
umn/source/backend_server_group/modifying_a_backend_server_group/changing_the_load_balancing_algorithm.rst,Changing the Load Balancing Algorithm,/home/ubuntu/repotesting/elastic-load-balancing/umn/source/_static/images/en-us_image_0000001747739624.png,substitution_image,30,icon,False,False,False,,2,2,2,3,3,0.77,partial,,,,200,stop,1,"The image is a location pin icon, which is a small symbolic graphic used as a UI element. | The RST references this icon in step 2 for selecting the desired region and project, which aligns with a location pin symbol. | The icon is a supporting navigation element within the procedure, not directly illustrating load balancing algorithm changes. | The visual clearly shows a location pin/marker shape, consistent with region selection.","The icon is very small and low-resolution, making fine details hard to discern. | No surrounding UI context is visible to confirm it is specifically a region selector button."
umn/source/backend_server_group/modifying_a_backend_server_group/modifying_health_check_settings.rst,Modifying Health Check Settings,/home/ubuntu/repotesting/elastic-load-balancing/umn/source/_static/images/en-us_image_0000001747739624.png,substitution_image,104,icon,False,False,False,,1,2,2,2,3,0.62,partial,,,,200,stop,1,"The image is a location pin icon used as a region/project selector in the navigation steps. | The RST describes clicking this icon to select the desired region and project, which matches the location pin semantics. | It is a small symbolic graphic (icon), not a full screenshot or UI page. | The icon is relevant to the procedure but not directly to health check settings content.","No visible text or labels on the icon to confirm it is specifically a region selector. | The icon is very small and low-resolution, making fine details hard to discern."
umn/source/backend_server_group/modifying_a_backend_server_group/modifying_health_check_settings.rst,Modifying Health Check Settings,/home/ubuntu/repotesting/elastic-load-balancing/umn/source/_static/images/en-us_image_0000001794660485.png,substitution_image,103,icon,False,False,False,,1,2,2,2,3,0.62,partial,,,,200,stop,1,"The image is a hamburger menu icon (three horizontal lines) used to open the Service List. | The RST describes clicking this icon in the upper left corner to display Service List and navigate to Elastic Load Balancing. | It is a small symbolic UI icon, not a full screenshot. | The icon is relevant to the navigation procedure but not directly to health check settings content.","No visible text or labels on the icon to confirm its exact function. | The icon is very small and low-resolution, making fine details hard to discern."
umn/source/backend_server_group/modifying_a_backend_server_group/modifying_health_check_settings.rst,Modifying Health Check Settings,/home/ubuntu/repotesting/elastic-load-balancing/umn/source/_static/images/en-us_image_0000001747739748.png,substitution_image,105,icon,False,False,False,,1,2,2,2,3,0.62,partial,,,,200,stop,1,"The image is a hamburger menu icon (three horizontal lines) used to open the Service List in the Disabling Health Check section. | The RST describes clicking this icon in the upper left corner to display Service List and navigate to Elastic Load Balancing. | It is a small symbolic UI icon, not a full screenshot. | The icon is relevant to the navigation procedure but not directly to health check settings content.","No visible text or labels on the icon to confirm its exact function. | The icon is very small and low-resolution, making fine details hard to discern."
umn/source/backend_server_group/modifying_a_backend_server_group/modifying_sticky_session_settings.rst,Modifying Sticky Session Settings,/home/ubuntu/repotesting/elastic-load-balancing/umn/source/_static/images/en-us_image_0000001747739624.png,substitution_image,42,icon,False,False,False,,2,2,2,3,3,0.77,partial,,"Expected 2 image results, but received 1 unique valid results. Missing results for: /home/ubuntu/repotesting/elastic-load-balancing/umn/source/_static/images/en-us_image_0000001747739748.png",,200,stop,1,The image is a location pin icon used for region/project selection in the navigation steps. | It matches the RST instruction to click the icon and select the desired region and project. | The icon is a standard UI symbol for geographic/region selection. | No contradiction between the image and the document text.,The icon is isolated and does not show the surrounding console context. | No visible text labels on the icon itself.
umn/source/backend_server_group/viewing_a_backend_server_group.rst,Viewing a Backend Server Group,/home/ubuntu/repotesting/elastic-load-balancing/umn/source/_static/images/en-us_image_0000001747739624.png,substitution_image,26,icon,False,False,False,,2,2,2,3,3,0.77,partial,,,,200,stop,1,"The image is a location pin icon, consistent with the RST instruction to 'click |image1| and select the desired region and project.' | It is a small symbolic graphic (pictogram) used as a UI element for region selection, fitting the 'icon' classification. | The icon is relevant to the Procedure section as a navigation step, though not directly about backend server groups. | No contradiction between the image content and the RST description.","The image is very small and low-resolution, making it difficult to confirm exact UI context. | No surrounding UI elements are visible to confirm it is specifically a region selector in the management console."
umn/source/backend_server_group/viewing_a_backend_server_group.rst,Viewing a Backend Server Group,/home/ubuntu/repotesting/elastic-load-balancing/umn/source/_static/images/en-us_image_0000001794660485.png,substitution_image,27,icon,False,False,False,,2,2,2,3,3,0.77,partial,,,,200,stop,1,"The image is a hamburger menu icon (three horizontal lines), consistent with the RST instruction to 'Click |image2| in the upper left corner to display Service List.' | It is a small symbolic graphic (pictogram) used as a UI navigation element, fitting the 'icon' classification. | The icon is relevant to the Procedure section as a navigation step to access the Service List, though not directly about backend server groups. | No contradiction between the image content and the RST description.","The image is very small and low-resolution, making it difficult to confirm exact UI context. | No surrounding UI elements are visible to confirm it is specifically the Service List toggle in the management console."
umn/source/backend_server_shared_load_balancers/configuring_security_group_and_firewall_rules.rst,Configuring Security Group and Firewall Rules,/home/ubuntu/repotesting/elastic-load-balancing/umn/source/_static/images/en-us_image_0000001747739624.png,substitution_image,102,icon,False,False,False,,2,2,2,3,3,0.77,partial,,,,200,stop,1,"The image is a location pin icon used as a region/project selector in the management console navigation steps. | The RST references this icon (|image1| and |image3|) for selecting the desired region and project before configuring security group or firewall rules. | The icon is consistent with a region selector control in a cloud management console. | It is a small symbolic graphic (pictogram), not a full screenshot or UI page.","The image is very small and low-resolution, making it difficult to confirm exact visual details beyond the general shape of a location pin. | No surrounding UI context is visible to confirm the exact console or application it belongs to."
umn/source/backend_server_shared_load_balancers/configuring_security_group_and_firewall_rules.rst,Configuring Security Group and Firewall Rules,/home/ubuntu/repotesting/elastic-load-balancing/umn/source/_static/images/en-us_image_0000001470654829.png,substitution_image,101,icon,False,False,False,,2,2,2,3,3,0.77,partial,,,,200,stop,1,"The image is a hamburger menu icon (three horizontal lines) used to open the Service List in the management console. | The RST references this icon (|image2|) for displaying the Service List to navigate to Computing > Elastic Cloud Server. | The icon is consistent with a standard menu/navigation control in a cloud management console. | It is a small symbolic graphic (pictogram), not a full screenshot or UI page.","The image is very small and low-resolution, making it difficult to confirm exact visual details beyond the general shape of three horizontal lines. | No surrounding UI context is visible to confirm the exact console or application it belongs to."
umn/source/backend_server_shared_load_balancers/configuring_security_group_and_firewall_rules.rst,Configuring Security Group and Firewall Rules,/home/ubuntu/repotesting/elastic-load-balancing/umn/source/_static/images/en-us_image_0000001747381344.png,substitution_image,103,icon,False,False,False,,2,2,2,3,3,0.77,partial,,,,200,stop,1,"The image is a hamburger menu icon (three horizontal lines) used to open the Service List in the management console. | The RST references this icon (|image4|) for displaying the Service List to navigate to Network > Virtual Private Cloud. | The icon is consistent with a standard menu/navigation control in a cloud management console. | It is a small symbolic graphic (pictogram), not a full screenshot or UI page.","The image is very small and low-resolution, making it difficult to confirm exact visual details beyond the general shape of three horizontal lines. | No surrounding UI context is visible to confirm the exact console or application it belongs to."
umn/source/backend_server_shared_load_balancers/managing_backend_servers/adding_backend_servers.rst,Adding Backend Servers,/home/ubuntu/repotesting/elastic-load-balancing/umn/source/_static/images/en-us_image_0000001747739624.png,substitution_image,43,icon,False,False,False,,2,2,2,2,3,0.72,partial,,,,200,stop,1,"The image is a location pin icon, consistent with a region/project selector in a cloud management console. | The RST step 2 instructs to click this icon to select the desired region and project, which matches the location pin semantics. | The icon is a small, isolated UI symbol used in the navigation procedure for adding backend servers.","The icon is very small and blurry, making it difficult to confirm exact visual details. | No surrounding UI context is visible to confirm it is specifically in the upper left corner of a management console."
umn/source/backend_server_shared_load_balancers/managing_backend_servers/adding_backend_servers.rst,Adding Backend Servers,/home/ubuntu/repotesting/elastic-load-balancing/umn/source/_static/images/en-us_image_0000001794660485.png,substitution_image,44,icon,False,False,False,,2,2,2,2,3,0.72,partial,,,,200,stop,1,"The image is a hamburger menu icon (three horizontal lines), a standard pattern for opening a navigation/service list menu. | The RST step 3 instructs to click this icon to display the Service List, which matches the hamburger menu semantics. | The icon is a small, isolated UI symbol used in the navigation procedure for adding backend servers.","The icon is very small and blurry, making it difficult to confirm exact visual details. | No surrounding UI context is visible to confirm it is specifically in the upper left corner of a management console."
umn/source/backend_server_shared_load_balancers/managing_backend_servers/changing_backend_server_weights.rst,Changing Backend Server Weights,/home/ubuntu/repotesting/elastic-load-balancing/umn/source/_static/images/en-us_image_0000001794820037.png,substitution_image,40,icon,False,False,False,,2,2,2,3,3,0.77,partial,,,,200,stop,1,"The image is a location pin icon, which is a standard symbol for region selection in cloud management consoles. | The RST step 2 instructs the user to click this icon to select the desired region and project, which aligns with a location pin's semantic meaning. | The icon is a small symbolic graphic (pictogram), fitting the 'icon' classification. | The image is clearly visible and unambiguous as a location/map pin symbol.","The image is very small and slightly blurry, making fine details hard to discern, but the overall shape is clearly a location pin."
umn/source/backend_server_shared_load_balancers/managing_backend_servers/removing_backend_servers.rst,Removing Backend Servers,/home/ubuntu/repotesting/elastic-load-balancing/umn/source/_static/images/en-us_image_0000001747739624.png,substitution_image,27,icon,False,False,False,,2,2,2,2,3,0.72,partial,,,,200,stop,1,"The image is a location pin icon, consistent with a region/project selector in a cloud management console. | The RST uses this icon in step 2 to indicate clicking to select the desired region and project. | The icon is a small, isolated symbolic graphic (pictogram), fitting the 'icon' classification. | The icon is generic (a map pin) and does not show specific region or project labels, limiting detail match.","No visible text or labels on the icon to confirm it specifically represents region/project selection. | The icon is very small and low-resolution, making fine details hard to discern."
umn/source/backend_server_shared_load_balancers/managing_backend_servers/removing_backend_servers.rst,Removing Backend Servers,/home/ubuntu/repotesting/elastic-load-balancing/umn/source/_static/images/en-us_image_0000001794660485.png,substitution_image,28,icon,False,False,False,,2,2,2,3,3,0.77,partial,,,,200,stop,1,"The image is a standard hamburger menu icon (three horizontal lines), commonly used to open a navigation or service list. | The RST uses this icon in step 3 to indicate clicking to display the Service List and navigate to Elastic Load Balancing. | The icon is a small, isolated symbolic graphic, fitting the 'icon' classification. | The hamburger menu is a well-known UI pattern for accessing a service/navigation menu, matching the described action.","No visible text or labels on the icon to confirm it specifically opens a 'Service List'. | The icon is very small and low-resolution, but the three-line pattern is clearly identifiable."
umn/source/backend_server_shared_load_balancers/managing_backend_servers/viewing_backend_servers.rst,Viewing Backend Servers,/home/ubuntu/repotesting/elastic-load-balancing/umn/source/_static/images/en-us_image_0000001747739624.png,substitution_image,24,icon,False,False,False,,2,2,2,3,3,0.77,partial,,,,200,stop,1,"The image is a location pin icon, consistent with the RST instruction to 'click |image1| and select the desired region and project' in step 2. | The icon is a standard UI symbol for region/project selection in cloud management consoles. | It is part of the navigation procedure but not directly about backend servers themselves. | No contradiction between the icon and its described function in the RST.","The image is very small and low-resolution, making it difficult to confirm exact visual details beyond the general shape of a location pin."
umn/source/backend_server_shared_load_balancers/managing_backend_servers/viewing_backend_servers.rst,Viewing Backend Servers,/home/ubuntu/repotesting/elastic-load-balancing/umn/source/_static/images/en-us_image_0000001794660485.png,substitution_image,25,icon,False,False,False,,2,2,2,3,3,0.77,partial,,,,200,stop,1,"The image is a hamburger menu icon (three horizontal lines), consistent with the RST instruction to 'Click |image2| in the upper left corner to display Service List' in step 3. | A hamburger menu is a standard UI symbol for opening a navigation or service list panel. | It is part of the navigation procedure to reach the Elastic Load Balancing service but not directly about backend servers. | No contradiction between the icon and its described function in the RST.","The image is very small and low-resolution, making it difficult to confirm exact visual details beyond the general shape of three horizontal lines."
umn/source/certificate/creating_modifying_or_deleting_a_certificate.rst,"Creating, Modifying, or Deleting a Certificate",/home/ubuntu/repotesting/elastic-load-balancing/umn/source/_static/images/en-us_image_0000001747739624.png,substitution_image,139,icon,False,False,False,,2,2,2,3,3,0.77,partial,,,,200,stop,1,"The image is a small location-pin icon used as a region/project selector in the navigation steps. | It appears in all three sections (Creating, Modifying, Deleting) as the step to select region and project. | The icon is semantically appropriate for region selection in a cloud management console.","The icon is very small and low-resolution, making fine details hard to discern. | No surrounding UI context is visible to confirm it is part of a specific console interface."
umn/source/certificate/creating_modifying_or_deleting_a_certificate.rst,"Creating, Modifying, or Deleting a Certificate",/home/ubuntu/repotesting/elastic-load-balancing/umn/source/_static/images/en-us_image_0000001794660485.png,substitution_image,140,icon,False,False,False,,2,2,2,3,3,0.77,partial,,,,200,stop,1,The image is a hamburger-menu icon (three horizontal lines) used to open the Service List. | It appears in all three sections as the step to display Service List and navigate to Network > Elastic Load Balancing. | The icon is semantically appropriate for opening a navigation/service menu in a cloud console.,"The icon is very small and low-resolution, making fine details hard to discern. | No surrounding UI context is visible to confirm it is part of a specific console interface."
umn/source/certificate/querying_a_listener_by_certificate.rst,Querying a Listener by Certificate,/home/ubuntu/repotesting/elastic-load-balancing/umn/source/_static/images/en-us_image_0000001747739624.png,substitution_image,28,icon,False,False,False,,2,2,2,3,3,0.77,partial,,,,200,stop,1,"The image is a small location-pin icon, consistent with a region/project selector in a cloud management console. | The RST step 2 instructs the user to click this icon to select the desired region and project, which matches the icon's semantic meaning. | The icon is a prerequisite navigation element for the ELB certificate query procedure, not directly about certificates or listeners. | No contradictions between the image content and the RST description.","The icon is very small and blurry, making it difficult to confirm exact visual details beyond the general pin shape."
umn/source/certificate/querying_a_listener_by_certificate.rst,Querying a Listener by Certificate,/home/ubuntu/repotesting/elastic-load-balancing/umn/source/_static/images/en-us_image_0000001794660485.png,substitution_image,29,icon,False,False,False,,2,2,2,3,3,0.77,partial,,,,200,stop,1,"The image is a hamburger-menu icon (three horizontal lines), a standard symbol for opening a service or navigation list. | The RST step 3 instructs the user to click this icon to display the Service List and navigate to Network > Elastic Load Balancing, which matches the icon's purpose. | The icon is a navigation prerequisite for reaching the ELB console, not directly about certificates or listeners. | No contradictions between the image content and the RST description.","The icon is very small and low-resolution, but the three-line hamburger pattern is still clearly identifiable."
umn/source/certificate/replacing_a_certificate.rst,Replacing a Certificate,/home/ubuntu/repotesting/elastic-load-balancing/umn/source/_static/images/en-us_image_0000001747739624.png,substitution_image,41,icon,False,False,False,,2,2,2,3,3,0.77,partial,,,,200,stop,1,"Image is a location pin icon, consistent with its use in step 2 for selecting region and project | The icon is a standard UI symbol for region/location selection in cloud management consoles | It supports the procedural steps for navigating to the certificate replacement page","The icon is very small and blurry, making it difficult to confirm exact design details | No visible text or label on the icon to confirm its specific function"
umn/source/certificate/replacing_a_certificate.rst,Replacing a Certificate,/home/ubuntu/repotesting/elastic-load-balancing/umn/source/_static/images/en-us_image_0000001794660593.png,substitution_image,43,icon,False,False,False,,2,2,2,3,3,0.77,partial,,,,200,stop,1,"Image appears to be a three-line or three-dot menu icon, consistent with its use in step 5 for accessing 'Modify Listener' options | This type of icon is commonly used as a 'more options' or action menu trigger in table/list views | The icon supports the step of clicking next to a listener name to reveal modification options","The icon is very small and blurry, making it hard to distinguish between a kebab menu (three dots) and a three-line menu | No visible text or label to confirm its specific function as a 'more options' trigger"
umn/source/faq/health_checks/how_do_i_troubleshoot_an_unhealthy_backend_server.rst,How Do I Troubleshoot an Unhealthy Backend Server?,/home/ubuntu/repotesting/elastic-load-balancing/umn/source/_static/images/en-us_image_0000001794660741.png,figure,63,other,False,False,True,Forbidden color #3298ff was detected in the image.,0,0,0,0,0,0.00,fail,,Images with the forbidden color were not sent to the AI API.,,200,stop,1,Local color check detected #3298ff.,
umn/source/faq/health_checks/how_do_i_troubleshoot_an_unhealthy_backend_server.rst,How Do I Troubleshoot an Unhealthy Backend Server?,/home/ubuntu/repotesting/elastic-load-balancing/umn/source/_static/images/en-us_image_0000001747381004.png,figure,172,screenshot,True,False,False,,3,3,3,3,3,1.00,pass,,Images with the forbidden color were not sent to the AI API.,,200,stop,1,"Image is Figure 2, an example inbound security group rule for dedicated load balancers (TCP/HTTP/HTTPS). | Shows protocol TCP, port 80, IPv4, and source IP address 192.168.0.0/16, matching the RST description of allowing TCP traffic from the VPC over the health check port. | UI form fields (dropdowns and input boxes) are visible, consistent with a console rule configuration.",No full page context; only the rule fields are shown.
umn/source/faq/health_checks/how_do_i_troubleshoot_an_unhealthy_backend_server.rst,How Do I Troubleshoot an Unhealthy Backend Server?,/home/ubuntu/repotesting/elastic-load-balancing/umn/source/_static/images/en-us_image_0000001747380992.png,figure,180,screenshot,True,False,False,,3,2,3,3,2,0.88,pass,,Images with the forbidden color were not sent to the AI API.,,200,stop,1,"Image is Figure 3, an example inbound rule allowing ICMP traffic for UDP listeners. | Shows protocol ICMP, port All, IPv4, and source IP address 100.125.0.0/16. | The RST places this figure under dedicated load balancers, which should use the VPC CIDR rather than 100.125.0.0/16, so the source range shown is more consistent with shared load balancers.",No indication of whether the rule is for a dedicated or shared load balancer. | Source range (100.125.0.0/16) does not clearly match the dedicated VPC CIDR described in the RST.
umn/source/faq/health_checks/how_do_i_troubleshoot_an_unhealthy_backend_server.rst,How Do I Troubleshoot an Unhealthy Backend Server?,/home/ubuntu/repotesting/elastic-load-balancing/umn/source/_static/images/en-us_image_0000001747381012.png,figure,197,screenshot,True,False,False,,3,3,3,3,3,1.00,pass,,Images with the forbidden color were not sent to the AI API.,,200,stop,1,"Image is Figure 4, an example inbound rule for shared load balancers (TCP/HTTP/HTTPS). | Shows protocol TCP, port 80, IPv4, and source IP address 100.125.0.0/16, matching the RST requirement to allow access from 100.125.0.0/16 over the health check port.",No full page context; only the rule fields are shown.
umn/source/faq/health_checks/how_do_i_troubleshoot_an_unhealthy_backend_server.rst,How Do I Troubleshoot an Unhealthy Backend Server?,/home/ubuntu/repotesting/elastic-load-balancing/umn/source/_static/images/en-us_image_0000001794819853.png,figure,205,screenshot,True,False,False,,3,3,3,3,3,1.00,pass,,Images with the forbidden color were not sent to the AI API.,,200,stop,1,"Image is Figure 5, an example inbound rule allowing ICMP traffic for shared load balancer UDP listeners. | Shows protocol ICMP, port All, IPv4, and source IP address 100.125.0.0/16, matching the RST requirement for shared UDP listeners.",No full page context; only the rule fields are shown.
umn/source/faq/health_checks/how_do_i_troubleshoot_an_unhealthy_backend_server.rst,How Do I Troubleshoot an Unhealthy Backend Server?,/home/ubuntu/repotesting/elastic-load-balancing/umn/source/_static/images/en-us_image_0000001794660733.png,figure,288,screenshot,False,False,False,,3,3,3,3,3,1.00,pass,,Images with the forbidden color were not sent to the AI API.,,200,stop,1,"Image is Figure 6, showing the netstat command output where the health check port is in the LISTEN state. | The command 'netstat -anlp | grep 880' returns a tcp line with port 880 and the LISTEN state highlighted, matching the RST example of TCP port 880 being listened on.",Only a partial terminal output is visible.
umn/source/faq/health_checks/how_do_i_troubleshoot_an_unhealthy_backend_server.rst,How Do I Troubleshoot an Unhealthy Backend Server?,/home/ubuntu/repotesting/elastic-load-balancing/umn/source/_static/images/en-us_image_0000001747739888.png,figure,294,screenshot,False,False,False,,3,3,3,3,3,1.00,pass,,Images with the forbidden color were not sent to the AI API.,,200,stop,1,"Image is Figure 7, showing the netstat command output where the port is not in the listening state. | The command 'netstat -anlp | grep 8080' returns no matching line, illustrating that the health check port is not listened on, as described in the RST.",Only a partial terminal output is visible.
umn/source/faq/health_checks/how_do_i_troubleshoot_an_unhealthy_backend_server.rst,How Do I Troubleshoot an Unhealthy Backend Server?,/home/ubuntu/repotesting/elastic-load-balancing/umn/source/_static/images/en-us_image_0000001794819857.png,figure,316,screenshot,False,False,False,,3,3,3,3,3,1.00,pass,,Images with the forbidden color were not sent to the AI API.,,200,stop,1,"Image is Figure 8, showing a curl HTTP health check that returns an unhealthy status. | The curl command to 192.168.0.58:8080/index.html returns 'HTTP/1.0 404 File not found', illustrating an unhealthy backend server response as described in the RST.",No additional context beyond the terminal output.
umn/source/faq/health_checks/how_do_i_troubleshoot_an_unhealthy_backend_server.rst,How Do I Troubleshoot an Unhealthy Backend Server?,/home/ubuntu/repotesting/elastic-load-balancing/umn/source/_static/images/en-us_image_0000001794819825.png,figure,322,screenshot,False,False,False,,3,3,3,3,3,1.00,pass,,Images with the forbidden color were not sent to the AI API.,,200,stop,1,"Image is Figure 9, showing a curl HTTP health check that returns a healthy status. | The curl command to 192.168.0.58:8080/index.html returns 'HTTP/1.0 200 OK', illustrating a healthy backend server response as described in the RST.",No additional context beyond the terminal output.
umn/source/faq/health_checks/how_do_i_troubleshoot_an_unhealthy_backend_server.rst,How Do I Troubleshoot an Unhealthy Backend Server?,/home/ubuntu/repotesting/elastic-load-balancing/umn/source/_static/images/en-us_image_0000001794819833.png,figure,365,screenshot,False,False,False,,3,3,3,3,3,1.00,pass,,Images with the forbidden color were not sent to the AI API.,,200,stop,1,"Image is Figure 10, showing the 'ip route' output where the default route points to the gateway. | The default route 'default via 192.168.2.1 dev eth0' is highlighted, matching the RST example of a normal default route pointing to the VPC subnet gateway.",Only a partial terminal output is visible.
umn/source/faq/health_checks/how_do_i_troubleshoot_an_unhealthy_backend_server.rst,How Do I Troubleshoot an Unhealthy Backend Server?,/home/ubuntu/repotesting/elastic-load-balancing/umn/source/_static/images/en-us_image_0000001747739892.png,figure,371,screenshot,False,False,False,,3,3,3,3,3,1.00,pass,,Images with the forbidden color were not sent to the AI API.,,200,stop,1,"Image is Figure 11, showing the 'ip route' output where the default route does not point to the expected gateway. | The default route 'default via 192.168.0.134 dev eth0' is highlighted, illustrating a misconfigured default route as described in the RST.",Only a partial terminal output is visible.
umn/source/faq/health_checks/how_do_i_troubleshoot_an_unhealthy_backend_server.rst,How Do I Troubleshoot an Unhealthy Backend Server?,/home/ubuntu/repotesting/elastic-load-balancing/umn/source/_static/images/en-us_image_0000001747739624.png,substitution_image,400,icon,False,False,False,,2,2,2,2,3,0.72,partial,,Images with the forbidden color were not sent to the AI API.,,200,stop,1,"Image is a small location-pin icon used as |image1|/|image3| in the firewall configuration steps. | It represents the region/project selector control referenced in the RST step 'click |image1| and select the desired region and project'. | It is an isolated symbolic graphic, not a full UI screenshot.",No surrounding UI context to confirm the exact control it represents.
umn/source/faq/health_checks/how_do_i_troubleshoot_an_unhealthy_backend_server.rst,How Do I Troubleshoot an Unhealthy Backend Server?,/home/ubuntu/repotesting/elastic-load-balancing/umn/source/_static/images/en-us_image_0000001747739880.png,substitution_image,399,icon,False,False,False,,2,2,2,2,3,0.72,partial,,Images with the forbidden color were not sent to the AI API.,,200,stop,1,"Image is a hamburger (three-line) menu icon used as |image2| in the firewall configuration steps. | It represents the navigation menu control referenced in the RST step 'click |image2| ... and choose Network > Virtual Private Cloud'. | It is an isolated symbolic graphic, not a full UI screenshot.",No surrounding UI context to confirm the exact control it represents.
umn/source/faq/health_checks/how_do_i_troubleshoot_an_unhealthy_backend_server.rst,How Do I Troubleshoot an Unhealthy Backend Server?,/home/ubuntu/repotesting/elastic-load-balancing/umn/source/_static/images/en-us_image_0000001794819601.png,substitution_image,401,icon,False,False,False,,2,2,2,2,3,0.72,partial,,Images with the forbidden color were not sent to the AI API.,,200,stop,1,"Image is a hamburger (three-line) menu icon used as |image4| in the shared load balancer firewall configuration steps. | It represents the navigation menu control referenced in the RST step 'click |image4| ... and choose Network > Virtual Private Cloud'. | It is an isolated symbolic graphic, not a full UI screenshot.",No surrounding UI context to confirm the exact control it represents.
umn/source/faq/load_balancers/what_is_quota.rst,What Is Quota?,/home/ubuntu/repotesting/elastic-load-balancing/umn/source/_static/images/en-us_image_0000001794820065.png,substitution_image,49,icon,False,False,False,,2,2,2,3,3,0.77,partial,,,,200,stop,1,"The image is a location pin icon, consistent with the RST instruction to click it 'in the upper left corner and select the desired region and project.' | A location/region icon is a standard UI symbol for region and project selection in cloud management consoles. | The icon is used in step 2 of the 'How Do I View My Quotas?' section as a navigation prerequisite. | The visual content (a teardrop-shaped map marker with a center dot) is unambiguous and matches the described purpose.",The image does not show the surrounding UI context (upper-left corner placement) to confirm exact positioning. | No label or text accompanies the icon to explicitly confirm it is the region/project selector.
umn/source/faq/load_balancers/what_is_quota.rst,What Is Quota?,/home/ubuntu/repotesting/elastic-load-balancing/umn/source/_static/images/en-us_image_0000001747740124.png,substitution_image,50,icon,False,False,False,,2,2,2,3,3,0.77,partial,,,,200,stop,1,"The image is a bar-chart icon (three vertical bars of decreasing height), which is a reasonable symbol for a metrics/quota dashboard. | The RST states that clicking this icon in the upper right corner displays the 'Service Quota' page, and a chart icon is a common representation for quota or usage metrics. | The icon is used in step 3 of the 'How Do I View My Quotas?' section as the direct action to access quota information. | The visual content (three colored vertical bars) is clearly a chart/metrics pictogram.",The image does not show the surrounding UI context (upper-right corner placement) to confirm exact positioning. | No label or text accompanies the icon to explicitly confirm it leads to the 'Service Quota' page.
umn/source/faq/obtaining_source_ip_addresses/how_can_i_transfer_the_ip_address_of_a_client.rst,How Can I Transfer the IP Address of a Client?,/home/ubuntu/repotesting/elastic-load-balancing/umn/source/_static/images/en-us_image_0000001747739624.png,substitution_image,303,icon,False,False,False,,2,2,3,2,3,0.78,partial,,,,200,stop,1,A location/region pin icon used as |image1| for selecting the desired region and project in the Layer 4 console steps. | Small symbolic UI graphic consistent with a region selector icon.,"Icon is low-resolution/blurry, so exact label is not readable."
umn/source/faq/obtaining_source_ip_addresses/how_can_i_transfer_the_ip_address_of_a_client.rst,How Can I Transfer the IP Address of a Client?,/home/ubuntu/repotesting/elastic-load-balancing/umn/source/_static/images/en-us_image_0000001794660485.png,substitution_image,304,icon,False,False,False,,2,2,3,2,3,0.78,partial,,,,200,stop,1,A hamburger menu icon used as |image2| to display the Service List in the Layer 4 console steps. | Small symbolic UI graphic consistent with a navigation menu icon.,"Icon is low-resolution, so surrounding context is not visible."
umn/source/faq/obtaining_source_ip_addresses/how_can_i_transfer_the_ip_address_of_a_client.rst,How Can I Transfer the IP Address of a Client?,/home/ubuntu/repotesting/elastic-load-balancing/umn/source/_static/images/en-us_image_0000001747740100.png,substitution_image,305,icon,False,False,False,,2,2,3,2,3,0.78,partial,,,,200,stop,1,A hamburger/kebab menu icon used as |image3| to open the Modify Listener action in the Layer 4 console steps. | Small symbolic UI graphic consistent with a row action menu icon.,"Icon is low-resolution, so surrounding context is not visible."
umn/source/getting_started/overview.rst,Overview,/home/ubuntu/repotesting/elastic-load-balancing/umn/source/_static/images/en-us_image_0000001794660637.png,figure,15,other,False,False,True,Forbidden color #3298ff was detected in the image.,0,0,0,0,0,0.00,fail,,Images with the forbidden color were not sent to the AI API.,,,local_hard_fail,0,Local color check detected #3298ff.,
umn/source/getting_started/overview.rst,Overview,/home/ubuntu/repotesting/elastic-load-balancing/umn/source/_static/images/en-us_image_0000001747380896.png,figure,25,other,False,False,True,Forbidden color #3298ff was detected in the image.,0,0,0,0,0,0.00,fail,,Images with the forbidden color were not sent to the AI API.,,,local_hard_fail,0,Local color check detected #3298ff.,
umn/source/getting_started/process_flowchart.rst,Process Flowchart,/home/ubuntu/repotesting/elastic-load-balancing/umn/source/_static/images/en-us_image_0000001794660729.png,figure,12,other,False,False,True,Forbidden color #3298ff was detected in the image.,0,0,0,0,0,0.00,fail,,Images with the forbidden color were not sent to the AI API.,,,local_hard_fail,0,Local color check detected #3298ff.,
umn/source/getting_started/process_flowchart.rst,Process Flowchart,/home/ubuntu/repotesting/elastic-load-balancing/umn/source/_static/images/en-us_image_0000001747381000.png,figure,19,other,False,False,True,Forbidden color #3298ff was detected in the image.,0,0,0,0,0,0.00,fail,,Images with the forbidden color were not sent to the AI API.,,,local_hard_fail,0,Local color check detected #3298ff.,
umn/source/getting_started/using_dedicated_load_balancers_advanced_level.rst,Using Dedicated Load Balancers (Advanced Level),/home/ubuntu/repotesting/elastic-load-balancing/umn/source/_static/images/en-us_image_0000001747739860.png,figure,300,other,False,False,True,Forbidden color #3298ff was detected in the image.,0,0,0,0,0,0.00,fail,,Images with the forbidden color were not sent to the AI API.,,200,stop,1,Local color check detected #3298ff.,
umn/source/getting_started/using_dedicated_load_balancers_advanced_level.rst,Using Dedicated Load Balancers (Advanced Level),/home/ubuntu/repotesting/elastic-load-balancing/umn/source/_static/images/en-us_image_0000001747739872.png,figure,97,screenshot,False,False,False,,3,3,3,3,3,1.00,pass,,Images with the forbidden color were not sent to the AI API.,,200,stop,1,"Image shows the default Nginx welcome page in a browser, matching Figure 1 caption 'Nginx installed successfully' | The page displays 'Welcome to nginx!' with the standard Nginx installation confirmation text | Directly corresponds to the step verifying Nginx installation in the 'Deploying the Application' section",
umn/source/getting_started/using_dedicated_load_balancers_advanced_level.rst,Using Dedicated Load Balancers (Advanced Level),/home/ubuntu/repotesting/elastic-load-balancing/umn/source/_static/images/en-us_image_0000001747380964.png,figure,193,screenshot,False,False,False,,3,3,3,3,3,1.00,pass,,Images with the forbidden color were not sent to the AI API.,,200,stop,1,Image shows 'Welcome to ELB test page one!' with ELB01 header and three 'ELB test (page one)!' lines | Matches the HTML content specified for ECS01 in the RST document | Corresponds to Figure 2 'Nginx successfully deployed on ECS01',
umn/source/getting_started/using_dedicated_load_balancers_advanced_level.rst,Using Dedicated Load Balancers (Advanced Level),/home/ubuntu/repotesting/elastic-load-balancing/umn/source/_static/images/en-us_image_0000001794660689.png,figure,201,screenshot,False,False,False,,3,3,3,3,3,1.00,pass,,Images with the forbidden color were not sent to the AI API.,,200,stop,1,Image shows 'Welcome to ELB test page two!' with ELB02 header and three 'ELB test (page two)!' lines | Matches the HTML content specified for ECS02 in the RST document | Corresponds to Figure 3 'Nginx successfully deployed on ECS02',
umn/source/getting_started/using_dedicated_load_balancers_advanced_level.rst,Using Dedicated Load Balancers (Advanced Level),/home/ubuntu/repotesting/elastic-load-balancing/umn/source/_static/images/en-us_image_0000001794660705.png,figure,376,screenshot,False,False,False,,3,3,3,3,3,1.00,pass,,Images with the forbidden color were not sent to the AI API.,,200,stop,1,Image shows a text editor with the hosts file content including a line mapping an IP to www.example.com | Matches Figure 5 'hosts file on your PC' in the 'Verifying Load Balancing' section | The IP address is partially redacted but the domain mapping to www.example.com is visible,Full IP address is redacted in the image
umn/source/getting_started/using_dedicated_load_balancers_advanced_level.rst,Using Dedicated Load Balancers (Advanced Level),/home/ubuntu/repotesting/elastic-load-balancing/umn/source/_static/images/en-us_image_0000001794819797.png,figure,390,screenshot,False,False,False,,3,3,3,3,3,1.00,pass,,Images with the forbidden color were not sent to the AI API.,,200,stop,1,Image shows a browser accessing www.example.com/ELB01/ displaying 'Welcome to ELB test page one!' | Matches Figure 6 'Accessing ECS01' in the 'Verifying Load Balancing' section | Confirms the load balancer routed the request to ECS01 as described,
umn/source/getting_started/using_dedicated_load_balancers_advanced_level.rst,Using Dedicated Load Balancers (Advanced Level),/home/ubuntu/repotesting/elastic-load-balancing/umn/source/_static/images/en-us_image_0000001794660721.png,figure,402,screenshot,False,False,False,,3,3,3,3,3,1.00,pass,,Images with the forbidden color were not sent to the AI API.,,200,stop,1,Image shows a browser accessing www.example.com/ELB02/ displaying 'Welcome to ELB test page two!' | Matches Figure 7 'Accessing ECS02' in the 'Verifying Load Balancing' section | Confirms the load balancer routed the request to ECS02 as described,
umn/source/getting_started/using_dedicated_load_balancers_advanced_level.rst,Using Dedicated Load Balancers (Advanced Level),/home/ubuntu/repotesting/elastic-load-balancing/umn/source/_static/images/en-us_image_0000001747739624.png,substitution_image,413,icon,False,False,False,,3,2,3,2,3,0.88,pass,,Images with the forbidden color were not sent to the AI API.,,200,stop,1,"Image is a location pin icon used as the region/project selector in the management console | Referenced as |image1|, |image3|, |image5|, |image7| in the RST for selecting region and project | Small symbolic graphic with limited visual detail due to its size","Icon is small and blurry, making fine details hard to discern"
umn/source/getting_started/using_dedicated_load_balancers_advanced_level.rst,Using Dedicated Load Balancers (Advanced Level),/home/ubuntu/repotesting/elastic-load-balancing/umn/source/_static/images/en-us_image_0000001747380972.png,substitution_image,412,icon,False,False,False,,3,2,3,2,3,0.88,pass,,Images with the forbidden color were not sent to the AI API.,,200,stop,1,Image is a hamburger menu icon (three horizontal lines) used to display the Service List | Referenced as |image2| and |image6| in the RST for accessing the service list | Small symbolic graphic with limited visual detail due to its size,"Icon is small and blurry, making fine details hard to discern"
umn/source/getting_started/using_dedicated_load_balancers_advanced_level.rst,Using Dedicated Load Balancers (Advanced Level),/home/ubuntu/repotesting/elastic-load-balancing/umn/source/_static/images/en-us_image_0000001794660485.png,substitution_image,415,icon,False,False,False,,3,2,3,2,3,0.88,pass,,Images with the forbidden color were not sent to the AI API.,,200,stop,1,Image is a hamburger menu icon (three horizontal lines) used to display the Service List | Referenced as |image4| and |image9| in the RST for accessing the service list to choose Network > Elastic Load Balancing | Small symbolic graphic with limited visual detail due to its size,"Icon is small and blurry, making fine details hard to discern"
umn/source/getting_started/using_dedicated_load_balancers_advanced_level.rst,Using Dedicated Load Balancers (Advanced Level),/home/ubuntu/repotesting/elastic-load-balancing/umn/source/_static/images/en-us_image_0000001747739880.png,substitution_image,414,icon,False,False,False,,3,2,3,2,3,0.88,pass,,Images with the forbidden color were not sent to the AI API.,,200,stop,1,Image is a hamburger menu icon (three horizontal lines) used to display the Service List | Referenced as |image8| in the RST for accessing the service list to choose Network > Virtual Private Cloud | Small symbolic graphic with limited visual detail due to its size,"Icon is small and blurry, making fine details hard to discern"
umn/source/getting_started/using_dedicated_load_balancers_entry_level.rst,Using Dedicated Load Balancers (Entry Level),/home/ubuntu/repotesting/elastic-load-balancing/umn/source/_static/images/en-us_image_0000001794660861.png,figure,284,other,False,False,True,Forbidden color #3298ff was detected in the image.,0,0,0,0,0,0.00,fail,,Images with the forbidden color were not sent to the AI API.,,200,stop,1,Local color check detected #3298ff.,
umn/source/getting_started/using_dedicated_load_balancers_entry_level.rst,Using Dedicated Load Balancers (Entry Level),/home/ubuntu/repotesting/elastic-load-balancing/umn/source/_static/images/en-us_image_0000001747381136.png,figure,95,screenshot,False,False,False,,3,3,3,3,3,1.00,pass,,Images with the forbidden color were not sent to the AI API.,,200,stop,1,"Image shows the default Nginx welcome page in a browser, matching Figure 1 caption 'Nginx installed successfully'. | The RST states 'If the following page is displayed, Nginx has been installed' and the image confirms this exact page. | Browser address bar and page content are clearly visible, confirming it is a screenshot.",
umn/source/getting_started/using_dedicated_load_balancers_entry_level.rst,Using Dedicated Load Balancers (Entry Level),/home/ubuntu/repotesting/elastic-load-balancing/umn/source/_static/images/en-us_image_0000001794819981.png,figure,179,screenshot,False,False,False,,3,3,3,3,3,1.00,pass,,Images with the forbidden color were not sent to the AI API.,,200,stop,1,"Image shows 'Welcome to ELB test page one!' with ELB01 header and three 'ELB test (page one)!' lines, matching the RST HTML content for ECS01. | Figure 2 caption in RST is 'Nginx successfully deployed on ECS01' which aligns with the displayed content. | The page layout and text exactly match the code-block content specified in the RST for ECS01's index.html.",
umn/source/getting_started/using_dedicated_load_balancers_entry_level.rst,Using Dedicated Load Balancers (Entry Level),/home/ubuntu/repotesting/elastic-load-balancing/umn/source/_static/images/en-us_image_0000001794660869.png,figure,187,screenshot,False,False,False,,3,3,3,3,3,1.00,pass,,Images with the forbidden color were not sent to the AI API.,,200,stop,1,"Image shows 'Welcome to ELB test page two!' with ELB02 header and three 'ELB test (page two)!' lines, matching the RST HTML content for ECS02. | Figure 3 caption in RST is 'Nginx successfully deployed on ECS02' which aligns with the displayed content. | The page layout and text exactly match the code-block content specified in the RST for ECS02's index.html.",
umn/source/getting_started/using_dedicated_load_balancers_entry_level.rst,Using Dedicated Load Balancers (Entry Level),/home/ubuntu/repotesting/elastic-load-balancing/umn/source/_static/images/en-us_image_0000001747381140.png,figure,299,screenshot,True,False,False,,3,3,3,3,3,1.00,pass,,Images with the forbidden color were not sent to the AI API.,,200,stop,1,"Image shows the 'Configure Listener' step of a multi-step wizard with Name field set to 'listener-HTTP', Frontend Protocol set to HTTP, and Frontend Port set to 80. | This matches Figure 5 caption 'Adding a listener' and the RST instructions for configuring the listener. | The UI form with protocol tabs (TCP, UDP, HTTP, HTTPS), access control dropdown, and advanced settings are all visible.",
umn/source/getting_started/using_dedicated_load_balancers_entry_level.rst,Using Dedicated Load Balancers (Entry Level),/home/ubuntu/repotesting/elastic-load-balancing/umn/source/_static/images/en-us_image_0000001747740024.png,figure,337,screenshot,False,False,False,,3,3,3,3,3,1.00,pass,,Images with the forbidden color were not sent to the AI API.,,200,stop,1,Image shows a hosts file with localhost entries and a line mapping www.example.com to an IP address (partially redacted). | This matches Figure 6 caption 'hosts file on your PC' and the RST instruction to modify the hosts file to map the domain name to the load balancer EIP. | The text-based file content is clearly visible in a terminal or text editor context.,"The full IP address is partially redacted, so the exact EIP value cannot be verified."
umn/source/getting_started/using_dedicated_load_balancers_entry_level.rst,Using Dedicated Load Balancers (Entry Level),/home/ubuntu/repotesting/elastic-load-balancing/umn/source/_static/images/en-us_image_0000001794660889.png,figure,351,screenshot,False,False,False,,3,3,3,3,3,1.00,pass,,Images with the forbidden color were not sent to the AI API.,,200,stop,1,"Image shows a browser accessing www.example.com/ELB01/ displaying 'Welcome to ELB test page one!' with ELB01 content. | This matches Figure 7 caption 'Accessing ECS01' and the RST verification step where the load balancer routes the request to ECS01. | The browser address bar clearly shows the domain name, confirming the load balancer EIP mapping is working.",
umn/source/getting_started/using_dedicated_load_balancers_entry_level.rst,Using Dedicated Load Balancers (Entry Level),/home/ubuntu/repotesting/elastic-load-balancing/umn/source/_static/images/en-us_image_0000001794819973.png,figure,359,screenshot,False,False,False,,3,3,3,3,3,1.00,pass,,Images with the forbidden color were not sent to the AI API.,,200,stop,1,"Image shows a browser accessing www.example.com/ELB02/ displaying 'Welcome to ELB test page two!' with ELB02 content. | This matches Figure 8 caption 'Accessing ECS02' and the RST verification step where the load balancer routes the request to ECS02. | The browser address bar clearly shows the domain name, confirming load balancing is distributing traffic to both backend servers.",
umn/source/getting_started/using_dedicated_load_balancers_entry_level.rst,Using Dedicated Load Balancers (Entry Level),/home/ubuntu/repotesting/elastic-load-balancing/umn/source/_static/images/en-us_image_0000001747739624.png,substitution_image,370,icon,False,False,False,,2,2,2,3,3,0.77,partial,,Images with the forbidden color were not sent to the AI API.,,200,stop,1,"Image is a small location pin icon used as a region/project selector in the management console UI. | The RST references this icon (image1, image3, image5, image7) for 'click and select the desired region and project'. | It is a generic UI navigation icon, not specific to the ELB topic itself.","The icon is small and slightly blurred, making fine details hard to discern."
umn/source/getting_started/using_dedicated_load_balancers_entry_level.rst,Using Dedicated Load Balancers (Entry Level),/home/ubuntu/repotesting/elastic-load-balancing/umn/source/_static/images/en-us_image_0000001747380972.png,substitution_image,369,icon,False,False,False,,2,2,2,3,3,0.77,partial,,Images with the forbidden color were not sent to the AI API.,,200,stop,1,"Image is a hamburger menu icon (three horizontal lines) used to open the Service List in the management console. | The RST references this icon (image2, image6) for 'Click in the upper left corner to display Service List and choose Computing > Elastic Cloud Server'. | It is a generic UI navigation icon, not specific to the ELB topic itself.","The icon is small and slightly blurred, making fine details hard to discern."
umn/source/getting_started/using_dedicated_load_balancers_entry_level.rst,Using Dedicated Load Balancers (Entry Level),/home/ubuntu/repotesting/elastic-load-balancing/umn/source/_static/images/en-us_image_0000001794660485.png,substitution_image,372,icon,False,False,False,,2,2,2,3,3,0.77,partial,,Images with the forbidden color were not sent to the AI API.,,200,stop,1,"Image is a hamburger menu icon (three horizontal lines) used to open the Service List in the management console. | The RST references this icon (image4, image9) for 'Click in the upper left corner to display Service List and choose Network > Elastic Load Balancing'. | It is a generic UI navigation icon, not specific to the ELB topic itself.","The icon is small and slightly blurred, making fine details hard to discern."
umn/source/getting_started/using_dedicated_load_balancers_entry_level.rst,Using Dedicated Load Balancers (Entry Level),/home/ubuntu/repotesting/elastic-load-balancing/umn/source/_static/images/en-us_image_0000001747739880.png,substitution_image,371,icon,False,False,False,,2,2,2,3,3,0.77,partial,,Images with the forbidden color were not sent to the AI API.,,200,stop,1,"Image is a hamburger menu icon (three horizontal lines) used to open the Service List in the management console. | The RST references this icon (image8) for 'Click in the upper left corner of the page and choose Network > Virtual Private Cloud'. | It is a generic UI navigation icon, not specific to the ELB topic itself.","The icon is small and slightly blurred, making fine details hard to discern."
umn/source/getting_started/using_shared_load_balancers_advanced_level.rst,Using Shared Load Balancers (Advanced Level),/home/ubuntu/repotesting/elastic-load-balancing/umn/source/_static/images/en-us_image_0000001747739860.png,figure,221,other,False,False,True,Forbidden color #3298ff was detected in the image.,0,0,0,0,0,0.00,fail,,Images with the forbidden color were not sent to the AI API.,,200,stop,1,Local color check detected #3298ff.,
umn/source/getting_started/using_shared_load_balancers_advanced_level.rst,Using Shared Load Balancers (Advanced Level),/home/ubuntu/repotesting/elastic-load-balancing/umn/source/_static/images/en-us_image_0000001747739872.png,figure,96,screenshot,False,False,False,,3,3,3,3,3,1.00,pass,,Images with the forbidden color were not sent to the AI API.,,200,stop,1,"Image shows the default Nginx welcome page in a browser, matching Figure 1 caption 'Nginx installed successfully'. | The page text 'Welcome to nginx!' and the nginx.org/nginx.com links match the expected Nginx default page. | The browser address bar shows an IP-based URL consistent with accessing an ECS EIP.",
umn/source/getting_started/using_shared_load_balancers_advanced_level.rst,Using Shared Load Balancers (Advanced Level),/home/ubuntu/repotesting/elastic-load-balancing/umn/source/_static/images/en-us_image_0000001747380964.png,figure,188,screenshot,False,False,False,,3,3,3,3,3,1.00,pass,,Images with the forbidden color were not sent to the AI API.,,200,stop,1,Image shows 'Welcome to ELB test page one!' header and ELB01 section with three 'ELB test (page one)!' lines. | Content exactly matches the HTML code specified for ECS01 in the RST document. | Matches Figure 2 caption 'Nginx successfully deployed on ECS01'.,
umn/source/getting_started/using_shared_load_balancers_advanced_level.rst,Using Shared Load Balancers (Advanced Level),/home/ubuntu/repotesting/elastic-load-balancing/umn/source/_static/images/en-us_image_0000001794660689.png,figure,196,screenshot,False,False,False,,3,3,3,3,3,1.00,pass,,Images with the forbidden color were not sent to the AI API.,,200,stop,1,Image shows 'Welcome to ELB test page two!' header and ELB02 section with three 'ELB test (page two)!' lines. | Content exactly matches the HTML code specified for ECS02 in the RST document. | Matches Figure 3 caption 'Nginx successfully deployed on ECS02'.,
umn/source/getting_started/using_shared_load_balancers_advanced_level.rst,Using Shared Load Balancers (Advanced Level),/home/ubuntu/repotesting/elastic-load-balancing/umn/source/_static/images/en-us_image_0000001794660705.png,figure,295,screenshot,False,False,False,,3,3,3,3,3,1.00,pass,,Images with the forbidden color were not sent to the AI API.,,200,stop,1,"Image shows a hosts file with localhost entries and a line mapping an IP address to www.example.com. | Matches Figure 5 caption 'hosts file on your PC' and the step to modify the hosts file. | The IP is partially redacted but the domain www.example.com is visible, consistent with the RST instructions.",The full IP address is partially redacted in the image.
umn/source/getting_started/using_shared_load_balancers_advanced_level.rst,Using Shared Load Balancers (Advanced Level),/home/ubuntu/repotesting/elastic-load-balancing/umn/source/_static/images/en-us_image_0000001794819797.png,figure,309,screenshot,False,False,False,,3,3,3,3,3,1.00,pass,,Images with the forbidden color were not sent to the AI API.,,200,stop,1,"Browser address bar shows www.example.com/ELB01/ matching the verification step. | Page content shows 'Welcome to ELB test page one!' with ELB01 section, confirming routing to ECS01. | Matches Figure 6 caption 'Accessing ECS01'.",
umn/source/getting_started/using_shared_load_balancers_advanced_level.rst,Using Shared Load Balancers (Advanced Level),/home/ubuntu/repotesting/elastic-load-balancing/umn/source/_static/images/en-us_image_0000001794660721.png,figure,321,screenshot,False,False,False,,3,3,3,3,3,1.00,pass,,Images with the forbidden color were not sent to the AI API.,,200,stop,1,"Browser address bar shows www.example.com/ELB02/ matching the verification step. | Page content shows 'Welcome to ELB test page two!' with ELB02 section, confirming routing to ECS02. | Matches Figure 7 caption 'Accessing ECS02'.",
umn/source/getting_started/using_shared_load_balancers_advanced_level.rst,Using Shared Load Balancers (Advanced Level),/home/ubuntu/repotesting/elastic-load-balancing/umn/source/_static/images/en-us_image_0000001747739624.png,substitution_image,328,icon,False,False,False,,2,2,2,2,3,0.72,partial,,Images with the forbidden color were not sent to the AI API.,,200,stop,1,"Image is a location pin icon used as the region/project selector in the management console. | Referenced as |image1| and |image3| for 'click and select the desired region and project'. | The icon is a standard UI symbol for region selection, semantically appropriate for the context.","The icon is small and low-resolution; exact UI context (e.g., surrounding menu) is not visible."
umn/source/getting_started/using_shared_load_balancers_advanced_level.rst,Using Shared Load Balancers (Advanced Level),/home/ubuntu/repotesting/elastic-load-balancing/umn/source/_static/images/en-us_image_0000001747380972.png,substitution_image,327,icon,False,False,False,,2,2,2,2,3,0.72,partial,,Images with the forbidden color were not sent to the AI API.,,200,stop,1,"Image is a hamburger menu icon (three horizontal lines) used to open the Service List. | Referenced as |image2| for 'Click in the upper left corner to display Service List and choose Computing > Elastic Cloud Server'. | The icon is a standard UI symbol for navigation menus, semantically appropriate.",The icon is small and low-resolution; exact UI context is not visible.
umn/source/getting_started/using_shared_load_balancers_advanced_level.rst,Using Shared Load Balancers (Advanced Level),/home/ubuntu/repotesting/elastic-load-balancing/umn/source/_static/images/en-us_image_0000001794660485.png,substitution_image,330,icon,False,False,False,,2,2,2,2,3,0.72,partial,,Images with the forbidden color were not sent to the AI API.,,200,stop,1,"Image is a hamburger menu icon (three horizontal lines) used to open the Service List. | Referenced as |image4| and |image5| for 'Click in the upper left corner to display Service List and choose Network > Elastic Load Balancing'. | The icon is a standard UI symbol for navigation menus, semantically appropriate.",The icon is small and low-resolution; exact UI context is not visible.
umn/source/getting_started/using_shared_load_balancers_entry_level.rst,Using Shared Load Balancers (Entry Level),/home/ubuntu/repotesting/elastic-load-balancing/umn/source/_static/images/en-us_image_0000001794660861.png,figure,207,other,False,False,True,Forbidden color #3298ff was detected in the image.,0,0,0,0,0,0.00,fail,,Images with the forbidden color were not sent to the AI API.,,200,stop,1,Local color check detected #3298ff.,
umn/source/getting_started/using_shared_load_balancers_entry_level.rst,Using Shared Load Balancers (Entry Level),/home/ubuntu/repotesting/elastic-load-balancing/umn/source/_static/images/en-us_image_0000001747381136.png,figure,96,screenshot,False,False,False,,3,3,3,3,3,1.00,pass,,Images with the forbidden color were not sent to the AI API.,,200,stop,1,"Image shows the default 'Welcome to nginx!' page in a browser, matching Figure 1 'Nginx installed successfully'. | It appears in the 'Deploying the Application' section where Nginx installation is verified. | Content (nginx.org, nginx.com links, 'Thank you for using nginx') aligns with a fresh Nginx install.",The URL in the address bar is partially redacted/obscured.
umn/source/getting_started/using_shared_load_balancers_entry_level.rst,Using Shared Load Balancers (Entry Level),/home/ubuntu/repotesting/elastic-load-balancing/umn/source/_static/images/en-us_image_0000001794819981.png,figure,176,screenshot,False,False,False,,3,3,3,3,3,1.00,pass,,Images with the forbidden color were not sent to the AI API.,,200,stop,1,"Image shows 'Welcome to ELB test page one!' with ELB01 and three 'ELB test (page one)!' lines, matching Figure 2. | It corresponds to the modified index.html of ECS01 described in the RST. | Content exactly matches the HTML snippet provided for ECS01.",
umn/source/getting_started/using_shared_load_balancers_entry_level.rst,Using Shared Load Balancers (Entry Level),/home/ubuntu/repotesting/elastic-load-balancing/umn/source/_static/images/en-us_image_0000001794660869.png,figure,184,screenshot,False,False,False,,3,3,3,3,3,1.00,pass,,Images with the forbidden color were not sent to the AI API.,,200,stop,1,"Image shows 'Welcome to ELB test page two!' with ELB02 and three 'ELB test (page two)!' lines, matching Figure 3. | It corresponds to the modified index.html of ECS02 described in the RST. | Content exactly matches the HTML snippet provided for ECS02.",
umn/source/getting_started/using_shared_load_balancers_entry_level.rst,Using Shared Load Balancers (Entry Level),/home/ubuntu/repotesting/elastic-load-balancing/umn/source/_static/images/en-us_image_0000001747381140.png,figure,222,screenshot,True,False,False,,3,3,3,3,3,1.00,pass,,Images with the forbidden color were not sent to the AI API.,,200,stop,1,"Image shows the 'Configure Listener' step with Name 'listener-HTTP', Frontend Protocol HTTP, Frontend Port 80, matching Figure 5. | It appears in the 'Adding a Listener' section and matches the described listener parameters. | Advanced settings (timeouts, Transfer Load Balancer EIP Disabled) are visible and consistent with a listener configuration form.",
umn/source/getting_started/using_shared_load_balancers_entry_level.rst,Using Shared Load Balancers (Entry Level),/home/ubuntu/repotesting/elastic-load-balancing/umn/source/_static/images/en-us_image_0000001747740024.png,figure,256,screenshot,False,False,False,,3,3,3,3,3,1.00,pass,,Images with the forbidden color were not sent to the AI API.,,200,stop,1,"Image shows a hosts file with localhost entries and a line mapping an IP to www.example.com, matching Figure 6. | It appears in the 'Verifying Load Balancing' section where the hosts file is edited to map the domain to the load balancer EIP. | The www.example.com mapping aligns with the domain used in the RST.",The IP address mapped to www.example.com is partially redacted.
umn/source/getting_started/using_shared_load_balancers_entry_level.rst,Using Shared Load Balancers (Entry Level),/home/ubuntu/repotesting/elastic-load-balancing/umn/source/_static/images/en-us_image_0000001794660889.png,figure,270,screenshot,False,False,False,,3,3,3,3,3,1.00,pass,,Images with the forbidden color were not sent to the AI API.,,200,stop,1,"Image shows a browser at www.example.com/ELB01/ displaying 'Welcome to ELB test page one!', matching Figure 7 'Accessing ECS01'. | It appears in the 'Verifying Load Balancing' section confirming the load balancer routed the request to ECS01. | Content matches the ECS01 HTML page.",
umn/source/getting_started/using_shared_load_balancers_entry_level.rst,Using Shared Load Balancers (Entry Level),/home/ubuntu/repotesting/elastic-load-balancing/umn/source/_static/images/en-us_image_0000001794819973.png,figure,278,screenshot,False,False,False,,3,3,3,3,3,1.00,pass,,Images with the forbidden color were not sent to the AI API.,,200,stop,1,"Image shows a browser at www.example.com/ELB02/ displaying 'Welcome to ELB test page two!', matching Figure 8 'Accessing ECS02'. | It appears in the 'Verifying Load Balancing' section confirming the load balancer routed the request to ECS02. | Content matches the ECS02 HTML page.",
umn/source/getting_started/using_shared_load_balancers_entry_level.rst,Using Shared Load Balancers (Entry Level),/home/ubuntu/repotesting/elastic-load-balancing/umn/source/_static/images/en-us_image_0000001747739624.png,substitution_image,285,icon,False,False,False,,2,2,2,2,3,0.72,partial,,Images with the forbidden color were not sent to the AI API.,,200,stop,1,Image is a location/region pin icon used as |image1|/|image3| for selecting region and project in the management console. | It is referenced in the 'Creating ECSs' and 'Creating a Load Balancer' steps for region selection. | The icon is generic and matches the described 'click to select region' action.,Icon is small and low-resolution; surrounding UI context is not visible.
umn/source/getting_started/using_shared_load_balancers_entry_level.rst,Using Shared Load Balancers (Entry Level),/home/ubuntu/repotesting/elastic-load-balancing/umn/source/_static/images/en-us_image_0000001747380972.png,substitution_image,284,icon,False,False,False,,2,2,2,2,3,0.72,partial,,Images with the forbidden color were not sent to the AI API.,,200,stop,1,Image is a hamburger menu icon used as |image2| to display the Service List in the management console. | It is referenced in the 'Creating ECSs' step to open Service List and choose Computing > Elastic Cloud Server. | The icon is generic and matches the described 'click to display Service List' action.,Icon is small and low-resolution; surrounding UI context is not visible.
umn/source/getting_started/using_shared_load_balancers_entry_level.rst,Using Shared Load Balancers (Entry Level),/home/ubuntu/repotesting/elastic-load-balancing/umn/source/_static/images/en-us_image_0000001794660485.png,substitution_image,287,icon,False,False,False,,2,2,2,2,3,0.72,partial,,Images with the forbidden color were not sent to the AI API.,,200,stop,1,Image is a hamburger menu icon used as |image4|/|image5| to display the Service List in the management console. | It is referenced in the 'Creating a Load Balancer' and 'Adding a Listener' steps to open Service List and choose Network > Elastic Load Balancing. | The icon is generic and matches the described 'click to display Service List' action.,Icon is small and low-resolution; surrounding UI context is not visible.
umn/source/listener/adding_a_udp_listener.rst,Adding a UDP Listener,/home/ubuntu/repotesting/elastic-load-balancing/umn/source/_static/images/en-us_image_0000001747739624.png,substitution_image,304,icon,False,False,False,,2,2,2,3,3,0.77,partial,,,,200,stop,1,"Image is a location pin icon used for region/project selection in step 2 of the procedure | The RST references this icon as the element to click to select region and project | The icon is a standard navigation element, not specific to UDP listener configuration | The visual clearly shows a map/location pin symbol consistent with region selection",No additional context about the specific UI context where this icon appears in the actual console interface
umn/source/listener/adding_a_udp_listener.rst,Adding a UDP Listener,/home/ubuntu/repotesting/elastic-load-balancing/umn/source/_static/images/en-us_image_0000001794660485.png,substitution_image,305,icon,False,False,False,,2,2,2,3,3,0.77,partial,,,,200,stop,1,Image is a hamburger menu icon (three horizontal lines) used to open the Service List | The RST references this icon in step 3 to display Service List and navigate to Network > Elastic Load Balancing | The icon is a standard navigation element common across cloud management consoles | The visual clearly shows three horizontal lines consistent with a menu toggle,No additional context about the specific UI context where this icon appears in the actual console interface
umn/source/listener/adding_a_udp_listener.rst,Adding a UDP Listener,/home/ubuntu/repotesting/elastic-load-balancing/umn/source/_static/images/en-us_image_0000001810351034.png,substitution_image,303,icon,False,False,False,,2,2,2,3,3,0.77,partial,,,,200,stop,1,"Image is a pencil/edit icon used to modify health check parameters | The RST references this icon in Table 3 next to Advanced Settings for setting health check parameters | The icon is a standard edit/modify symbol consistent with the described action | The visual clearly shows a pencil with a line beneath it, indicating an edit action",No additional context about the specific UI context where this icon appears in the actual console interface
umn/source/listener/adding_a_udp_listener_with_a_quic_backend_server_group_associated.rst,Adding a UDP Listener (with a QUIC Backend Server Group Associated),/home/ubuntu/repotesting/elastic-load-balancing/umn/source/_static/images/en-us_image_0000001747739624.png,substitution_image,51,icon,False,False,False,,2,2,2,3,3,0.77,partial,,,,200,stop,1,"The image is a location/region pin icon, consistent with step 2's instruction to click and select the desired region and project. | It is a standard navigation element in cloud management consoles, relevant to the overall procedure but not specific to UDP/QUIC listener configuration. | The icon is clearly rendered and identifiable as a region selector pin.","The icon is small and slightly blurry, making fine details hard to discern. | No surrounding UI context is visible to confirm it is specifically a region selector versus a generic location marker."
umn/source/listener/adding_a_udp_listener_with_a_quic_backend_server_group_associated.rst,Adding a UDP Listener (with a QUIC Backend Server Group Associated),/home/ubuntu/repotesting/elastic-load-balancing/umn/source/_static/images/en-us_image_0000001794660485.png,substitution_image,52,icon,False,False,False,,2,2,2,3,3,0.77,partial,,,,200,stop,1,"The image is a hamburger menu icon (three horizontal lines), consistent with step 3's instruction to click and display the Service List. | It is a standard navigation element in cloud management consoles, relevant to the procedure for reaching Elastic Load Balancing. | The three-line hamburger icon is clearly visible and unambiguous.","The icon is small and slightly pixelated, but the three-line pattern is still clearly identifiable. | No surrounding UI context is visible to confirm it is specifically the service-list menu trigger."
umn/source/listener/adding_an_https_listener.rst,Adding an HTTPS Listener,/home/ubuntu/repotesting/elastic-load-balancing/umn/source/_static/images/en-us_image_0000001747739624.png,substitution_image,462,icon,False,False,False,,2,2,2,3,3,0.77,partial,,,,200,stop,1,"Image is a small location-pin (map marker) icon, matching the RST step 'click |image1| and select the desired region and project'. | It is a generic console navigation icon rather than an HTTPS-listener-specific graphic, so topic match is moderate. | The icon is clearly visible and unambiguous as a region selector symbol. | No contradiction with the surrounding text.",No surrounding UI context is shown; only the isolated icon is present.
umn/source/listener/configuring_timeout_durations.rst,Configuring Timeout Durations,/home/ubuntu/repotesting/elastic-load-balancing/umn/source/_static/images/en-us_image_0000001794660877.png,figure,18,other,False,False,True,Forbidden color #3298ff was detected in the image.,0,0,0,0,0,0.00,fail,,Images with the forbidden color were not sent to the AI API.,,200,stop,1,Local color check detected #3298ff.,
umn/source/listener/configuring_timeout_durations.rst,Configuring Timeout Durations,/home/ubuntu/repotesting/elastic-load-balancing/umn/source/_static/images/en-us_image_0000001747740028.png,figure,24,other,False,False,True,Forbidden color #3298ff was detected in the image.,0,0,0,0,0,0.00,fail,,Images with the forbidden color were not sent to the AI API.,,200,stop,1,Local color check detected #3298ff.,
umn/source/listener/configuring_timeout_durations.rst,Configuring Timeout Durations,/home/ubuntu/repotesting/elastic-load-balancing/umn/source/_static/images/en-us_image_0000001747739624.png,substitution_image,62,icon,False,False,False,,1,2,2,2,3,0.62,partial,,Images with the forbidden color were not sent to the AI API.,,200,stop,1,"The image is a location pin icon used in step 2 of the procedure to select a region and project. | It is a small symbolic graphic (icon) rather than a screenshot or page view. | The icon is relevant to the navigation procedure but not directly to the timeout configuration topic. | The RST references this as |image1| for region selection, which matches the location pin visual.","No additional context visible in the image beyond the location pin symbol. | The image is very small and low-resolution, making fine details unclear."
umn/source/listener/configuring_timeout_durations.rst,Configuring Timeout Durations,/home/ubuntu/repotesting/elastic-load-balancing/umn/source/_static/images/en-us_image_0000001794660485.png,substitution_image,63,icon,False,False,False,,1,2,2,2,3,0.62,partial,,Images with the forbidden color were not sent to the AI API.,,200,stop,1,"The image is a hamburger menu icon (three horizontal lines) used in step 3 to display the Service List. | It is a small symbolic graphic (icon) rather than a screenshot or page view. | The icon is relevant to the navigation procedure but not directly to the timeout configuration topic. | The RST references this as |image2| for displaying the Service List, which matches the hamburger menu visual.","No additional context visible in the image beyond the three-line menu symbol. | The image is very small and low-resolution, making fine details unclear."
umn/source/listener/modifying_or_deleting_a_listener.rst,Modifying or Deleting a Listener,/home/ubuntu/repotesting/elastic-load-balancing/umn/source/_static/images/en-us_image_0000001961843941.png,substitution_image,73,icon,False,False,False,,2,2,2,3,3,0.77,partial,,,,200,stop,1,"Image is a location-pin icon used for the region/project selector in the console steps. | Matches the RST instruction to click the region selector and choose a region and project. | Generic navigation icon, not specific to listener modification, so topic match is moderate.",No surrounding UI context visible to confirm it is the region selector.
umn/source/listener/modifying_or_deleting_a_listener.rst,Modifying or Deleting a Listener,/home/ubuntu/repotesting/elastic-load-balancing/umn/source/_static/images/en-us_image_0000001934685298.png,substitution_image,74,icon,False,False,False,,2,2,2,3,3,0.77,partial,,,,200,stop,1,"Image is a hamburger (three-line) menu icon. | Matches the RST instruction to click the menu to display the Service List and choose Network > Elastic Load Balancing. | Generic navigation icon, so topic match is moderate.",No surrounding UI context visible to confirm it opens the Service List.
umn/source/listener/modifying_or_deleting_a_listener.rst,Modifying or Deleting a Listener,/home/ubuntu/repotesting/elastic-load-balancing/umn/source/_static/images/en-us_image_0000001747739624.png,substitution_image,77,icon,False,False,False,,2,2,2,3,3,0.77,partial,,,,200,stop,1,"Image is a location-pin icon (magenta) used for the region/project selector. | Matches the RST instruction to click the region selector and choose the desired region and project. | Generic navigation icon, so topic match is moderate.",No surrounding UI context visible to confirm it is the region selector.
umn/source/listener/modifying_or_deleting_a_listener.rst,Modifying or Deleting a Listener,/home/ubuntu/repotesting/elastic-load-balancing/umn/source/_static/images/en-us_image_0000001794660485.png,substitution_image,78,icon,False,False,False,,2,2,2,3,3,0.77,partial,,,,200,stop,1,"Image is a hamburger (three-line) menu icon. | Matches the RST instruction to click the menu to display the Service List and choose Network > Elastic Load Balancing. | Generic navigation icon, so topic match is moderate.",No surrounding UI context visible to confirm it opens the Service List.
umn/source/listener/transfer_client_ip_address_shared_load_balancers.rst,Transfer Client IP Address (Shared Load Balancers),/home/ubuntu/repotesting/elastic-load-balancing/umn/source/_static/images/en-us_image_0000001747739624.png,substitution_image,88,icon,False,False,False,,2,2,2,2,3,0.72,partial,,,,200,stop,1,"The image is a location pin icon, a standard UI symbol for region/project selection in cloud consoles. | The RST instructs to 'click |image1| and select the desired region and project,' which matches the location pin icon's purpose. | The icon is used in both the Enabling and Disabling sections as a navigation step, making it relevant to the procedure. | The image is a small, clearly identifiable location pin symbol, consistent with its use as a region selector.",The icon is generic and not specific to the load balancer or Transfer Client IP Address feature. | No surrounding UI context is visible to confirm it is the exact icon used in the specific console.
umn/source/listener/transfer_client_ip_address_shared_load_balancers.rst,Transfer Client IP Address (Shared Load Balancers),/home/ubuntu/repotesting/elastic-load-balancing/umn/source/_static/images/en-us_image_0000001794660485.png,substitution_image,89,icon,False,False,False,,2,2,2,2,3,0.72,partial,,,,200,stop,1,"The image is a hamburger menu icon (three horizontal lines), a standard UI symbol for opening a navigation/service list menu. | The RST instructs to 'Click |image2| in the upper left corner to display Service List and choose Network > Elastic Load Balancing,' which matches the hamburger menu's purpose. | The icon is used in both the Enabling and Disabling sections as a navigation step to access the service list. | The image is a small, clearly identifiable three-line hamburger menu symbol.",The icon is generic and not specific to the load balancer or Transfer Client IP Address feature. | No surrounding UI context is visible to confirm it is the exact icon used in the specific console.
umn/source/load_balancer/binding_an_ip_address_to_or_unbinding_an_ip_address_from_a_load_balancer.rst,Binding an IP Address to or Unbinding an IP Address from a Load Balancer,/home/ubuntu/repotesting/elastic-load-balancing/umn/source/_static/images/en-us_image_0000001747739624.png,substitution_image,95,icon,False,False,False,,2,2,2,3,3,0.77,partial,,"Expected 2 image results, but received 1 unique valid results. Missing results for: /home/ubuntu/repotesting/elastic-load-balancing/umn/source/_static/images/en-us_image_0000001794660485.png",,200,stop,1,"The image is a location pin icon used as a region/project selector in the navigation steps. | The RST references this image in all four procedure sections for selecting region and project. | The icon is a standard UI symbol for region selection, consistent with the described action.","The image is low-resolution and blurry, making fine details hard to discern. | No surrounding UI context is visible to confirm it is specifically a region selector."
umn/source/load_balancer/changing_an_ip_address.rst,Changing an IP Address,/home/ubuntu/repotesting/elastic-load-balancing/umn/source/_static/images/en-us_image_0000001747739624.png,substitution_image,53,icon,False,False,False,,2,2,2,3,3,0.77,partial,,,,200,stop,1,"The image is a small location-pin (map marker) pictogram, matching the RST reference |image1|/|image3| used for selecting region and project. | It is an isolated symbolic UI graphic, not a full screenshot, so it is classified as an icon. | The icon is semantically relevant to the navigation steps (region/project selection) but not directly to the IP-address change topic. | No contradiction between the icon and the surrounding text.","No surrounding UI context is visible to confirm the exact console element the pin represents. | The icon is low-resolution/blurry, limiting detail verification."
umn/source/load_balancer/changing_an_ip_address.rst,Changing an IP Address,/home/ubuntu/repotesting/elastic-load-balancing/umn/source/_static/images/en-us_image_0000001794660485.png,substitution_image,54,icon,False,False,False,,2,2,2,3,3,0.77,partial,,,,200,stop,1,"The image is a three-line hamburger menu pictogram, matching the RST reference |image2|/|image4| used to display the Service List. | It is an isolated symbolic UI graphic, not a full screenshot, so it is classified as an icon. | The icon is semantically relevant to the navigation step (hover to open Service List) but not directly to the IP-address change topic. | No contradiction between the icon and the surrounding text.","No surrounding UI context is visible to confirm the exact menu element the icon represents. | The icon is low-resolution/blurry, limiting detail verification."
umn/source/load_balancer/changing_the_specifications_of_a_dedicated_load_balancer.rst,Changing the Specifications of a Dedicated Load Balancer,/home/ubuntu/repotesting/elastic-load-balancing/umn/source/_static/images/en-us_image_0000001747739624.png,substitution_image,49,icon,False,False,False,,2,2,2,3,3,0.77,partial,,,,200,stop,1,"The image is a small location-pin (map marker) icon, consistent with a region/project selector in a management console. | The RST step 2 instructs the user to click this icon to select the desired region and project, which matches the location-pin semantics. | The icon is a generic UI navigation element, not specific to load balancer functionality, so topic match is moderate. | The visual clearly shows a teardrop-shaped pin with a circular center, unambiguously a location/region icon.","The icon is very small and low-resolution, making it difficult to confirm any text or additional detail. | No surrounding UI context is visible to confirm it is in the upper-left corner of a management console page."
umn/source/load_balancer/changing_the_specifications_of_a_dedicated_load_balancer.rst,Changing the Specifications of a Dedicated Load Balancer,/home/ubuntu/repotesting/elastic-load-balancing/umn/source/_static/images/en-us_image_0000001794660485.png,substitution_image,50,icon,False,False,False,,2,2,2,3,3,0.77,partial,,,,200,stop,1,"The image shows a hamburger-menu icon (three horizontal lines), which is the standard symbol for opening a navigation or service list. | The RST step 3 instructs the user to click this icon in the upper-left corner to display the Service List, which matches the hamburger-menu semantics. | The icon is a generic UI navigation element, not specific to load balancer functionality, so topic match is moderate. | The visual clearly shows three horizontal bars, unambiguously a hamburger/menu icon.",The icon is very small and low-resolution; small colored dots at the ends of the lines are visible but their purpose is unclear. | No surrounding UI context is visible to confirm it is in the upper-left corner of a management console page.
umn/source/load_balancer/creating_a_dedicated_load_balancer.rst,Creating a Dedicated Load Balancer,/home/ubuntu/repotesting/elastic-load-balancing/umn/source/_static/images/en-us_image_0000001747739624.png,substitution_image,219,icon,False,False,False,,2,2,2,3,3,0.77,partial,,,,200,stop,1,"The image is a location pin icon, consistent with its use in step 2 for selecting a region and project. | A location pin is a standard UI symbol for region/area selection, matching the RST instruction to 'select the desired region and project'. | The icon is used in the Procedure section as a navigation element, which is contextually appropriate. | The image clearly shows a teardrop-shaped location pin with a circular center, confirming it is a region selector icon.",The icon is generic and not specific to any particular cloud provider's console. | No surrounding UI context is visible to confirm the exact placement in the upper left corner.
umn/source/load_balancer/creating_a_dedicated_load_balancer.rst,Creating a Dedicated Load Balancer,/home/ubuntu/repotesting/elastic-load-balancing/umn/source/_static/images/en-us_image_0000001747739676.png,substitution_image,220,icon,False,False,False,,2,2,2,3,3,0.77,partial,,,,200,stop,1,"The image is a hamburger menu icon (three horizontal lines), consistent with its use in step 3 to display the Service List. | A hamburger menu is a standard UI symbol for opening a navigation menu or service list, matching the RST instruction to 'display Service List'. | The icon is used in the Procedure section as a navigation element, which is contextually appropriate. | The image clearly shows three horizontal lines, confirming it is a hamburger/menu icon.",The icon is generic and not specific to any particular cloud provider's console. | No surrounding UI context is visible to confirm the exact placement in the upper left corner.
umn/source/load_balancer/creating_a_shared_load_balancer.rst,Creating a Shared Load Balancer,/home/ubuntu/repotesting/elastic-load-balancing/umn/source/_static/images/en-us_image_0000001747739624.png,substitution_image,144,icon,False,False,False,,2,2,2,2,3,0.72,partial,,,,200,stop,1,"The image is a location pin icon, a common UI symbol for region/location selection in cloud management consoles. | The RST step 2 instructs the user to click this icon to select the desired region and project, which aligns with a location pin symbol. | The icon is used in the Procedure section as a navigation aid for the load balancer creation workflow. | The image is a small, isolated symbolic graphic (teardrop pin with a circle), consistent with an icon classification.",The icon is generic and does not show any specific cloud provider branding or label. | No surrounding UI context is visible to confirm it is placed in the upper left corner of a management console.
umn/source/load_balancer/creating_a_shared_load_balancer.rst,Creating a Shared Load Balancer,/home/ubuntu/repotesting/elastic-load-balancing/umn/source/_static/images/en-us_image_0000001747739676.png,substitution_image,145,icon,False,False,False,,2,2,2,2,3,0.72,partial,,,,200,stop,1,"The image is a hamburger menu icon (three horizontal lines), a standard UI symbol for opening a navigation or service list menu. | The RST step 3 instructs the user to click this icon in the upper left corner to display the Service List, which matches the hamburger menu convention. | The icon is used in the Procedure section as a navigation aid to reach Elastic Load Balancing under Network. | The image is a small, isolated symbolic graphic, consistent with an icon classification.",The icon is generic and does not show any specific cloud provider branding or label. | No surrounding UI context is visible to confirm it is placed in the upper left corner of a management console.
umn/source/load_balancer/deleting_a_load_balancer.rst,Deleting a Load Balancer,/home/ubuntu/repotesting/elastic-load-balancing/umn/source/_static/images/en-us_image_0000001747739624.png,substitution_image,41,icon,False,False,False,,2,2,2,2,3,0.72,partial,,,,200,stop,1,"The image is a location pin icon, consistent with the RST instruction to 'click |image1| and select the desired region and project' | A location pin is a standard UI symbol for region/location selection | The icon is used as an inline reference in the load balancer deletion procedure, step 2 | The image is small and slightly blurry but clearly identifiable as a map/location pin","The icon is quite small and blurry, making fine details hard to discern | No surrounding UI context is visible to confirm it is the exact region selector button in the console"
umn/source/permissions_management/creating_a_user_and_granting_permissions.rst,Creating a User and Granting Permissions,/home/ubuntu/repotesting/elastic-load-balancing/umn/source/_static/images/en-us_image_0000001747739752.jpg,figure,27,other,False,False,True,Forbidden color #3298ff was detected in the image.,0,0,0,0,0,0.00,fail,,Images with the forbidden color were not sent to the AI API.,,,local_hard_fail,0,Local color check detected #3298ff.,
umn/source/quotas.rst,Quotas,/home/ubuntu/repotesting/elastic-load-balancing/umn/source/_static/images/en-us_image_0000001794820065.png,substitution_image,49,icon,False,False,False,,2,2,2,3,3,0.77,partial,,,,200,stop,1,"The image is a location pin icon, consistent with the RST instruction to click it in the upper left corner to select region and project. | It serves as a navigation step in the 'How Do I View My Quotas?' section, not directly illustrating quota content. | The icon clearly depicts a map/location marker, which is a standard UI symbol for region selection.","The full management console UI is not shown; only the isolated icon is provided. | No surrounding context (e.g., the upper-left corner of the console) is visible to confirm placement."
umn/source/service_overview/application_scenarios.rst,Application Scenarios,/home/ubuntu/repotesting/elastic-load-balancing/umn/source/_static/images/en-us_image_0000001747739756.png,figure,16,other,False,False,True,Forbidden color #3298ff was detected in the image.,0,0,0,0,0,0.00,fail,,Images with the forbidden color were not sent to the AI API.,,,local_hard_fail,0,Local color check detected #3298ff.,
umn/source/service_overview/application_scenarios.rst,Application Scenarios,/home/ubuntu/repotesting/elastic-load-balancing/umn/source/_static/images/en-us_image_0000001747380872.png,figure,27,other,False,False,True,Forbidden color #3298ff was detected in the image.,0,0,0,0,0,0.00,fail,,Images with the forbidden color were not sent to the AI API.,,,local_hard_fail,0,Local color check detected #3298ff.,
umn/source/service_overview/application_scenarios.rst,Application Scenarios,/home/ubuntu/repotesting/elastic-load-balancing/umn/source/_static/images/en-us_image_0000001794660601.png,figure,40,other,False,False,True,Forbidden color #3298ff was detected in the image.,0,0,0,0,0,0.00,fail,,Images with the forbidden color were not sent to the AI API.,,,local_hard_fail,0,Local color check detected #3298ff.,
umn/source/service_overview/application_scenarios.rst,Application Scenarios,/home/ubuntu/repotesting/elastic-load-balancing/umn/source/_static/images/en-us_image_0000001794819713.png,figure,53,other,False,False,True,Forbidden color #3298ff was detected in the image.,0,0,0,0,0,0.00,fail,,Images with the forbidden color were not sent to the AI API.,,,local_hard_fail,0,Local color check detected #3298ff.,
umn/source/service_overview/how_elb_works.rst,How ELB Works,/home/ubuntu/repotesting/elastic-load-balancing/umn/source/_static/images/en-us_image_0000001794819721.png,figure,9,other,False,False,True,Forbidden color #3298ff was detected in the image.,0,0,0,0,0,0.00,fail,,Images with the forbidden color were not sent to the AI API.,,,local_hard_fail,0,Local color check detected #3298ff.,
umn/source/service_overview/how_elb_works.rst,How ELB Works,/home/ubuntu/repotesting/elastic-load-balancing/umn/source/_static/images/en-us_image_0000001794660629.png,figure,35,other,False,False,True,Forbidden color #3298ff was detected in the image.,0,0,0,0,0,0.00,fail,,Images with the forbidden color were not sent to the AI API.,,,local_hard_fail,0,Local color check detected #3298ff.,
umn/source/service_overview/how_elb_works.rst,How ELB Works,/home/ubuntu/repotesting/elastic-load-balancing/umn/source/_static/images/en-us_image_0000001794819729.png,figure,45,other,False,False,True,Forbidden color #3298ff was detected in the image.,0,0,0,0,0,0.00,fail,,Images with the forbidden color were not sent to the AI API.,,,local_hard_fail,0,Local color check detected #3298ff.,
umn/source/service_overview/how_elb_works.rst,How ELB Works,/home/ubuntu/repotesting/elastic-load-balancing/umn/source/_static/images/en-us_image_0000001747380892.png,figure,55,other,False,False,True,Forbidden color #3298ff was detected in the image.,0,0,0,0,0,0.00,fail,,Images with the forbidden color were not sent to the AI API.,,,local_hard_fail,0,Local color check detected #3298ff.,
umn/source/service_overview/how_elb_works.rst,How ELB Works,/home/ubuntu/repotesting/elastic-load-balancing/umn/source/_static/images/en-us_image_0000001747739776.png,figure,70,other,False,False,True,Forbidden color #3298ff was detected in the image.,0,0,0,0,0,0.00,fail,,Images with the forbidden color were not sent to the AI API.,,,local_hard_fail,0,Local color check detected #3298ff.,
umn/source/service_overview/load_balancing_on_a_public_or_private_network.rst,Load Balancing on a Public or Private Network,/home/ubuntu/repotesting/elastic-load-balancing/umn/source/_static/images/en-us_image_0000001794819705.png,figure,16,other,False,False,True,Forbidden color #3298ff was detected in the image.,0,0,0,0,0,0.00,fail,,Images with the forbidden color were not sent to the AI API.,,,local_hard_fail,0,Local color check detected #3298ff.,
umn/source/service_overview/load_balancing_on_a_public_or_private_network.rst,Load Balancing on a Public or Private Network,/home/ubuntu/repotesting/elastic-load-balancing/umn/source/_static/images/en-us_image_0000001747739760.png,figure,27,other,False,False,True,Forbidden color #3298ff was detected in the image.,0,0,0,0,0,0.00,fail,,Images with the forbidden color were not sent to the AI API.,,,local_hard_fail,0,Local color check detected #3298ff.,
umn/source/service_overview/network_traffic_paths.rst,Network Traffic Paths,/home/ubuntu/repotesting/elastic-load-balancing/umn/source/_static/images/en-us_image_0000001747739656.png,figure,19,other,False,False,True,Forbidden color #3298ff was detected in the image.,0,0,0,0,0,0.00,fail,,Images with the forbidden color were not sent to the AI API.,,200,stop,1,Local color check detected #3298ff.,
umn/source/service_overview/network_traffic_paths.rst,Network Traffic Paths,/home/ubuntu/repotesting/elastic-load-balancing/umn/source/_static/images/en-us_image_0000001794819605.png,figure,40,other,False,False,False,,3,3,3,3,3,1.00,pass,,Images with the forbidden color were not sent to the AI API.,,200,stop,1,"The image is a network architecture diagram illustrating outbound traffic paths, matching Figure 2 in the 'Outbound Network Traffic Paths' section. | It depicts three scenarios described in the RST: traffic via NAT gateway with EIP, traffic via a direct EIP, and traffic via a load balancer forwarding requests to backend servers. | Labels such as 'NAT gateway', 'EIP', 'Load balancer', 'Backend servers', 'VPC', and 'Internet' align with the document's terminology. | Annotations for 'Rate limiting/Billing' and 'Requests forwarded by the load balancer' correspond to the bandwidth/connection-limit discussion in the text.","The diagram does not explicitly show the LVS/Nginx cluster distinction mentioned for inbound traffic, but that is outside the outbound scope. | No explicit indication of TCP/UDP vs HTTP/HTTPS routing in this outbound figure."
umn/source/service_overview/product_advantages.rst,Product Advantages,/home/ubuntu/repotesting/elastic-load-balancing/umn/source/_static/images/en-us_image_0000001794660657.png,figure,62,other,False,False,True,Forbidden color #3298ff was detected in the image.,0,0,0,0,0,0.00,fail,,Images with the forbidden color were not sent to the AI API.,,,local_hard_fail,0,Local color check detected #3298ff.,
umn/source/service_overview/product_concepts/region_and_az.rst,Region and AZ,/home/ubuntu/repotesting/elastic-load-balancing/umn/source/_static/images/en-us_image_0000001747739852.png,figure,20,other,False,False,True,Forbidden color #3298ff was detected in the image.,0,0,0,0,0,0.00,fail,,Images with the forbidden color were not sent to the AI API.,,,local_hard_fail,0,Local color check detected #3298ff.,
umn/source/service_overview/what_is_elb.rst,What Is ELB?,/home/ubuntu/repotesting/elastic-load-balancing/umn/source/_static/images/en-us_image_0000001747381220.png,figure,13,other,False,False,True,Forbidden color #3298ff was detected in the image.,0,0,0,0,0,0.00,fail,,Images with the forbidden color were not sent to the AI API.,,,local_hard_fail,0,Local color check detected #3298ff.,
umn/source/service_overview/what_is_elb.rst,What Is ELB?,/home/ubuntu/repotesting/elastic-load-balancing/umn/source/_static/images/en-us_image_0000001794820049.png,figure,36,other,False,False,True,Forbidden color #3298ff was detected in the image.,0,0,0,0,0,0.00,fail,,Images with the forbidden color were not sent to the AI API.,,,local_hard_fail,0,Local color check detected #3298ff.,
umn/source/service_overview/what_is_elb.rst,What Is ELB?,/home/ubuntu/repotesting/elastic-load-balancing/umn/source/_static/images/en-us_image_0000001794660965.png,figure,47,other,False,False,True,Forbidden color #3298ff was detected in the image.,0,0,0,0,0,0.00,fail,,Images with the forbidden color were not sent to the AI API.,,,local_hard_fail,0,Local color check detected #3298ff.,
umn/source/tag.rst,Tag,/home/ubuntu/repotesting/elastic-load-balancing/umn/source/_static/images/en-us_image_0000001747739624.png,substitution_image,91,icon,False,False,False,,2,2,2,3,3,0.77,partial,,,,200,stop,1,"The image is a location pin icon, consistent with the RST instruction to 'click |image1| and select the desired region and project' | The icon is a generic navigation element used across multiple sections of the tagging procedure | It serves as a region/project selector symbol in the management console UI",The icon does not show any tagging-specific functionality | No surrounding UI context is visible to confirm the exact placement in the console
umn/source/tag.rst,Tag,/home/ubuntu/repotesting/elastic-load-balancing/umn/source/_static/images/en-us_image_0000001794660485.png,substitution_image,92,icon,False,False,False,,2,2,2,3,3,0.77,partial,,,,200,stop,1,"The image is a hamburger menu icon (three horizontal lines), consistent with the RST instruction to 'Click |image2| in the upper left corner to display Service List' | The icon is a generic navigation element used across multiple sections of the tagging procedure | It serves as a service list menu button symbol in the management console UI",The icon does not show any tagging-specific functionality | No surrounding UI context is visible to confirm the exact placement in the console
