document_file,document_title,image_file,image_reference_type,image_reference_line,detected_image_type,has_interactive_buttons,interactive_buttons_magenta,hard_fail_triggered,hard_fail_reason,score_topic_match,score_detail_match,score_section_relevance,score_visual_evidence,score_contradictions,overall_score,final_verdict,processing_error,processing_warning,image_reference_error,api_http_status,api_finish_reason,api_attempt,match_reasons,missing_evidence
api-ref/source/api_usage_guidelines.rst,API Usage Guidelines,,,,,,,,,,,,,,,fail,kein valides Bild,,,,,0,,
api-ref/source/api_usage_guidelines.rst,API Usage Guidelines,/home/ubuntu/repotesting/cloud-container-engine/umn/source/_static/images/en-us_image_0000001854551680.png,substitution_image,40,,,,,,,,,,,,fail,,,kein valides Bild,,,0,,
api-ref/source/api_usage_guidelines.rst,API Usage Guidelines,/home/ubuntu/repotesting/cloud-container-engine/umn/source/_static/images/en-us_image_0000001868229221.png,substitution_image,41,,,,,,,,,,,,fail,,,kein valides Bild,,,0,,
api-ref/source/appendix/attaching_disks_to_a_node.rst,Attaching Disks to a Node,,,,,,,,,,,,,,,fail,kein valides Bild,,,,,0,,
api-ref/source/appendix/attaching_disks_to_a_node.rst,Attaching Disks to a Node,/home/ubuntu/repotesting/cloud-container-engine/umn/source/_static/images/en-us_image_0000001207457192.png,substitution_image,379,,,,,,,,,,,,fail,,,kein valides Bild,,,0,,
api-ref/source/appendix/attaching_disks_to_a_node.rst,Attaching Disks to a Node,/home/ubuntu/repotesting/cloud-container-engine/umn/source/_static/images/en-us_image_0000001207617538.png,substitution_image,380,,,,,,,,,,,,fail,,,kein valides Bild,,,0,,
api-ref/source/appendix/attaching_disks_to_a_node.rst,Attaching Disks to a Node,/home/ubuntu/repotesting/cloud-container-engine/umn/source/_static/images/en-us_image_0000001252018205.png,substitution_image,381,,,,,,,,,,,,fail,,,kein valides Bild,,,0,,
api-ref/source/appendix/attaching_disks_to_a_node.rst,Attaching Disks to a Node,/home/ubuntu/repotesting/cloud-container-engine/umn/source/_static/images/en-us_image_0000001207129076.png,substitution_image,382,,,,,,,,,,,,fail,,,kein valides Bild,,,0,,
api-ref/source/appendix/attaching_disks_to_a_node.rst,Attaching Disks to a Node,/home/ubuntu/repotesting/cloud-container-engine/umn/source/_static/images/en-us_image_0000001207618830.png,substitution_image,383,,,,,,,,,,,,fail,,,kein valides Bild,,,0,,
api-ref/source/appendix/attaching_disks_to_a_node.rst,Attaching Disks to a Node,/home/ubuntu/repotesting/cloud-container-engine/umn/source/_static/images/en-us_image_0000001207129902.png,substitution_image,384,,,,,,,,,,,,fail,,,kein valides Bild,,,0,,
api-ref/source/appendix/attaching_disks_to_a_node.rst,Attaching Disks to a Node,/home/ubuntu/repotesting/cloud-container-engine/umn/source/_static/images/en-us_image_0000001252020583.png,substitution_image,385,,,,,,,,,,,,fail,,,kein valides Bild,,,0,,
api-ref/source/appendix/attaching_disks_to_a_node.rst,Attaching Disks to a Node,/home/ubuntu/repotesting/cloud-container-engine/umn/source/_static/images/en-us_image_0000001251962373.png,substitution_image,386,,,,,,,,,,,,fail,,,kein valides Bild,,,0,,
api-ref/source/appendix/creating_a_vpc_and_subnet.rst,Creating a VPC and Subnet,,,,,,,,,,,,,,,fail,kein valides Bild,,,,,0,,
api-ref/source/appendix/creating_a_vpc_and_subnet.rst,Creating a VPC and Subnet,/home/ubuntu/repotesting/cloud-container-engine/umn/source/_static/images/en-us_image_0233731209.png,figure,25,,,,,,,,,,,,fail,,,kein valides Bild,,,0,,
api-ref/source/appendix/creating_a_vpc_and_subnet.rst,Creating a VPC and Subnet,/home/ubuntu/repotesting/cloud-container-engine/umn/source/_static/images/en-us_image_0233732535.png,figure,40,,,,,,,,,,,,fail,,,kein valides Bild,,,0,,
api-ref/source/appendix/how_to_obtain_parameters_in_the_api_uri.rst,How to Obtain Parameters in the API URI,,,,,,,,,,,,,,,fail,kein valides Bild,,,,,0,,
api-ref/source/appendix/how_to_obtain_parameters_in_the_api_uri.rst,How to Obtain Parameters in the API URI,/home/ubuntu/repotesting/cloud-container-engine/umn/source/_static/images/en-us_image_0203982493.png,figure,16,,,,,,,,,,,,fail,,,kein valides Bild,,,0,,
api-ref/source/appendix/how_to_obtain_parameters_in_the_api_uri.rst,How to Obtain Parameters in the API URI,/home/ubuntu/repotesting/cloud-container-engine/umn/source/_static/images/en-us_image_0233732613.png,figure,29,,,,,,,,,,,,fail,,,kein valides Bild,,,0,,
api-ref/source/appendix/how_to_obtain_parameters_in_the_api_uri.rst,How to Obtain Parameters in the API URI,/home/ubuntu/repotesting/cloud-container-engine/umn/source/_static/images/en-us_image_0279177365.png,figure,42,,,,,,,,,,,,fail,,,kein valides Bild,,,0,,
api-ref/source/appendix/how_to_obtain_parameters_in_the_api_uri.rst,How to Obtain Parameters in the API URI,/home/ubuntu/repotesting/cloud-container-engine/umn/source/_static/images/en-us_image_0203982464.png,figure,59,,,,,,,,,,,,fail,,,kein valides Bild,,,0,,
api-ref/source/appendix/obtaining_a_project_id.rst,Obtaining a Project ID,,,,,,,,,,,,,,,fail,kein valides Bild,,,,,0,,
api-ref/source/appendix/obtaining_a_project_id.rst,Obtaining a Project ID,/home/ubuntu/repotesting/cloud-container-engine/umn/source/_static/images/en-us_image_0203982368.png,figure,55,,,,,,,,,,,,fail,,,kein valides Bild,,,0,,
api-ref/source/appendix/obtaining_the_account_id.rst,Obtaining the Account ID,,,,,,,,,,,,,,,fail,kein valides Bild,,,,,0,,
api-ref/source/appendix/obtaining_the_account_id.rst,Obtaining the Account ID,/home/ubuntu/repotesting/cloud-container-engine/umn/source/_static/images/en-us_image_0233731004.png,figure,17,,,,,,,,,,,,fail,,,kein valides Bild,,,0,,
api-ref/source/appendix/space_allocation_of_a_data_disk.rst,Space Allocation of a Data Disk,,,,,,,,,,,,,,,fail,kein valides Bild,,,,,0,,
api-ref/source/appendix/space_allocation_of_a_data_disk.rst,Space Allocation of a Data Disk,/home/ubuntu/repotesting/cloud-container-engine/umn/source/_static/images/en-us_image_0000002434080444.png,figure,55,,,,,,,,,,,,fail,,,kein valides Bild,,,0,,
api-ref/source/appendix/space_allocation_of_a_data_disk.rst,Space Allocation of a Data Disk,/home/ubuntu/repotesting/cloud-container-engine/umn/source/_static/images/en-us_image_0000002467718921.png,figure,65,,,,,,,,,,,,fail,,,kein valides Bild,,,0,,
umn/source/add-ons/cloud_native_ai_add-ons/cce_ai_suite_nvidia_gpu.rst,CCE AI Suite (NVIDIA GPU),/home/ubuntu/repotesting/cloud-container-engine/umn/source/_static/images/en-us_image_0000002516079373.png,figure,21,other,False,False,True,Forbidden color #3298ff was detected in the image.,0,0,0,0,0,0.00,fail,,Images with the forbidden color were not sent to the AI API.,,200,stop,2,Local color check detected #3298ff.,
umn/source/add-ons/cloud_native_ai_add-ons/cce_ai_suite_nvidia_gpu.rst,CCE AI Suite (NVIDIA GPU),/home/ubuntu/repotesting/cloud-container-engine/umn/source/_static/images/en-us_image_0000002516199373.png,figure,288,screenshot,True,False,False,,3,3,3,3,3,1.00,pass,,Images with the forbidden color were not sent to the AI API.,,200,stop,2,"Image is Figure 2 'Selecting parameters' showing the NVIDIA Manual Driver Search page | Displays dropdowns for Data Center/Tesla, V-Series, Tesla V100, Linux 64-bit (highlighted), Any CUDA Toolkit Version, English (US) | Matches RST step 3: 'Log in to the NVIDIA driver download page and search for driver information. The OS must be Linux 64-bit.' | The red highlight on Linux 64-bit aligns with the RST emphasis on selecting Linux 64-bit OS",
umn/source/add-ons/cloud_native_ai_add-ons/cce_ai_suite_nvidia_gpu.rst,CCE AI Suite (NVIDIA GPU),/home/ubuntu/repotesting/cloud-container-engine/umn/source/_static/images/en-us_image_0000002483959410.png,figure,296,screenshot,True,False,False,,3,3,3,3,3,1.00,pass,,Images with the forbidden color were not sent to the AI API.,,200,stop,2,"Image is Figure 3 'Viewing the driver information' showing the Data Center Driver for Linux x64 page | Displays Driver Version 535.161.08, CUDA Toolkit 12.2, Release Date 2024-3-18, File Size 341.82 MB | The View button is highlighted in red, matching RST step 4: 'find the driver to be downloaded and click View' | Consistent with the 'Obtaining a Driver Link from the Internet' section",
umn/source/add-ons/cloud_native_ai_add-ons/cce_ai_suite_nvidia_gpu.rst,CCE AI Suite (NVIDIA GPU),/home/ubuntu/repotesting/cloud-container-engine/umn/source/_static/images/en-us_image_0000002516079355.png,figure,304,screenshot,True,False,False,,3,3,3,3,3,1.00,pass,,Images with the forbidden color were not sent to the AI API.,,200,stop,2,"Image is Figure 4 'Obtaining the link' showing the full driver detail page for Data Center Driver for Linux x64 535.161.08 | Displays Driver Version, Release Date, Operating System, CUDA Toolkit, Language, File Size, and a Download button highlighted in red | Matches RST step 5: 'Click Download and copy the download link' | The breadcrumb shows Tesla V100 | Linux 64-bit path, consistent with the search parameters in Figure 2",
umn/source/add-ons/cloud_native_ai_add-ons/cce_ai_suite_nvidia_gpu.rst,CCE AI Suite (NVIDIA GPU),/home/ubuntu/repotesting/cloud-container-engine/umn/source/_static/images/en-us_image_0000002516199377.png,substitution_image,511,screenshot,False,False,False,,3,3,3,3,3,1.00,pass,,Images with the forbidden color were not sent to the AI API.,,200,stop,2,"Image is |image1| showing nvidia-smi terminal output with NVIDIA-SMI 440.118.02, Driver Version 440.118.02, CUDA Version 10.2 | Displays Tesla V100-SXM2 GPU with memory usage 0MiB/16160MiB and no running processes | Matches the 'Verifying the Add-on' section: 'If GPU information is returned, the device is available and the add-on has been installed' | Serves as example output demonstrating successful GPU verification",
umn/source/add-ons/cloud_native_ai_add-ons/cce_ai_suite_nvidia_gpu.rst,CCE AI Suite (NVIDIA GPU),/home/ubuntu/repotesting/cloud-container-engine/umn/source/_static/images/en-us_image_0000002516079369.png,substitution_image,512,screenshot,False,False,False,,3,3,3,3,3,1.00,pass,,Images with the forbidden color were not sent to the AI API.,,200,stop,2,"Image is |image2| showing nvidia-smi terminal output with NVIDIA-SMI 535.216.03, Driver Version 535.216.03, CUDA Version 12.2 | Displays Tesla T4 GPU with memory 0MiB/15360MiB and no running processes | Matches RST text exactly: 'The node driver version is 535.216.03 and matches the specified version. This indicates that the upgrade has been completed' | Located in the 'Upgrading a GPU Driver' section as verification of successful driver upgrade",
umn/source/add-ons/container_network_add-ons/coredns.rst,CoreDNS,/home/ubuntu/repotesting/cloud-container-engine/umn/source/_static/images/en-us_image_0000002484119088.png,figure,322,other,False,False,True,Forbidden color #3298ff was detected in the image.,0,0,0,0,0,0.00,fail,,Images with the forbidden color were not sent to the AI API.,,,local_hard_fail,0,Local color check detected #3298ff.,
umn/source/add-ons/container_network_add-ons/nginx_ingress_controller.rst,NGINX Ingress Controller,/home/ubuntu/repotesting/cloud-container-engine/umn/source/_static/images/en-us_image_0000002484119084.png,figure,38,other,False,False,True,Forbidden color #3298ff was detected in the image.,0,0,0,0,0,0.00,fail,,Images with the forbidden color were not sent to the AI API.,,,local_hard_fail,0,Local color check detected #3298ff.,
umn/source/add-ons/container_network_add-ons/nodelocal_dnscache.rst,NodeLocal DNSCache,/home/ubuntu/repotesting/cloud-container-engine/umn/source/_static/images/en-us_image_0000002516199253.png,figure,18,other,False,False,True,Forbidden color #3298ff was detected in the image.,0,0,0,0,0,0.00,fail,,Images with the forbidden color were not sent to the AI API.,,200,stop,1,Local color check detected #3298ff.,
umn/source/add-ons/container_network_add-ons/nodelocal_dnscache.rst,NodeLocal DNSCache,/home/ubuntu/repotesting/cloud-container-engine/umn/source/_static/images/en-us_image_0000002516079513.png,substitution_image,251,screenshot,False,False,False,,3,3,3,3,3,1.00,pass,,Images with the forbidden color were not sent to the AI API.,,200,stop,1,"Screenshot of a YAML code editor showing the healthPort parameter set to 8081, highlighted with a red box | Directly matches the RST instruction to 'Search for the healthPort parameter and change its value to a specified port number, for example, 8081' | Shows surrounding context (node-cache deployment args) consistent with NodeLocal DNSCache configuration | No contradictions with the document text",
umn/source/add-ons/container_network_add-ons/nodelocal_dnscache.rst,NodeLocal DNSCache,/home/ubuntu/repotesting/cloud-container-engine/umn/source/_static/images/en-us_image_0000002483959570.png,substitution_image,252,screenshot,False,False,False,,3,3,3,3,3,1.00,pass,,Images with the forbidden color were not sent to the AI API.,,200,stop,1,"Screenshot of a YAML code editor showing CoreDNS plugin configuration with port: 8081 highlighted in a red box and zone: cluster.local:53 highlighted in a yellow box | Directly matches the RST instruction to 'Search for the cluster.local parameter and change the value of port in the array to the specified port number, for example, 8081' | Shows the health plugin section with port parameter, consistent with changing the default health check port | No contradictions with the document text",
umn/source/auto_scaling/node_scaling/node_scaling_rules.rst,Node Scaling Rules,/home/ubuntu/repotesting/cloud-container-engine/umn/source/_static/images/en-us_image_0000002484118984.png,figure,50,other,False,False,True,Forbidden color #3298ff was detected in the image.,0,0,0,0,0,0.00,fail,,Images with the forbidden color were not sent to the AI API.,,,local_hard_fail,0,Local color check detected #3298ff.,
umn/source/auto_scaling/node_scaling/priorities_for_scaling_node_pools.rst,Priorities for Scaling Node Pools,/home/ubuntu/repotesting/cloud-container-engine/umn/source/_static/images/en-us_image_0000002516079049.png,substitution_image,54,other,False,False,True,Forbidden color #3298ff was detected in the image.,0,0,0,0,0,0.00,fail,,Images with the forbidden color were not sent to the AI API.,,,local_hard_fail,0,Local color check detected #3298ff.,
umn/source/auto_scaling/using_hpa_and_ca_for_auto_scaling_of_workloads_and_nodes.rst,Using HPA and CA for Auto Scaling of Workloads and Nodes,/home/ubuntu/repotesting/cloud-container-engine/umn/source/_static/images/en-us_image_0000002516077999.png,figure,26,other,False,False,True,Forbidden color #3298ff was detected in the image.,0,0,0,0,0,0.00,fail,,Images with the forbidden color were not sent to the AI API.,,200,stop,1,Local color check detected #3298ff.,
umn/source/auto_scaling/using_hpa_and_ca_for_auto_scaling_of_workloads_and_nodes.rst,Using HPA and CA for Auto Scaling of Workloads and Nodes,/home/ubuntu/repotesting/cloud-container-engine/umn/source/_static/images/en-us_image_0000002484118024.png,substitution_image,381,icon,True,False,False,,2,2,2,2,3,0.72,partial,,Images with the forbidden color were not sent to the AI API.,,200,stop,1,"The image is a small copy icon (two overlapping squares), matching the RST instruction 'click |image1| to copy the command' in step e of the Preparations section. | It is a generic UI symbol rather than a diagram of HPA/CA, so its topical relevance to auto scaling is indirect. | The icon is low-resolution and small, limiting the amount of visual detail that can be verified.",No text or label is visible to confirm the exact function beyond a copy action. | The icon is too small/blurry to assess fine visual details.
umn/source/auto_scaling/using_hpa_and_ca_for_auto_scaling_of_workloads_and_nodes.rst,Using HPA and CA for Auto Scaling of Workloads and Nodes,/home/ubuntu/repotesting/cloud-container-engine/umn/source/_static/images/en-us_image_0000002483958054.png,substitution_image,382,screenshot,True,False,False,,3,3,3,3,3,1.00,pass,,Images with the forbidden color were not sent to the AI API.,,200,stop,1,"The screenshot shows a 'Policy Configuration' UI for an HPA policy, directly matching the 'Creating an HPA Policy' section where |image2| is referenced. | Visible values align with the HPA YAML in the document: Pod Range 1-100 (minReplicas 1, maxReplicas 100), CPU usage Desired Value 50% (averageUtilization 50), and Tolerance Range 30-70 (targetRange low 30, high 70). | Interactive controls are visible, including the Default/Custom scaling behavior tabs, a metric dropdown, input fields, and a Delete action.",The screenshot does not show the scaling time window (downscaleWindow/upscaleWindow) annotations mentioned in the YAML. | No cluster or workload name is visible to confirm the specific hpa-example association.
umn/source/auto_scaling/workload_scaling/creating_a_scheduled_cronhpa_policy.rst,Creating a Scheduled CronHPA Policy,/home/ubuntu/repotesting/cloud-container-engine/umn/source/_static/images/en-us_image_0000002516079039.png,figure,41,other,False,False,True,Forbidden color #3298ff was detected in the image.,0,0,0,0,0,0.00,fail,,Images with the forbidden color were not sent to the AI API.,,200,stop,1,Local color check detected #3298ff.,
umn/source/auto_scaling/workload_scaling/creating_a_scheduled_cronhpa_policy.rst,Creating a Scheduled CronHPA Policy,/home/ubuntu/repotesting/cloud-container-engine/umn/source/_static/images/en-us_image_0000002483959088.png,substitution_image,330,other,False,False,True,Forbidden color #3298ff was detected in the image.,0,0,0,0,0,0.00,fail,,Images with the forbidden color were not sent to the AI API.,,200,stop,1,Local color check detected #3298ff.,
umn/source/auto_scaling/workload_scaling/creating_a_scheduled_cronhpa_policy.rst,Creating a Scheduled CronHPA Policy,/home/ubuntu/repotesting/cloud-container-engine/umn/source/_static/images/en-us_image_0000002483959090.png,substitution_image,331,other,False,False,True,Forbidden color #3298ff was detected in the image.,0,0,0,0,0,0.00,fail,,Images with the forbidden color were not sent to the AI API.,,200,stop,1,Local color check detected #3298ff.,
umn/source/auto_scaling/workload_scaling/creating_a_scheduled_cronhpa_policy.rst,Creating a Scheduled CronHPA Policy,/home/ubuntu/repotesting/cloud-container-engine/umn/source/_static/images/en-us_image_0000002516199037.png,substitution_image,332,icon,True,False,False,,2,2,2,2,3,0.72,partial,,Images with the forbidden color were not sent to the AI API.,,200,stop,1,"The image is a small '+' (plus) icon, a standard 'Add' button symbol used in UI contexts. | In the RST, |image3| is referenced in step 5 of the CCE console workflow: 'Click |image3| in the CronHPA policy rule', indicating it is the add-rule button. | The icon is semantically consistent with the action of adding a new CronHPA policy rule. | The image is a generic UI symbol and does not provide specific visual detail about CronHPA configuration itself.","No surrounding UI context (e.g., the CronHPA rule list or dialog) is visible in the image. | No label or text accompanies the '+' icon to confirm it is specifically the 'Add Rule' button."
umn/source/auto_scaling/workload_scaling/creating_a_scheduled_cronhpa_policy.rst,Creating a Scheduled CronHPA Policy,/home/ubuntu/repotesting/cloud-container-engine/umn/source/_static/images/en-us_image_0000002484119066.png,substitution_image,333,icon,True,False,False,,2,2,2,2,3,0.72,partial,,Images with the forbidden color were not sent to the AI API.,,200,stop,1,"The image is a small '+' (plus) icon, identical in appearance to the first attached image, representing an 'Add' action button. | In the RST, |image4| is referenced in step 4 of the 'Using CronHPA to Directly Adjust the Number of Deployment Pods' console workflow: 'Click |image4| in the CronHPA policy rule'. | The icon is consistent with the described action of adding a new CronHPA policy rule for direct Deployment pod adjustment. | As a generic UI symbol, it does not convey specific CronHPA or Deployment scaling details.","No surrounding UI context (e.g., the CronHPA rule list or dialog) is visible in the image. | No label or text accompanies the '+' icon to confirm its specific function in the Deployment-pod-adjustment workflow."
umn/source/auto_scaling/workload_scaling/creating_an_ahpa_policy.rst,Creating an AHPA Policy,/home/ubuntu/repotesting/cloud-container-engine/umn/source/_static/images/en-us_image_0000002516079031.png,substitution_image,230,other,False,False,True,Forbidden color #3298ff was detected in the image.,0,0,0,0,0,0.00,fail,,Images with the forbidden color were not sent to the AI API.,,,local_hard_fail,0,Local color check detected #3298ff.,
umn/source/auto_scaling/workload_scaling/workload_scaling_rules.rst,Workload Scaling Rules,/home/ubuntu/repotesting/cloud-container-engine/umn/source/_static/images/en-us_image_0000002483959248.png,figure,43,other,False,False,True,Forbidden color #3298ff was detected in the image.,0,0,0,0,0,0.00,fail,,Images with the forbidden color were not sent to the AI API.,,,local_hard_fail,0,Local color check detected #3298ff.,
umn/source/auto_scaling/workload_scaling/workload_scaling_rules.rst,Workload Scaling Rules,/home/ubuntu/repotesting/cloud-container-engine/umn/source/_static/images/en-us_image_0000002483959246.png,figure,111,other,False,False,True,Forbidden color #3298ff was detected in the image.,0,0,0,0,0,0.00,fail,,Images with the forbidden color were not sent to the AI API.,,,local_hard_fail,0,Local color check detected #3298ff.,
umn/source/best_practice/auto_scaling/using_hpa_and_ca_for_auto_scaling_of_workloads_and_nodes.rst,Using HPA and CA for Auto Scaling of Workloads and Nodes,/home/ubuntu/repotesting/cloud-container-engine/umn/source/_static/images/en-us_image_0000002516077999.png,figure,26,other,False,False,True,Forbidden color #3298ff was detected in the image.,0,0,0,0,0,0.00,fail,,Images with the forbidden color were not sent to the AI API.,,200,stop,1,Local color check detected #3298ff.,
umn/source/best_practice/auto_scaling/using_hpa_and_ca_for_auto_scaling_of_workloads_and_nodes.rst,Using HPA and CA for Auto Scaling of Workloads and Nodes,/home/ubuntu/repotesting/cloud-container-engine/umn/source/_static/images/en-us_image_0000002484118024.png,substitution_image,381,icon,True,False,False,,2,1,2,2,3,0.65,partial,,Images with the forbidden color were not sent to the AI API.,,200,stop,1,"The image is a small copy icon (two overlapping squares), matching its use in step e as the control to copy the temporary login command. | It is a generic UI symbol, not specific to HPA/CA auto scaling, so detail match is limited. | It appears in the Preparations section where the SWR login command is copied, so it is contextually relevant. | No contradiction with the surrounding text.",The icon carries no text or context-specific detail beyond being a copy symbol. | No indication of the surrounding SWR console UI is visible in the image itself.
umn/source/best_practice/auto_scaling/using_hpa_and_ca_for_auto_scaling_of_workloads_and_nodes.rst,Using HPA and CA for Auto Scaling of Workloads and Nodes,/home/ubuntu/repotesting/cloud-container-engine/umn/source/_static/images/en-us_image_0000002483958054.png,substitution_image,382,screenshot,True,False,False,,3,3,3,3,3,1.00,pass,,Images with the forbidden color were not sent to the AI API.,,200,stop,1,"The screenshot shows a 'Policy Configuration' UI for an HPA policy, directly matching the 'Creating an HPA Policy' section. | Pod Range 1-100 matches minReplicas: 1 and maxReplicas: 100 in the YAML. | CPU usage Desired Value 50% matches averageUtilization: 50, and Tolerance Range 30-70 matches the targetRange low/high annotations. | Interactive controls (Default/Custom tabs, dropdowns, Delete link) are visible. | No contradiction with the described HPA policy parameters.",The scaling time window (downscaleWindow/upscaleWindow) is not explicitly shown in the visible portion. | The associated workload name (hpa-example) is not visible in this cropped view.
umn/source/best_practice/backup_and_migration/backing_up_and_migrating_clusters/migrating_kubernetes_clusters_to_cce_using_velero/solution_overview.rst,Solution Overview,/home/ubuntu/repotesting/cloud-container-engine/umn/source/_static/images/en-us_image_0000002484118198.png,figure,61,other,False,False,True,Forbidden color #3298ff was detected in the image.,0,0,0,0,0,0.00,fail,,Images with the forbidden color were not sent to the AI API.,,,local_hard_fail,0,Local color check detected #3298ff.,
umn/source/best_practice/backup_and_migration/backing_up_and_migrating_clusters/migrating_kubernetes_clusters_to_cce_using_velero/solution_overview.rst,Solution Overview,/home/ubuntu/repotesting/cloud-container-engine/umn/source/_static/images/en-us_image_0000002516078173.png,substitution_image,110,other,False,False,True,Forbidden color #3298ff was detected in the image.,0,0,0,0,0,0.00,fail,,Images with the forbidden color were not sent to the AI API.,,,local_hard_fail,0,Local color check detected #3298ff.,
umn/source/best_practice/cluster/connecting_to_multiple_clusters_using_kubectl.rst,Connecting to Multiple Clusters Using kubectl,/home/ubuntu/repotesting/cloud-container-engine/umn/source/_static/images/en-us_image_0000002516077899.png,figure,31,other,False,False,True,Forbidden color #3298ff was detected in the image.,0,0,0,0,0,0.00,fail,,Images with the forbidden color were not sent to the AI API.,,200,stop,1,Local color check detected #3298ff.,
umn/source/best_practice/cluster/connecting_to_multiple_clusters_using_kubectl.rst,Connecting to Multiple Clusters Using kubectl,/home/ubuntu/repotesting/cloud-container-engine/umn/source/_static/images/en-us_image_0000002483957958.png,substitution_image,394,screenshot,True,False,False,,2,2,3,3,3,0.83,pass,,Images with the forbidden color were not sent to the AI API.,,200,stop,1,"The image is a UI panel titled 'Access Cluster ... Through kubectl' showing steps to download kubectl and the kubeconfig file, matching the document's kubectl/kubeconfig theme. | It is placed in the 'kubeconfig File Structure' section right after the sentence 'You can download it on the cluster details page', and the image explicitly shows 'Download the kubeconfig file. Click here to download kubeconfig.', which aligns with that statement. | The screenshot contains interactive controls (close button, 'here' hyperlink, 'Install Tools' hyperlink, copy icon), so contains_interactive_buttons is true. | No visible content contradicts the RST text.","The image does not show the actual kubeconfig file content or the multi-cluster context switching described later in the document. | The cluster name in the title is partially redacted, so the exact cluster cannot be confirmed."
umn/source/best_practice/cluster/protecting_a_cce_cluster_against_overload.rst,Protecting a CCE Cluster Against Overload,/home/ubuntu/repotesting/cloud-container-engine/umn/source/_static/images/en-us_image_0000002483957974.png,figure,20,other,False,False,True,Forbidden color #3298ff was detected in the image.,0,0,0,0,0,0.00,fail,,Images with the forbidden color were not sent to the AI API.,,,local_hard_fail,0,Local color check detected #3298ff.,
umn/source/best_practice/containerization/containerizing_an_enterprise_application_erp/procedure/containerization_process.rst,Containerization Process,/home/ubuntu/repotesting/cloud-container-engine/umn/source/_static/images/en-us_image_0000002516078429.png,figure,15,other,False,False,True,Forbidden color #3298ff was detected in the image.,0,0,0,0,0,0.00,fail,,Images with the forbidden color were not sent to the AI API.,,,local_hard_fail,0,Local color check detected #3298ff.,
umn/source/best_practice/networking/accessing_an_ip_address_outside_a_cluster_that_uses_a_vpc_network_by_using_source_pod_ip_addresses_within_the_cluster.rst,Accessing an IP Address Outside a Cluster That Uses a VPC Network by Using Source Pod IP Addresses Within the Cluster,/home/ubuntu/repotesting/cloud-container-engine/umn/source/_static/images/en-us_image_0000002484118018.png,figure,13,other,False,False,True,Forbidden color #3298ff was detected in the image.,0,0,0,0,0,0.00,fail,,Images with the forbidden color were not sent to the AI API.,,,local_hard_fail,0,Local color check detected #3298ff.,
umn/source/best_practice/networking/obtaining_the_client_source_ip_address_for_a_container.rst,Obtaining the Client Source IP Address for a Container,/home/ubuntu/repotesting/cloud-container-engine/umn/source/_static/images/en-us_image_0000002484117804.png,substitution_image,138,icon,False,False,False,,2,2,2,2,3,0.72,partial,,,,200,stop,1,The image is a small location-pin icon used as a region/project selector in the management console | It is referenced in the Nginx Ingress section step 2a as the element to click to select a region and project | The icon is consistent with a typical cloud console region selector (map pin / location marker) | It is a navigation aid within the procedure to enable Transfer Client IP Address on the ELB console | No contradiction between the icon and its described usage in the RST,The icon does not show any text label confirming it is specifically a region selector | No surrounding UI context is visible to confirm it is in the upper-left corner of a console
umn/source/best_practice/networking/obtaining_the_client_source_ip_address_for_a_container.rst,Obtaining the Client Source IP Address for a Container,/home/ubuntu/repotesting/cloud-container-engine/umn/source/_static/images/en-us_image_0000002516197763.png,substitution_image,139,icon,False,False,False,,2,2,2,2,3,0.72,partial,,,,200,stop,1,The image is a small location-pin icon used as a region/project selector in the management console | It is referenced in the LoadBalancer section step 2a as the element to click to select a region and project | The icon is consistent with a typical cloud console region selector (map pin / location marker) | It is a navigation aid within the procedure to enable Transfer Client IP Address on the ELB console | No contradiction between the icon and its described usage in the RST,The icon does not show any text label confirming it is specifically a region selector | No surrounding UI context is visible to confirm it is in the upper-left corner of a console
umn/source/best_practice/networking/planning_cidr_blocks_for_a_cluster.rst,Planning CIDR Blocks for a Cluster,/home/ubuntu/repotesting/cloud-container-engine/umn/source/_static/images/en-us_image_0000002484118422.png,figure,24,other,False,False,True,Forbidden color #3298ff was detected in the image.,0,0,0,0,0,0.00,fail,,Images with the forbidden color were not sent to the AI API.,,,local_hard_fail,0,Local color check detected #3298ff.,
umn/source/best_practice/networking/planning_cidr_blocks_for_a_cluster.rst,Planning CIDR Blocks for a Cluster,/home/ubuntu/repotesting/cloud-container-engine/umn/source/_static/images/en-us_image_0000002484118416.png,figure,64,other,False,False,True,Forbidden color #3298ff was detected in the image.,0,0,0,0,0,0.00,fail,,Images with the forbidden color were not sent to the AI API.,,,local_hard_fail,0,Local color check detected #3298ff.,
umn/source/best_practice/networking/planning_cidr_blocks_for_a_cluster.rst,Planning CIDR Blocks for a Cluster,/home/ubuntu/repotesting/cloud-container-engine/umn/source/_static/images/en-us_image_0000002516198379.png,figure,78,other,False,False,True,Forbidden color #3298ff was detected in the image.,0,0,0,0,0,0.00,fail,,Images with the forbidden color were not sent to the AI API.,,,local_hard_fail,0,Local color check detected #3298ff.,
umn/source/best_practice/networking/planning_cidr_blocks_for_a_cluster.rst,Planning CIDR Blocks for a Cluster,/home/ubuntu/repotesting/cloud-container-engine/umn/source/_static/images/en-us_image_0000002484118428.png,figure,97,other,False,False,True,Forbidden color #3298ff was detected in the image.,0,0,0,0,0,0.00,fail,,Images with the forbidden color were not sent to the AI API.,,,local_hard_fail,0,Local color check detected #3298ff.,
umn/source/best_practice/networking/planning_cidr_blocks_for_a_cluster.rst,Planning CIDR Blocks for a Cluster,/home/ubuntu/repotesting/cloud-container-engine/umn/source/_static/images/en-us_image_0000002516078397.png,figure,113,other,False,False,True,Forbidden color #3298ff was detected in the image.,0,0,0,0,0,0.00,fail,,Images with the forbidden color were not sent to the AI API.,,,local_hard_fail,0,Local color check detected #3298ff.,
umn/source/best_practice/networking/planning_cidr_blocks_for_a_cluster.rst,Planning CIDR Blocks for a Cluster,/home/ubuntu/repotesting/cloud-container-engine/umn/source/_static/images/en-us_image_0000002483958434.png,figure,128,other,False,False,True,Forbidden color #3298ff was detected in the image.,0,0,0,0,0,0.00,fail,,Images with the forbidden color were not sent to the AI API.,,,local_hard_fail,0,Local color check detected #3298ff.,
umn/source/best_practice/networking/planning_cidr_blocks_for_a_cluster.rst,Planning CIDR Blocks for a Cluster,/home/ubuntu/repotesting/cloud-container-engine/umn/source/_static/images/en-us_image_0000002484118432.png,figure,152,other,False,False,True,Forbidden color #3298ff was detected in the image.,0,0,0,0,0,0.00,fail,,Images with the forbidden color were not sent to the AI API.,,,local_hard_fail,0,Local color check detected #3298ff.,
umn/source/best_practice/networking/planning_cidr_blocks_for_a_cluster.rst,Planning CIDR Blocks for a Cluster,/home/ubuntu/repotesting/cloud-container-engine/umn/source/_static/images/en-us_image_0000002483958456.png,figure,172,other,False,False,True,Forbidden color #3298ff was detected in the image.,0,0,0,0,0,0.00,fail,,Images with the forbidden color were not sent to the AI API.,,,local_hard_fail,0,Local color check detected #3298ff.,
umn/source/best_practice/networking/selecting_a_network_model.rst,Selecting a Network Model,/home/ubuntu/repotesting/cloud-container-engine/umn/source/_static/images/en-us_image_0000002483958404.png,figure,17,other,False,False,True,Forbidden color #3298ff was detected in the image.,0,0,0,0,0,0.00,fail,,Images with the forbidden color were not sent to the AI API.,,,local_hard_fail,0,Local color check detected #3298ff.,
umn/source/best_practice/networking/selecting_a_network_model.rst,Selecting a Network Model,/home/ubuntu/repotesting/cloud-container-engine/umn/source/_static/images/en-us_image_0000002483958400.png,figure,25,other,False,False,True,Forbidden color #3298ff was detected in the image.,0,0,0,0,0,0.00,fail,,Images with the forbidden color were not sent to the AI API.,,,local_hard_fail,0,Local color check detected #3298ff.,
umn/source/best_practice/networking/selecting_a_network_model.rst,Selecting a Network Model,/home/ubuntu/repotesting/cloud-container-engine/umn/source/_static/images/en-us_image_0000002483958406.png,figure,33,other,False,False,True,Forbidden color #3298ff was detected in the image.,0,0,0,0,0,0.00,fail,,Images with the forbidden color were not sent to the AI API.,,,local_hard_fail,0,Local color check detected #3298ff.,
umn/source/best_practice/permission/performing_rbac_authentication_on_a_namespace_using_kubectl_commands.rst,Performing RBAC Authentication on a Namespace Using kubectl Commands,/home/ubuntu/repotesting/cloud-container-engine/umn/source/_static/images/en-us_image_0261301557.png,figure,28,other,False,False,True,Forbidden color #3298ff was detected in the image.,0,0,0,0,0,0.00,fail,,Images with the forbidden color were not sent to the AI API.,,,local_hard_fail,0,Local color check detected #3298ff.,
umn/source/best_practice/permission/performing_rbac_authentication_on_a_namespace_using_kubectl_commands.rst,Performing RBAC Authentication on a Namespace Using kubectl Commands,/home/ubuntu/repotesting/cloud-container-engine/umn/source/_static/images/en-us_image_0262051194.png,figure,121,other,False,False,True,Forbidden color #3298ff was detected in the image.,0,0,0,0,0,0.00,fail,,Images with the forbidden color were not sent to the AI API.,,,local_hard_fail,0,Local color check detected #3298ff.,
umn/source/best_practice/release/overview.rst,Overview,/home/ubuntu/repotesting/cloud-container-engine/umn/source/_static/images/en-us_image_0000002516077883.png,substitution_image,50,other,False,False,True,Forbidden color #3298ff was detected in the image.,0,0,0,0,0,0.00,fail,,Images with the forbidden color were not sent to the AI API.,,200,stop,1,Local color check detected #3298ff.,
umn/source/best_practice/release/overview.rst,Overview,/home/ubuntu/repotesting/cloud-container-engine/umn/source/_static/images/en-us_image_0000002516197859.png,substitution_image,51,other,False,False,True,Forbidden color #3298ff was detected in the image.,0,0,0,0,0,0.00,fail,,Images with the forbidden color were not sent to the AI API.,,200,stop,1,Local color check detected #3298ff.,
umn/source/best_practice/release/overview.rst,Overview,/home/ubuntu/repotesting/cloud-container-engine/umn/source/_static/images/en-us_image_0000002484117938.png,substitution_image,52,other,False,False,True,Forbidden color #3298ff was detected in the image.,0,0,0,0,0,0.00,fail,,Images with the forbidden color were not sent to the AI API.,,200,stop,1,Local color check detected #3298ff.,
umn/source/best_practice/release/overview.rst,Overview,/home/ubuntu/repotesting/cloud-container-engine/umn/source/_static/images/en-us_image_0000002516197869.png,substitution_image,53,other,False,False,True,Forbidden color #3298ff was detected in the image.,0,0,0,0,0,0.00,fail,,Images with the forbidden color were not sent to the AI API.,,200,stop,1,Local color check detected #3298ff.,
umn/source/best_practice/release/overview.rst,Overview,/home/ubuntu/repotesting/cloud-container-engine/umn/source/_static/images/en-us_image_0000002516197855.png,substitution_image,54,other,False,False,True,Forbidden color #3298ff was detected in the image.,0,0,0,0,0,0.00,fail,,Images with the forbidden color were not sent to the AI API.,,200,stop,1,Local color check detected #3298ff.,
umn/source/best_practice/release/overview.rst,Overview,/home/ubuntu/repotesting/cloud-container-engine/umn/source/_static/images/en-us_image_0000002516197883.png,substitution_image,55,other,False,False,True,Forbidden color #3298ff was detected in the image.,0,0,0,0,0,0.00,fail,,Images with the forbidden color were not sent to the AI API.,,200,stop,1,Local color check detected #3298ff.,
umn/source/best_practice/release/overview.rst,Overview,/home/ubuntu/repotesting/cloud-container-engine/umn/source/_static/images/en-us_image_0000002516197863.png,substitution_image,56,other,False,False,False,,3,2,3,3,3,0.93,pass,,Images with the forbidden color were not sent to the AI API.,,200,stop,1,"Diagram shows user -> ELB -> 100% traffic to a single Web/DB cluster, consistent with the grayscale release rollback-to-old-version state described in the RST. | Matches the grayscale release section (image7) where after an exception traffic is switched back to the old version. | No interactive UI controls present; it is a static architecture diagram.",Does not show the intermediate 20% split or gradual increase mentioned in the text. | No explicit label distinguishing old vs new version.
umn/source/best_practice/release/overview.rst,Overview,/home/ubuntu/repotesting/cloud-container-engine/umn/source/_static/images/en-us_image_0000002484117934.png,substitution_image,57,other,False,False,False,,3,3,3,3,3,1.00,pass,,Images with the forbidden color were not sent to the AI API.,,200,stop,1,"Shows two parallel Web/DB clusters (green and blue) behind an ELB with 100%/0% route weights and a switch arrow, matching the blue-green deployment description. | Directly illustrates the 'route weight switched (0 or 100)' principle stated in the RST. | Static diagram with no interactive controls.","No explicit 'old'/'new' version labels, only color-coded clusters."
umn/source/best_practice/release/overview.rst,Overview,/home/ubuntu/repotesting/cloud-container-engine/umn/source/_static/images/en-us_image_0000002516077887.png,substitution_image,58,other,False,False,False,,3,3,3,3,3,1.00,pass,,Images with the forbidden color were not sent to the AI API.,,200,stop,1,"Shows ELB routing 0% to the green cluster and 100% to the blue cluster with a 'Normal' status label, matching the blue-green switch to a healthy new version. | Consistent with the RST statement that the new version goes online while the old is retained in hot backup. | Static diagram, no interactive controls.",Does not label which cluster is old vs new explicitly.
umn/source/best_practice/release/overview.rst,Overview,/home/ubuntu/repotesting/cloud-container-engine/umn/source/_static/images/en-us_image_0000002516197849.png,substitution_image,59,other,False,False,False,,3,3,3,3,3,1.00,pass,,Images with the forbidden color were not sent to the AI API.,,200,stop,1,"Shows ELB routing 100% to the blue cluster marked 'Abnormal' and 0% to green, illustrating the failure/rollback scenario in blue-green deployment. | Aligns with the RST note that if a problem occurs the version can be quickly rolled back. | Static diagram, no interactive controls.","No explicit indication of the rollback action itself, only the abnormal state."
umn/source/best_practice/release/overview.rst,Overview,/home/ubuntu/repotesting/cloud-container-engine/umn/source/_static/images/en-us_image_0000002483957952.png,substitution_image,60,other,False,False,False,,3,3,3,3,3,1.00,pass,,Images with the forbidden color were not sent to the AI API.,,200,stop,1,"Shows ELB routing 100% to the green cluster and 0% to the blue cluster with a switch arrow, representing the rollback to the retained old version in blue-green deployment. | Consistent with the RST description of quick rollback when a problem occurs. | Static diagram, no interactive controls.","No explicit old/new version labels, only color-coded clusters."
umn/source/best_practice/release/using_services_to_implement_simple_grayscale_release_and_blue-green_deployment.rst,Using Services to Implement Simple Grayscale Release and Blue-Green Deployment,/home/ubuntu/repotesting/cloud-container-engine/umn/source/_static/images/en-us_image_0000002484118292.png,substitution_image,263,other,False,False,True,Forbidden color #3298ff was detected in the image.,0,0,0,0,0,0.00,fail,,Images with the forbidden color were not sent to the AI API.,,200,stop,1,Local color check detected #3298ff.,
umn/source/best_practice/release/using_services_to_implement_simple_grayscale_release_and_blue-green_deployment.rst,Using Services to Implement Simple Grayscale Release and Blue-Green Deployment,/home/ubuntu/repotesting/cloud-container-engine/umn/source/_static/images/en-us_image_0000002516198239.png,substitution_image,264,other,False,False,True,Forbidden color #3298ff was detected in the image.,0,0,0,0,0,0.00,fail,,Images with the forbidden color were not sent to the AI API.,,200,stop,1,Local color check detected #3298ff.,
umn/source/best_practice/release/using_services_to_implement_simple_grayscale_release_and_blue-green_deployment.rst,Using Services to Implement Simple Grayscale Release and Blue-Green Deployment,/home/ubuntu/repotesting/cloud-container-engine/umn/source/_static/images/en-us_image_0000002516198257.png,substitution_image,262,other,False,False,False,,3,3,3,3,3,1.00,pass,,Images with the forbidden color were not sent to the AI API.,,200,stop,1,"The image is a conceptual diagram showing two Deployments (v1 and v2) each containing a group of Pods, which directly illustrates the RST statement that 'Each workload manages a group of pods.' | The diagram uses Deployment as the example, matching the RST text 'The following figure uses Deployment as an example.' | The image is placed in the Principles section exactly where |image1| is referenced in the RST. | Labels 'Pod v1', 'Pod v2', 'Deployment v1', and 'Deployment v2' are clearly visible and consistent with the document's versioning terminology. | No contradictions between the visual content and the surrounding RST text.","The diagram does not show a Service object or selector, but the RST text at this point only introduces the Deployment-to-Pod relationship, so this is not a gap."
umn/source/best_practice/security/using_oidc_to_authenticate_workloads_in_a_cce_cluster.rst,Using OIDC to Authenticate Workloads in a CCE Cluster,/home/ubuntu/repotesting/cloud-container-engine/umn/source/_static/images/en-us_image_0000002101396665.png,figure,29,other,False,False,True,Forbidden color #3298ff was detected in the image.,0,0,0,0,0,0.00,fail,,Images with the forbidden color were not sent to the AI API.,,,local_hard_fail,0,Local color check detected #3298ff.,
umn/source/best_practice/storage/mounting_object_storage_across_accounts.rst,Mounting Object Storage Across Accounts,/home/ubuntu/repotesting/cloud-container-engine/umn/source/_static/images/en-us_image_0000002483958134.png,figure,24,other,False,False,True,Forbidden color #3298ff was detected in the image.,0,0,0,0,0,0.00,fail,,Images with the forbidden color were not sent to the AI API.,,,local_hard_fail,0,Local color check detected #3298ff.,
umn/source/best_practice/storage/scheduling_evs_disks_across_azs_using_csi-disk-topology.rst,Scheduling EVS Disks Across AZs Using csi-disk-topology,/home/ubuntu/repotesting/cloud-container-engine/umn/source/_static/images/en-us_image_0000002516197995.png,substitution_image,317,other,False,False,True,Forbidden color #3298ff was detected in the image.,0,0,0,0,0,0.00,fail,,Images with the forbidden color were not sent to the AI API.,,,local_hard_fail,0,Local color check detected #3298ff.,
umn/source/best_practice/storage/scheduling_evs_disks_across_azs_using_csi-disk-topology.rst,Scheduling EVS Disks Across AZs Using csi-disk-topology,/home/ubuntu/repotesting/cloud-container-engine/umn/source/_static/images/en-us_image_0000002483958066.png,substitution_image,318,other,False,False,True,Forbidden color #3298ff was detected in the image.,0,0,0,0,0,0.00,fail,,Images with the forbidden color were not sent to the AI API.,,,local_hard_fail,0,Local color check detected #3298ff.,
umn/source/best_practice/storage/using_custom_storage_classes.rst,Using Custom Storage Classes,/home/ubuntu/repotesting/cloud-container-engine/umn/source/_static/images/en-us_image_0000002516078763.png,substitution_image,501,other,False,False,True,Forbidden color #3298ff was detected in the image.,0,0,0,0,0,0.00,fail,,Images with the forbidden color were not sent to the AI API.,,,local_hard_fail,0,Local color check detected #3298ff.,
umn/source/clusters/accessing_a_cluster/accessing_a_cluster_using_kubectl.rst,Accessing a Cluster Using kubectl,/home/ubuntu/repotesting/cloud-container-engine/umn/source/_static/images/en-us_image_0000002516079611.png,figure,24,other,False,False,True,Forbidden color #3298ff was detected in the image.,0,0,0,0,0,0.00,fail,,Images with the forbidden color were not sent to the AI API.,,200,stop,1,Local color check detected #3298ff.,
umn/source/clusters/accessing_a_cluster/accessing_a_cluster_using_kubectl.rst,Accessing a Cluster Using kubectl,/home/ubuntu/repotesting/cloud-container-engine/umn/source/_static/images/en-us_image_0000002483959672.png,figure,182,screenshot,False,False,False,,3,3,3,3,3,1.00,pass,,Images with the forbidden color were not sent to the AI API.,,200,stop,1,"The image is a code-editor screenshot showing a kubeconfig JSON fragment with a cluster entry (name 'mycluster', server 'https://10.100.0.52:5443'). | The field '""insecure-skip-tls-verify"": true' is highlighted with a red box, exactly matching the RST's Figure 2 description that this field appears when two-way domain name trust is not supported. | The content aligns with the 'Two-Way Domain Name Trust' section of the document, which references Figure 2 for this case. | No interactive controls or buttons are visible; only static code with syntax highlighting is shown.","Only a fragment of the kubeconfig file is visible; the full file structure is not shown. | No editor chrome (menus, tabs, file name) is visible, so the exact tool cannot be confirmed."
umn/source/clusters/managing_clusters/changing_a_cluster_scale.rst,Changing a Cluster Scale,/home/ubuntu/repotesting/cloud-container-engine/umn/source/_static/images/en-us_image_0000002483959168.png,substitution_image,39,icon,False,False,False,,2,2,3,2,3,0.78,partial,,,,200,stop,1,"The image is a small three-square 'more options' icon, matching the |image1| reference in Procedure step 2. | It corresponds to the action that opens the drop-down list containing 'Modify Specifications' for changing cluster scale. | The icon is placed in the Procedure section, directly relevant to the scale-out steps. | No contradiction between the icon and the surrounding RST text.","No surrounding cluster-list UI context is visible to confirm placement. | The image is low-resolution, so the exact glyph/tooltip of the icon cannot be verified."
umn/source/clusters/managing_clusters/deleting_a_cluster.rst,Deleting a Cluster,/home/ubuntu/repotesting/cloud-container-engine/umn/source/_static/images/en-us_image_0000002516079159.png,substitution_image,63,icon,True,False,False,,2,2,3,2,3,0.78,partial,,,,200,stop,1,"The image is a small isolated UI symbol (a three-square 'more options' / kebab-style icon), consistent with the click target described in step 2. | It is placed in the 'Deleting a Cluster' procedure where the user clicks the icon to open a drop-down and choose Delete, so it is topically relevant. | The icon represents an interactive control (the menu button) used to trigger the delete action. | No clear contradiction between the icon and the surrounding text.","The image is very low resolution, so the exact glyph cannot be confirmed with certainty. | No 'Delete' label or drop-down list is visible in the image itself; that detail is only described in the text."
umn/source/clusters/managing_clusters/enabling_overload_control_for_a_cluster.rst,Enabling Overload Control for a Cluster,/home/ubuntu/repotesting/cloud-container-engine/umn/source/_static/images/en-us_image_0000002516199019.png,figure,12,other,False,False,True,Forbidden color #3298ff was detected in the image.,0,0,0,0,0,0.00,fail,,Images with the forbidden color were not sent to the AI API.,,,local_hard_fail,0,Local color check detected #3298ff.,
umn/source/clusters/upgrading_a_cluster/cluster_upgrade_overview.rst,Cluster Upgrade Overview,/home/ubuntu/repotesting/cloud-container-engine/umn/source/_static/images/en-us_image_0000002484119610.png,figure,60,other,False,False,True,Forbidden color #3298ff was detected in the image.,0,0,0,0,0,0.00,fail,,Images with the forbidden color were not sent to the AI API.,,200,stop,1,Local color check detected #3298ff.,
umn/source/clusters/upgrading_a_cluster/cluster_upgrade_overview.rst,Cluster Upgrade Overview,/home/ubuntu/repotesting/cloud-container-engine/umn/source/_static/images/en-us_image_0000002516079581.png,substitution_image,135,icon,False,False,False,,2,2,2,3,3,0.77,partial,,Images with the forbidden color were not sent to the AI API.,,200,stop,1,"The image is a small orange triangular warning pictogram with an exclamation mark, consistent with a generic UI warning icon. | In the RST, |image1| is used to mark add-ons that are incompatible with both source and target cluster versions during an upgrade, which aligns with a warning symbol. | The icon is referenced in the 'Add-on Upgrade' note within the 'Configuration and upgrade' step of the cluster upgrade process, making it topically relevant. | The visual content (orange triangle + exclamation mark) clearly matches the semantic role of flagging a problem or incompatibility as described in the text.","The image is a generic warning icon; it does not contain any cluster-specific or CCE-specific branding or text that would tie it uniquely to this document. | No additional context (e.g., surrounding UI) is visible to confirm the exact placement 'on the right side' of an add-on row as described in the RST."
umn/source/faqs/cluster/cluster_upgrade/what_should_i_do_if_the_loadbalancer_ingress_configuration_is_inconsistent_with_the_load_balancer_configuration_during_a_cce_cluster_upgrade.rst,What Should I Do If the LoadBalancer Ingress Configuration Is Inconsistent with the Load Balancer Configuration During a CCE Cluster Upgrade?,/home/ubuntu/repotesting/cloud-container-engine/umn/source/_static/images/en-us_image_0000002516077771.png,substitution_image,335,other,False,False,True,Forbidden color #3298ff was detected in the image.,0,0,0,0,0,0.00,fail,,Images with the forbidden color were not sent to the AI API.,,,local_hard_fail,0,Local color check detected #3298ff.,
umn/source/faqs/cluster/cluster_upgrade/what_should_i_do_if_the_loadbalancer_ingress_configuration_is_inconsistent_with_the_load_balancer_configuration_during_a_cce_cluster_upgrade.rst,What Should I Do If the LoadBalancer Ingress Configuration Is Inconsistent with the Load Balancer Configuration During a CCE Cluster Upgrade?,/home/ubuntu/repotesting/cloud-container-engine/umn/source/_static/images/en-us_image_0000002516077785.png,substitution_image,336,other,False,False,True,Forbidden color #3298ff was detected in the image.,0,0,0,0,0,0.00,fail,,Images with the forbidden color were not sent to the AI API.,,,local_hard_fail,0,Local color check detected #3298ff.,
umn/source/faqs/networking/network_planning/what_is_the_relationship_between_clusters_vpcs_and_subnets.rst,"What Is the Relationship Between Clusters, VPCs, and Subnets?",/home/ubuntu/repotesting/cloud-container-engine/umn/source/_static/images/en-us_image_0000002516077839.png,figure,22,other,False,False,True,Forbidden color #3298ff was detected in the image.,0,0,0,0,0,0.00,fail,,Images with the forbidden color were not sent to the AI API.,,,local_hard_fail,0,Local color check detected #3298ff.,
umn/source/faqs/node/how_can_i_locate_a_fault_that_occurs_with_a_node.rst,How Can I Locate a Fault That Occurs with a Node?,/home/ubuntu/repotesting/cloud-container-engine/umn/source/_static/images/en-us_image_0000002484117772.png,figure,104,other,False,False,True,Forbidden color #3298ff was detected in the image.,0,0,0,0,0,0.00,fail,,Images with the forbidden color were not sent to the AI API.,,200,stop,1,Local color check detected #3298ff.,
umn/source/faqs/node/how_can_i_locate_a_fault_that_occurs_with_a_node.rst,How Can I Locate a Fault That Occurs with a Node?,/home/ubuntu/repotesting/cloud-container-engine/umn/source/_static/images/en-us_image_0000002483957760.png,substitution_image,869,screenshot,False,False,False,,3,3,3,3,3,1.00,pass,,Images with the forbidden color were not sent to the AI API.,,200,stop,1,"Image shows terminal output of 'systemctl status kubelet' which exactly matches the RST instruction to check kubelet status. | The output shows kubelet as 'active (running)' which is the expected healthy state described in the RST. | The image is placed in the 'Checking Key Components of the Node' section under the kubelet subsection, matching the RST context. | The RST explicitly states 'The expected output is shown in the figure below' after the systemctl status kubelet command.",
umn/source/faqs/node/how_can_i_locate_a_fault_that_occurs_with_a_node.rst,How Can I Locate a Fault That Occurs with a Node?,/home/ubuntu/repotesting/cloud-container-engine/umn/source/_static/images/en-us_image_0000002483957780.png,substitution_image,870,screenshot,False,False,False,,3,3,3,3,3,1.00,pass,,Images with the forbidden color were not sent to the AI API.,,200,stop,1,"Image shows terminal output of 'systemctl status docker' which matches the RST instruction to check the Docker runtime. | The output shows docker.service as 'active (running)' with containerd-shim child processes, confirming a healthy Docker runtime. | The image is placed in the 'Checking Key Components of the Node' section under Runtime > Docker, matching the RST context. | The RST explicitly states 'The expected output is shown in the figure below' after the systemctl status docker command.",
umn/source/faqs/node/how_can_i_locate_a_fault_that_occurs_with_a_node.rst,How Can I Locate a Fault That Occurs with a Node?,/home/ubuntu/repotesting/cloud-container-engine/umn/source/_static/images/en-us_image_0000002483957768.png,substitution_image,871,screenshot,False,False,False,,3,3,3,3,3,1.00,pass,,Images with the forbidden color were not sent to the AI API.,,200,stop,1,"Image shows terminal output of 'systemctl status containerd' which matches the RST instruction to check the containerd runtime. | The output shows containerd.service as 'active (running)' with containerd-shim-runc-v2 child processes, confirming a healthy containerd runtime. | The image is placed in the 'Checking Key Components of the Node' section under Runtime > containerd, matching the RST context. | The RST explicitly states 'The expected output is shown in the figure below' after the systemctl status containerd command.",
umn/source/faqs/node/how_can_i_locate_a_fault_that_occurs_with_a_node.rst,How Can I Locate a Fault That Occurs with a Node?,/home/ubuntu/repotesting/cloud-container-engine/umn/source/_static/images/en-us_image_0000002516197723.png,substitution_image,872,screenshot,False,False,False,,3,3,3,3,3,1.00,pass,,Images with the forbidden color were not sent to the AI API.,,200,stop,1,"Image shows terminal output of 'systemctl status chronyd' which matches the RST instruction to check the NTP service. | The output shows chronyd.service as 'active (running)' confirming a healthy NTP service. | The image is placed in the 'Checking Key Components of the Node' section under NTP, matching the RST context. | The RST explicitly states 'The expected output is shown in the figure below' after the systemctl status chronyd command.",
umn/source/faqs/node/how_can_i_locate_a_fault_that_occurs_with_a_node.rst,How Can I Locate a Fault That Occurs with a Node?,/home/ubuntu/repotesting/cloud-container-engine/umn/source/_static/images/en-us_image_0000002516077723.png,substitution_image,873,screenshot,False,False,False,,3,3,3,3,3,1.00,pass,,Images with the forbidden color were not sent to the AI API.,,200,stop,1,Image shows terminal output of 'last reboot' which matches the RST instruction in the 'Abnormal Node Restart' section. | The output displays reboot time information (Thu Aug 29 11:02) which is exactly what the RST instructs to check. | The image is placed in the 'Abnormal Node Restart' section where the RST says 'The expected output is shown in the figure below' after the last reboot command. | The output format matches the expected 'last reboot' command output with system boot timestamp.,
umn/source/faqs/node/how_can_i_locate_a_fault_that_occurs_with_a_node.rst,How Can I Locate a Fault That Occurs with a Node?,/home/ubuntu/repotesting/cloud-container-engine/umn/source/_static/images/en-us_image_0000002484117764.png,substitution_image,874,screenshot,False,False,False,,3,3,3,3,3,1.00,pass,,Images with the forbidden color were not sent to the AI API.,,200,stop,1,"Image shows kernel OOM (Out of Memory) messages with 'Out of memory: Killed process' entries, matching the RST description of what to see after logging in with VNC. | The RST in the 'Node Unavailable Due to OOM' section states 'You may see the information similar to the following after logging in to the node with VNC' and this image shows exactly that. | The messages show processes being killed due to memory exhaustion, consistent with the OOM fault scenario described. | The image also shows 'Dead loop on virtual device' messages which are consistent with a node in a crashed/OOM state.",
umn/source/faqs/node/how_can_i_locate_a_fault_that_occurs_with_a_node.rst,How Can I Locate a Fault That Occurs with a Node?,/home/ubuntu/repotesting/cloud-container-engine/umn/source/_static/images/en-us_image_0000002484117752.png,substitution_image,875,screenshot,False,False,False,,2,2,2,3,2,0.72,partial,,Images with the forbidden color were not sent to the AI API.,,200,stop,1,"Image shows 'kubectl describe node' output with node conditions, which matches the RST instruction to check node events. | The RST in the 'Node Unavailable Due to OOM' section says 'Pay attention to the abnormal node events in the output' and the image shows Ready: False with KubeletNotReady. | However, the specific reason shown is 'PLEG is not healthy' rather than an OOM-related condition, which is a minor mismatch with the OOM section context. | The image does show abnormal node conditions (Ready: False) which is the general point the RST is making about checking node events. | The conditions table format matches kubectl describe node output as described in the RST.","The image shows PLEG not healthy as the reason for Ready: False, but the section is specifically about OOM. An OOM-related condition (e.g., MemoryPressure: True) would be more directly relevant. | The image does not clearly show OOM-specific events that would directly illustrate the 'Node Unavailable Due to OOM' scenario."
umn/source/faqs/node/node_running/what_should_i_do_if_a_cluster_is_available_but_some_nodes_in_it_are_unavailable.rst,What Should I Do If a Cluster Is Available But Some Nodes in It Are Unavailable?,/home/ubuntu/repotesting/cloud-container-engine/umn/source/_static/images/en-us_image_0000002516198141.png,substitution_image,218,screenshot,False,False,False,,3,3,3,3,3,1.00,pass,,"Expected 2 image results, but received 1 unique valid results. Missing results for: /home/ubuntu/repotesting/cloud-container-engine/umn/source/_static/images/en-us_image_0000002484118182.png",,200,stop,1,"Image shows terminal output of 'systemctl status kubelet' command, which is exactly what Check Item 7 in the RST references as the expected output. | The output displays kubelet.service as active (running) with PID, tasks, memory, CPU, cgroup, and journal log entries, matching the RST description of checking component status. | The image is directly referenced as |image1| in the RST under Check Item 7: Whether Internal Components Are Normal.",
umn/source/faqs/workload/workload_exception_troubleshooting/how_can_i_locate_the_root_cause_if_a_workload_is_abnormal.rst,How Can I Locate the Root Cause If a Workload Is Abnormal?,/home/ubuntu/repotesting/cloud-container-engine/umn/source/_static/images/en-us_image_0000002516078081.png,substitution_image,94,other,False,False,True,Forbidden color #3298ff was detected in the image.,0,0,0,0,0,0.00,fail,,Images with the forbidden color were not sent to the AI API.,,,local_hard_fail,0,Local color check detected #3298ff.,
umn/source/getting_started/deploying_wordpress_and_mysql_that_depend_on_each_other/overview.rst,Overview,/home/ubuntu/repotesting/cloud-container-engine/umn/source/_static/images/en-us_image_0000001851742596.png,figure,15,other,False,False,True,Forbidden color #3298ff was detected in the image.,0,0,0,0,0,0.00,fail,,Images with the forbidden color were not sent to the AI API.,,,local_hard_fail,0,Local color check detected #3298ff.,
umn/source/getting_started/deploying_wordpress_and_mysql_that_depend_on_each_other/step_2_deploying_wordpress.rst,Step 2: Deploying WordPress,/home/ubuntu/repotesting/cloud-container-engine/umn/source/_static/images/en-us_image_0000001851742724.png,substitution_image,101,icon,True,False,False,,2,2,2,2,3,0.72,partial,,,,200,stop,1,"Image shows a small three-dot (kebab menu) icon, which is a common 'more actions' button in cloud console UIs | The RST uses this as |image1| in the 'Deleting Resources' section: 'Click |image1| next to the cluster to be deleted, select Delete Cluster' | The icon is consistent with a 'more options' menu button that would reveal a 'Delete Cluster' option | The image is very small and low-resolution, making it difficult to discern fine details | The icon is a generic UI element not specific to WordPress deployment, but it is part of the document's workflow for resource cleanup",The image is very small (appears to be only a few pixels wide) making it hard to confirm exact appearance | Cannot verify the exact color or style of the dots due to low resolution
umn/source/getting_started/introduction.rst,Introduction,/home/ubuntu/repotesting/cloud-container-engine/umn/source/_static/images/en-us_image_0000001851742548.png,figure,16,other,False,False,True,Forbidden color #3298ff was detected in the image.,0,0,0,0,0,0.00,fail,,Images with the forbidden color were not sent to the AI API.,,,local_hard_fail,0,Local color check detected #3298ff.,
umn/source/helm_charts/chart_overview.rst,Chart Overview,/home/ubuntu/repotesting/cloud-container-engine/umn/source/_static/images/en-us_image_0000002516078871.png,substitution_image,36,other,False,False,True,Forbidden color #3298ff was detected in the image.,0,0,0,0,0,0.00,fail,,Images with the forbidden color were not sent to the AI API.,,,local_hard_fail,0,Local color check detected #3298ff.,
umn/source/namespaces/managing_namespaces.rst,Managing Namespaces,/home/ubuntu/repotesting/cloud-container-engine/umn/source/_static/images/en-us_image_0000002484119408.png,figure,32,other,False,False,True,Forbidden color #3298ff was detected in the image.,0,0,0,0,0,0.00,fail,,Images with the forbidden color were not sent to the AI API.,,200,stop,1,Local color check detected #3298ff.,
umn/source/namespaces/managing_namespaces.rst,Managing Namespaces,/home/ubuntu/repotesting/cloud-container-engine/umn/source/_static/images/en-us_image_0000002516199385.png,figure,42,other,False,False,True,Forbidden color #3298ff was detected in the image.,0,0,0,0,0,0.00,fail,,Images with the forbidden color were not sent to the AI API.,,200,stop,1,Local color check detected #3298ff.,
umn/source/namespaces/managing_namespaces.rst,Managing Namespaces,/home/ubuntu/repotesting/cloud-container-engine/umn/source/_static/images/en-us_image_0000002483959438.png,substitution_image,94,icon,False,False,False,,2,2,3,3,3,0.83,pass,,Images with the forbidden color were not sent to the AI API.,,200,stop,1,"The image is a small pencil/edit pictogram, matching the 'icon' classification. | In the RST it is referenced as |image1| in the 'Enabling Node Affinity in a Namespace' section, where the user is told to click it in the Node Affinity column. | The edit/pencil symbol is consistent with a clickable action control used to modify node affinity settings. | The icon is directly tied to the namespace management workflow described in the document.","The icon is generic (pencil/edit) and does not visually indicate 'Node Affinity' specifically; its meaning relies on the surrounding RST text. | No surrounding UI context (table, column header) is visible to confirm placement in the Node Affinity column."
umn/source/networking/accessing_the_internet_from_a_container.rst,Accessing the Internet from a Container,/home/ubuntu/repotesting/cloud-container-engine/umn/source/_static/images/en-us_image_0000002484119606.png,figure,18,other,False,False,True,Forbidden color #3298ff was detected in the image.,0,0,0,0,0,0.00,fail,,Images with the forbidden color were not sent to the AI API.,,200,stop,1,Local color check detected #3298ff.,
umn/source/networking/accessing_the_internet_from_a_container.rst,Accessing the Internet from a Container,/home/ubuntu/repotesting/cloud-container-engine/umn/source/_static/images/en-us_image_0000002516199581.png,substitution_image,62,icon,False,False,False,,2,2,2,2,3,0.72,partial,,Images with the forbidden color were not sent to the AI API.,,200,stop,1,"The image is a hamburger menu icon (three horizontal lines), a common navigation symbol in cloud console UIs. | The RST references this image in step 2a: 'Click |image1| in the upper left corner and choose Networking > NAT Gateway in the expanded list,' which matches a hamburger menu icon used to expand a navigation panel. | The icon is a generic UI navigation element, not specific to the SNAT/NAT Gateway topic, but it is correctly placed within the procedure for creating a NAT gateway. | No contradiction between the image content and the RST description of clicking a menu icon in the upper left corner.","The image does not show the expanded navigation list or the 'Networking > NAT Gateway' path, only the collapsed menu icon. | No surrounding UI context (e.g., console header, page title) is visible to confirm the specific product or console."
umn/source/networking/container_networks/cloud_native_network_2.0_settings/cloud_native_network_2.0.rst,Cloud Native Network 2.0,/home/ubuntu/repotesting/cloud-container-engine/umn/source/_static/images/en-us_image_0000002483959072.png,figure,14,other,False,False,True,Forbidden color #3298ff was detected in the image.,0,0,0,0,0,0.00,fail,,Images with the forbidden color were not sent to the AI API.,,,local_hard_fail,0,Local color check detected #3298ff.,
umn/source/networking/container_networks/cloud_native_network_2.0_settings/configuring_a_security_group_for_a_workload_in_a_cce_turbo_cluster/binding_a_subnet_and_security_group_to_a_namespace_or_workload_using_a_container_network_configuration.rst,Binding a Subnet and Security Group to a Namespace or Workload Using a Container Network Configuration,/home/ubuntu/repotesting/cloud-container-engine/umn/source/_static/images/en-us_image_0000002483959484.png,figure,14,other,False,False,True,Forbidden color #3298ff was detected in the image.,0,0,0,0,0,0.00,fail,,Images with the forbidden color were not sent to the AI API.,,,local_hard_fail,0,Local color check detected #3298ff.,
umn/source/networking/container_networks/pod_network_settings/configuring_network_policies_to_restrict_pod_access.rst,Configuring Network Policies to Restrict Pod Access,/home/ubuntu/repotesting/cloud-container-engine/umn/source/_static/images/en-us_image_0000002516079129.png,figure,80,other,False,False,True,Forbidden color #3298ff was detected in the image.,0,0,0,0,0,0.00,fail,,Images with the forbidden color were not sent to the AI API.,,200,stop,1,Local color check detected #3298ff.,
umn/source/networking/container_networks/pod_network_settings/configuring_network_policies_to_restrict_pod_access.rst,Configuring Network Policies to Restrict Pod Access,/home/ubuntu/repotesting/cloud-container-engine/umn/source/_static/images/en-us_image_0000002516079115.png,figure,130,other,False,False,True,Forbidden color #3298ff was detected in the image.,0,0,0,0,0,0.00,fail,,Images with the forbidden color were not sent to the AI API.,,200,stop,1,Local color check detected #3298ff.,
umn/source/networking/container_networks/pod_network_settings/configuring_network_policies_to_restrict_pod_access.rst,Configuring Network Policies to Restrict Pod Access,/home/ubuntu/repotesting/cloud-container-engine/umn/source/_static/images/en-us_image_0000002516199123.png,figure,179,other,False,False,True,Forbidden color #3298ff was detected in the image.,0,0,0,0,0,0.00,fail,,Images with the forbidden color were not sent to the AI API.,,200,stop,1,Local color check detected #3298ff.,
umn/source/networking/container_networks/pod_network_settings/configuring_network_policies_to_restrict_pod_access.rst,Configuring Network Policies to Restrict Pod Access,/home/ubuntu/repotesting/cloud-container-engine/umn/source/_static/images/en-us_image_0000002484119148.png,figure,240,other,False,False,True,Forbidden color #3298ff was detected in the image.,0,0,0,0,0,0.00,fail,,Images with the forbidden color were not sent to the AI API.,,200,stop,1,Local color check detected #3298ff.,
umn/source/networking/container_networks/pod_network_settings/configuring_network_policies_to_restrict_pod_access.rst,Configuring Network Policies to Restrict Pod Access,/home/ubuntu/repotesting/cloud-container-engine/umn/source/_static/images/en-us_image_0000002516079117.png,figure,290,other,False,False,True,Forbidden color #3298ff was detected in the image.,0,0,0,0,0,0.00,fail,,Images with the forbidden color were not sent to the AI API.,,200,stop,1,Local color check detected #3298ff.,
umn/source/networking/container_networks/pod_network_settings/configuring_network_policies_to_restrict_pod_access.rst,Configuring Network Policies to Restrict Pod Access,/home/ubuntu/repotesting/cloud-container-engine/umn/source/_static/images/en-us_image_0000002516199127.png,substitution_image,401,icon,True,False,False,,2,1,2,2,3,0.65,partial,,Images with the forbidden color were not sent to the AI API.,,200,stop,1,The image is a small plus (+) icon used as a UI button to add an inbound rule in the CCE console. | It is referenced in the RST as |image1| in the context of 'Click |image1| to add an inbound rule.' | The icon is semantically relevant to the network policy configuration topic as it represents the action of adding a rule. | The image contains minimal visual detail beyond the plus symbol.,No surrounding UI context is visible; only the isolated plus icon is shown. | No label or tooltip text is visible to confirm its specific function.
umn/source/networking/container_networks/pod_network_settings/configuring_network_policies_to_restrict_pod_access.rst,Configuring Network Policies to Restrict Pod Access,/home/ubuntu/repotesting/cloud-container-engine/umn/source/_static/images/en-us_image_0000002483959172.png,substitution_image,402,screenshot,True,False,False,,3,3,3,3,3,1.00,pass,,Images with the forbidden color were not sent to the AI API.,,200,stop,1,"The screenshot shows the Inbound Rule configuration panel in the CCE console with columns for Policies, Protocol & Port, Source Namespace, Source Pod Label, and Operations. | It displays an 'Allow' rule with TCP protocol, port 80, default namespace, and a pod label (key = test), matching the parameters described in Table 1. | A plus button at the bottom allows adding additional inbound rules, consistent with the RST instruction to click the plus icon to add an inbound rule. | The screenshot directly illustrates the console-based network policy configuration described in the document.",The Source CIDR Block field mentioned in Table 1 is not visible in this screenshot (it may be hidden or not applicable for the displayed cluster version). | The full column header for Operations is truncated (shown as 'Operati...').
umn/source/networking/container_networks/pod_network_settings/configuring_network_policies_to_restrict_pod_access.rst,Configuring Network Policies to Restrict Pod Access,/home/ubuntu/repotesting/cloud-container-engine/umn/source/_static/images/en-us_image_0000002516199125.png,substitution_image,403,icon,True,False,False,,2,1,2,2,3,0.65,partial,,Images with the forbidden color were not sent to the AI API.,,200,stop,1,The image is a small plus (+) icon used as a UI button to add an outbound rule in the CCE console. | It is referenced in the RST as |image3| in the context of 'Click |image3| to add an outbound rule.' | The icon is semantically relevant to the network policy configuration topic as it represents the action of adding a rule. | The image contains minimal visual detail beyond the plus symbol.,No surrounding UI context is visible; only the isolated plus icon is shown. | No label or tooltip text is visible to confirm its specific function.
umn/source/networking/container_networks/pod_network_settings/configuring_network_policies_to_restrict_pod_access.rst,Configuring Network Policies to Restrict Pod Access,/home/ubuntu/repotesting/cloud-container-engine/umn/source/_static/images/en-us_image_0000002483959180.png,substitution_image,404,screenshot,True,False,False,,3,3,3,3,3,1.00,pass,,Images with the forbidden color were not sent to the AI API.,,200,stop,1,"The screenshot shows the Outbound Rule configuration panel in the CCE console with columns for Policy, Protocol & Port, Destination CIDR, Destination Namespace, Destination Pod Label, and Operations. | It displays an 'Allow' rule with TCP protocol, port 80, CIDR 172.17.0.0/16, default namespace, and a pod label (key = test), matching the parameters described in Table 2. | The screenshot directly illustrates the console-based outbound network policy configuration described in the document. | All fields shown correspond to the parameters listed in Table 2 (Protocol & Port, Destination CIDR Block, Destination Namespace, Destination Pod Label).","Column headers are truncated (e.g., 'Polic...', 'Protocol & Port...', 'Destination CID...'). | No plus/add button is visible in this cropped view for adding additional outbound rules."
umn/source/networking/container_networks/tunnel_network_settings/tunnel_network_model.rst,Tunnel Network Model,/home/ubuntu/repotesting/cloud-container-engine/umn/source/_static/images/en-us_image_0000002483959624.png,figure,16,other,False,False,True,Forbidden color #3298ff was detected in the image.,0,0,0,0,0,0.00,fail,,Images with the forbidden color were not sent to the AI API.,,200,stop,1,Local color check detected #3298ff.,
umn/source/networking/container_networks/tunnel_network_settings/tunnel_network_model.rst,Tunnel Network Model,/home/ubuntu/repotesting/cloud-container-engine/umn/source/_static/images/en-us_image_0000002516079573.png,figure,61,other,False,False,False,,3,3,3,3,3,1.00,pass,,Images with the forbidden color were not sent to the AI API.,,200,stop,1,"The image is a schematic diagram (Figure 2) illustrating IP address allocation in the container tunnel network, matching the 'Pod IP Address Management' section. | It shows multiple nodes (Node 1, Node 2, Node n) each receiving /28 pod CIDR blocks (e.g., 172.16.0.0/28, 172.16.1.16/28), consistent with the RST's fixed-size /28 (16 IP) allocation rule. | The horizontal bar labeled 'Container CIDR block 172.16.0.0/16' with red (allocated) and blue (free) segments visually represents the cyclic/block allocation from the container CIDR described in the text. | Dashed arrows linking allocated segments to nodes depict the assignment of pod CIDR blocks to nodes, aligning with the documented allocation mechanism. | No interactive UI controls are present; it is a static explanatory diagram.","The diagram does not explicitly label the 'cyclic' allocation order or the exhaustion/reallocation behavior described in the text. | No numeric example (e.g., 65,536 / 16 = 4,096 nodes) is shown in the image itself."
umn/source/networking/container_networks/vpc_network_settings/vpc_network_model.rst,VPC Network Model,/home/ubuntu/repotesting/cloud-container-engine/umn/source/_static/images/en-us_image_0000002484119444.png,figure,14,other,False,False,True,Forbidden color #3298ff was detected in the image.,0,0,0,0,0,0.00,fail,,Images with the forbidden color were not sent to the AI API.,,200,stop,1,Local color check detected #3298ff.,
umn/source/networking/container_networks/vpc_network_settings/vpc_network_model.rst,VPC Network Model,/home/ubuntu/repotesting/cloud-container-engine/umn/source/_static/images/en-us_image_0000002516199419.png,figure,63,other,False,False,False,,3,3,3,3,3,1.00,pass,,Images with the forbidden color were not sent to the AI API.,,200,stop,1,"The diagram illustrates sequential pod CIDR block allocation from a container CIDR block, matching the 'Pod IP Address Management' section. | Node labels (172.16.0.0/25, 172.16.0.128/25, 172.16.6.0/25) and the container CIDR block 172.16.0.0/16 exactly match the example given in the RST text. | The image is referenced in the RST as Figure 2 for the sequential node CIDR assignment rule. | It is a schematic diagram, not a UI screenshot or icon, so it is classified as 'other'.",The diagram does not explicitly show individual pod IP addresses within each node's CIDR block. | No legend explains the red versus blue segment colors in the container CIDR bar.
umn/source/networking/dns/dns_overview.rst,DNS Overview,/home/ubuntu/repotesting/cloud-container-engine/umn/source/_static/images/en-us_image_0000002516079535.png,figure,49,other,False,False,True,Forbidden color #3298ff was detected in the image.,0,0,0,0,0,0.00,fail,,Images with the forbidden color were not sent to the AI API.,,,local_hard_fail,0,Local color check detected #3298ff.,
umn/source/networking/dns/dns_overview.rst,DNS Overview,/home/ubuntu/repotesting/cloud-container-engine/umn/source/_static/images/en-us_image_0000002484119088.png,figure,84,other,False,False,True,Forbidden color #3298ff was detected in the image.,0,0,0,0,0,0.00,fail,,Images with the forbidden color were not sent to the AI API.,,,local_hard_fail,0,Local color check detected #3298ff.,
umn/source/networking/dns/using_nodelocal_dnscache_to_improve_dns_performance.rst,Using NodeLocal DNSCache to Improve DNS Performance,/home/ubuntu/repotesting/cloud-container-engine/umn/source/_static/images/en-us_image_0000002483959282.png,figure,24,other,False,False,True,Forbidden color #3298ff was detected in the image.,0,0,0,0,0,0.00,fail,,Images with the forbidden color were not sent to the AI API.,,,local_hard_fail,0,Local color check detected #3298ff.,
umn/source/networking/ingresses/ingress_overview.rst,Ingress Overview,/home/ubuntu/repotesting/cloud-container-engine/umn/source/_static/images/en-us_image_0000002516079671.png,figure,17,other,False,False,True,Forbidden color #3298ff was detected in the image.,0,0,0,0,0,0.00,fail,,Images with the forbidden color were not sent to the AI API.,,,local_hard_fail,0,Local color check detected #3298ff.,
umn/source/networking/ingresses/ingress_overview.rst,Ingress Overview,/home/ubuntu/repotesting/cloud-container-engine/umn/source/_static/images/en-us_image_0000002516079667.png,figure,87,other,False,False,True,Forbidden color #3298ff was detected in the image.,0,0,0,0,0,0.00,fail,,Images with the forbidden color were not sent to the AI API.,,,local_hard_fail,0,Local color check detected #3298ff.,
umn/source/networking/ingresses/ingress_overview.rst,Ingress Overview,/home/ubuntu/repotesting/cloud-container-engine/umn/source/_static/images/en-us_image_0000002483959718.png,figure,96,other,False,False,True,Forbidden color #3298ff was detected in the image.,0,0,0,0,0,0.00,fail,,Images with the forbidden color were not sent to the AI API.,,,local_hard_fail,0,Local color check detected #3298ff.,
umn/source/networking/ingresses/ingress_overview.rst,Ingress Overview,/home/ubuntu/repotesting/cloud-container-engine/umn/source/_static/images/en-us_image_0000002483959720.png,figure,107,other,False,False,True,Forbidden color #3298ff was detected in the image.,0,0,0,0,0,0.00,fail,,Images with the forbidden color were not sent to the AI API.,,,local_hard_fail,0,Local color check detected #3298ff.,
umn/source/networking/ingresses/ingress_overview.rst,Ingress Overview,/home/ubuntu/repotesting/cloud-container-engine/umn/source/_static/images/en-us_image_0000002483959722.png,figure,129,other,False,False,True,Forbidden color #3298ff was detected in the image.,0,0,0,0,0,0.00,fail,,Images with the forbidden color were not sent to the AI API.,,,local_hard_fail,0,Local color check detected #3298ff.,
umn/source/networking/ingresses/loadbalancer_ingresses/advanced_setting_examples_of_loadbalancer_ingresses/configuring_the_priorities_of_forwarding_rules_for_loadbalancer_ingresses.rst,Configuring the Priorities of Forwarding Rules for LoadBalancer Ingresses,/home/ubuntu/repotesting/cloud-container-engine/umn/source/_static/images/en-us_image_0000002516198965.png,figure,22,other,False,False,True,Forbidden color #3298ff was detected in the image.,0,0,0,0,0,0.00,fail,,Images with the forbidden color were not sent to the AI API.,,,local_hard_fail,0,Local color check detected #3298ff.,
umn/source/networking/ingresses/loadbalancer_ingresses/configuring_an_advanced_forwarding_policy_for_a_loadbalancer_ingress.rst,Configuring an Advanced Forwarding Policy for a LoadBalancer Ingress,/home/ubuntu/repotesting/cloud-container-engine/umn/source/_static/images/en-us_image_0000002516079157.png,figure,11,other,False,False,True,Forbidden color #3298ff was detected in the image.,0,0,0,0,0,0.00,fail,,Images with the forbidden color were not sent to the AI API.,,,local_hard_fail,0,Local color check detected #3298ff.,
umn/source/networking/ingresses/loadbalancer_ingresses/configuring_multiple_ingresses_in_a_cluster_to_use_the_same_load_balancer.rst,Configuring Multiple Ingresses in a Cluster to Use the Same Load Balancer,/home/ubuntu/repotesting/cloud-container-engine/umn/source/_static/images/en-us_image_0000002516198993.png,figure,14,other,False,False,True,Forbidden color #3298ff was detected in the image.,0,0,0,0,0,0.00,fail,,Images with the forbidden color were not sent to the AI API.,,,local_hard_fail,0,Local color check detected #3298ff.,
umn/source/networking/ingresses/loadbalancer_ingresses/configuring_multiple_ingresses_in_a_cluster_to_use_the_same_load_balancer.rst,Configuring Multiple Ingresses in a Cluster to Use the Same Load Balancer,/home/ubuntu/repotesting/cloud-container-engine/umn/source/_static/images/en-us_image_0000002484119016.png,figure,57,other,False,False,True,Forbidden color #3298ff was detected in the image.,0,0,0,0,0,0.00,fail,,Images with the forbidden color were not sent to the AI API.,,,local_hard_fail,0,Local color check detected #3298ff.,
umn/source/networking/ingresses/loadbalancer_ingresses/creating_a_loadbalancer_ingress_on_the_console.rst,Creating a LoadBalancer Ingress on the Console,/home/ubuntu/repotesting/cloud-container-engine/umn/source/_static/images/en-us_image_0000002484119440.png,substitution_image,231,icon,True,False,False,,2,2,3,2,3,0.78,partial,,,,200,stop,1,"The image is a blue plus (+) icon, a common UI symbol for 'add' actions. | The RST references this as |image1| in the sentence 'You can click |image1| to add multiple forwarding policies,' which is consistent with a plus/add icon. | The icon is placed in the Forwarding Policy subsection of the 'Adding a LoadBalancer Ingress' section, making it contextually relevant. | The icon is generic and not specific to LoadBalancer Ingress functionality, but serves its purpose as an 'add' button indicator.","The icon is a generic plus symbol without any additional context (no label, no surrounding UI), so its specific function relies entirely on the RST text. | No surrounding UI elements are visible to confirm it is part of the CCE console interface."
umn/source/networking/ingresses/loadbalancer_ingresses/creating_a_loadbalancer_ingress_using_kubectl.rst,Creating a LoadBalancer Ingress Using kubectl,/home/ubuntu/repotesting/cloud-container-engine/umn/source/_static/images/en-us_image_0000002516199555.png,substitution_image,601,other,False,False,True,Forbidden color #3298ff was detected in the image.,0,0,0,0,0,0.00,fail,,Images with the forbidden color were not sent to the AI API.,,,local_hard_fail,0,Local color check detected #3298ff.,
umn/source/networking/ingresses/nginx_ingresses/advanced_setting_examples_of_nginx_ingresses/configuring_an_elb_certificate_for_nginx_ingress_controller.rst,Configuring an ELB Certificate for NGINX Ingress Controller,/home/ubuntu/repotesting/cloud-container-engine/umn/source/_static/images/en-us_image_0000002483959602.png,figure,14,other,False,False,True,Forbidden color #3298ff was detected in the image.,0,0,0,0,0,0.00,fail,,Images with the forbidden color were not sent to the AI API.,,,local_hard_fail,0,Local color check detected #3298ff.,
umn/source/networking/ingresses/nginx_ingresses/creating_an_nginx_ingress_using_kubectl.rst,Creating an Nginx Ingress Using kubectl,/home/ubuntu/repotesting/cloud-container-engine/umn/source/_static/images/en-us_image_0000002516079007.png,substitution_image,186,other,False,False,True,Forbidden color #3298ff was detected in the image.,0,0,0,0,0,0.00,fail,,Images with the forbidden color were not sent to the AI API.,,,local_hard_fail,0,Local color check detected #3298ff.,
umn/source/networking/ingresses/redirecting_traffic_from_an_nginx_ingress_to_a_loadbalancer_ingress.rst,Redirecting Traffic from an Nginx Ingress to a LoadBalancer Ingress,/home/ubuntu/repotesting/cloud-container-engine/umn/source/_static/images/en-us_image_0000002542806497.png,substitution_image,216,other,False,False,True,Forbidden color #3298ff was detected in the image.,0,0,0,0,0,0.00,fail,,Images with the forbidden color were not sent to the AI API.,,,local_hard_fail,0,Local color check detected #3298ff.,
umn/source/networking/ingresses/redirecting_traffic_from_an_nginx_ingress_to_a_loadbalancer_ingress.rst,Redirecting Traffic from an Nginx Ingress to a LoadBalancer Ingress,/home/ubuntu/repotesting/cloud-container-engine/umn/source/_static/images/en-us_image_0000002511366536.png,substitution_image,217,other,False,False,True,Forbidden color #3298ff was detected in the image.,0,0,0,0,0,0.00,fail,,Images with the forbidden color were not sent to the AI API.,,,local_hard_fail,0,Local color check detected #3298ff.,
umn/source/networking/ingresses/redirecting_traffic_from_an_nginx_ingress_to_a_loadbalancer_ingress.rst,Redirecting Traffic from an Nginx Ingress to a LoadBalancer Ingress,/home/ubuntu/repotesting/cloud-container-engine/umn/source/_static/images/en-us_image_0000002542806499.png,substitution_image,218,other,False,False,True,Forbidden color #3298ff was detected in the image.,0,0,0,0,0,0.00,fail,,Images with the forbidden color were not sent to the AI API.,,,local_hard_fail,0,Local color check detected #3298ff.,
umn/source/networking/ingresses/redirecting_traffic_from_an_nginx_ingress_to_a_loadbalancer_ingress.rst,Redirecting Traffic from an Nginx Ingress to a LoadBalancer Ingress,/home/ubuntu/repotesting/cloud-container-engine/umn/source/_static/images/en-us_image_0000002511366538.png,substitution_image,219,other,False,False,True,Forbidden color #3298ff was detected in the image.,0,0,0,0,0,0.00,fail,,Images with the forbidden color were not sent to the AI API.,,,local_hard_fail,0,Local color check detected #3298ff.,
umn/source/networking/networking_overview.rst,Networking Overview,/home/ubuntu/repotesting/cloud-container-engine/umn/source/_static/images/en-us_image_0000002483959592.png,figure,32,other,False,False,True,Forbidden color #3298ff was detected in the image.,0,0,0,0,0,0.00,fail,,Images with the forbidden color were not sent to the AI API.,,,local_hard_fail,0,Local color check detected #3298ff.,
umn/source/networking/networking_overview.rst,Networking Overview,/home/ubuntu/repotesting/cloud-container-engine/umn/source/_static/images/en-us_image_0258889981.png,figure,57,other,False,False,True,Forbidden color #3298ff was detected in the image.,0,0,0,0,0,0.00,fail,,Images with the forbidden color were not sent to the AI API.,,,local_hard_fail,0,Local color check detected #3298ff.,
umn/source/networking/networking_overview.rst,Networking Overview,/home/ubuntu/repotesting/cloud-container-engine/umn/source/_static/images/en-us_image_0258961458.png,figure,78,other,False,False,True,Forbidden color #3298ff was detected in the image.,0,0,0,0,0,0.00,fail,,Images with the forbidden color were not sent to the AI API.,,,local_hard_fail,0,Local color check detected #3298ff.,
umn/source/networking/networking_overview.rst,Networking Overview,/home/ubuntu/repotesting/cloud-container-engine/umn/source/_static/images/en-us_image_0000002516079535.png,figure,91,other,False,False,True,Forbidden color #3298ff was detected in the image.,0,0,0,0,0,0.00,fail,,Images with the forbidden color were not sent to the AI API.,,,local_hard_fail,0,Local color check detected #3298ff.,
umn/source/networking/networking_overview.rst,Networking Overview,/home/ubuntu/repotesting/cloud-container-engine/umn/source/_static/images/en-us_image_0000002516199539.png,figure,115,other,False,False,True,Forbidden color #3298ff was detected in the image.,0,0,0,0,0,0.00,fail,,Images with the forbidden color were not sent to the AI API.,,,local_hard_fail,0,Local color check detected #3298ff.,
umn/source/networking/services/clusterip.rst,ClusterIP,/home/ubuntu/repotesting/cloud-container-engine/umn/source/_static/images/en-us_image_0000002516079663.png,figure,16,other,False,False,True,Forbidden color #3298ff was detected in the image.,0,0,0,0,0,0.00,fail,,Images with the forbidden color were not sent to the AI API.,,,local_hard_fail,0,Local color check detected #3298ff.,
umn/source/networking/services/loadbalancer/configuring_passthrough_networking_for_a_loadbalancer_service.rst,Configuring Passthrough Networking for a LoadBalancer Service,/home/ubuntu/repotesting/cloud-container-engine/umn/source/_static/images/en-us_image_0000002516198373.png,figure,21,other,False,False,True,Forbidden color #3298ff was detected in the image.,0,0,0,0,0,0.00,fail,,Images with the forbidden color were not sent to the AI API.,,,local_hard_fail,0,Local color check detected #3298ff.,
umn/source/networking/services/loadbalancer/creating_a_loadbalancer_service.rst,Creating a LoadBalancer Service,/home/ubuntu/repotesting/cloud-container-engine/umn/source/_static/images/en-us_image_0000002483959016.png,figure,13,other,False,False,True,Forbidden color #3298ff was detected in the image.,0,0,0,0,0,0.00,fail,,Images with the forbidden color were not sent to the AI API.,,200,stop,1,Local color check detected #3298ff.,
umn/source/networking/services/loadbalancer/creating_a_loadbalancer_service.rst,Creating a LoadBalancer Service,/home/ubuntu/repotesting/cloud-container-engine/umn/source/_static/images/en-us_image_0000002483959018.png,figure,23,other,False,False,True,Forbidden color #3298ff was detected in the image.,0,0,0,0,0,0.00,fail,,Images with the forbidden color were not sent to the AI API.,,200,stop,1,Local color check detected #3298ff.,
umn/source/networking/services/loadbalancer/creating_a_loadbalancer_service.rst,Creating a LoadBalancer Service,/home/ubuntu/repotesting/cloud-container-engine/umn/source/_static/images/en-us_image_0000002484118980.png,figure,873,screenshot,False,False,False,,3,3,3,3,3,1.00,pass,,Images with the forbidden color were not sent to the AI API.,,200,stop,1,"The image displays the default Nginx 'Welcome to nginx!' page, which matches the RST's final verification step stating 'The Nginx is accessible' after creating a LoadBalancer Service. | The RST alt text for this figure is 'Accessing Nginx through the LoadBalancer Service', consistent with the page shown. | The page text confirms the nginx web server is successfully installed and working, providing direct visual evidence of a successful external access via the LoadBalancer Service. | The image is a web page screenshot (a page interface), so it is classified as a screenshot.","No browser address bar or URL is visible, so the specific LoadBalancer IP:port (e.g., 10.78.42.242:80) cannot be confirmed from the image alone. | No cluster, service, or load balancer context is visible within the image itself."
umn/source/networking/services/nodeport.rst,NodePort,/home/ubuntu/repotesting/cloud-container-engine/umn/source/_static/images/en-us_image_0000002484119254.png,figure,13,other,False,False,True,Forbidden color #3298ff was detected in the image.,0,0,0,0,0,0.00,fail,,Images with the forbidden color were not sent to the AI API.,,,local_hard_fail,0,Local color check detected #3298ff.,
umn/source/networking/services/service_overview.rst,Service Overview,/home/ubuntu/repotesting/cloud-container-engine/umn/source/_static/images/en-us_image_0000002516079693.png,figure,23,other,False,False,True,Forbidden color #3298ff was detected in the image.,0,0,0,0,0,0.00,fail,,Images with the forbidden color were not sent to the AI API.,,,local_hard_fail,0,Local color check detected #3298ff.,
umn/source/networking/services/service_overview.rst,Service Overview,/home/ubuntu/repotesting/cloud-container-engine/umn/source/_static/images/en-us_image_0000002483959740.png,figure,34,other,False,False,True,Forbidden color #3298ff was detected in the image.,0,0,0,0,0,0.00,fail,,Images with the forbidden color were not sent to the AI API.,,,local_hard_fail,0,Local color check detected #3298ff.,
umn/source/nodes/management_nodes/performing_a_rolling_upgrade_for_nodes.rst,Performing a Rolling Upgrade for Nodes,/home/ubuntu/repotesting/cloud-container-engine/umn/source/_static/images/en-us_image_0000002483959338.png,figure,15,other,False,False,True,Forbidden color #3298ff was detected in the image.,0,0,0,0,0,0.00,fail,,Images with the forbidden color were not sent to the AI API.,,,local_hard_fail,0,Local color check detected #3298ff.,
umn/source/nodes/node_o_and_m/space_allocation_of_a_data_disk.rst,Space Allocation of a Data Disk,/home/ubuntu/repotesting/cloud-container-engine/umn/source/_static/images/en-us_image_0000002483959392.png,figure,55,other,False,False,True,Forbidden color #3298ff was detected in the image.,0,0,0,0,0,0.00,fail,,Images with the forbidden color were not sent to the AI API.,,,local_hard_fail,0,Local color check detected #3298ff.,
umn/source/nodes/node_o_and_m/space_allocation_of_a_data_disk.rst,Space Allocation of a Data Disk,/home/ubuntu/repotesting/cloud-container-engine/umn/source/_static/images/en-us_image_0000002516199341.png,figure,65,other,False,False,True,Forbidden color #3298ff was detected in the image.,0,0,0,0,0,0.00,fail,,Images with the forbidden color were not sent to the AI API.,,,local_hard_fail,0,Local color check detected #3298ff.,
umn/source/o_and_m/logging/collecting_audit_logs.rst,Collecting Audit Logs,/home/ubuntu/repotesting/cloud-container-engine/umn/source/_static/images/en-us_image_0000002516199619.png,substitution_image,78,icon,True,False,False,,2,2,3,2,3,0.78,partial,,,,200,stop,1,"Image is a simple checkmark/tick icon | RST instructs 'If yes, click |image1|' to enable logging for the audit component | A checkmark is a reasonable confirmation/enable icon but is generic and not specific to audit logging",No surrounding UI context visible to confirm it is a button within the audit logging settings panel
umn/source/o_and_m/logging/collecting_audit_logs.rst,Collecting Audit Logs,/home/ubuntu/repotesting/cloud-container-engine/umn/source/_static/images/en-us_image_0000002484119646.png,substitution_image,79,icon,True,False,False,,2,2,3,2,3,0.78,partial,,,,200,stop,1,"Image is a simple checkmark/tick icon, identical in appearance to image 2 | RST instructs 'Disable the audit component and click |image2|' to confirm the disable action | A checkmark serves as a confirmation icon but is generic and not specific to the disable operation",No surrounding UI context visible to confirm it is a confirm button within the disable audit logging flow
umn/source/o_and_m/o_and_m_best_practices/monitoring_custom_metrics_on_aom.rst,Monitoring Custom Metrics on AOM,/home/ubuntu/repotesting/cloud-container-engine/umn/source/_static/images/en-us_image_0000002483959296.png,figure,11,other,False,False,True,Forbidden color #3298ff was detected in the image.,0,0,0,0,0,0.00,fail,,Images with the forbidden color were not sent to the AI API.,,200,stop,1,Local color check detected #3298ff.,
umn/source/o_and_m/o_and_m_best_practices/monitoring_custom_metrics_on_aom.rst,Monitoring Custom Metrics on AOM,/home/ubuntu/repotesting/cloud-container-engine/umn/source/_static/images/en-us_image_0000002484119270.png,figure,163,other,False,False,True,Forbidden color #3298ff was detected in the image.,0,0,0,0,0,0.00,fail,,Images with the forbidden color were not sent to the AI API.,,200,stop,1,Local color check detected #3298ff.,
umn/source/o_and_m/o_and_m_best_practices/monitoring_custom_metrics_on_aom.rst,Monitoring Custom Metrics on AOM,/home/ubuntu/repotesting/cloud-container-engine/umn/source/_static/images/en-us_image_0000002484119266.png,substitution_image,279,icon,False,False,False,,2,3,2,3,3,0.83,pass,,Images with the forbidden color were not sent to the AI API.,,200,stop,1,"The image is a small copy icon (two overlapping squares with orange and blue borders), matching the RST reference 'click |image1| to copy the command'. | The icon is used in the 'Preparing an Application' section, step 4a, for copying a temporary login command in the SWR UI. | The icon is semantically consistent with the described action of copying a command. | No contradictions between the image and the surrounding text.","The icon is isolated without surrounding UI context, so the exact button label or tooltip is not visible."
umn/source/o_and_m/o_and_m_best_practices/monitoring_custom_metrics_using_cloud_native_cluster_monitoring.rst,Monitoring Custom Metrics Using Cloud Native Cluster Monitoring,/home/ubuntu/repotesting/cloud-container-engine/umn/source/_static/images/en-us_image_0000002484119266.png,substitution_image,537,icon,False,False,False,,1,1,2,2,3,0.55,partial,,,,200,stop,1,"The image is a small copy icon (two overlapping squares with orange and blue borders), used as a UI symbol for copying text to clipboard. | In the RST, the image is referenced in the context of 'click |image1| to copy the command' for generating a temporary SWR login command. | The icon is a generic UI element and does not directly illustrate the monitoring or Prometheus topic of the document. | The icon is relevant to the specific step of uploading an image to SWR in the 'Preparing an Application' section. | No contradiction between the image (a copy icon) and its textual context (click to copy the command).","The image does not provide any specific information about Cloud Native Cluster Monitoring, Prometheus, or custom metrics. | The icon is generic and could appear in any UI context involving copy-to-clipboard functionality."
umn/source/permissions/cluster_permissions_iam-based_authorization.rst,Cluster Permissions (IAM-based Authorization),/home/ubuntu/repotesting/cloud-container-engine/umn/source/_static/images/en-us_image_0000002484119628.png,figure,29,other,False,False,True,Forbidden color #3298ff was detected in the image.,0,0,0,0,0,0.00,fail,,Images with the forbidden color were not sent to the AI API.,,,local_hard_fail,0,Local color check detected #3298ff.,
umn/source/permissions/cluster_permissions_iam-based_authorization.rst,Cluster Permissions (IAM-based Authorization),/home/ubuntu/repotesting/cloud-container-engine/umn/source/_static/images/en-us_image_0000002516199599.png,substitution_image,179,other,False,False,True,Forbidden color #3298ff was detected in the image.,0,0,0,0,0,0.00,fail,,Images with the forbidden color were not sent to the AI API.,,,local_hard_fail,0,Local color check detected #3298ff.,
umn/source/permissions/namespace_permissions_kubernetes_rbac-based.rst,Namespace Permissions (Kubernetes RBAC-based),/home/ubuntu/repotesting/cloud-container-engine/umn/source/_static/images/en-us_image_0000002483959650.png,figure,22,other,False,False,True,Forbidden color #3298ff was detected in the image.,0,0,0,0,0,0.00,fail,,Images with the forbidden color were not sent to the AI API.,,,local_hard_fail,0,Local color check detected #3298ff.,
umn/source/permissions/namespace_permissions_kubernetes_rbac-based.rst,Namespace Permissions (Kubernetes RBAC-based),/home/ubuntu/repotesting/cloud-container-engine/umn/source/_static/images/en-us_image_0262051194.png,figure,149,other,False,False,True,Forbidden color #3298ff was detected in the image.,0,0,0,0,0,0.00,fail,,Images with the forbidden color were not sent to the AI API.,,,local_hard_fail,0,Local color check detected #3298ff.,
umn/source/permissions/permissions_overview.rst,Permissions Overview,/home/ubuntu/repotesting/cloud-container-engine/umn/source/_static/images/en-us_image_0000002516079463.png,figure,30,other,False,False,True,Forbidden color #3298ff was detected in the image.,0,0,0,0,0,0.00,fail,,Images with the forbidden color were not sent to the AI API.,,,local_hard_fail,0,Local color check detected #3298ff.,
umn/source/scheduling/volcano_scheduling/ai_performance-based_scheduling/drf.rst,DRF,/home/ubuntu/repotesting/cloud-container-engine/umn/source/_static/images/en-us_image_0000002484119718.png,figure,36,other,False,False,True,Forbidden color #3298ff was detected in the image.,0,0,0,0,0,0.00,fail,,Images with the forbidden color were not sent to the AI API.,,,local_hard_fail,0,Local color check detected #3298ff.,
umn/source/scheduling/volcano_scheduling/numa_affinity_scheduling.rst,NUMA Affinity Scheduling,/home/ubuntu/repotesting/cloud-container-engine/umn/source/_static/images/en-us_image_0000002516199439.png,figure,89,other,False,False,True,Forbidden color #3298ff was detected in the image.,0,0,0,0,0,0.00,fail,,Images with the forbidden color were not sent to the AI API.,,,local_hard_fail,0,Local color check detected #3298ff.,
umn/source/scheduling/volcano_scheduling/resource_usage-based_scheduling/bin_packing.rst,Bin Packing,/home/ubuntu/repotesting/cloud-container-engine/umn/source/_static/images/en-us_image_0000002483959660.png,figure,52,other,False,False,True,Forbidden color #3298ff was detected in the image.,0,0,0,0,0,0.00,fail,,Images with the forbidden color were not sent to the AI API.,,,local_hard_fail,0,Local color check detected #3298ff.,
umn/source/service_overview/application_scenarios/containerized_application_management.rst,Containerized Application Management,/home/ubuntu/repotesting/cloud-container-engine/umn/source/_static/images/en-us_image_0000002516197263.png,figure,18,other,False,False,True,Forbidden color #3298ff was detected in the image.,0,0,0,0,0,0.00,fail,,Images with the forbidden color were not sent to the AI API.,,,local_hard_fail,0,Local color check detected #3298ff.,
umn/source/service_overview/application_scenarios/containerized_application_management.rst,Containerized Application Management,/home/ubuntu/repotesting/cloud-container-engine/umn/source/_static/images/en-us_image_0000002484117304.png,figure,44,other,False,False,True,Forbidden color #3298ff was detected in the image.,0,0,0,0,0,0.00,fail,,Images with the forbidden color were not sent to the AI API.,,,local_hard_fail,0,Local color check detected #3298ff.,
umn/source/service_overview/application_scenarios/devops_and_ci_cd.rst,DevOps and CI/CD,/home/ubuntu/repotesting/cloud-container-engine/umn/source/_static/images/en-us_image_0000002483957350.png,figure,39,other,False,False,True,Forbidden color #3298ff was detected in the image.,0,0,0,0,0,0.00,fail,,Images with the forbidden color were not sent to the AI API.,,,local_hard_fail,0,Local color check detected #3298ff.,
umn/source/service_overview/application_scenarios/hybrid_clouds.rst,Hybrid Clouds,/home/ubuntu/repotesting/cloud-container-engine/umn/source/_static/images/en-us_image_0000002516077255.png,figure,57,other,False,False,True,Forbidden color #3298ff was detected in the image.,0,0,0,0,0,0.00,fail,,Images with the forbidden color were not sent to the AI API.,,,local_hard_fail,0,Local color check detected #3298ff.,
umn/source/service_overview/cce_advantages.rst,CCE Advantages,/home/ubuntu/repotesting/cloud-container-engine/umn/source/_static/images/en-us_image_0000002516197259.png,figure,31,other,False,False,True,Forbidden color #3298ff was detected in the image.,0,0,0,0,0,0.00,fail,,Images with the forbidden color were not sent to the AI API.,,,local_hard_fail,0,Local color check detected #3298ff.,
umn/source/service_overview/cce_advantages.rst,CCE Advantages,/home/ubuntu/repotesting/cloud-container-engine/umn/source/_static/images/en-us_image_0000002483957322.png,figure,84,other,False,False,True,Forbidden color #3298ff was detected in the image.,0,0,0,0,0,0.00,fail,,Images with the forbidden color were not sent to the AI API.,,,local_hard_fail,0,Local color check detected #3298ff.,
umn/source/service_overview/permissions.rst,Permissions,/home/ubuntu/repotesting/cloud-container-engine/umn/source/_static/images/en-us_image_0261301557.png,figure,168,other,False,False,True,Forbidden color #3298ff was detected in the image.,0,0,0,0,0,0.00,fail,,Images with the forbidden color were not sent to the AI API.,,,local_hard_fail,0,Local color check detected #3298ff.,
umn/source/service_overview/related_services.rst,Related Services,/home/ubuntu/repotesting/cloud-container-engine/umn/source/_static/images/en-us_image_0000002516197289.png,figure,11,other,False,False,True,Forbidden color #3298ff was detected in the image.,0,0,0,0,0,0.00,fail,,Images with the forbidden color were not sent to the AI API.,,,local_hard_fail,0,Local color check detected #3298ff.,
umn/source/storage/storage_basics.rst,Storage Basics,/home/ubuntu/repotesting/cloud-container-engine/umn/source/_static/images/en-us_image_0000002516079251.png,figure,58,other,False,False,True,Forbidden color #3298ff was detected in the image.,0,0,0,0,0,0.00,fail,,Images with the forbidden color were not sent to the AI API.,,,local_hard_fail,0,Local color check detected #3298ff.,
umn/source/storage/storage_basics.rst,Storage Basics,/home/ubuntu/repotesting/cloud-container-engine/umn/source/_static/images/en-us_image_0000002516199251.png,substitution_image,236,other,False,False,True,Forbidden color #3298ff was detected in the image.,0,0,0,0,0,0.00,fail,,Images with the forbidden color were not sent to the AI API.,,,local_hard_fail,0,Local color check detected #3298ff.,
umn/source/storage/storage_overview.rst,Storage Overview,/home/ubuntu/repotesting/cloud-container-engine/umn/source/_static/images/en-us_image_0000002516079321.png,figure,14,other,False,False,True,Forbidden color #3298ff was detected in the image.,0,0,0,0,0,0.00,fail,,Images with the forbidden color were not sent to the AI API.,,,local_hard_fail,0,Local color check detected #3298ff.,
umn/source/workloads/configuring_a_workload/configuring_apm.rst,Configuring APM,/home/ubuntu/repotesting/cloud-container-engine/umn/source/_static/images/en-us_image_0000002516079173.png,figure,12,other,False,False,True,Forbidden color #3298ff was detected in the image.,0,0,0,0,0,0.00,fail,,Images with the forbidden color were not sent to the AI API.,,,local_hard_fail,0,Local color check detected #3298ff.,
umn/source/workloads/scheduling_a_workload/configuring_workload_affinity_or_anti-affinity_scheduling_podaffinity_or_podantiaffinity.rst,Configuring Workload Affinity or Anti-affinity Scheduling (podAffinity or podAntiAffinity),/home/ubuntu/repotesting/cloud-container-engine/umn/source/_static/images/en-us_image_0000002484119376.png,figure,25,other,False,False,True,Forbidden color #3298ff was detected in the image.,0,0,0,0,0,0.00,fail,,Images with the forbidden color were not sent to the AI API.,,200,stop,1,Local color check detected #3298ff.,
umn/source/workloads/scheduling_a_workload/configuring_workload_affinity_or_anti-affinity_scheduling_podaffinity_or_podantiaffinity.rst,Configuring Workload Affinity or Anti-affinity Scheduling (podAffinity or podAntiAffinity),/home/ubuntu/repotesting/cloud-container-engine/umn/source/_static/images/en-us_image_0000002516199353.png,substitution_image,269,icon,False,False,False,,2,2,3,3,3,0.83,pass,,Images with the forbidden color were not sent to the AI API.,,200,stop,1,"The image is a small isolated plus (+) symbol, matching the 'icon' classification. | In the RST, |image1| is referenced in step 4 of the CCE Console procedure: 'click |image1| to add a scheduling policy', so the plus icon semantically represents the 'add' action. | The icon is placed within the 'Using the CCE Console' section and aligns with the workload affinity configuration workflow. | The visual content (a black plus on white) is clearly legible and unambiguous. | No contradiction between the icon and the surrounding text.","The image is a generic plus icon without surrounding UI context, so it does not show the actual scheduling policy dialog or affinity fields. | No label or text accompanies the icon to confirm it specifically denotes 'Add Policy'."
umn/source/workloads/workload_overview.rst,Workload Overview,/home/ubuntu/repotesting/cloud-container-engine/umn/source/_static/images/en-us_image_0258392378.png,figure,25,other,False,False,True,Forbidden color #3298ff was detected in the image.,0,0,0,0,0,0.00,fail,,Images with the forbidden color were not sent to the AI API.,,,local_hard_fail,0,Local color check detected #3298ff.,
umn/source/workloads/workload_overview.rst,Workload Overview,/home/ubuntu/repotesting/cloud-container-engine/umn/source/_static/images/en-us_image_0258095884.png,figure,38,other,False,False,True,Forbidden color #3298ff was detected in the image.,0,0,0,0,0,0.00,fail,,Images with the forbidden color were not sent to the AI API.,,,local_hard_fail,0,Local color check detected #3298ff.,
umn/source/workloads/workload_overview.rst,Workload Overview,/home/ubuntu/repotesting/cloud-container-engine/umn/source/_static/images/en-us_image_0258203193.png,figure,68,other,False,False,True,Forbidden color #3298ff was detected in the image.,0,0,0,0,0,0.00,fail,,Images with the forbidden color were not sent to the AI API.,,,local_hard_fail,0,Local color check detected #3298ff.,
umn/source/workloads/workload_overview.rst,Workload Overview,/home/ubuntu/repotesting/cloud-container-engine/umn/source/_static/images/en-us_image_0258871213.png,figure,81,other,False,False,True,Forbidden color #3298ff was detected in the image.,0,0,0,0,0,0.00,fail,,Images with the forbidden color were not sent to the AI API.,,,local_hard_fail,0,Local color check detected #3298ff.,
