document,title,image,image_type,result,score,reasons,missing_evidence
api-ref/source/api_usage_guidelines.rst,API Usage Guidelines,,,fail,,kein valides Bild,No model result was produced.
api-ref/source/appendix/attaching_disks_to_a_node.rst,Attaching Disks to a Node,,,fail,,kein valides Bild,No model result was produced.
api-ref/source/appendix/creating_a_vpc_and_subnet.rst,Creating a VPC and Subnet,,,fail,,kein valides Bild,No model result was produced.
api-ref/source/appendix/how_to_obtain_parameters_in_the_api_uri.rst,How to Obtain Parameters in the API URI,,,fail,,kein valides Bild,No model result was produced.
api-ref/source/appendix/obtaining_a_project_id.rst,Obtaining a Project ID,,,fail,,kein valides Bild,No model result was produced.
api-ref/source/appendix/obtaining_the_account_id.rst,Obtaining the Account ID,,,fail,,kein valides Bild,No model result was produced.
api-ref/source/appendix/space_allocation_of_a_data_disk.rst,Space Allocation of a Data Disk,,,fail,,kein valides Bild,No model result was produced.
umn/source/add-ons/add-on_upgrade_checks/checks_before_an_nginx_ingress_controller_upgrade.rst,Checks Before an NGINX Ingress Controller Upgrade,en-us_image_0000002516079437.png,screenshot,pass,1.00,"Image shows terminal output of 'openssl rsa -in server.key -noout -text' command displaying an RSA Private-Key of 1024 bit, 2 primes | The red box highlights the key length line, directly illustrating an RSA key that does NOT meet the 2048-bit minimum requirement for security level 2 | This matches the RST section on RSA key length requirements under Certificate Key Length | The command and output format align with the openssl command described in the RST solution steps",No additional context beyond the terminal output is visible
umn/source/add-ons/add-on_upgrade_checks/checks_before_an_nginx_ingress_controller_upgrade.rst,Checks Before an NGINX Ingress Controller Upgrade,en-us_image_0000002516199433.png,screenshot,pass,1.00,"Image shows terminal output of 'openssl dsa -in dsa_private_key.pem -noout -text' command displaying a DSA Private-Key of 256 bit | The red box highlights the key length line, directly illustrating a DSA key that does NOT meet the 2048-bit minimum requirement for security level 2 | This matches the RST section on DSA key length requirements under Certificate Key Length | The command and output format align with the openssl command described in the RST solution steps",No additional context beyond the terminal output is visible
umn/source/add-ons/add-on_upgrade_checks/general_check_items.rst,General Check Items,en-us_image_0000002484119160.png,screenshot,pass,1.00,"Image shows a YAML code viewer with line numbers displaying a Kubernetes pod status field | The highlighted fields (phase: Running, Ready status: 'True', ready: true for coredns) exactly match the RST instructions in step 3b | The container name 'coredns' matches the RST statement 'The CoreDNS add-on is used as an example' | Red boxes highlight the three specific fields the RST instructs the user to verify | The YAML structure (status, conditions, containerStatuses) aligns with the described check procedure","No visible UI chrome (navigation pane, tabs) to confirm this is the CCE console specifically | The full pod name is not visible, only the container name 'coredns' is shown"
umn/source/add-ons/add-on_upgrade_checks/general_check_items.rst,General Check Items,en-us_image_0000002516199131.png,screenshot,pass,1.00,Image shows a YAML code viewer with line numbers displaying a Service status field | The structure status.loadBalancer.ingress with non-empty IP values directly matches the RST statement 'The value of status.loadBalancer.ingress is not empty' | The presence of VIP ipMode entries is consistent with a LoadBalancer Service in a cloud environment | This corresponds to step 4b in the RST which uses NGINX Ingress Controller as an example for checking LoadBalancer Service status,No visible UI chrome to confirm this is the CCE console | The Service name is not visible in the cropped view | One IP address appears partially redacted/blurred
umn/source/add-ons/cloud_native_ai_add-ons/cce_ai_suite_nvidia_gpu.rst,CCE AI Suite (NVIDIA GPU),en-us_image_0000002516079373.png,other,fail,0.00,Local color check detected #3298ff.,
umn/source/add-ons/cloud_native_ai_add-ons/cce_ai_suite_nvidia_gpu.rst,CCE AI Suite (NVIDIA GPU),en-us_image_0000002516199373.png,screenshot,pass,1.00,"Image is Figure 2 'Selecting parameters' showing the NVIDIA Manual Driver Search page | Displays dropdowns for Data Center/Tesla, V-Series, Tesla V100, Linux 64-bit (highlighted), Any CUDA Toolkit Version, English (US) | Matches RST step 3: 'Log in to the NVIDIA driver download page and search for driver information. The OS must be Linux 64-bit.' | The red highlight on Linux 64-bit aligns with the RST emphasis on selecting Linux 64-bit OS",
umn/source/add-ons/cloud_native_ai_add-ons/cce_ai_suite_nvidia_gpu.rst,CCE AI Suite (NVIDIA GPU),en-us_image_0000002483959410.png,screenshot,pass,1.00,"Image is Figure 3 'Viewing the driver information' showing the Data Center Driver for Linux x64 page | Displays Driver Version 535.161.08, CUDA Toolkit 12.2, Release Date 2024-3-18, File Size 341.82 MB | The View button is highlighted in red, matching RST step 4: 'find the driver to be downloaded and click View' | Consistent with the 'Obtaining a Driver Link from the Internet' section",
umn/source/add-ons/cloud_native_ai_add-ons/cce_ai_suite_nvidia_gpu.rst,CCE AI Suite (NVIDIA GPU),en-us_image_0000002516079355.png,screenshot,pass,1.00,"Image is Figure 4 'Obtaining the link' showing the full driver detail page for Data Center Driver for Linux x64 535.161.08 | Displays Driver Version, Release Date, Operating System, CUDA Toolkit, Language, File Size, and a Download button highlighted in red | Matches RST step 5: 'Click Download and copy the download link' | The breadcrumb shows Tesla V100 | Linux 64-bit path, consistent with the search parameters in Figure 2",
umn/source/add-ons/cloud_native_ai_add-ons/cce_ai_suite_nvidia_gpu.rst,CCE AI Suite (NVIDIA GPU),en-us_image_0000002516199377.png,screenshot,pass,1.00,"Image is |image1| showing nvidia-smi terminal output with NVIDIA-SMI 440.118.02, Driver Version 440.118.02, CUDA Version 10.2 | Displays Tesla V100-SXM2 GPU with memory usage 0MiB/16160MiB and no running processes | Matches the 'Verifying the Add-on' section: 'If GPU information is returned, the device is available and the add-on has been installed' | Serves as example output demonstrating successful GPU verification",
umn/source/add-ons/cloud_native_ai_add-ons/cce_ai_suite_nvidia_gpu.rst,CCE AI Suite (NVIDIA GPU),en-us_image_0000002516079369.png,screenshot,pass,1.00,"Image is |image2| showing nvidia-smi terminal output with NVIDIA-SMI 535.216.03, Driver Version 535.216.03, CUDA Version 12.2 | Displays Tesla T4 GPU with memory 0MiB/15360MiB and no running processes | Matches RST text exactly: 'The node driver version is 535.216.03 and matches the specified version. This indicates that the upgrade has been completed' | Located in the 'Upgrading a GPU Driver' section as verification of successful driver upgrade",
umn/source/add-ons/container_network_add-ons/coredns.rst,CoreDNS,en-us_image_0000002484119088.png,other,fail,0.00,Local color check detected #3298ff.,
umn/source/add-ons/container_network_add-ons/nginx_ingress_controller.rst,NGINX Ingress Controller,en-us_image_0000002484119084.png,other,fail,0.00,Local color check detected #3298ff.,
umn/source/add-ons/container_network_add-ons/nodelocal_dnscache.rst,NodeLocal DNSCache,en-us_image_0000002516199253.png,other,fail,0.00,Local color check detected #3298ff.,
umn/source/add-ons/container_network_add-ons/nodelocal_dnscache.rst,NodeLocal DNSCache,en-us_image_0000002516079513.png,screenshot,pass,1.00,"Screenshot of a YAML code editor showing the healthPort parameter set to 8081, highlighted with a red box | Directly matches the RST instruction to 'Search for the healthPort parameter and change its value to a specified port number, for example, 8081' | Shows surrounding context (node-cache deployment args) consistent with NodeLocal DNSCache configuration | No contradictions with the document text",
umn/source/add-ons/container_network_add-ons/nodelocal_dnscache.rst,NodeLocal DNSCache,en-us_image_0000002483959570.png,screenshot,pass,1.00,"Screenshot of a YAML code editor showing CoreDNS plugin configuration with port: 8081 highlighted in a red box and zone: cluster.local:53 highlighted in a yellow box | Directly matches the RST instruction to 'Search for the cluster.local parameter and change the value of port in the array to the specified port number, for example, 8081' | Shows the health plugin section with port parameter, consistent with changing the default health check port | No contradictions with the document text",
umn/source/auto_scaling/node_scaling/modifying_the_node_scale-in_concurrency_settings.rst,Modifying the Node Scale-In Concurrency Settings,en-us_image_0000002484119358.png,screenshot,pass,1.00,"The image is a screenshot of a YAML editor (dark theme with line numbers) showing the CCE Cluster Autoscaler add-on configuration. | It displays the exact parameters named in the RST table: parallelDrain, maxScaleDownParallelism, maxDrainParallelism, and maxGracefulTerminationFlag. | The highlighted values (true, 20, 20, 3600) match the example values given in the document's parameter table. | The image is placed in Procedure step 4, which instructs the user to modify spec.values.custom, matching the visible 'custom:' YAML section. | No visible contradiction between the image content and the RST description.","The image does not show the surrounding console UI (e.g., the Edit YAML button or Submit button) referenced in the procedure steps. | The full YAML context above line 36 is not visible, so the exact 'spec.values.custom' path header is not directly shown."
umn/source/auto_scaling/node_scaling/node_scaling_rules.rst,Node Scaling Rules,en-us_image_0000002484118984.png,other,fail,0.00,Local color check detected #3298ff.,
umn/source/auto_scaling/node_scaling/priorities_for_scaling_node_pools.rst,Priorities for Scaling Node Pools,en-us_image_0000002516079049.png,other,fail,0.00,Local color check detected #3298ff.,
umn/source/auto_scaling/using_hpa_and_ca_for_auto_scaling_of_workloads_and_nodes.rst,Using HPA and CA for Auto Scaling of Workloads and Nodes,en-us_image_0000002516077999.png,other,fail,0.00,Local color check detected #3298ff.,
umn/source/auto_scaling/using_hpa_and_ca_for_auto_scaling_of_workloads_and_nodes.rst,Using HPA and CA for Auto Scaling of Workloads and Nodes,en-us_image_0000002484118024.png,icon,partial,0.72,"The image is a small copy icon (two overlapping squares), matching the RST instruction 'click |image1| to copy the command' in step e of the Preparations section. | It is a generic UI symbol rather than a diagram of HPA/CA, so its topical relevance to auto scaling is indirect. | The icon is low-resolution and small, limiting the amount of visual detail that can be verified.",No text or label is visible to confirm the exact function beyond a copy action. | The icon is too small/blurry to assess fine visual details.
umn/source/auto_scaling/using_hpa_and_ca_for_auto_scaling_of_workloads_and_nodes.rst,Using HPA and CA for Auto Scaling of Workloads and Nodes,en-us_image_0000002483958054.png,screenshot,pass,1.00,"The screenshot shows a 'Policy Configuration' UI for an HPA policy, directly matching the 'Creating an HPA Policy' section where |image2| is referenced. | Visible values align with the HPA YAML in the document: Pod Range 1-100 (minReplicas 1, maxReplicas 100), CPU usage Desired Value 50% (averageUtilization 50), and Tolerance Range 30-70 (targetRange low 30, high 70). | Interactive controls are visible, including the Default/Custom scaling behavior tabs, a metric dropdown, input fields, and a Delete action.",The screenshot does not show the scaling time window (downscaleWindow/upscaleWindow) annotations mentioned in the YAML. | No cluster or workload name is visible to confirm the specific hpa-example association.
umn/source/auto_scaling/workload_scaling/creating_a_scheduled_cronhpa_policy.rst,Creating a Scheduled CronHPA Policy,en-us_image_0000002516079039.png,other,fail,0.00,Local color check detected #3298ff.,
umn/source/auto_scaling/workload_scaling/creating_a_scheduled_cronhpa_policy.rst,Creating a Scheduled CronHPA Policy,en-us_image_0000002483959088.png,other,fail,0.00,Local color check detected #3298ff.,
umn/source/auto_scaling/workload_scaling/creating_a_scheduled_cronhpa_policy.rst,Creating a Scheduled CronHPA Policy,en-us_image_0000002483959090.png,other,fail,0.00,Local color check detected #3298ff.,
umn/source/auto_scaling/workload_scaling/creating_a_scheduled_cronhpa_policy.rst,Creating a Scheduled CronHPA Policy,en-us_image_0000002516199037.png,icon,partial,0.72,"The image is a small '+' (plus) icon, a standard 'Add' button symbol used in UI contexts. | In the RST, |image3| is referenced in step 5 of the CCE console workflow: 'Click |image3| in the CronHPA policy rule', indicating it is the add-rule button. | The icon is semantically consistent with the action of adding a new CronHPA policy rule. | The image is a generic UI symbol and does not provide specific visual detail about CronHPA configuration itself.","No surrounding UI context (e.g., the CronHPA rule list or dialog) is visible in the image. | No label or text accompanies the '+' icon to confirm it is specifically the 'Add Rule' button."
umn/source/auto_scaling/workload_scaling/creating_a_scheduled_cronhpa_policy.rst,Creating a Scheduled CronHPA Policy,en-us_image_0000002484119066.png,icon,partial,0.72,"The image is a small '+' (plus) icon, identical in appearance to the first attached image, representing an 'Add' action button. | In the RST, |image4| is referenced in step 4 of the 'Using CronHPA to Directly Adjust the Number of Deployment Pods' console workflow: 'Click |image4| in the CronHPA policy rule'. | The icon is consistent with the described action of adding a new CronHPA policy rule for direct Deployment pod adjustment. | As a generic UI symbol, it does not convey specific CronHPA or Deployment scaling details.","No surrounding UI context (e.g., the CronHPA rule list or dialog) is visible in the image. | No label or text accompanies the '+' icon to confirm its specific function in the Deployment-pod-adjustment workflow."
umn/source/auto_scaling/workload_scaling/creating_an_ahpa_policy.rst,Creating an AHPA Policy,en-us_image_0000002516079031.png,other,fail,0.00,Local color check detected #3298ff.,
umn/source/auto_scaling/workload_scaling/creating_an_hpa_policy_with_custom_metrics.rst,Creating an HPA Policy with Custom Metrics,en-us_image_0000002483959146.png,screenshot,pass,1.00,"The image is a terminal screenshot showing JSON output from the custom.metrics.k8s.io/v1beta1 API, matching the kubectl command in Step 3. | The output explicitly contains the metric name 'container_cpu_usage_core_per_second', the same custom metric the document describes creating. | The image is placed immediately after the verification command in Step 3, item 5, confirming the metric was added. | Fields such as apiVersion 'custom.metrics.k8s.io/v1beta1', namespace 'default', and a Pod entry align with the documented command and example.","The terminal capture is a single line and may be truncated, so the full response body is not fully visible. | No surrounding terminal prompt or command line is shown, only the JSON output."
umn/source/auto_scaling/workload_scaling/workload_scaling_rules.rst,Workload Scaling Rules,en-us_image_0000002483959248.png,other,fail,0.00,Local color check detected #3298ff.,
umn/source/auto_scaling/workload_scaling/workload_scaling_rules.rst,Workload Scaling Rules,en-us_image_0000002483959246.png,other,fail,0.00,Local color check detected #3298ff.,
umn/source/best_practice/auto_scaling/using_hpa_and_ca_for_auto_scaling_of_workloads_and_nodes.rst,Using HPA and CA for Auto Scaling of Workloads and Nodes,en-us_image_0000002516077999.png,other,fail,0.00,Local color check detected #3298ff.,
umn/source/best_practice/auto_scaling/using_hpa_and_ca_for_auto_scaling_of_workloads_and_nodes.rst,Using HPA and CA for Auto Scaling of Workloads and Nodes,en-us_image_0000002484118024.png,icon,partial,0.65,"The image is a small copy icon (two overlapping squares), matching its use in step e as the control to copy the temporary login command. | It is a generic UI symbol, not specific to HPA/CA auto scaling, so detail match is limited. | It appears in the Preparations section where the SWR login command is copied, so it is contextually relevant. | No contradiction with the surrounding text.",The icon carries no text or context-specific detail beyond being a copy symbol. | No indication of the surrounding SWR console UI is visible in the image itself.
umn/source/best_practice/auto_scaling/using_hpa_and_ca_for_auto_scaling_of_workloads_and_nodes.rst,Using HPA and CA for Auto Scaling of Workloads and Nodes,en-us_image_0000002483958054.png,screenshot,pass,1.00,"The screenshot shows a 'Policy Configuration' UI for an HPA policy, directly matching the 'Creating an HPA Policy' section. | Pod Range 1-100 matches minReplicas: 1 and maxReplicas: 100 in the YAML. | CPU usage Desired Value 50% matches averageUtilization: 50, and Tolerance Range 30-70 matches the targetRange low/high annotations. | Interactive controls (Default/Custom tabs, dropdowns, Delete link) are visible. | No contradiction with the described HPA policy parameters.",The scaling time window (downscaleWindow/upscaleWindow) is not explicitly shown in the visible portion. | The associated workload name (hpa-example) is not visible in this cropped view.
umn/source/best_practice/backup_and_migration/backing_up_and_migrating_clusters/migrating_kubernetes_clusters_to_cce_using_velero/procedure/performing_additional_tasks.rst,Performing Additional Tasks,en-us_image_0000002483958426.png,screenshot,pass,1.00,"The image is a WordPress web page screenshot titled 'MIGRATE TO CCE' with a 'Demo' article, matching the cluster migration to CCE topic. | The RST instructs to access the new WordPress address and confirm a pre-migration article is displayed; the image shows exactly such an article ('Demo', published December 10, 2021). | The image is placed in the 'Verifying Application Functions' section, which it directly illustrates by showing the restored WordPress content. | Visible UI elements (top navigation bar, article title, publish date, category link) provide clear visual evidence of a functioning WordPress application. | No contradiction between the image content and the surrounding RST text.","The image does not show the original domain name or the new domain name explicitly, so the URL replacement step is not directly visible. | No database values (site_url, primary URL) are shown, which are mentioned in the text."
umn/source/best_practice/backup_and_migration/backing_up_and_migrating_clusters/migrating_kubernetes_clusters_to_cce_using_velero/solution_overview.rst,Solution Overview,en-us_image_0000002484118198.png,other,fail,0.00,Local color check detected #3298ff.,
umn/source/best_practice/backup_and_migration/backing_up_and_migrating_clusters/migrating_kubernetes_clusters_to_cce_using_velero/solution_overview.rst,Solution Overview,en-us_image_0000002516078173.png,other,fail,0.00,Local color check detected #3298ff.,
umn/source/best_practice/cluster/connecting_to_multiple_clusters_using_kubectl.rst,Connecting to Multiple Clusters Using kubectl,en-us_image_0000002516077899.png,other,fail,0.00,Local color check detected #3298ff.,
umn/source/best_practice/cluster/connecting_to_multiple_clusters_using_kubectl.rst,Connecting to Multiple Clusters Using kubectl,en-us_image_0000002483957958.png,screenshot,pass,0.83,"The image is a UI panel titled 'Access Cluster ... Through kubectl' showing steps to download kubectl and the kubeconfig file, matching the document's kubectl/kubeconfig theme. | It is placed in the 'kubeconfig File Structure' section right after the sentence 'You can download it on the cluster details page', and the image explicitly shows 'Download the kubeconfig file. Click here to download kubeconfig.', which aligns with that statement. | The screenshot contains interactive controls (close button, 'here' hyperlink, 'Install Tools' hyperlink, copy icon), so contains_interactive_buttons is true. | No visible content contradicts the RST text.","The image does not show the actual kubeconfig file content or the multi-cluster context switching described later in the document. | The cluster name in the title is partially redacted, so the exact cluster cannot be confirmed."
umn/source/best_practice/cluster/creating_an_ipv4_ipv6_dual-stack_cluster_in_cce.rst,Creating an IPv4/IPv6 Dual-Stack Cluster in CCE,en-us_image_0000002516198109.png,screenshot,pass,1.00,"The image shows a terminal output of 'ping6 ipv6.baidu.com' which exactly matches the RST description in the 'Verifying the Result' section. | The RST states 'ping6 ipv6.baidu.com is used as an example here' and the image displays precisely that command with successful ICMPv6 responses. | The image is labeled as 'Figure 1 Result verification' in the RST, and the content confirms IPv6 connectivity verification. | The terminal shows 4 successful replies from 2400:da00:2::29 with ttl=42, confirming working IPv6 connectivity.",
umn/source/best_practice/cluster/creating_an_ipv4_ipv6_dual-stack_cluster_in_cce.rst,Creating an IPv4/IPv6 Dual-Stack Cluster in CCE,en-us_image_0000002483958176.png,icon,pass,0.93,"The image is a location pin/map marker icon, which is consistent with the RST instruction to 'Click |image1| in the upper left corner of the management console and select a region and a project.' | The icon is used in Step 1 (Create a VPC and Subnet) for region/project selection, which is a standard UI pattern for cloud management consoles. | The icon is a small symbolic graphic (pictogram) representing a location/region selector, matching the 'icon' classification. | No interactive buttons are visible in the image itself; it is a standalone icon.",Cannot verify the exact placement in the upper left corner of the management console from the icon alone. | Cannot confirm the exact UI context (surrounding elements) since only the isolated icon is shown.
umn/source/best_practice/cluster/creating_an_ipv4_ipv6_dual-stack_cluster_in_cce.rst,Creating an IPv4/IPv6 Dual-Stack Cluster in CCE,en-us_image_0000002516078141.png,icon,pass,0.93,"The image is a location pin/map marker icon, consistent with the RST instruction in Step 3 to 'Click |image2| in the upper left corner of the management console and select a region and a project.' | The icon is used in Step 3 (Apply for a Shared Bandwidth) for region/project selection, matching the standard cloud console UI pattern. | The icon is a small symbolic graphic (pictogram) representing a location/region selector, matching the 'icon' classification. | No interactive buttons are visible in the image itself; it is a standalone icon.",Cannot verify the exact placement in the upper left corner of the management console from the icon alone. | Cannot confirm the exact UI context (surrounding elements) since only the isolated icon is shown.
umn/source/best_practice/cluster/executing_the_pre-_or_post-installation_commands_during_node_creation.rst,Executing the Pre- or Post-installation Commands During Node Creation,en-us_image_0000002484118386.png,screenshot,pass,1.00,"Image shows a 'Post-installation Command' input field, directly matching the topic of entering pre-/post-installation commands. | The command text in the field exactly matches the iptables example given in the RST procedure. | The image is placed in step 3 of the Procedure section describing the Advanced Settings area, so it is section-relevant. | Clear visual evidence of the labeled text input and the iptables rule is present. | No contradiction between the image content and the RST text.","The surrounding Advanced Settings panel and other fields are not visible, only the post-installation command field is shown."
umn/source/best_practice/cluster/protecting_a_cce_cluster_against_overload.rst,Protecting a CCE Cluster Against Overload,en-us_image_0000002483957974.png,other,fail,0.00,Local color check detected #3298ff.,
umn/source/best_practice/container/configuring_the_etc_hosts_file_of_a_pod_using_hostaliases.rst,Configuring the /etc/hosts File of a Pod Using hostAliases,en-us_image_0000002483957908.png,screenshot,pass,1.00,"Terminal screenshot showing `cat /etc/hosts` inside the hostaliases-pod, directly matching the document topic of configuring /etc/hosts via hostAliases. | The 'Entries added by HostAliases' section lists 127.0.0.1 foo.local bar.local and 10.1.2.3 foo.remote bar.remote, exactly matching the YAML hostAliases values in the RST. | Image is placed in step 5 ('Check whether the hostAliases functions properly'), so it is highly relevant to that section. | Clear, legible terminal output provides strong visual evidence of the hostAliases effect. | No contradiction between the image content and the RST description.","The image does not show the preceding `docker ps | grep` or `docker exec` commands, only the resulting /etc/hosts output."
umn/source/best_practice/container/using_init_containers_to_initialize_an_application.rst,Using Init Containers to Initialize an Application,en-us_image_0000002484118404.png,screenshot,pass,1.00,"The image is a terminal screenshot of `docker ps -a | grep mysql` output, matching the command shown in Procedure step 3. | It displays a busybox container running `sh -c 'sleep 20'` with status `Exited (0) 50 seconds ago`, which corresponds to the init container defined in the YAML example. | The red box highlights the `Exited (0)` status, directly illustrating the RST statement that the query result Exited (0) shows the init container's exit status. | The percona container row matches the main application container (percona:5.7.22) in the deployment YAML. | No interactive UI controls are present; it is plain terminal text output.","The full command line is not visible, only the resulting table output is shown. | Node/host context is not displayed, only container rows."
umn/source/best_practice/containerization/containerizing_an_enterprise_application_erp/procedure/building_and_uploading_an_image.rst,Building and Uploading an Image,en-us_image_0000002516197739.png,screenshot,pass,1.00,"The image is a terminal screenshot showing the output of `ll` in the `apptest` directory, matching step 2 of the procedure. | It displays the files needed to build the image (Dockerfile, apache-tomcat, jdk, mongodb, start script), consistent with the note that build files must be in the same directory. | Red boxes highlight the key build inputs, reinforcing the document's instruction to verify directory contents. | The prompt `root@ecs-aos:~/apptest#` aligns with the RST instruction to log in as root and enter the apptest directory.","No explicit caption in the RST describing the highlighted items, but the context makes the intent clear."
umn/source/best_practice/containerization/containerizing_an_enterprise_application_erp/procedure/containerization_process.rst,Containerization Process,en-us_image_0000002516078429.png,other,fail,0.00,Local color check detected #3298ff.,
umn/source/best_practice/containerization/containerizing_an_enterprise_application_erp/procedure/containerizing_an_entire_application.rst,Containerizing an Entire Application,en-us_image_0000002484118406.png,other,pass,1.00,"The image is an architecture diagram matching Figure 1 'Application architecture' referenced in the RST. | It shows Tomcat and MongoDB enclosed in a dashed boundary (the container image) and MySQL outside, consistent with the text describing Tomcat+MongoDB packaged as an image and MySQL as an external cloud database. | Arrows from Tomcat to MongoDB and from Tomcat to MySQL match the described interconnections. | No interactive UI controls are present, so it is classified as 'other' (a diagram), not a screenshot or icon.","The diagram does not label the dashed box as a container/image, but this is implied by the surrounding text."
umn/source/best_practice/containerization/containerizing_an_enterprise_application_erp/procedure/creating_a_container_workload.rst,Creating a Container Workload,en-us_image_0000002516198019.png,icon,pass,0.83,"The image is a small plus (+) symbol, an isolated UI pictogram, matching the RST reference |image1| used in step f to add a service. | The plus glyph is a conventional 'add' control, consistent with the instruction 'click |image1| to add a service' in the Service Settings area. | It appears within the Procedure section (step f, Service Settings), directly relevant to creating the workload. | The visual content (a plus sign) is clearly and unambiguously visible. | No contradiction between the icon and the surrounding text.","The image is a generic plus icon with no surrounding UI context, so it cannot confirm the exact 'Service Settings' panel or button label. | No text or label accompanies the icon to explicitly identify it as the 'add service' control."
umn/source/best_practice/devops/interconnecting_gitlab_with_swr_and_cce_for_ci_cd.rst,Interconnecting GitLab with SWR and CCE for CI/CD,en-us_image_0000002483958154.png,other,pass,0.93,"Image is a CI/CD process diagram showing Continuous Integration and Continuous Deployment phases, matching the document's CI/CD topic. | It is referenced as Figure 1 in the Background section, providing general context for the CI/CD workflow. | The diagram is generic and does not show GitLab, SWR, or CCE specifics, so detail match is slightly lower. | No contradictions with the RST content.","The diagram does not specifically reference GitLab, SWR, or CCE components mentioned in the document."
umn/source/best_practice/devops/interconnecting_gitlab_with_swr_and_cce_for_ci_cd.rst,Interconnecting GitLab with SWR and CCE for CI/CD,en-us_image_0000002516198079.png,screenshot,pass,1.00,"Screenshot shows GitLab Settings > CI/CD > Runners page with registration URL and token, exactly as described in the RST. | The RST instructs to click Expand next to Runners and search for the registration URL and token, which is visible in the image. | Located in the Installing GitLab Runner section, matching the context. | No contradictions observed.",
umn/source/best_practice/devops/interconnecting_gitlab_with_swr_and_cce_for_ci_cd.rst,Interconnecting GitLab with SWR and CCE for CI/CD,en-us_image_0000002516198063.png,screenshot,pass,1.00,"Screenshot shows the GitLab CI/CD Runners page after installation, with an available specific runner listed. | The RST states that after installation you can view the connection information in GitLab, which this image demonstrates. | The runner name 'gitlab-runner-gitlab-runner-7d76d4fdbf-z5gfr' confirms a Helm-installed runner on a cluster. | No contradictions observed.",
umn/source/best_practice/devops/interconnecting_gitlab_with_swr_and_cce_for_ci_cd.rst,Interconnecting GitLab with SWR and CCE for CI/CD,en-us_image_0000002484118104.png,screenshot,pass,1.00,"Screenshot shows the GitLab CI/CD Variables page with kube_config, project, swr_ak, and swr_sk variables, exactly matching the RST description. | The RST instructs to click Expand next to Variables to add variables, which is shown here. | Located in the Configuring Global Variables section, matching the context perfectly. | No contradictions observed.",
umn/source/best_practice/devops/interconnecting_gitlab_with_swr_and_cce_for_ci_cd.rst,Interconnecting GitLab with SWR and CCE for CI/CD,en-us_image_0000002516078095.png,screenshot,pass,1.00,"Screenshot shows the GitLab Repository > Files > New file page with .gitlab-ci.yml selected in the template dropdown. | The RST instructs to add the .gitlab-ci.yml file to Repository, which is exactly what is shown. | Located in the Creating a Pipeline section, matching the context. | No contradictions observed.",
umn/source/best_practice/devops/interconnecting_gitlab_with_swr_and_cce_for_ci_cd.rst,Interconnecting GitLab with SWR and CCE for CI/CD,en-us_image_0000002516198087.png,screenshot,pass,1.00,"Screenshot shows the GitLab CI/CD Pipelines page with Package, Build, and Deploy stages all showing green checkmarks. | The RST states that after saving .gitlab-ci.yml the pipeline starts and you can view execution status, which is demonstrated here. | The three stages match the stages defined in the .gitlab-ci.yml content in the RST. | No contradictions observed.",
umn/source/best_practice/devops/interconnecting_gitlab_with_swr_and_cce_for_ci_cd.rst,Interconnecting GitLab with SWR and CCE for CI/CD,en-us_image_0000002516198071.png,screenshot,pass,1.00,Screenshot shows a terminal/job log with a 'KUBECONFIG: ambiguous redirect' error during the deploy step. | The RST references this image in the Common Issues section as a deployment problem to check for missing kubeconfig commands. | The error directly relates to the kube_config variable and KUBECONFIG environment variable discussed in the RST. | No contradictions observed.,
umn/source/best_practice/devops/interconnecting_gitlab_with_swr_and_cce_for_ci_cd.rst,Interconnecting GitLab with SWR and CCE for CI/CD,en-us_image_0000002483958152.png,screenshot,pass,1.00,"Screenshot shows kubectl apply -f k8s.yaml failing with Forbidden errors for nginx-test deployment and service in the gitlab namespace. | The RST references this as an alternative deployment error in the Common Issues section, pointing to missing kubeconfig configuration. | The error messages about 'system:serviceaccount:gitlab:default' lacking permissions align with the need to configure kubeconfig properly. | No contradictions observed.",
umn/source/best_practice/devops/interconnecting_gitlab_with_swr_and_cce_for_ci_cd.rst,Interconnecting GitLab with SWR and CCE for CI/CD,en-us_image_0000002516078085.png,screenshot,pass,1.00,Screenshot shows a Docker build failure with 'Cannot connect to the Docker daemon at tcp://docker:2375' error. | The RST references this in Common Issues as a Docker execution problem caused by the privileged: true parameter not being transferred. | The error message matches the description of Docker not being executable due to permission issues. | No contradictions observed.,
umn/source/best_practice/monitoring/monitoring_multiple_clusters_using_prometheus.rst,Monitoring Multiple Clusters Using Prometheus,en-us_image_0000002483958016.png,other,pass,1.00,Diagram shows two clusters (A and B) each with two nodes connected to a single Prometheus instance | Matches the Solution Architecture section description of multiple clusters connected to the same Prometheus | Labels and structure clearly illustrate the monitoring topology described in the RST,
umn/source/best_practice/monitoring/monitoring_multiple_clusters_using_prometheus.rst,Monitoring Multiple Clusters Using Prometheus,en-us_image_0000002484118002.png,screenshot,pass,1.00,"Terminal screenshot of kubectl describe sa prometheus-test -n kube-system | Shows the service account name, namespace, and token name (prometheus-test-token-hdhkg) | Directly corresponds to the RST command in step 1b for obtaining serviceaccount information",
umn/source/best_practice/monitoring/monitoring_multiple_clusters_using_prometheus.rst,Monitoring Multiple Clusters Using Prometheus,en-us_image_0000002484118000.png,screenshot,pass,1.00,"Terminal screenshot of kubectl describe secret prometheus-test-token-hdhkg -n kube-system | Shows the token value highlighted in red, which is the bearer_token to be collected | Matches the RST instruction to record the token value as bearer_token information",
umn/source/best_practice/monitoring/monitoring_multiple_clusters_using_prometheus.rst,Monitoring Multiple Clusters Using Prometheus,en-us_image_0000002484118012.png,screenshot,pass,1.00,Terminal screenshot showing the Prometheus installation directory with pwd and ll commands | Annotation points to k8s_token and k8s02_token files as 'Tokens of the target clusters' | Matches RST step 2 about saving token information in the Prometheus directory,
umn/source/best_practice/monitoring/monitoring_multiple_clusters_using_prometheus.rst,Monitoring Multiple Clusters Using Prometheus,en-us_image_0000002484117998.png,screenshot,pass,1.00,"Prometheus Targets UI showing two jobs: k8s02_cAdvisor (2/2 up) and k8s_cAdvisor (4/4 up) | All targets are UP, confirming successful monitoring of both clusters | Matches RST step 6 about logging in to Prometheus and viewing monitoring information",
umn/source/best_practice/monitoring/monitoring_multiple_clusters_using_prometheus.rst,Monitoring Multiple Clusters Using Prometheus,en-us_image_0000002484118006.png,screenshot,pass,1.00,Prometheus query UI showing container_cpu_load_average_10s results from both clusters | Annotations label results as 'Monitoring task of cluster 2' (k8s02_cAdvisor) and 'Monitoring task of cluster 1' (k8s_cAdvisor) | Matches RST step 6 about viewing monitoring information from multiple clusters,
umn/source/best_practice/monitoring/reporting_prometheus_monitoring_data_to_a_third-party_monitoring_platform.rst,Reporting Prometheus Monitoring Data to a Third-Party Monitoring Platform,en-us_image_0000002483958232.png,screenshot,pass,1.00,"Terminal screenshot showing the output of `ps -aux | grep prometheus`, matching the RST command in Step 2. | The highlighted config file path (`/etc/prometheus/config_out/prometheus.env.yaml`) aligns with the RST instruction to check the configuration file location. | Directly supports the 'Obtain the Authentication Mode' section for an on-premises Prometheus instance.",No additional context beyond the terminal output is visible.
umn/source/best_practice/monitoring/reporting_prometheus_monitoring_data_to_a_third-party_monitoring_platform.rst,Reporting Prometheus Monitoring Data to a Third-Party Monitoring Platform,en-us_image_0000002484118214.png,screenshot,pass,1.00,"Terminal screenshot displaying the contents of `prometheus.env.yaml`, matching the RST `cat` command in Step 2. | Shows the `remote_write` block and a Bearer `credentials` token highlighted in red, consistent with the instruction to view and record the token. | Directly supports the 'Obtain the Authentication Mode' section.",The full token value is partially obscured/redacted in the image.
umn/source/best_practice/monitoring/reporting_prometheus_monitoring_data_to_a_third-party_monitoring_platform.rst,Reporting Prometheus Monitoring Data to a Third-Party Monitoring Platform,en-us_image_0000002516078181.png,screenshot,pass,1.00,"Prometheus web console screenshot showing the Graph page with a query for `kube_node_spec_unschedulable`, matching Step 4 of the RST. | Annotations indicate 'Prometheus metrics collected from CCE' and 'Prometheus metrics sent to destination platform', confirming remote write data flow. | Interactive controls (checkboxes, Add Panel button, navigation tabs) are visible.",Some cluster identifiers are redacted in the image.
umn/source/best_practice/networking/accessing_an_ip_address_outside_a_cluster_that_uses_a_vpc_network_by_using_source_pod_ip_addresses_within_the_cluster.rst,Accessing an IP Address Outside a Cluster That Uses a VPC Network by Using Source Pod IP Addresses Within the Cluster,en-us_image_0000002484118018.png,other,fail,0.00,Local color check detected #3298ff.,
umn/source/best_practice/networking/coredns_configuration_optimization/server/configuring_coredns.rst,Configuring CoreDNS,en-us_image_0000002483958418.png,screenshot,pass,1.00,"The image is a code-editor screenshot showing a JSON CoreDNS plugin configuration with a red highlight box. | The highlighted block matches the cache plugin snippet in the 'Properly Configuring Cache Policies' section: configBlock 'servfail 5s\nserve_stale 60s immediate', name 'cache', parameters 30. | The image is placed immediately after the cache code block in the RST, directly illustrating the configuration to be added. | No interactive UI controls are visible; only syntax-highlighted code text is shown.","No surrounding UI context (e.g., the Add-ons edit panel) is visible, only the code snippet is shown."
umn/source/best_practice/networking/obtaining_the_client_source_ip_address_for_a_container.rst,Obtaining the Client Source IP Address for a Container,en-us_image_0000002484117804.png,icon,partial,0.72,The image is a small location-pin icon used as a region/project selector in the management console | It is referenced in the Nginx Ingress section step 2a as the element to click to select a region and project | The icon is consistent with a typical cloud console region selector (map pin / location marker) | It is a navigation aid within the procedure to enable Transfer Client IP Address on the ELB console | No contradiction between the icon and its described usage in the RST,The icon does not show any text label confirming it is specifically a region selector | No surrounding UI context is visible to confirm it is in the upper-left corner of a console
umn/source/best_practice/networking/obtaining_the_client_source_ip_address_for_a_container.rst,Obtaining the Client Source IP Address for a Container,en-us_image_0000002516197763.png,icon,partial,0.72,The image is a small location-pin icon used as a region/project selector in the management console | It is referenced in the LoadBalancer section step 2a as the element to click to select a region and project | The icon is consistent with a typical cloud console region selector (map pin / location marker) | It is a navigation aid within the procedure to enable Transfer Client IP Address on the ELB console | No contradiction between the icon and its described usage in the RST,The icon does not show any text label confirming it is specifically a region selector | No surrounding UI context is visible to confirm it is in the upper-left corner of a console
umn/source/best_practice/networking/planning_cidr_blocks_for_a_cluster.rst,Planning CIDR Blocks for a Cluster,en-us_image_0000002484118422.png,other,fail,0.00,Local color check detected #3298ff.,
umn/source/best_practice/networking/planning_cidr_blocks_for_a_cluster.rst,Planning CIDR Blocks for a Cluster,en-us_image_0000002484118416.png,other,fail,0.00,Local color check detected #3298ff.,
umn/source/best_practice/networking/planning_cidr_blocks_for_a_cluster.rst,Planning CIDR Blocks for a Cluster,en-us_image_0000002516198379.png,other,fail,0.00,Local color check detected #3298ff.,
umn/source/best_practice/networking/planning_cidr_blocks_for_a_cluster.rst,Planning CIDR Blocks for a Cluster,en-us_image_0000002484118428.png,other,fail,0.00,Local color check detected #3298ff.,
umn/source/best_practice/networking/planning_cidr_blocks_for_a_cluster.rst,Planning CIDR Blocks for a Cluster,en-us_image_0000002516078397.png,other,fail,0.00,Local color check detected #3298ff.,
umn/source/best_practice/networking/planning_cidr_blocks_for_a_cluster.rst,Planning CIDR Blocks for a Cluster,en-us_image_0000002483958434.png,other,fail,0.00,Local color check detected #3298ff.,
umn/source/best_practice/networking/planning_cidr_blocks_for_a_cluster.rst,Planning CIDR Blocks for a Cluster,en-us_image_0000002484118432.png,other,fail,0.00,Local color check detected #3298ff.,
umn/source/best_practice/networking/planning_cidr_blocks_for_a_cluster.rst,Planning CIDR Blocks for a Cluster,en-us_image_0000002483958456.png,other,fail,0.00,Local color check detected #3298ff.,
umn/source/best_practice/networking/pre-binding_container_elastic_network_interfaces_for_cce_turbo_clusters.rst,Pre-Binding Container Elastic Network Interfaces for CCE Turbo Clusters,en-us_image_0000002516078127.png,icon,pass,0.83,"The image is a small isolated three-square/dot menu (kebab) icon, matching the |image1| substitution used in the RST. | The RST step 'Click |image1| next to the target cluster and choose Manage' describes exactly this kind of menu button in the CCE console. | The icon is part of the cluster-management workflow relevant to the Cluster-level Global Configuration section. | The visual clearly shows a three-item menu symbol, consistent with a clickable options control.","No surrounding console UI (cluster list, row context) is visible; only the isolated icon is shown. | No label, tooltip, or hover state is visible to confirm the exact menu contents."
umn/source/best_practice/networking/selecting_a_network_model.rst,Selecting a Network Model,en-us_image_0000002483958404.png,other,fail,0.00,Local color check detected #3298ff.,
umn/source/best_practice/networking/selecting_a_network_model.rst,Selecting a Network Model,en-us_image_0000002483958400.png,other,fail,0.00,Local color check detected #3298ff.,
umn/source/best_practice/networking/selecting_a_network_model.rst,Selecting a Network Model,en-us_image_0000002483958406.png,other,fail,0.00,Local color check detected #3298ff.,
umn/source/best_practice/permission/configuring_kubeconfig_for_fine-grained_management_on_cluster_resources.rst,Configuring kubeconfig for Fine-Grained Management on Cluster Resources,en-us_image_0000002516077979.png,screenshot,pass,1.00,"Terminal screenshot showing kubectl create sa my-sa -n test command execution | Output confirms serviceaccount/my-sa created, matching step 1 of the Configuration Method | Command and namespace (test) exactly match the RST instructions",
umn/source/best_practice/permission/configuring_kubeconfig_for_fine-grained_management_on_cluster_resources.rst,Configuring kubeconfig for Fine-Grained Management on Cluster Resources,en-us_image_0000002516077971.png,screenshot,pass,1.00,"Terminal screenshot showing kubectl create -f role-test.yaml command execution | Output confirms role.rbac.authorization.k8s.io/myrole created, matching step 2 | Role name 'myrole' matches the YAML content defined in the RST",
umn/source/best_practice/permission/configuring_kubeconfig_for_fine-grained_management_on_cluster_resources.rst,Configuring kubeconfig for Fine-Grained Management on Cluster Resources,en-us_image_0000002516197985.png,screenshot,pass,1.00,"Terminal screenshot showing kubectl create -f myrolebinding.yaml command execution | Output confirms rolebinding.rbac.authorization.k8s.io/myrolebinding created, matching step 3 | RoleBinding name matches the YAML content in the RST",
umn/source/best_practice/permission/configuring_kubeconfig_for_fine-grained_management_on_cluster_resources.rst,Configuring kubeconfig for Fine-Grained Management on Cluster Resources,en-us_image_0000002516197977.png,screenshot,pass,0.88,"Terminal screenshot showing kubectl config set-cluster test-arm command execution | Output confirms Cluster 'test-arm' set, matching step 5 | IP address in image (10.0.1.100:5443) differs from RST example (192.168.0.110:5443), likely different environment","IP address in the screenshot does not match the RST example value, though the command structure is identical"
umn/source/best_practice/permission/configuring_kubeconfig_for_fine-grained_management_on_cluster_resources.rst,Configuring kubeconfig for Fine-Grained Management on Cluster Resources,en-us_image_0000002483958046.png,screenshot,pass,1.00,"Terminal screenshot showing kubectl config set-credentials ui-admin --token=$token command | Output confirms User 'ui-admin' set, matching step 6 | User name 'ui-admin' and kubeconfig path match the RST instructions",
umn/source/best_practice/permission/configuring_kubeconfig_for_fine-grained_management_on_cluster_resources.rst,Configuring kubeconfig for Fine-Grained Management on Cluster Resources,en-us_image_0000002484118016.png,screenshot,pass,1.00,"Terminal screenshot showing kubectl config set-context ui-admin@test command | Output confirms Context 'ui-admin@test' created, matching step 7 | Context name, cluster, and user all match the RST instructions",
umn/source/best_practice/permission/configuring_kubeconfig_for_fine-grained_management_on_cluster_resources.rst,Configuring kubeconfig for Fine-Grained Management on Cluster Resources,en-us_image_0000002516077965.png,screenshot,pass,1.00,"Terminal screenshot showing kubectl config use-context ui-admin@test command | Output confirms Switched to context 'ui-admin@test', matching step 8 | Context name and kubeconfig path match the RST instructions",
umn/source/best_practice/permission/configuring_kubeconfig_for_fine-grained_management_on_cluster_resources.rst,Configuring kubeconfig for Fine-Grained Management on Cluster Resources,en-us_image_0000002516077973.png,screenshot,pass,1.00,"Terminal screenshot showing kubectl get pod -n test succeeds and kubectl get pod (default namespace) fails with Forbidden error | Demonstrates that the service account can only access pods in the test namespace, matching Verification step 1 | Error message confirms user system:serviceaccount:test:my-sa cannot list pods in default namespace",
umn/source/best_practice/permission/configuring_kubeconfig_for_fine-grained_management_on_cluster_resources.rst,Configuring kubeconfig for Fine-Grained Management on Cluster Resources,en-us_image_0000002516077969.png,screenshot,pass,1.00,Terminal screenshot showing kubectl delete pod command fails with Forbidden error | Error confirms user system:serviceaccount:test:my-sa cannot delete resource pods in namespace test | Matches Verification step 2 that pods in test namespace cannot be deleted,
umn/source/best_practice/permission/performing_rbac_authentication_on_a_namespace_using_kubectl_commands.rst,Performing RBAC Authentication on a Namespace Using kubectl Commands,en-us_image_0261301557.png,other,fail,0.00,Local color check detected #3298ff.,
umn/source/best_practice/permission/performing_rbac_authentication_on_a_namespace_using_kubectl_commands.rst,Performing RBAC Authentication on a Namespace Using kubectl Commands,en-us_image_0262051194.png,other,fail,0.00,Local color check detected #3298ff.,
umn/source/best_practice/release/overview.rst,Overview,en-us_image_0000002516077883.png,other,fail,0.00,Local color check detected #3298ff.,
umn/source/best_practice/release/overview.rst,Overview,en-us_image_0000002516197859.png,other,fail,0.00,Local color check detected #3298ff.,
umn/source/best_practice/release/overview.rst,Overview,en-us_image_0000002484117938.png,other,fail,0.00,Local color check detected #3298ff.,
umn/source/best_practice/release/overview.rst,Overview,en-us_image_0000002516197869.png,other,fail,0.00,Local color check detected #3298ff.,
umn/source/best_practice/release/overview.rst,Overview,en-us_image_0000002516197855.png,other,fail,0.00,Local color check detected #3298ff.,
umn/source/best_practice/release/overview.rst,Overview,en-us_image_0000002516197883.png,other,fail,0.00,Local color check detected #3298ff.,
umn/source/best_practice/release/overview.rst,Overview,en-us_image_0000002516197863.png,other,pass,0.93,"Diagram shows user -> ELB -> 100% traffic to a single Web/DB cluster, consistent with the grayscale release rollback-to-old-version state described in the RST. | Matches the grayscale release section (image7) where after an exception traffic is switched back to the old version. | No interactive UI controls present; it is a static architecture diagram.",Does not show the intermediate 20% split or gradual increase mentioned in the text. | No explicit label distinguishing old vs new version.
umn/source/best_practice/release/overview.rst,Overview,en-us_image_0000002484117934.png,other,pass,1.00,"Shows two parallel Web/DB clusters (green and blue) behind an ELB with 100%/0% route weights and a switch arrow, matching the blue-green deployment description. | Directly illustrates the 'route weight switched (0 or 100)' principle stated in the RST. | Static diagram with no interactive controls.","No explicit 'old'/'new' version labels, only color-coded clusters."
umn/source/best_practice/release/overview.rst,Overview,en-us_image_0000002516077887.png,other,pass,1.00,"Shows ELB routing 0% to the green cluster and 100% to the blue cluster with a 'Normal' status label, matching the blue-green switch to a healthy new version. | Consistent with the RST statement that the new version goes online while the old is retained in hot backup. | Static diagram, no interactive controls.",Does not label which cluster is old vs new explicitly.
umn/source/best_practice/release/overview.rst,Overview,en-us_image_0000002516197849.png,other,pass,1.00,"Shows ELB routing 100% to the blue cluster marked 'Abnormal' and 0% to green, illustrating the failure/rollback scenario in blue-green deployment. | Aligns with the RST note that if a problem occurs the version can be quickly rolled back. | Static diagram, no interactive controls.","No explicit indication of the rollback action itself, only the abnormal state."
umn/source/best_practice/release/overview.rst,Overview,en-us_image_0000002483957952.png,other,pass,1.00,"Shows ELB routing 100% to the green cluster and 0% to the blue cluster with a switch arrow, representing the rollback to the retained old version in blue-green deployment. | Consistent with the RST description of quick rollback when a problem occurs. | Static diagram, no interactive controls.","No explicit old/new version labels, only color-coded clusters."
umn/source/best_practice/release/using_services_to_implement_simple_grayscale_release_and_blue-green_deployment.rst,Using Services to Implement Simple Grayscale Release and Blue-Green Deployment,en-us_image_0000002484118292.png,other,fail,0.00,Local color check detected #3298ff.,
umn/source/best_practice/release/using_services_to_implement_simple_grayscale_release_and_blue-green_deployment.rst,Using Services to Implement Simple Grayscale Release and Blue-Green Deployment,en-us_image_0000002516198239.png,other,fail,0.00,Local color check detected #3298ff.,
umn/source/best_practice/release/using_services_to_implement_simple_grayscale_release_and_blue-green_deployment.rst,Using Services to Implement Simple Grayscale Release and Blue-Green Deployment,en-us_image_0000002516198257.png,other,pass,1.00,"The image is a conceptual diagram showing two Deployments (v1 and v2) each containing a group of Pods, which directly illustrates the RST statement that 'Each workload manages a group of pods.' | The diagram uses Deployment as the example, matching the RST text 'The following figure uses Deployment as an example.' | The image is placed in the Principles section exactly where |image1| is referenced in the RST. | Labels 'Pod v1', 'Pod v2', 'Deployment v1', and 'Deployment v2' are clearly visible and consistent with the document's versioning terminology. | No contradictions between the visual content and the surrounding RST text.","The diagram does not show a Service object or selector, but the RST text at this point only introduces the Deployment-to-Pod relationship, so this is not a gap."
umn/source/best_practice/security/using_oidc_to_authenticate_workloads_in_a_cce_cluster.rst,Using OIDC to Authenticate Workloads in a CCE Cluster,en-us_image_0000002101396665.png,other,fail,0.00,Local color check detected #3298ff.,
umn/source/best_practice/storage/migrating_the_storage_class_used_by_a_cluster_of_v1.15_from_flexvolume_to_csi_everest.rst,Migrating the Storage Class Used by a Cluster of v1.15 from FlexVolume to CSI Everest,en-us_image_0000002483958212.png,screenshot,pass,1.00,"The image is a screenshot of a code editor (vim-like) showing a StatefulSet YAML being edited, with line numbers and syntax highlighting visible. | The highlighted (red-boxed) field shows claimName: pvc-csi-sfsturbo-..., which is a CSI-format PVC name, directly illustrating the migration from FlexVolume to CSI described in the document. | The image is placed in step 3b of the RST, which instructs the user to run kubectl edit to modify the StatefulSet and use the newly created PVC; the image content (volumes section with claimName) matches this instruction precisely. | The visible YAML structure (spec > volumes > persistentVolumeClaim > claimName) is consistent with a Kubernetes StatefulSet definition being edited. | No contradictions between the image content and the surrounding RST text.","The full context of the StatefulSet YAML is not visible (only lines 30-36 are shown), so the complete resource definition cannot be verified. | The specific kubectl edit command output or terminal prompt is not visible; only the editor content is shown."
umn/source/best_practice/storage/mounting_object_storage_across_accounts.rst,Mounting Object Storage Across Accounts,en-us_image_0000002483958134.png,other,fail,0.00,Local color check detected #3298ff.,
umn/source/best_practice/storage/scheduling_evs_disks_across_azs_using_csi-disk-topology.rst,Scheduling EVS Disks Across AZs Using csi-disk-topology,en-us_image_0000002516197995.png,other,fail,0.00,Local color check detected #3298ff.,
umn/source/best_practice/storage/scheduling_evs_disks_across_azs_using_csi-disk-topology.rst,Scheduling EVS Disks Across AZs Using csi-disk-topology,en-us_image_0000002483958066.png,other,fail,0.00,Local color check detected #3298ff.,
umn/source/best_practice/storage/using_custom_storage_classes.rst,Using Custom Storage Classes,en-us_image_0000002516078763.png,other,fail,0.00,Local color check detected #3298ff.,
umn/source/clusters/accessing_a_cluster/accessing_a_cluster_using_a_custom_domain_name.rst,Accessing a Cluster Using a Custom Domain Name,en-us_image_0000002483959210.png,icon,pass,1.00,"The image is a small pencil/edit icon, matching the |image1| reference used as the clickable control next to 'Custom SAN' in the Connection Information area. | The RST instructs the user to click this icon to open a dialog for entering IP addresses or domain names, which aligns with the edit/pencil symbol's semantics. | The icon appears in the 'Adding a Custom SAN' section, exactly where the substitution is defined and used. | The visual clearly shows an isolated edit (pencil) pictogram with an underline, a standard symbol for modifying/editing a value. | No contradiction between the icon's meaning (edit) and the documented action (add/modify custom SAN).","The image is an isolated icon, so the surrounding CCE console UI (Connection Information area, Custom SAN label, dialog box) is not visible to confirm placement context."
umn/source/clusters/accessing_a_cluster/accessing_a_cluster_using_an_x.509_certificate.rst,Accessing a Cluster Using an X.509 Certificate,en-us_image_0000002483959374.png,screenshot,pass,1.00,"The image shows an 'Obtain Certificate' dialog box, matching the figure caption 'Downloading a certificate' and step 3 of the procedure. | The dialog displays an 'Expired' validity-period dropdown with options (5 years, 1 years, 6 months, etc.), consistent with the instruction to 'select the validity period'. | The screenshot is a UI dialog with interactive controls (dropdown, close button), appropriate for a console procedure screenshot. | No visible contradiction between the image content and the RST description.","The actual download button/action is not visible in the cropped dialog view. | The specific cluster certificate files (client.key, client.crt, ca.crt) are not shown in the image."
umn/source/clusters/accessing_a_cluster/accessing_a_cluster_using_kubectl.rst,Accessing a Cluster Using kubectl,en-us_image_0000002516079611.png,other,fail,0.00,Local color check detected #3298ff.,
umn/source/clusters/accessing_a_cluster/accessing_a_cluster_using_kubectl.rst,Accessing a Cluster Using kubectl,en-us_image_0000002483959672.png,screenshot,pass,1.00,"The image is a code-editor screenshot showing a kubeconfig JSON fragment with a cluster entry (name 'mycluster', server 'https://10.100.0.52:5443'). | The field '""insecure-skip-tls-verify"": true' is highlighted with a red box, exactly matching the RST's Figure 2 description that this field appears when two-way domain name trust is not supported. | The content aligns with the 'Two-Way Domain Name Trust' section of the document, which references Figure 2 for this case. | No interactive controls or buttons are visible; only static code with syntax highlighting is shown.","Only a fragment of the kubeconfig file is visible; the full file structure is not shown. | No editor chrome (menus, tabs, file name) is visible, so the exact tool cannot be confirmed."
umn/source/clusters/creating_a_cluster/creating_a_cce_standard_turbo_cluster.rst,Creating a CCE Standard/Turbo Cluster,en-us_image_0000002484119226.png,icon,pass,1.00,"The image is a small location/region pin icon, consistent with a region selector in a cloud console UI. | The RST references this icon in Step 1 as the element to click for selecting a region in the CCE console. | The icon's teardrop/pin shape with a circular center is a standard visual metaphor for geographic region selection. | No contradiction between the icon's appearance and its described function in the document.","The image is very small and low-resolution, making fine details hard to discern. | No surrounding UI context is visible to confirm it is specifically the CCE console region selector."
umn/source/clusters/managing_clusters/changing_a_cluster_scale.rst,Changing a Cluster Scale,en-us_image_0000002483959168.png,icon,partial,0.78,"The image is a small three-square 'more options' icon, matching the |image1| reference in Procedure step 2. | It corresponds to the action that opens the drop-down list containing 'Modify Specifications' for changing cluster scale. | The icon is placed in the Procedure section, directly relevant to the scale-out steps. | No contradiction between the icon and the surrounding RST text.","No surrounding cluster-list UI context is visible to confirm placement. | The image is low-resolution, so the exact glyph/tooltip of the icon cannot be verified."
umn/source/clusters/managing_clusters/deleting_a_cluster.rst,Deleting a Cluster,en-us_image_0000002516079159.png,icon,partial,0.78,"The image is a small isolated UI symbol (a three-square 'more options' / kebab-style icon), consistent with the click target described in step 2. | It is placed in the 'Deleting a Cluster' procedure where the user clicks the icon to open a drop-down and choose Delete, so it is topically relevant. | The icon represents an interactive control (the menu button) used to trigger the delete action. | No clear contradiction between the icon and the surrounding text.","The image is very low resolution, so the exact glyph cannot be confirmed with certainty. | No 'Delete' label or drop-down list is visible in the image itself; that detail is only described in the text."
umn/source/clusters/managing_clusters/enabling_overload_control_for_a_cluster.rst,Enabling Overload Control for a Cluster,en-us_image_0000002516199019.png,other,fail,0.00,Local color check detected #3298ff.,
umn/source/clusters/upgrading_a_cluster/cluster_upgrade_overview.rst,Cluster Upgrade Overview,en-us_image_0000002484119610.png,other,fail,0.00,Local color check detected #3298ff.,
umn/source/clusters/upgrading_a_cluster/cluster_upgrade_overview.rst,Cluster Upgrade Overview,en-us_image_0000002516079581.png,icon,partial,0.77,"The image is a small orange triangular warning pictogram with an exclamation mark, consistent with a generic UI warning icon. | In the RST, |image1| is used to mark add-ons that are incompatible with both source and target cluster versions during an upgrade, which aligns with a warning symbol. | The icon is referenced in the 'Add-on Upgrade' note within the 'Configuration and upgrade' step of the cluster upgrade process, making it topically relevant. | The visual content (orange triangle + exclamation mark) clearly matches the semantic role of flagging a problem or incompatibility as described in the text.","The image is a generic warning icon; it does not contain any cluster-specific or CCE-specific branding or text that would tie it uniquely to this document. | No additional context (e.g., surrounding UI) is visible to confirm the exact placement 'on the right side' of an add-on row as described in the RST."
umn/source/clusters/upgrading_a_cluster/troubleshooting_for_pre-upgrade_check_exceptions/cce_agent_versions.rst,CCE Agent Versions,en-us_image_0000002516079383.png,screenshot,pass,1.00,"The image is a terminal screenshot showing the output of `cat agentConfig | python -m json.tool`, matching the command in the RST Solutions section. | A red box highlights the `addr` field under `""type"": ""OBS""`, exactly as the RST states: ""**addr** in the following figure is the correct OBS address."" | The JSON structure (role, packageDir, packageFrom with OBS entries) is consistent with a cce-agent configuration file. | The image directly supports Scenario 2 step 2 about obtaining the valid OBS address.","The actual OBS address value is redacted/blurred, so the specific address cannot be verified. | No second node's configuration is shown to compare addresses, though the RST describes that comparison in a later step."
umn/source/clusters/upgrading_a_cluster/troubleshooting_for_pre-upgrade_check_exceptions/coredns_configuration_consistency.rst,CoreDNS Configuration Consistency,en-us_image_0000002516199557.png,screenshot,pass,1.00,"The image is a terminal screenshot showing the output of `diff corefile_now.txt corefile_record.txt -y`, which is exactly the command in step 4 of the RST. | It displays two side-by-side Corefile columns with a red box highlighting the difference (`cache 31` vs `cache 30`), matching the figure caption 'Viewing output differences'. | The content (Corefile directives such as bind, errors, health, kubernetes, loadbalance, prometheus, forward, reload) is consistent with CoreDNS configuration comparison described in the document. | No interactive UI controls are visible; it is plain command-line output.","The image does not show the CCE console or the Add-ons upgrade steps, but those are not required for this figure. | The exact cluster context (e.g., which cluster the diff belongs to) is not visible, but it is not needed to validate the figure."
umn/source/clusters/upgrading_a_cluster/troubleshooting_for_pre-upgrade_check_exceptions/discarded_kubernetes_resources.rst,Discarded Kubernetes Resources,en-us_image_0000002516199061.png,screenshot,pass,1.00,"Image shows a YAML editor (kubectl edit service) for Service 'test-svc' matching the RST example name | Red arrow and text 'Delete the deprecated annotation' points to the tolerate-unready-endpoints annotation on line 17 | Red arrow and text 'Add this annotation to spec as a replacement' points to publishNotReadyAddresses: true in the spec section | The YAML structure (metadata, annotations, spec, status) is consistent with a Kubernetes Service resource | All elements described in Scenario 1 of the RST are visually present and correctly annotated",
umn/source/clusters/upgrading_a_cluster/troubleshooting_for_pre-upgrade_check_exceptions/discarded_kubernetes_resources.rst,Discarded Kubernetes Resources,en-us_image_0000002516079061.png,screenshot,pass,0.88,"Image shows a YAML editor for a Service with the service.kubernetes.io/topology-mode annotation highlighted in a red box | The annotation is shown in the metadata.annotations section, which is the correct location for this annotation in Kubernetes | The RST example uses service name 'test-svc' but the image shows 'asdad', a minor naming discrepancy | The RST says to add the annotation 'to spec' but the image correctly places it in the annotations section (the RST wording is slightly imprecise) | The image demonstrates the replacement annotation for Scenario 2 as described in the RST",The deprecated annotation service.kubernetes.io/topology-aware-hints is not visible in the image to show what was removed | The service name differs from the RST example (asdad vs test-svc)
umn/source/clusters/upgrading_a_cluster/troubleshooting_for_pre-upgrade_check_exceptions/drainage_tasks.rst,Drainage Tasks,en-us_image_0000002516079095.png,screenshot,pass,1.00,"Image is a terminal screenshot showing the output of 'kubectl get drainage', matching the command in the RST. | The output lists drainage tasks with NAME and AGE columns, consistent with the figure caption 'An in-progress drainage task'. | The image directly supports step 2 of the Solutions section, which instructs checking for in-progress drainage tasks. | No visible interactive UI controls or buttons are present.","Some values in the NAME column are redacted/blurred, but the structure and intent remain clear."
umn/source/clusters/upgrading_a_cluster/troubleshooting_for_pre-upgrade_check_exceptions/kubernetes_node_taint.rst,Kubernetes Node Taint,en-us_image_0000002484119572.png,screenshot,pass,1.00,"The image is a terminal screenshot showing the output of `kubectl get node`, which directly matches the RST instruction to check the kubelet version of the node. | The VERSION column is highlighted with a red box, emphasizing the node version (v1.19.16-r4-CCE22.11.1), consistent with the RST's expectation of comparing node versions. | The figure is placed in Scenario 1, step 2 of the Solutions section, exactly where the RST references Figure 1 (kubelet version). | No contradiction between the image content and the surrounding RST text.","The image does not explicitly show a version mismatch between nodes; both visible nodes show the same version, so the 'different version' scenario described in the RST is not directly demonstrated."
umn/source/clusters/upgrading_a_cluster/troubleshooting_for_pre-upgrade_check_exceptions/nginx_ingress_controller.rst,NGINX Ingress Controller,en-us_image_0000002483958008.png,screenshot,pass,1.00,"Terminal screenshot showing the exact kubectl command from the RST for checking ingress type | Output displays both kubernetes.io/ingress.class: nginx in annotations and ingressClassName: nginx in spec, matching the normal scenario described | Directly corresponds to the Fault Locating section for Check Item 1, step 1",
umn/source/clusters/upgrading_a_cluster/troubleshooting_for_pre-upgrade_check_exceptions/nginx_ingress_controller.rst,NGINX Ingress Controller,en-us_image_0000002483958012.png,screenshot,pass,1.00,"Terminal screenshot showing the kubectl command to check managedFields for nginx-ingress-controller | Output shows 'manager: nginx-ingress-controller' confirming the ingress is managed by the NGINX Ingress Controller | Matches the RST description for v1.19 clusters in Check Item 1, step 2",
umn/source/clusters/upgrading_a_cluster/troubleshooting_for_pre-upgrade_check_exceptions/nginx_ingress_controller.rst,NGINX Ingress Controller,en-us_image_0000002484117990.png,screenshot,pass,1.00,"Terminal screenshot showing kubectl logs command for the nginx-ingress-controller pod | Output displays 'updating Ingress status' with namespace and ingress name, matching the expected log pattern | Corresponds to the RST description for checking logs of other cluster versions in Check Item 1, step 2",
umn/source/clusters/upgrading_a_cluster/troubleshooting_for_pre-upgrade_check_exceptions/nginx_ingress_controller.rst,NGINX Ingress Controller,en-us_image_0000002483959286.png,screenshot,pass,1.00,"Terminal screenshot showing openssl rsa command to inspect a server key | Output clearly shows 'RSA Private-Key: (1024 bit, 2 primes)' demonstrating the RSA key length | Matches the RST section on method of obtaining an RSA key length in Check Item 3, step 2",
umn/source/clusters/upgrading_a_cluster/troubleshooting_for_pre-upgrade_check_exceptions/nginx_ingress_controller.rst,NGINX Ingress Controller,en-us_image_0000002484119256.png,screenshot,pass,1.00,"Terminal screenshot showing openssl dsa command to inspect a DSA private key | Output clearly shows 'Private-Key: (256 bit)' demonstrating the DSA key length | Matches the RST section on method of obtaining a DSA key length in Check Item 3, step 2",
umn/source/clusters/upgrading_a_cluster/troubleshooting_for_pre-upgrade_check_exceptions/node_clock_synchronization_server.rst,Node Clock Synchronization Server,en-us_image_0000002483959640.png,screenshot,pass,1.00,"Image is a terminal screenshot showing the output of 'systemctl status ntpd', matching Figure 1 in the RST. | The output displays ntpd.service as 'active (running)', consistent with the described normal command output. | Directly supports Scenario 1 about ntpd running status verification.",
umn/source/clusters/upgrading_a_cluster/troubleshooting_for_pre-upgrade_check_exceptions/node_clock_synchronization_server.rst,Node Clock Synchronization Server,en-us_image_0000002516079589.png,screenshot,pass,1.00,"Image is a terminal screenshot showing the output of 'systemctl status chronyd', matching Figure 2 in the RST. | The output displays chrony.service as 'active (running)', consistent with the described normal command output. | Directly supports Scenario 2 about chronyd running status verification.",
umn/source/clusters/upgrading_a_cluster/troubleshooting_for_pre-upgrade_check_exceptions/node_journald.rst,Node journald,en-us_image_0000002516079205.png,screenshot,pass,1.00,"Image is a terminal screenshot showing the command 'systemctl is-active systemd-journald' and the output 'active'. | This exactly matches the RST description of the normal command output for checking journald status. | The figure caption 'Running status of journald' aligns with the displayed terminal output. | No interactive controls or buttons are present, only command-line text.",None; the image clearly shows the command and expected 'active' output.
umn/source/clusters/upgrading_a_cluster/troubleshooting_for_pre-upgrade_check_exceptions/node_mount_points.rst,Node Mount Points,en-us_image_0000002516199071.png,screenshot,pass,1.00,"Terminal screenshot showing the output of the hang-mount detection script | Output lists /root/foo hang mount and /root/bar hang mount, matching the RST description | Corresponds to step 3 of the Solutions section",
umn/source/clusters/upgrading_a_cluster/troubleshooting_for_pre-upgrade_check_exceptions/node_mount_points.rst,Node Mount Points,en-us_image_0000002516199073.png,screenshot,pass,1.00,Terminal screenshot showing the command mount -n | grep /root/foo and its NFS mount output | Output confirms the suspended NFS mount on /root/foo as described in the RST | Corresponds to step 4 of the Solutions section,
umn/source/clusters/upgrading_a_cluster/troubleshooting_for_pre-upgrade_check_exceptions/node_mount_points.rst,Node Mount Points,en-us_image_0000002484119096.png,screenshot,pass,1.00,"Terminal screenshot showing the umount -l -f localhost:/tmp/nfs command followed by re-running the check script | Script output is now empty, indicating the hang mount is resolved | Corresponds to the final step of the Solutions section",
umn/source/clusters/upgrading_a_cluster/troubleshooting_for_pre-upgrade_check_exceptions/node_mounting.rst,Node Mounting,en-us_image_0000002483959012.png,screenshot,pass,1.00,"The image is a terminal screenshot showing the output of the `lsblk` command, matching the RST instruction to run `lsblk` to check for the shared disk. | The output explicitly shows `vgpaas-share` as an lvm device mounted at `/mnt/paas`, which is exactly the condition the RST describes for confirming a shared disk is used. | The figure caption 'Checking whether a shared disk is used' aligns with the 'Common Issues' section content. | No interactive UI controls are visible; it is a plain command-line output.","No additional context beyond the lsblk output is shown, but this is sufficient for the stated check."
umn/source/clusters/upgrading_a_cluster/troubleshooting_for_pre-upgrade_check_exceptions/snatipranges.rst,SNATIPRanges,en-us_image_0000002516199209.png,screenshot,pass,1.00,"The image is a terminal screenshot showing the output of the 'ip route' command, which the RST explicitly instructs the user to run in the pod to inspect its route table. | The displayed CIDR blocks (e.g., 10.247.0.0/16, 100.79.0.0/16, 198.19.32.0/20) correspond to the SNATIPRanges reserved for cloud services described in the document. | The image is placed immediately after the 'ip route' instruction in the 'What Is SNATIPRanges?' section, making it directly relevant to that section. | No interactive UI controls or buttons are present; it is plain command-line output.","The image does not label which specific CIDR entries are the SNATIPRanges versus other routes, so the mapping is inferred from context."
umn/source/faqs/api_and_kubectl_faqs/how_do_i_download_kubeconfig_for_connecting_to_a_cluster_using_kubectl.rst,How Do I Download kubeconfig for Connecting to a Cluster Using kubectl?,en-us_image_0000002484117878.png,screenshot,pass,1.00,"The image shows a slide-out panel with a 'Download the kubeconfig file.' section and a 'Click here' link, matching the RST step 3 about downloading kubeconfig.json. | The panel also includes 'Download kubectl' and 'Install and configure kubectl' sections consistent with the kubectl connection workflow described in the FAQ. | The figure caption 'Downloading kubeconfig.json' aligns with the visible download link in the screenshot. | No visible contradiction between the image content and the RST text.","The image does not explicitly show the 'Connection Information' area or the cluster console name mentioned in earlier steps. | The exact filename 'kubeconfig.json' is not visible in the image, only the 'Click here' download link."
umn/source/faqs/chart_and_add-on/what_should_i_do_if_installation_of_an_add-on_fails_and_the_release_name_is_already_exist_is_displayed.rst,"What Should I Do If Installation of an Add-on Fails and ""The release name is already exist"" Is Displayed?",en-us_image_0000002516078105.png,screenshot,pass,1.00,"Terminal screenshot showing the output of a kubectl get secret command filtered by cceaddon, matching step 1 of the Solution. | Output lists secrets in the format sh.helm.release.v1.cceaddon-{add-on name}.v*, consistent with the RST description. | Red box highlights the autoscaler release secrets, aligning with the autoscaler example used in the document.",The RST command uses -A (all namespaces) while the screenshot uses -nkube-system; minor namespace-scope difference.
umn/source/faqs/chart_and_add-on/what_should_i_do_if_installation_of_an_add-on_fails_and_the_release_name_is_already_exist_is_displayed.rst,"What Should I Do If Installation of an Add-on Fails and ""The release name is already exist"" Is Displayed?",en-us_image_0000002483958168.png,screenshot,pass,1.00,"Terminal screenshot showing kubectl delete secret for cceaddon-autoscaler v1 and v2, matching step 2 of the Solution. | Output confirms the secrets were deleted, demonstrating the release secret deletion command described in the RST.",
umn/source/faqs/chart_and_add-on/what_should_i_do_if_installation_of_an_add-on_fails_and_the_release_name_is_already_exist_is_displayed.rst,"What Should I Do If Installation of an Add-on Fails and ""The release name is already exist"" Is Displayed?",en-us_image_0000002483958162.png,screenshot,pass,1.00,"Terminal screenshot showing kubectl get configmap filtered by cceaddon, matching step 3 of the Solution. | Output lists configmaps in the format cceaddon-{add-on name}.v*, consistent with the RST description. | Red box highlights the autoscaler configmaps, aligning with the autoscaler example.",The RST command uses -A (all namespaces) while the screenshot uses -nkube-system; minor namespace-scope difference.
umn/source/faqs/chart_and_add-on/what_should_i_do_if_installation_of_an_add-on_fails_and_the_release_name_is_already_exist_is_displayed.rst,"What Should I Do If Installation of an Add-on Fails and ""The release name is already exist"" Is Displayed?",en-us_image_0000002516078111.png,screenshot,pass,1.00,"Terminal screenshot showing kubectl delete configmap for cceaddon-autoscaler v1 and v2, matching step 4 of the Solution. | Output confirms the configmaps were deleted, demonstrating the release configmap deletion command described in the RST.",
umn/source/faqs/chart_and_add-on/what_should_i_do_if_residual_process_resources_exist_due_to_an_earlier_cce_node_problem_detector_add-on_version.rst,What Should I Do If Residual Process Resources Exist Due to an Earlier CCE Node Problem Detector Add-on Version?,en-us_image_0000002516197799.png,screenshot,pass,1.00,"The image is a terminal screenshot showing `ps -p 16574` and `lsof -p 16574` output for a process named `node-prob` (node-problem-detector). | The `lsof` output lists many open file descriptors pointing to /var/log/journal and /run/log/journal system.journal files, illustrating residual process resources. | This directly matches the Symptom section's description of residual CCE Node Problem Detector process resources on an ECS node. | The image is placed in the Symptom section, which is exactly the scenario it depicts.","The RST mentions 'a large number of CCE Node Problem Detector processes', while the image shows a single process (PID 16574) with many open file descriptors; the multi-process aspect is not explicitly visible. | No cluster or add-on version information is shown in the terminal output."
umn/source/faqs/cluster/cluster_upgrade/what_should_i_do_if_the_loadbalancer_ingress_configuration_is_inconsistent_with_the_load_balancer_configuration_during_a_cce_cluster_upgrade.rst,What Should I Do If the LoadBalancer Ingress Configuration Is Inconsistent with the Load Balancer Configuration During a CCE Cluster Upgrade?,en-us_image_0000002516077771.png,other,fail,0.00,Local color check detected #3298ff.,
umn/source/faqs/cluster/cluster_upgrade/what_should_i_do_if_the_loadbalancer_ingress_configuration_is_inconsistent_with_the_load_balancer_configuration_during_a_cce_cluster_upgrade.rst,What Should I Do If the LoadBalancer Ingress Configuration Is Inconsistent with the Load Balancer Configuration During a CCE Cluster Upgrade?,en-us_image_0000002516077785.png,other,fail,0.00,Local color check detected #3298ff.,
umn/source/faqs/dns_faqs/how_do_i_optimize_the_configuration_if_the_external_domain_name_resolution_is_slow_or_times_out.rst,How Do I Optimize the Configuration If the External Domain Name Resolution Is Slow or Times Out?,en-us_image_0000002516077813.png,screenshot,pass,1.00,"The image is a terminal screenshot showing the output of `cat /etc/resolv.conf`, which directly matches the RST's example resolv.conf file for a container. | Visible fields (nameserver, search, options with ndots:5, single-request-reopen, timeout:2) align with the parameters described in the RST. | The image is referenced as |image1| in the section introducing the resolv.conf example, so it is highly relevant to that section. | The terminal text is legible and provides clear visual evidence of the configuration.","The image does not show the dnsConfig YAML block mentioned later in the RST, but that is not required for this image."
umn/source/faqs/dns_faqs/why_does_a_container_in_a_cce_cluster_fail_to_perform_dns_resolution.rst,Why Does a Container in a CCE Cluster Fail to Perform DNS Resolution?,en-us_image_0000002516077753.jpg,screenshot,pass,1.00,"Terminal screenshot showing a ping command resolving a (redacted) domain to IP 10.247.11.29, consistent with the RST statement that ECSs in the VPC can properly resolve the private domain name. | The successful PING output with a resolved IP directly illustrates the working DNS resolution case described in the Solution section. | No interactive UI controls are visible; it is a plain command-line terminal.","The actual domain name is redacted, so the specific private domain cannot be verified."
umn/source/faqs/dns_faqs/why_does_a_container_in_a_cce_cluster_fail_to_perform_dns_resolution.rst,Why Does a Container in a CCE Cluster Fail to Perform DNS Resolution?,en-us_image_0000002516077749.jpg,screenshot,pass,1.00,"Terminal screenshot showing `docker exec -it ... bash` followed by a ping that returns `ping: bad address`, matching the RST description of the 'bad address' message when resolving a domain inside a container. | The use of docker exec into a container aligns with the application scenario of containers in a VPC failing to resolve domain names. | No interactive UI controls are visible; it is a plain command-line terminal.","The target domain name is redacted, so the exact failing domain cannot be confirmed."
umn/source/faqs/namespace/what_should_i_do_if_a_namespace_fails_to_be_deleted_due_to_an_apiservice_object_access_failure.rst,What Should I Do If a Namespace Fails to Be Deleted Due to an APIService Object Access Failure?,en-us_image_0000002516078121.png,screenshot,pass,1.00,"The image is a terminal/editor screenshot of a namespace YAML/status output with line numbers, matching the Symptom section reference. | It shows phase: Terminating and a condition of type NamespaceDeletionDiscoveryFailure with reason DiscoveryFailed, exactly as described in the RST. | The message text matches the RST quote: 'Discovery failed for some groups, 1 failing: unable to retrieve the complete list of server APIs: metrics.k8s.io/v1beta1: the server is currently unable to handle the request'. | The presence of the metrics.k8s.io/v1beta1 APIService access failure aligns with the documented cause of the blocked namespace deletion.","No interactive UI controls are present; the image is plain text output, which is consistent with the documentation context."
umn/source/faqs/networking/network_configuration/how_can_i_determine_which_ingress_the_listener_settings_have_been_applied_to.rst,How Can I Determine Which Ingress the Listener Settings Have Been Applied To?,en-us_image_0000002484117972.png,screenshot,pass,1.00,"The image is a code-editor screenshot of an Ingress YAML manifest with line numbers and syntax highlighting, matching a UI/application screenshot. | A red rectangle highlights line 13, the annotation 'kubernetes.io/elb.listener-master-ingress: default/ingress-first', which is exactly the annotation the RST tells readers to check. | The highlighted annotation value 'default/ingress-first' aligns with the document's explanation that the first ingress (earliest creationTimestamp) is recorded in this annotation. | The image is placed directly under the bullet describing checking 'kubernetes.io/elb.listener-master-ingress' in the 'Determining Which Ingress the Listener Settings Have Been Applied To' section, so it is topically and sectionally relevant. | No visible element contradicts the surrounding text.","The screenshot does not show the cluster version, so the version-specific applicability stated in the RST cannot be confirmed from the image alone. | The full ingress object is truncated (only lines 1-17 visible), so other annotations or spec fields are not shown."
umn/source/faqs/networking/network_exception_troubleshooting/how_do_i_locate_a_workload_networking_fault.rst,How Do I Locate a Workload Networking Fault?,en-us_image_0000002484117954.png,screenshot,pass,1.00,"Image shows a YAML service spec with ports: name cce-service-0, protocol TCP, port 123, targetPort 80, nodePort 30637. | These values exactly match the RST text in Check Item 2 (nodePort: 30637, targetPort: 80, port: 123). | The image is a monospace code snippet, consistent with a screenshot of a YAML file. | No interactive UI controls are visible.","No surrounding UI context (editor or console) is visible, only the code text."
umn/source/faqs/networking/network_exception_troubleshooting/why_does_the_browser_return_error_code_404_when_i_access_a_deployed_application.rst,Why Does the Browser Return Error Code 404 When I Access a Deployed Application?,en-us_image_0000002484117832.png,screenshot,pass,1.00,"Image shows '404 Not Found' with 'ALB' identifier, matching the figure caption '404:ALB' in the RST | Directly illustrates the ELB forwarding policy error scenario described in the document | Minimal browser error page consistent with what a user would see when ELB cannot find a forwarding policy","No full browser chrome or URL bar visible, but the content is sufficient to identify the error source"
umn/source/faqs/networking/network_exception_troubleshooting/why_does_the_browser_return_error_code_404_when_i_access_a_deployed_application.rst,Why Does the Browser Return Error Code 404 When I Access a Deployed Application?,en-us_image_0000002484117836.png,screenshot,pass,1.00,"Image shows '404 Not Found' with 'nginx/1.14.0' identifier, matching the figure caption '404:nginx/1.*.*' in the RST | Directly illustrates the Nginx service error scenario described in the document | Minimal browser error page consistent with what a user would see when the backend Nginx service returns 404","No full browser chrome or URL bar visible, but the content is sufficient to identify the error source"
umn/source/faqs/networking/network_planning/what_is_the_relationship_between_clusters_vpcs_and_subnets.rst,"What Is the Relationship Between Clusters, VPCs, and Subnets?",en-us_image_0000002516077839.png,other,fail,0.00,Local color check detected #3298ff.,
umn/source/faqs/node/how_can_i_locate_a_fault_that_occurs_with_a_node.rst,How Can I Locate a Fault That Occurs with a Node?,en-us_image_0000002484117772.png,other,fail,0.00,Local color check detected #3298ff.,
umn/source/faqs/node/how_can_i_locate_a_fault_that_occurs_with_a_node.rst,How Can I Locate a Fault That Occurs with a Node?,en-us_image_0000002483957760.png,screenshot,pass,1.00,"Image shows terminal output of 'systemctl status kubelet' which exactly matches the RST instruction to check kubelet status. | The output shows kubelet as 'active (running)' which is the expected healthy state described in the RST. | The image is placed in the 'Checking Key Components of the Node' section under the kubelet subsection, matching the RST context. | The RST explicitly states 'The expected output is shown in the figure below' after the systemctl status kubelet command.",
umn/source/faqs/node/how_can_i_locate_a_fault_that_occurs_with_a_node.rst,How Can I Locate a Fault That Occurs with a Node?,en-us_image_0000002483957780.png,screenshot,pass,1.00,"Image shows terminal output of 'systemctl status docker' which matches the RST instruction to check the Docker runtime. | The output shows docker.service as 'active (running)' with containerd-shim child processes, confirming a healthy Docker runtime. | The image is placed in the 'Checking Key Components of the Node' section under Runtime > Docker, matching the RST context. | The RST explicitly states 'The expected output is shown in the figure below' after the systemctl status docker command.",
umn/source/faqs/node/how_can_i_locate_a_fault_that_occurs_with_a_node.rst,How Can I Locate a Fault That Occurs with a Node?,en-us_image_0000002483957768.png,screenshot,pass,1.00,"Image shows terminal output of 'systemctl status containerd' which matches the RST instruction to check the containerd runtime. | The output shows containerd.service as 'active (running)' with containerd-shim-runc-v2 child processes, confirming a healthy containerd runtime. | The image is placed in the 'Checking Key Components of the Node' section under Runtime > containerd, matching the RST context. | The RST explicitly states 'The expected output is shown in the figure below' after the systemctl status containerd command.",
umn/source/faqs/node/how_can_i_locate_a_fault_that_occurs_with_a_node.rst,How Can I Locate a Fault That Occurs with a Node?,en-us_image_0000002516197723.png,screenshot,pass,1.00,"Image shows terminal output of 'systemctl status chronyd' which matches the RST instruction to check the NTP service. | The output shows chronyd.service as 'active (running)' confirming a healthy NTP service. | The image is placed in the 'Checking Key Components of the Node' section under NTP, matching the RST context. | The RST explicitly states 'The expected output is shown in the figure below' after the systemctl status chronyd command.",
umn/source/faqs/node/how_can_i_locate_a_fault_that_occurs_with_a_node.rst,How Can I Locate a Fault That Occurs with a Node?,en-us_image_0000002516077723.png,screenshot,pass,1.00,Image shows terminal output of 'last reboot' which matches the RST instruction in the 'Abnormal Node Restart' section. | The output displays reboot time information (Thu Aug 29 11:02) which is exactly what the RST instructs to check. | The image is placed in the 'Abnormal Node Restart' section where the RST says 'The expected output is shown in the figure below' after the last reboot command. | The output format matches the expected 'last reboot' command output with system boot timestamp.,
umn/source/faqs/node/how_can_i_locate_a_fault_that_occurs_with_a_node.rst,How Can I Locate a Fault That Occurs with a Node?,en-us_image_0000002484117764.png,screenshot,pass,1.00,"Image shows kernel OOM (Out of Memory) messages with 'Out of memory: Killed process' entries, matching the RST description of what to see after logging in with VNC. | The RST in the 'Node Unavailable Due to OOM' section states 'You may see the information similar to the following after logging in to the node with VNC' and this image shows exactly that. | The messages show processes being killed due to memory exhaustion, consistent with the OOM fault scenario described. | The image also shows 'Dead loop on virtual device' messages which are consistent with a node in a crashed/OOM state.",
umn/source/faqs/node/how_can_i_locate_a_fault_that_occurs_with_a_node.rst,How Can I Locate a Fault That Occurs with a Node?,en-us_image_0000002484117752.png,screenshot,partial,0.72,"Image shows 'kubectl describe node' output with node conditions, which matches the RST instruction to check node events. | The RST in the 'Node Unavailable Due to OOM' section says 'Pay attention to the abnormal node events in the output' and the image shows Ready: False with KubeletNotReady. | However, the specific reason shown is 'PLEG is not healthy' rather than an OOM-related condition, which is a minor mismatch with the OOM section context. | The image does show abnormal node conditions (Ready: False) which is the general point the RST is making about checking node events. | The conditions table format matches kubectl describe node output as described in the RST.","The image shows PLEG not healthy as the reason for Ready: False, but the section is specifically about OOM. An OOM-related condition (e.g., MemoryPressure: True) would be more directly relevant. | The image does not clearly show OOM-specific events that would directly illustrate the 'Node Unavailable Due to OOM' scenario."
umn/source/faqs/node/node_creation/what_should_i_do_if_a_node_cannot_be_managed_and_an_error_message_appears_saying_that_the_node_failed_to_install.rst,What Should I Do If a Node Cannot Be Managed and an Error Message Appears Saying That the Node Failed to Install?,en-us_image_0000002516077721.jpg,screenshot,pass,0.93,"The image is a terminal/log screenshot showing baseagent installation failure output, matching the RST's reference to the baseagent.log installation log. | Visible lines such as 'install failed' and 'install_plugins/config-install ... failed: exit status 2' align with the 'node failed to install' symptom described in the document. | The image is placed in the Possible Cause section as the error information displayed in the log, so it is directly relevant to that section. | Log text is legible and provides concrete visual evidence of the failure.","The image does not explicitly show the LVM /dev/vdb logical volume issue mentioned in the RST; that detail is described in text rather than visible in the log. | No interactive UI controls are present, consistent with a plain log capture."
umn/source/faqs/node/node_running/how_do_i_fix_an_abnormal_container_or_node_due_to_no_thin_pool_disk_space.rst,How Do I Fix an Abnormal Container or Node Due to No Thin Pool Disk Space?,en-us_image_0000002516197787.png,screenshot,pass,1.00,"The image is a terminal/CLI screenshot showing `docker info`-style output for the devicemapper storage driver with a vgpaas-thinpool pool. | It displays Data Space Used, Data Space Total, and Data Space Available, which directly matches the RST statement about viewing used and remaining thin pool space. | A red rectangle highlights the Data Space lines, emphasizing the thin pool space usage relevant to the symptom described. | The figure is referenced in the Symptom section as the example of running `docker info` to locate the fault, so it is well placed. | No visible interactive controls or buttons are present; it is plain text terminal output.","The exact command prompt (`docker info`) is not visible in the cropped image, only the output is shown. | No node name or cluster context is visible to tie the output to a specific node."
umn/source/faqs/node/node_running/how_do_i_rectify_failures_when_the_nvidia_driver_is_used_to_start_containers_on_gpu_nodes.rst,How Do I Rectify Failures When the NVIDIA Driver Is Used to Start Containers on GPU Nodes?,en-us_image_0000002516197719.png,screenshot,pass,1.00,"The image is a terminal screenshot showing the output of `kubectl get node --show-labels`, which directly matches the RST step 'Check whether the node is attached with NVIDIA label.' | A red box highlights the `accelerator=nvidia-p100` label, providing clear visual evidence of the NVIDIA label on the node. | The content aligns with the 'Did a Resource Scheduling Failure Event Occur on a Cluster Node?' section, specifically fault-locating step 1. | No interactive UI controls or buttons are present; it is a plain command-line output.","The image does not show the full list of labels (truncated on the right), but the relevant NVIDIA label is clearly visible."
umn/source/faqs/node/node_running/what_can_i_do_if_a_gpu_card_is_unavailable_on_a_gpu_node.rst,What Can I Do If a GPU Card Is Unavailable on a GPU Node?,en-us_image_0000002484118014.png,screenshot,pass,1.00,"The image shows a terminal ls -l output of the NVIDIA driver installation directory, directly matching the RST description of a typical file directory. | All files mentioned in the RST (nvidia.run, nvidia-installer.log, nvidia-uninstall.log) are visible in the image. | The image is placed in the step that instructs users to check the driver installation directory contents. | The directory structure (bin, drivers, lib64, etc.) is consistent with a standard NVIDIA driver installation layout.",
umn/source/faqs/node/node_running/what_can_i_do_if_a_gpu_card_is_unavailable_on_a_gpu_node.rst,What Can I Do If a GPU Card Is Unavailable on a GPU Node?,en-us_image_0000002516077983.png,screenshot,pass,1.00,"The image shows nvidia-smi output displaying GPU information (NVIDIA A30, driver version, CUDA version, memory usage), which is exactly what the RST references as the expected output. | The RST states 'If information similar to that shown in the figure below is not displayed, go to step 3' — the image serves as the reference for correct nvidia-smi output. | The output includes all expected fields: GPU name, driver version, CUDA version, memory usage, GPU utilization, and process list. | The image is placed in the step that instructs users to run nvidia-smi and verify the output.",
umn/source/faqs/node/node_running/what_should_i_do_if_a_cluster_is_available_but_some_nodes_in_it_are_unavailable.rst,What Should I Do If a Cluster Is Available But Some Nodes in It Are Unavailable?,en-us_image_0000002516198141.png,screenshot,pass,1.00,"Image shows terminal output of 'systemctl status kubelet' command, which is exactly what Check Item 7 in the RST references as the expected output. | The output displays kubelet.service as active (running) with PID, tasks, memory, CPU, cgroup, and journal log entries, matching the RST description of checking component status. | The image is directly referenced as |image1| in the RST under Check Item 7: Whether Internal Components Are Normal.",
umn/source/faqs/node/node_running/what_should_i_do_if_i_o_suspension_occasionally_occurs_when_scsi_evs_disks_are_used.rst,What Should I Do If I/O Suspension Occasionally Occurs When SCSI EVS Disks Are Used?,en-us_image_0000002516197779.png,screenshot,pass,1.00,"The image is a terminal/dmesg log screenshot showing SCSI disk attachment and a hung task message, matching the Symptom section's described log output. | Visible lines include 'Attached SCSI disk' and 'INFO: task jbd2/dm-1:8:1604 blocked for more than 120 seconds.', consistent with the RST example of an I/O suspension on a SCSI EVS disk. | A red highlight box emphasizes the blocked-task line, providing clear visual evidence of the suspension symptom. | The image is referenced in the RST as the example for the dmesg log, so it is directly relevant to the Symptom section.","The RST uses a placeholder 'jdb2/xxx' while the image shows 'jbd2/dm-1:8:1604'; this is a generic placeholder difference, not a substantive contradiction. | No node name, kernel version, or container context is visible in the log to further confirm the CentOS node scenario."
umn/source/faqs/node/node_running/what_should_i_do_if_the_vdb_disk_of_a_node_is_damaged_and_the_node_cannot_be_recovered_after_reset.rst,What Should I Do If the vdb Disk of a Node Is Damaged and the Node Cannot Be Recovered After Reset?,en-us_image_0000002516197923.png,screenshot,pass,1.00,"The image is a terminal/console screenshot showing node reset output, matching the 'Error Scenarios' description of a syntax error during reset. | It displays 'create volume group error' and 'No command with matching syntax recognised. Run vgcreate --help', consistent with the RST's mention of a reported syntax error. | It shows device checks for /dev/vda and /dev/vdb and 'Detected paas disk: /dev/vdb', aligning with the vdb disk / VG theme of the document. | The image is referenced in the Symptom section as the figure showing the error details, so it is directly relevant to that section.","The image does not show the full command that triggered the syntax error, only the resulting error text. | No interactive UI controls are present; it is purely text output."
umn/source/faqs/permissions/what_is_an_obs_global_access_key_and_how_do_i_check_whether_a_global_access_key_is_used_in_a_cluster.rst,What Is an OBS Global Access Key and How Do I Check Whether a Global Access Key Is Used in a Cluster?,en-us_image_0000002484118228.png,screenshot,pass,1.00,"Image shows a PVC YAML in a terminal/code editor with the csi.storage.k8s.io/node-publish-secret-name and csi.storage.k8s.io/node-publish-secret-namespace annotations highlighted in a red box | This directly illustrates the custom access key scenario described in the RST where the PVC YAML contains these two annotations | The annotations show values 'aksk-wxx' and 'default' respectively, confirming a custom secret is being used | Image is placed under the 'Custom access key' bullet point in the RST, matching its semantic role",
umn/source/faqs/permissions/what_is_an_obs_global_access_key_and_how_do_i_check_whether_a_global_access_key_is_used_in_a_cluster.rst,What Is an OBS Global Access Key and How Do I Check Whether a Global Access Key Is Used in a Cluster?,en-us_image_0000002483958246.png,screenshot,pass,1.00,"Image shows a PVC YAML in a terminal/code editor that does NOT contain the csi.storage.k8s.io/node-publish-secret-name or csi.storage.k8s.io/node-publish-secret-namespace annotations | This directly illustrates the global access key scenario described in the RST where the PVC YAML lacks these annotations | The annotations present are only fstype, volume-type, bind-completed, bound-by-controller, and storage-provisioner, consistent with a global key setup | Image is placed under the 'Global access key' bullet point in the RST, matching its semantic role",
umn/source/faqs/storage/what_should_i_do_if_the_host_cannot_be_found_when_files_need_to_be_uploaded_to_obs_during_the_access_to_the_cce_service_from_a_public_network.rst,What Should I Do If the Host Cannot Be Found When Files Need to Be Uploaded to OBS During the Access to the CCE Service from a Public Network?,en-us_image_0000002516197919.png,screenshot,pass,1.00,"The image is a log-viewer screenshot with Time and message columns, matching the RST statement that the figure shows the error message. | Log entries display 'com.obs.services.exception.ObsException' and 'java.net.UnknownHostException: obs.***', which directly corresponds to the 'host cannot be found' error described in the title. | The OBS service error context aligns with the document's topic of uploading files to OBS during CCE service access. | No visible content contradicts the RST description of the failure.","The image does not show the CCE service or public network access context, only the resulting OBS error logs. | Some hostnames in the logs are redacted/blurred, so the exact host name is not fully visible."
umn/source/faqs/workload/others/what_can_i_do_if_a_layer_is_missing_during_image_pull.rst,What Can I Do If a Layer Is Missing During Image Pull?,en-us_image_0000002516197953.png,screenshot,pass,1.00,"The image is a terminal/console screenshot of Kubernetes pod events (Type/Reason/Age/From/Message columns). | It shows a 'Warning FailedCreate' event with the error 'failed to create containerd container: error unpacking image: failed to extract layer ... content digest ... not found', which directly matches the RST symptom of a missing image layer causing container creation failure. | The image is placed in the Symptom section and illustrates exactly the described failure mode with containerd. | No interactive controls or buttons are visible; only text output is present.","The top line of the terminal output is partially cropped, so the full command/header context is not visible. | Some image reference text in the 'Pulled' event appears redacted/blurred."
umn/source/faqs/workload/scheduling_policies/how_do_i_troubleshoot_a_pod_exit_caused_by_a_node_label_update.rst,How Do I Troubleshoot a Pod Exit Caused by a Node Label Update?,en-us_image_0000002516078175.png,screenshot,pass,1.00,"Terminal screenshot showing kubectl command to check node affinity on a default node pool by node IP | Output displays matchExpressions with key:tag1 operator:In values:[value1], matching the RST description of a tag1=value1 label | Red box highlights the relevant output line as described in the document | Command and output align with the step for checking affinity policies on a node in the default node pool",
umn/source/faqs/workload/scheduling_policies/how_do_i_troubleshoot_a_pod_exit_caused_by_a_node_label_update.rst,How Do I Troubleshoot a Pod Exit Caused by a Node Label Update?,en-us_image_0000002483958226.png,screenshot,pass,1.00,"Terminal screenshot showing kubectl command to check node affinity for a custom node pool using cce.cloud.com/cce-nodepool label | Output displays matchExpressions with key:tag1 operator:In values:[value1], matching the RST description | Red box highlights the relevant output line as described in the document | Command and output align with the step for checking affinity policies on nodes in a custom node pool",
umn/source/faqs/workload/scheduling_policies/how_do_i_troubleshoot_a_pod_exit_caused_by_a_node_label_update.rst,How Do I Troubleshoot a Pod Exit Caused by a Node Label Update?,en-us_image_0000002483958234.png,screenshot,pass,1.00,"Terminal screenshot showing kubectl command to list workloads (deployment, statefulset, daemonset, job, cronjob) with a specific affinity policy | Output displays kind:Deployment,namespace:default,name:nginx, matching the RST description of workloads with the tag1=value1 label | Red box highlights the relevant output line as described in the document | Command and output align with the step for getting all workloads associated with the affinity policy",
umn/source/faqs/workload/workload_exception_troubleshooting/how_can_i_locate_the_root_cause_if_a_workload_is_abnormal.rst,How Can I Locate the Root Cause If a Workload Is Abnormal?,en-us_image_0000002516078081.png,other,fail,0.00,Local color check detected #3298ff.,
umn/source/faqs/workload/workload_exception_troubleshooting/what_should_i_do_if_a_pod_fails_to_pull_the_image.rst,What Should I Do If a Pod Fails to Pull the Image?,en-us_image_0000002516197983.jpg,screenshot,pass,1.00,"The image is a terminal screenshot showing the output of the 'lvs' command, which is explicitly referenced in the RST under Check Item 4 for checking node disk space. | The output displays logical volumes (kubernetes, thinpool) in the vgpaas volume group with Data% and Meta% columns, directly illustrating how to interpret disk space usage. | A red rectangle highlights the Data% column (values 5.05 and 0.07), drawing attention to the key metric for assessing whether disk space is sufficient. | The image is placed immediately after the 'lvs' code-block in the RST, confirming its role as a visual example of the command output. | No contradictions exist between the image content and the surrounding RST text.","The image does not show the full column headers clearly (some are truncated), but the key Data% column is highlighted and readable."
umn/source/faqs/workload/workload_exception_troubleshooting/what_should_i_do_if_a_pod_startup_fails.rst,What Should I Do If a Pod Startup Fails?,en-us_image_0000002516197861.png,screenshot,pass,1.00,"Terminal screenshot showing docker ps -a and docker logs commands with 'Address already in use' error, matching the Container Port Conflict section | The error message 'bind() to 0.0.0.0:80 failed (98: Address already in use)' directly matches the RST description of container port conflict | Referenced as Figure 1 in the 'Container Port Conflict in the Pod' section | Red boxes highlight the container ID and the error message, providing clear visual evidence",
umn/source/faqs/workload/workload_exception_troubleshooting/what_should_i_do_if_a_pod_startup_fails.rst,What Should I Do If a Pod Startup Fails?,en-us_image_0000002516077859.png,screenshot,pass,1.00,"Terminal screenshot showing docker ps -a and docker logs commands with 'No such file or directory' error for /tmp/test.sh | Matches the 'Service Setting Checks' section describing an incorrect startup command | Referenced as Figure 2 in the RST document | The container exited with code 127 and the log shows the missing script, consistent with the RST description",
umn/source/faqs/workload/workload_exception_troubleshooting/what_should_i_do_if_a_pod_startup_fails.rst,What Should I Do If a Pod Startup Fails?,en-us_image_0000002516077871.png,screenshot,pass,1.00,"Terminal screenshot showing docker ps -a | grep test with a container displaying 'Exited (0)' status | Directly matches the 'No Process in the Pod (Exit Code: 0)' section where the RST states the status code Exited (0) is displayed | Referenced as image1 in the RST document | Red box highlights the 'Exited (0)' status, providing clear visual evidence",
umn/source/faqs/workload/workload_exception_troubleshooting/what_should_i_do_if_a_pod_startup_fails.rst,What Should I Do If a Pod Startup Fails?,en-us_image_0000002484117900.png,screenshot,pass,1.00,"Terminal screenshot showing lvs command output with dockersys, kubernetes, and thinpool logical volumes | The thinpool shows 90.84 used and only 1.32 free, indicating insufficient disk space | Referenced as image2 in the 'Insufficient Disk Space of the Pod' section | Red box highlights the low free space values, providing clear visual evidence of the disk space issue",
umn/source/faqs/workload/workload_exception_troubleshooting/what_should_i_do_if_a_pod_startup_fails.rst,What Should I Do If a Pod Startup Fails?,en-us_image_0000002516197853.png,screenshot,pass,1.00,"Terminal screenshot showing cat /var/log/messages | grep 96feb0a425d6 | grep oom command output | Output clearly shows OOMKilled=true messages, matching the 'Insufficient Container Resources' section | Referenced as image3 in the RST document | Red boxes highlight the OOMKilled=true and oom keywords, providing clear visual evidence of the OOM event",
umn/source/faqs/workload/workload_exception_troubleshooting/what_should_i_do_if_a_storage_volume_cannot_be_mounted_or_the_mounting_times_out.rst,What Should I Do If a Storage Volume Cannot Be Mounted or the Mounting Times Out?,en-us_image_0000002516197809.png,screenshot,pass,1.00,"The image is a terminal screenshot showing the output of 'fsck -y /dev/sdb' with an 'unsupported feature(s): metadata_csum' error, which directly matches the RST description of an fsck incompatibility error. | The RST explicitly states that if an error message similar to 'has unsupported feature (s): xxx' is displayed, it indicates the node fsck is incompatible with the file system, and the image illustrates exactly this scenario. | The image is placed in the 'Abnormal EVS Storage Volume Mounting' section under the disk file system corruption row, making it topically and sectionally relevant. | The command shown (fsck -y /dev/sdb) aligns with the RST's recommended command 'fsck -y {drive letter}'. | No contradictions exist between the image content and the surrounding RST text.",
umn/source/faqs/workload/workload_exception_troubleshooting/what_should_i_do_if_a_workload_is_stopped_caused_by_pod_deletion.rst,What Should I Do If a Workload Is Stopped Caused by Pod Deletion?,en-us_image_0000002483957796.png,other,pass,1.00,"The image is a YAML snippet of a Deployment showing the metadata block and an 'enable: false' field, directly matching the stated cause (metadata.enable = false). | The red highlight boxes emphasize the metadata section and the enable: false line, which is the exact detail the Possible Cause section describes. | The image is placed in the Possible Cause section and visually supports the explanation that the workload is stopped because enable is false. | No interactive UI controls are present; it is a plain text/code listing, so it is classified as 'other'.","The image does not show the workload's Stopped status UI, only the YAML configuration. | The full YAML (spec section) is truncated, so the complete workload definition is not visible."
umn/source/getting_started/deploying_a_deployment_nginx.rst,Deploying a Deployment (Nginx),en-us_image_0000001851742664.png,screenshot,pass,1.00,Image shows the standard Nginx default welcome page with 'Welcome to nginx!' heading | Matches the RST caption 'Figure 1 Nginx web page accessed' | Placed in the Nginx Overview section to illustrate the expected result after deployment | Content matches the well-known nginx default page text exactly,"No browser chrome visible, so it is unclear whether this was captured in a browser or rendered directly"
umn/source/getting_started/deploying_a_deployment_nginx.rst,Deploying a Deployment (Nginx),en-us_image_0000001898022793.png,screenshot,pass,1.00,"Image shows a browser with an IP address followed by :8080 in the address bar, matching the RST instruction to enter External access address:Service port | The port 8080 matches the Service Port configured in the RST procedure | The page content is the standard Nginx welcome page, confirming successful access | Matches the RST caption 'Figure 2 Accessing Nginx' and is placed in the step about accessing the application via browser","The IP address is partially redacted, so the exact external IP cannot be verified"
umn/source/getting_started/deploying_wordpress_and_mysql_that_depend_on_each_other/overview.rst,Overview,en-us_image_0000001851742596.png,other,fail,0.00,Local color check detected #3298ff.,
umn/source/getting_started/deploying_wordpress_and_mysql_that_depend_on_each_other/step_2_deploying_wordpress.rst,Step 2: Deploying WordPress,en-us_image_0000001851742644.png,screenshot,pass,1.00,"Image shows the WordPress language selection page, which is the first page displayed when accessing a fresh WordPress installation via browser | The RST references this as 'Figure 1 WordPress' in the 'Accessing WordPress' section, stating 'The following figure shows the accessed WordPress page' | The WordPress logo is clearly visible at the top, confirming it is the WordPress application | The language dropdown and 'Continue' button are consistent with the initial WordPress setup flow",
umn/source/getting_started/deploying_wordpress_and_mysql_that_depend_on_each_other/step_2_deploying_wordpress.rst,Step 2: Deploying WordPress,en-us_image_0000001898022857.png,screenshot,pass,1.00,"Image shows the WordPress 'Welcome' installation form with fields for Site Title, Username, Password, Email, and Search Engine Visibility | The RST references this as 'Figure 2 WordPress' in the 'Accessing WordPress' section | The WordPress logo is visible at the top, confirming it is the WordPress application | The 'Install WordPress' button and form fields are consistent with the standard WordPress five-minute installation process",
umn/source/getting_started/deploying_wordpress_and_mysql_that_depend_on_each_other/step_2_deploying_wordpress.rst,Step 2: Deploying WordPress,en-us_image_0000001851742724.png,icon,partial,0.72,"Image shows a small three-dot (kebab menu) icon, which is a common 'more actions' button in cloud console UIs | The RST uses this as |image1| in the 'Deleting Resources' section: 'Click |image1| next to the cluster to be deleted, select Delete Cluster' | The icon is consistent with a 'more options' menu button that would reveal a 'Delete Cluster' option | The image is very small and low-resolution, making it difficult to discern fine details | The icon is a generic UI element not specific to WordPress deployment, but it is part of the document's workflow for resource cleanup",The image is very small (appears to be only a few pixels wide) making it hard to confirm exact appearance | Cannot verify the exact color or style of the dots due to low resolution
umn/source/getting_started/introduction.rst,Introduction,en-us_image_0000001851742548.png,other,fail,0.00,Local color check detected #3298ff.,
umn/source/getting_started/preparations.rst,Preparations,en-us_image_0000001851742516.png,icon,pass,1.00,"The image is a small location-pin (map marker) icon, matching the RST reference |image1| used for selecting a region and project. | The RST step 'Click |image1| in the upper left corner and select a region and a project' directly corresponds to a region selector icon. | The icon is relevant to the '(Optional) Creating a VPC' section where it is referenced. | No visible interactive controls or buttons are present; it is an isolated symbolic graphic.","The icon is low-resolution and grayscale, so exact UI context (e.g., surrounding menu) is not visible. | No label or text accompanies the icon in the image itself."
umn/source/getting_started/preparations.rst,Preparations,en-us_image_0000001898022705.png,icon,pass,1.00,"The image is a small location-pin (map marker) icon, matching the RST reference |image2| used for selecting a region and project. | The RST step 'Click |image2| in the upper left corner and select a region and a project' directly corresponds to a region selector icon. | The icon is relevant to the '(Optional) Creating a Key Pair' section where it is referenced. | No visible interactive controls or buttons are present; it is an isolated symbolic graphic.","The icon is low-resolution and grayscale, so exact UI context (e.g., surrounding menu) is not visible. | No label or text accompanies the icon in the image itself."
umn/source/helm_charts/chart_overview.rst,Chart Overview,en-us_image_0000002516078871.png,other,fail,0.00,Local color check detected #3298ff.,
umn/source/migrating_data_from_cce_1.0_to_cce_2.0/migrating_clusters.rst,Migrating Clusters,en-us_image_0000001177874150.png,screenshot,pass,1.00,"The image is a UI dialog titled 'Create Container Cluster' showing a form with Name, VPC, Subnet, Security Group, Cluster Type, and Description fields, matching the RST's 'Figure 1 Cluster specifications in CCE 1.0'. | The visible parameters (Name, VPC, Subnet, Cluster Type Single Master/HA Master, Description) align with the CCE 1.0 column of Table 1 in the RST. | The figure is referenced in Procedure step 2 about setting cluster parameters, so it is directly relevant to that section. | The CCE 1.0-style terminology ('Container Cluster', 'Cluster Type' with Single/HA Master, absence of Version/Management Scale/Network Model) is consistent with the document's migration context and shows no contradiction.","The image does not display every parameter listed in Table 1 (e.g., authorization/authentication mode), but it is labeled as a representative specification view, so this is not a contradiction."
umn/source/migrating_data_from_cce_1.0_to_cce_2.0/migrating_images.rst,Migrating Images,en-us_image_0000001178352594.png,screenshot,pass,1.00,"Image shows the CCE 2.0 console with the Pull/Push Guide tab active, matching Step 1 of the procedure | A dialog titled 'Docker Login Command' is visible with a docker login command, exactly as described in the RST | The background shows Prerequisites and Procedure sections consistent with the image repository page | The 'Generate the Docker login command' action is clearly depicted",
umn/source/migrating_data_from_cce_1.0_to_cce_2.0/migrating_images.rst,Migrating Images,en-us_image_0000001223473833.png,screenshot,pass,0.88,"Image shows the CCE 1.0 (Open Telekom Cloud) console with the Private Container Image page, matching Step 2 | A highlighted 'Download a certificate file' link is visible, which relates to obtaining Docker login configuration | The RST specifically mentions 'dockercfg.json' but the image shows 'Download a certificate file' - slight terminology difference | The left navigation shows CCE, Dashboard, Cluster Manager, App Manager, App Designer, Component Template consistent with CCE 1.0 console","The specific file name 'dockercfg.json' is not visible in the image | The exact download action for the configuration file is not shown, only the link is highlighted"
umn/source/migrating_data_from_cce_1.0_to_cce_2.0/migrating_images.rst,Migrating Images,en-us_image_0000001223393885.png,screenshot,pass,1.00,"Image shows the CCE 2.0 Image Repository page, matching the final verification step | The 'busybox' image is visible with Version: latest, matching the example in the RST (10.44.200.121:443/otc0***507/busybox:latest) | The repository shows Image Type Other, Permission Private, Versions 1, consistent with a successfully migrated image | The left navigation shows 'Image Repository' highlighted, confirming the correct page",
umn/source/namespaces/managing_namespaces.rst,Managing Namespaces,en-us_image_0000002484119408.png,other,fail,0.00,Local color check detected #3298ff.,
umn/source/namespaces/managing_namespaces.rst,Managing Namespaces,en-us_image_0000002516199385.png,other,fail,0.00,Local color check detected #3298ff.,
umn/source/namespaces/managing_namespaces.rst,Managing Namespaces,en-us_image_0000002483959438.png,icon,pass,0.83,"The image is a small pencil/edit pictogram, matching the 'icon' classification. | In the RST it is referenced as |image1| in the 'Enabling Node Affinity in a Namespace' section, where the user is told to click it in the Node Affinity column. | The edit/pencil symbol is consistent with a clickable action control used to modify node affinity settings. | The icon is directly tied to the namespace management workflow described in the document.","The icon is generic (pencil/edit) and does not visually indicate 'Node Affinity' specifically; its meaning relies on the surrounding RST text. | No surrounding UI context (table, column header) is visible to confirm placement in the Node Affinity column."
umn/source/networking/accessing_the_internet_from_a_container.rst,Accessing the Internet from a Container,en-us_image_0000002484119606.png,other,fail,0.00,Local color check detected #3298ff.,
umn/source/networking/accessing_the_internet_from_a_container.rst,Accessing the Internet from a Container,en-us_image_0000002516199581.png,icon,partial,0.72,"The image is a hamburger menu icon (three horizontal lines), a common navigation symbol in cloud console UIs. | The RST references this image in step 2a: 'Click |image1| in the upper left corner and choose Networking > NAT Gateway in the expanded list,' which matches a hamburger menu icon used to expand a navigation panel. | The icon is a generic UI navigation element, not specific to the SNAT/NAT Gateway topic, but it is correctly placed within the procedure for creating a NAT gateway. | No contradiction between the image content and the RST description of clicking a menu icon in the upper left corner.","The image does not show the expanded navigation list or the 'Networking > NAT Gateway' path, only the collapsed menu icon. | No surrounding UI context (e.g., console header, page title) is visible to confirm the specific product or console."
umn/source/networking/container_networks/cloud_native_network_2.0_settings/cloud_native_network_2.0.rst,Cloud Native Network 2.0,en-us_image_0000002483959072.png,other,fail,0.00,Local color check detected #3298ff.,
umn/source/networking/container_networks/cloud_native_network_2.0_settings/configuring_a_security_group_for_a_workload_in_a_cce_turbo_cluster/binding_a_subnet_and_security_group_to_a_namespace_or_workload_using_a_container_network_configuration.rst,Binding a Subnet and Security Group to a Namespace or Workload Using a Container Network Configuration,en-us_image_0000002483959484.png,other,fail,0.00,Local color check detected #3298ff.,
umn/source/networking/container_networks/cloud_native_network_2.0_settings/obtaining_pod_network_interfaces_in_a_cce_turbo_cluster.rst,Obtaining Pod Network Interfaces in a CCE Turbo Cluster,en-us_image_0000002516199533.png,screenshot,pass,1.00,"Image shows terminal output of kubectl get pod command displaying pod YAML with annotations | The red-highlighted annotations section contains cni.yangtse.io/network-status with name, portID, and ips fields | Matches the Global Configuration section's expected command output for kubectl get pod nginx -o yaml | The displayed fields (name, portID, ips) align exactly with the RST description",
umn/source/networking/container_networks/cloud_native_network_2.0_settings/obtaining_pod_network_interfaces_in_a_cce_turbo_cluster.rst,Obtaining Pod Network Interfaces in a CCE Turbo Cluster,en-us_image_0000002484119560.png,screenshot,pass,1.00,"Image shows terminal output of kubectl get pod command displaying pod YAML with annotations | The red-highlighted annotations section contains cni.yangtse.io/network-status with name, portID, and ips fields | Also shows yangtse.io/enable-pod-network-status: 'true' annotation confirming on-demand configuration | Matches the On-demand Configuration section's expected command output",
umn/source/networking/container_networks/pod_network_settings/configuring_network_policies_to_restrict_pod_access.rst,Configuring Network Policies to Restrict Pod Access,en-us_image_0000002516079129.png,other,fail,0.00,Local color check detected #3298ff.,
umn/source/networking/container_networks/pod_network_settings/configuring_network_policies_to_restrict_pod_access.rst,Configuring Network Policies to Restrict Pod Access,en-us_image_0000002516079115.png,other,fail,0.00,Local color check detected #3298ff.,
umn/source/networking/container_networks/pod_network_settings/configuring_network_policies_to_restrict_pod_access.rst,Configuring Network Policies to Restrict Pod Access,en-us_image_0000002516199123.png,other,fail,0.00,Local color check detected #3298ff.,
umn/source/networking/container_networks/pod_network_settings/configuring_network_policies_to_restrict_pod_access.rst,Configuring Network Policies to Restrict Pod Access,en-us_image_0000002484119148.png,other,fail,0.00,Local color check detected #3298ff.,
umn/source/networking/container_networks/pod_network_settings/configuring_network_policies_to_restrict_pod_access.rst,Configuring Network Policies to Restrict Pod Access,en-us_image_0000002516079117.png,other,fail,0.00,Local color check detected #3298ff.,
umn/source/networking/container_networks/pod_network_settings/configuring_network_policies_to_restrict_pod_access.rst,Configuring Network Policies to Restrict Pod Access,en-us_image_0000002516199127.png,icon,partial,0.65,The image is a small plus (+) icon used as a UI button to add an inbound rule in the CCE console. | It is referenced in the RST as |image1| in the context of 'Click |image1| to add an inbound rule.' | The icon is semantically relevant to the network policy configuration topic as it represents the action of adding a rule. | The image contains minimal visual detail beyond the plus symbol.,No surrounding UI context is visible; only the isolated plus icon is shown. | No label or tooltip text is visible to confirm its specific function.
umn/source/networking/container_networks/pod_network_settings/configuring_network_policies_to_restrict_pod_access.rst,Configuring Network Policies to Restrict Pod Access,en-us_image_0000002483959172.png,screenshot,pass,1.00,"The screenshot shows the Inbound Rule configuration panel in the CCE console with columns for Policies, Protocol & Port, Source Namespace, Source Pod Label, and Operations. | It displays an 'Allow' rule with TCP protocol, port 80, default namespace, and a pod label (key = test), matching the parameters described in Table 1. | A plus button at the bottom allows adding additional inbound rules, consistent with the RST instruction to click the plus icon to add an inbound rule. | The screenshot directly illustrates the console-based network policy configuration described in the document.",The Source CIDR Block field mentioned in Table 1 is not visible in this screenshot (it may be hidden or not applicable for the displayed cluster version). | The full column header for Operations is truncated (shown as 'Operati...').
umn/source/networking/container_networks/pod_network_settings/configuring_network_policies_to_restrict_pod_access.rst,Configuring Network Policies to Restrict Pod Access,en-us_image_0000002516199125.png,icon,partial,0.65,The image is a small plus (+) icon used as a UI button to add an outbound rule in the CCE console. | It is referenced in the RST as |image3| in the context of 'Click |image3| to add an outbound rule.' | The icon is semantically relevant to the network policy configuration topic as it represents the action of adding a rule. | The image contains minimal visual detail beyond the plus symbol.,No surrounding UI context is visible; only the isolated plus icon is shown. | No label or tooltip text is visible to confirm its specific function.
umn/source/networking/container_networks/pod_network_settings/configuring_network_policies_to_restrict_pod_access.rst,Configuring Network Policies to Restrict Pod Access,en-us_image_0000002483959180.png,screenshot,pass,1.00,"The screenshot shows the Outbound Rule configuration panel in the CCE console with columns for Policy, Protocol & Port, Destination CIDR, Destination Namespace, Destination Pod Label, and Operations. | It displays an 'Allow' rule with TCP protocol, port 80, CIDR 172.17.0.0/16, default namespace, and a pod label (key = test), matching the parameters described in Table 2. | The screenshot directly illustrates the console-based outbound network policy configuration described in the document. | All fields shown correspond to the parameters listed in Table 2 (Protocol & Port, Destination CIDR Block, Destination Namespace, Destination Pod Label).","Column headers are truncated (e.g., 'Polic...', 'Protocol & Port...', 'Destination CID...'). | No plus/add button is visible in this cropped view for adding additional outbound rules."
umn/source/networking/container_networks/pod_network_settings/deploying_hubble_for_dataplane_v2_network_observability.rst,Deploying Hubble for DataPlane V2 Network Observability,en-us_image_0000002483959250.png,screenshot,pass,1.00,"The image is a Grafana dashboard titled 'Hubble', matching Step 6 which instructs importing the hubble-dashboard.json and viewing Hubble metrics. | Dashboard panels (Flows processed Per Node, Flows Types, Trace Flow Distribution, Forwarded vs Dropped, Drop Reason, Protocol Usage, Top 10 Port Distribution, TCPv4, Missing TCPv4 SYN-ACKs) correspond to the Hubble metrics (flow, drop, tcp, port-distribution, icmp) described in the document. | The screenshot is placed immediately after the instruction to access the dashboard to view Hubble metrics, so it is directly relevant to that section. | Visible UI elements (sidebar navigation, Add/Share buttons, time-range selector) confirm it is an application screenshot. | No visible content contradicts the document's description of the Hubble Grafana dashboard.","The image does not show the datasource name (e.g., prometheus-aom) referenced in the caution note, so that specific detail cannot be verified. | The exact cluster name or environment is not visible in the dashboard."
umn/source/networking/container_networks/pod_network_settings/enabling_observability_for_cilium-agent_in_a_cluster_with_dataplane_v2_enabled.rst,Enabling Observability for cilium-agent in a Cluster with DataPlane V2 Enabled,en-us_image_0000002516079245.png,screenshot,pass,1.00,"The image is a Grafana dashboard titled 'Cilium Metrics', matching Step 4 of the document about configuring the Cilium metric dashboard. | The pod selector shows 'yangtse-cilium-r8r2g', consistent with the yangtse-cilium daemonset referenced in Step 1. | Panels display Cilium-specific metrics (BPF memory usage, BPF map pressure, API call latency, CPU usage per node), aligning with the cilium-dashboard.json import described in the RST. | The image is placed immediately after the instruction to access the dashboard to view Cilium metrics, providing direct visual evidence. | No contradictions between the image content and the document text.","The image does not show the datasource field, so the caution about 'prometheus-aom' cannot be visually verified. | No explicit confirmation that the dashboard was imported from cilium-dashboard.json is visible in the screenshot."
umn/source/networking/container_networks/tunnel_network_settings/tunnel_network_model.rst,Tunnel Network Model,en-us_image_0000002483959624.png,other,fail,0.00,Local color check detected #3298ff.,
umn/source/networking/container_networks/tunnel_network_settings/tunnel_network_model.rst,Tunnel Network Model,en-us_image_0000002516079573.png,other,pass,1.00,"The image is a schematic diagram (Figure 2) illustrating IP address allocation in the container tunnel network, matching the 'Pod IP Address Management' section. | It shows multiple nodes (Node 1, Node 2, Node n) each receiving /28 pod CIDR blocks (e.g., 172.16.0.0/28, 172.16.1.16/28), consistent with the RST's fixed-size /28 (16 IP) allocation rule. | The horizontal bar labeled 'Container CIDR block 172.16.0.0/16' with red (allocated) and blue (free) segments visually represents the cyclic/block allocation from the container CIDR described in the text. | Dashed arrows linking allocated segments to nodes depict the assignment of pod CIDR blocks to nodes, aligning with the documented allocation mechanism. | No interactive UI controls are present; it is a static explanatory diagram.","The diagram does not explicitly label the 'cyclic' allocation order or the exhaustion/reallocation behavior described in the text. | No numeric example (e.g., 65,536 / 16 = 4,096 nodes) is shown in the image itself."
umn/source/networking/container_networks/vpc_network_settings/vpc_network_model.rst,VPC Network Model,en-us_image_0000002484119444.png,other,fail,0.00,Local color check detected #3298ff.,
umn/source/networking/container_networks/vpc_network_settings/vpc_network_model.rst,VPC Network Model,en-us_image_0000002516199419.png,other,pass,1.00,"The diagram illustrates sequential pod CIDR block allocation from a container CIDR block, matching the 'Pod IP Address Management' section. | Node labels (172.16.0.0/25, 172.16.0.128/25, 172.16.6.0/25) and the container CIDR block 172.16.0.0/16 exactly match the example given in the RST text. | The image is referenced in the RST as Figure 2 for the sequential node CIDR assignment rule. | It is a schematic diagram, not a UI screenshot or icon, so it is classified as 'other'.",The diagram does not explicitly show individual pod IP addresses within each node's CIDR block. | No legend explains the red versus blue segment colors in the container CIDR bar.
umn/source/networking/dns/changing_the_default_nodelocal_dnscache_port.rst,Changing the Default NodeLocal DNSCache Port,en-us_image_0000002516079513.png,screenshot,pass,1.00,"Image shows a YAML configuration editor with line numbers, matching the context of editing a NodeLocal DNSCache add-on YAML file | The healthPort parameter on line 44 is set to 8081 and highlighted with a red rectangle, exactly as described in step 4a | Surrounding parameters (interfaceName: nodelocaldns, upstreamSvc: coredns, name: node-cache) confirm this is the NodeLocal DNSCache configuration | The red highlight draws attention to the specific parameter the user needs to modify",No visible UI elements like buttons or navigation pane are shown; only the code editor portion is visible
umn/source/networking/dns/changing_the_default_nodelocal_dnscache_port.rst,Changing the Default NodeLocal DNSCache Port,en-us_image_0000002483959570.png,screenshot,pass,1.00,"Image shows a YAML configuration editor with line numbers, matching the context of editing a NodeLocal DNSCache add-on YAML file | The port: 8081 on line 136 is highlighted with a red rectangle, matching the instruction to change the port value to 8081 | The zone: cluster.local:53 on line 142 is highlighted with a yellow/green rectangle, matching the instruction to search for the cluster.local parameter | Surrounding parameters (plugins, cache, forward, force_tcp, prometheus) confirm this is a CoreDNS/NodeLocal DNSCache configuration file",No visible UI elements like buttons or navigation pane are shown; only the code editor portion is visible | The exact array structure mentioned in the text (port in the array) is not fully visible in the cropped view
umn/source/networking/dns/dns_overview.rst,DNS Overview,en-us_image_0000002516079535.png,other,fail,0.00,Local color check detected #3298ff.,
umn/source/networking/dns/dns_overview.rst,DNS Overview,en-us_image_0000002484119088.png,other,fail,0.00,Local color check detected #3298ff.,
umn/source/networking/dns/using_nodelocal_dnscache_to_improve_dns_performance.rst,Using NodeLocal DNSCache to Improve DNS Performance,en-us_image_0000002483959282.png,other,fail,0.00,Local color check detected #3298ff.,
umn/source/networking/ingresses/ingress_overview.rst,Ingress Overview,en-us_image_0000002516079671.png,other,fail,0.00,Local color check detected #3298ff.,
umn/source/networking/ingresses/ingress_overview.rst,Ingress Overview,en-us_image_0000002516079667.png,other,fail,0.00,Local color check detected #3298ff.,
umn/source/networking/ingresses/ingress_overview.rst,Ingress Overview,en-us_image_0000002483959718.png,other,fail,0.00,Local color check detected #3298ff.,
umn/source/networking/ingresses/ingress_overview.rst,Ingress Overview,en-us_image_0000002483959720.png,other,fail,0.00,Local color check detected #3298ff.,
umn/source/networking/ingresses/ingress_overview.rst,Ingress Overview,en-us_image_0000002483959722.png,other,fail,0.00,Local color check detected #3298ff.,
umn/source/networking/ingresses/loadbalancer_ingresses/advanced_setting_examples_of_loadbalancer_ingresses/configuring_the_priorities_of_forwarding_rules_for_loadbalancer_ingresses.rst,Configuring the Priorities of Forwarding Rules for LoadBalancer Ingresses,en-us_image_0000002516198965.png,other,fail,0.00,Local color check detected #3298ff.,
umn/source/networking/ingresses/loadbalancer_ingresses/configuring_an_advanced_forwarding_policy_for_a_loadbalancer_ingress.rst,Configuring an Advanced Forwarding Policy for a LoadBalancer Ingress,en-us_image_0000002516079157.png,other,fail,0.00,Local color check detected #3298ff.,
umn/source/networking/ingresses/loadbalancer_ingresses/configuring_multiple_ingresses_in_a_cluster_to_use_the_same_load_balancer.rst,Configuring Multiple Ingresses in a Cluster to Use the Same Load Balancer,en-us_image_0000002516198993.png,other,fail,0.00,Local color check detected #3298ff.,
umn/source/networking/ingresses/loadbalancer_ingresses/configuring_multiple_ingresses_in_a_cluster_to_use_the_same_load_balancer.rst,Configuring Multiple Ingresses in a Cluster to Use the Same Load Balancer,en-us_image_0000002484119016.png,other,fail,0.00,Local color check detected #3298ff.,
umn/source/networking/ingresses/loadbalancer_ingresses/creating_a_loadbalancer_ingress_on_the_console.rst,Creating a LoadBalancer Ingress on the Console,en-us_image_0000002516199417.png,screenshot,pass,1.00,"The image shows a browser address bar with a URL containing '10.' and '/healthz', matching the RST description of accessing the /healthz interface. | The response 'ok' is visible below the address bar, consistent with a successful Nginx workload response as described in the document. | The RST explicitly references this as 'Figure 1 Accessing the /healthz interface of defaultbackend' in step 5b of the procedure. | The image is a browser screenshot showing the final verification step of the LoadBalancer Ingress creation process.","The full IP address and port number are partially obscured/redacted in the address bar, but this is consistent with the RST using placeholder notation (10.****:80)."
umn/source/networking/ingresses/loadbalancer_ingresses/creating_a_loadbalancer_ingress_on_the_console.rst,Creating a LoadBalancer Ingress on the Console,en-us_image_0000002484119440.png,icon,partial,0.78,"The image is a blue plus (+) icon, a common UI symbol for 'add' actions. | The RST references this as |image1| in the sentence 'You can click |image1| to add multiple forwarding policies,' which is consistent with a plus/add icon. | The icon is placed in the Forwarding Policy subsection of the 'Adding a LoadBalancer Ingress' section, making it contextually relevant. | The icon is generic and not specific to LoadBalancer Ingress functionality, but serves its purpose as an 'add' button indicator.","The icon is a generic plus symbol without any additional context (no label, no surrounding UI), so its specific function relies entirely on the RST text. | No surrounding UI elements are visible to confirm it is part of the CCE console interface."
umn/source/networking/ingresses/loadbalancer_ingresses/creating_a_loadbalancer_ingress_using_kubectl.rst,Creating a LoadBalancer Ingress Using kubectl,en-us_image_0000002516199555.png,other,fail,0.00,Local color check detected #3298ff.,
umn/source/networking/ingresses/nginx_ingresses/advanced_setting_examples_of_nginx_ingresses/configuring_an_elb_certificate_for_nginx_ingress_controller.rst,Configuring an ELB Certificate for NGINX Ingress Controller,en-us_image_0000002483959602.png,other,fail,0.00,Local color check detected #3298ff.,
umn/source/networking/ingresses/nginx_ingresses/creating_an_nginx_ingress_using_kubectl.rst,Creating an Nginx Ingress Using kubectl,en-us_image_0000002516079007.png,other,fail,0.00,Local color check detected #3298ff.,
umn/source/networking/ingresses/redirecting_traffic_from_an_nginx_ingress_to_a_loadbalancer_ingress.rst,Redirecting Traffic from an Nginx Ingress to a LoadBalancer Ingress,en-us_image_0000002542806497.png,other,fail,0.00,Local color check detected #3298ff.,
umn/source/networking/ingresses/redirecting_traffic_from_an_nginx_ingress_to_a_loadbalancer_ingress.rst,Redirecting Traffic from an Nginx Ingress to a LoadBalancer Ingress,en-us_image_0000002511366536.png,other,fail,0.00,Local color check detected #3298ff.,
umn/source/networking/ingresses/redirecting_traffic_from_an_nginx_ingress_to_a_loadbalancer_ingress.rst,Redirecting Traffic from an Nginx Ingress to a LoadBalancer Ingress,en-us_image_0000002542806499.png,other,fail,0.00,Local color check detected #3298ff.,
umn/source/networking/ingresses/redirecting_traffic_from_an_nginx_ingress_to_a_loadbalancer_ingress.rst,Redirecting Traffic from an Nginx Ingress to a LoadBalancer Ingress,en-us_image_0000002511366538.png,other,fail,0.00,Local color check detected #3298ff.,
umn/source/networking/networking_overview.rst,Networking Overview,en-us_image_0000002483959592.png,other,fail,0.00,Local color check detected #3298ff.,
umn/source/networking/networking_overview.rst,Networking Overview,en-us_image_0258889981.png,other,fail,0.00,Local color check detected #3298ff.,
umn/source/networking/networking_overview.rst,Networking Overview,en-us_image_0258961458.png,other,fail,0.00,Local color check detected #3298ff.,
umn/source/networking/networking_overview.rst,Networking Overview,en-us_image_0000002516079535.png,other,fail,0.00,Local color check detected #3298ff.,
umn/source/networking/networking_overview.rst,Networking Overview,en-us_image_0000002516199539.png,other,fail,0.00,Local color check detected #3298ff.,
umn/source/networking/services/clusterip.rst,ClusterIP,en-us_image_0000002516079663.png,other,fail,0.00,Local color check detected #3298ff.,
umn/source/networking/services/loadbalancer/configuring_passthrough_networking_for_a_loadbalancer_service.rst,Configuring Passthrough Networking for a LoadBalancer Service,en-us_image_0000002516198373.png,other,fail,0.00,Local color check detected #3298ff.,
umn/source/networking/services/loadbalancer/creating_a_loadbalancer_service.rst,Creating a LoadBalancer Service,en-us_image_0000002483959016.png,other,fail,0.00,Local color check detected #3298ff.,
umn/source/networking/services/loadbalancer/creating_a_loadbalancer_service.rst,Creating a LoadBalancer Service,en-us_image_0000002483959018.png,other,fail,0.00,Local color check detected #3298ff.,
umn/source/networking/services/loadbalancer/creating_a_loadbalancer_service.rst,Creating a LoadBalancer Service,en-us_image_0000002484118980.png,screenshot,pass,1.00,"The image displays the default Nginx 'Welcome to nginx!' page, which matches the RST's final verification step stating 'The Nginx is accessible' after creating a LoadBalancer Service. | The RST alt text for this figure is 'Accessing Nginx through the LoadBalancer Service', consistent with the page shown. | The page text confirms the nginx web server is successfully installed and working, providing direct visual evidence of a successful external access via the LoadBalancer Service. | The image is a web page screenshot (a page interface), so it is classified as a screenshot.","No browser address bar or URL is visible, so the specific LoadBalancer IP:port (e.g., 10.78.42.242:80) cannot be confirmed from the image alone. | No cluster, service, or load balancer context is visible within the image itself."
umn/source/networking/services/nodeport.rst,NodePort,en-us_image_0000002484119254.png,other,fail,0.00,Local color check detected #3298ff.,
umn/source/networking/services/service_overview.rst,Service Overview,en-us_image_0000002516079693.png,other,fail,0.00,Local color check detected #3298ff.,
umn/source/networking/services/service_overview.rst,Service Overview,en-us_image_0000002483959740.png,other,fail,0.00,Local color check detected #3298ff.,
umn/source/nodes/management_nodes/performing_a_rolling_upgrade_for_nodes.rst,Performing a Rolling Upgrade for Nodes,en-us_image_0000002483959338.png,other,fail,0.00,Local color check detected #3298ff.,
umn/source/nodes/node_o_and_m/executing_the_pre-_or_post-installation_commands_during_node_creation.rst,Executing the Pre- or Post-installation Commands During Node Creation,en-us_image_0000002484118386.png,screenshot,pass,1.00,"Image shows a 'Post-installation Command' label with a text input containing the iptables rule, matching the RST topic of pre/post-installation commands. | The command text exactly matches the code-block example in the RST (iptables -A INPUT -p tcp --dport 80 -m limit --limit 25/minute --limit-burst 100 -j ACCEPT). | The image is placed in Procedure step 3 describing the Advanced Settings area where these commands are entered. | Visible UI form field provides clear visual evidence of the configuration step. | No contradiction between the image content and the RST description.","The surrounding console navigation (Clusters/Nodes tabs) is not visible in this cropped image. | No explicit button (e.g., Next/Submit) is shown in the image."
umn/source/nodes/node_o_and_m/space_allocation_of_a_data_disk.rst,Space Allocation of a Data Disk,en-us_image_0000002483959392.png,other,fail,0.00,Local color check detected #3298ff.,
umn/source/nodes/node_o_and_m/space_allocation_of_a_data_disk.rst,Space Allocation of a Data Disk,en-us_image_0000002516199341.png,other,fail,0.00,Local color check detected #3298ff.,
umn/source/o_and_m/log_auditing/viewing_cts_traces_in_the_trace_list.rst,Viewing CTS Traces in the Trace List,en-us_image_0000001744598325.png,screenshot,pass,1.00,"Image shows the Trace List page with filter fields (Trace Type, Trace Source, Resource Type, Search By, Operator, Trace Status) matching Figure 1 'Filters'. | Time range options (Last 1 hour, Last 1 day, Last 1 week, Customize) and Query/Reset/Export buttons align with the RST steps. | Directly supports the 'Viewing Traces in the Trace List' section and Table 1 filtering parameters.",No missing evidence; the screenshot clearly depicts the described filter interface.
umn/source/o_and_m/log_auditing/viewing_cts_traces_in_the_trace_list.rst,Viewing CTS Traces in the Trace List,en-us_image_0000002359774578.png,icon,pass,1.00,"Image is a hamburger menu icon (three horizontal lines), matching |image1| referenced in step 1 ('click |image1| in the upper left corner'). | Consistent with the navigation instruction to open the management console menu.","The icon is small and isolated; surrounding UI context is not visible, but the RST reference confirms its purpose."
umn/source/o_and_m/log_auditing/viewing_cts_traces_in_the_trace_list.rst,Viewing CTS Traces in the Trace List,en-us_image_0000001696678850.png,icon,pass,1.00,"Image is a circular refresh/reload arrow icon, matching |image2| referenced in step 6 ('Click |image2| to view the latest information about traces'). | Semantically consistent with a refresh action on the trace list.","Icon is isolated; no surrounding page context, but the RST reference confirms its refresh purpose."
umn/source/o_and_m/log_auditing/viewing_cts_traces_in_the_trace_list.rst,Viewing CTS Traces in the Trace List,en-us_image_0000001744678489.jpg,icon,pass,1.00,"Image is a downward chevron/arrow icon, matching |image3| referenced in step 7 ('Click |image3| on the left of a trace to expand its details'). | Semantically consistent with an expand/collapse control for a trace row.","Icon is isolated; no surrounding table context, but the RST reference confirms its expand purpose."
umn/source/o_and_m/log_auditing/viewing_cts_traces_in_the_trace_list.rst,Viewing CTS Traces in the Trace List,en-us_image_0000001942942816.png,screenshot,pass,1.00,"Image shows the trace list table with an expanded trace row revealing detail fields (trace_id, code, trace_name, resource_type, trace_rating, message, source_ip, domain_id, trace_type). | Matches |image4| in step 7, illustrating the expanded trace details after clicking the expand icon. | Includes a 'View Trace' link in the Operation column, consistent with step 8.","Some field values (source_ip, domain_id) are redacted/blurred, but the structure is clearly visible."
umn/source/o_and_m/log_auditing/viewing_cts_traces_in_the_trace_list.rst,Viewing CTS Traces in the Trace List,en-us_image_0000001758618249.png,screenshot,pass,1.00,"Image shows a 'View Trace' dialog displaying JSON trace details (request, trace_id, code, trace_name, resource_type, trace_rating, message, source_ip, domain_id, trace_type, service_type, etc.). | Matches |image5| in step 8, illustrating the trace details displayed after clicking 'View Trace'. | Directly supports the 'Viewing Traces in the Trace List' section.","Some values (trace_id, source_ip, domain_id, project_id, user name/id) are redacted/blurred, but the JSON structure is clearly visible."
umn/source/o_and_m/logging/collecting_audit_logs.rst,Collecting Audit Logs,en-us_image_0000002516199615.png,screenshot,pass,1.00,"Image shows a UI row with 'Logging Settings', 'audit', 'Enabled' status, and an edit (pencil) icon | Matches the RST description of modifying settings in Logging Settings on the Kubernetes Audit Logs tab | The figure caption in RST is 'Enabling audit logging for an existing cluster' which aligns with the visible content","The full page context (navigation pane, tab headers) is not visible in this cropped strip"
umn/source/o_and_m/logging/collecting_audit_logs.rst,Collecting Audit Logs,en-us_image_0000002516199619.png,icon,partial,0.78,"Image is a simple checkmark/tick icon | RST instructs 'If yes, click |image1|' to enable logging for the audit component | A checkmark is a reasonable confirmation/enable icon but is generic and not specific to audit logging",No surrounding UI context visible to confirm it is a button within the audit logging settings panel
umn/source/o_and_m/logging/collecting_audit_logs.rst,Collecting Audit Logs,en-us_image_0000002484119646.png,icon,partial,0.78,"Image is a simple checkmark/tick icon, identical in appearance to image 2 | RST instructs 'Disable the audit component and click |image2|' to confirm the disable action | A checkmark serves as a confirmation icon but is generic and not specific to the disable operation",No surrounding UI context visible to confirm it is a confirm button within the disable audit logging flow
umn/source/o_and_m/logging/collecting_container_logs/collecting_container_logs_using_icagent.rst,Collecting Container Logs Using ICAgent,en-us_image_0000002516079543.png,icon,pass,0.93,"The image is a simple plus (+) symbol, an isolated UI icon, matching the RST reference 'Click |image1| to add a log policy'. | It is used in step 2 of the 'Using ICAgent to Collect Logs' section, where the user adds a log policy, so it is topically and sectionally relevant. | The plus icon visually corresponds to an 'add' action button, consistent with the instruction to add a log policy. | No contradiction between the image and the surrounding text.","The image shows only a generic plus icon without surrounding UI context (no form fields, labels, or console layout), so the specific log-policy interface is not visible. | No text or labels in the image confirm it is specifically the 'add log policy' button beyond the RST caption."
umn/source/o_and_m/logging/collecting_control_plane_component_logs.rst,Collecting Control Plane Component Logs,en-us_image_0000002484119292.png,screenshot,pass,1.00,"Image shows a 'Logging Settings' row with kube-apiserver, kube-controller-manager, and kube-scheduler all marked 'Disabled', matching the RST description of modifying logging settings for control plane components. | The three component names exactly match those listed in the RST table (kube-apiserver, kube-controller-manager, kube-scheduler). | The image is referenced as Figure 1 in the 'Enabling control plane logging for an existing cluster' section, step 3, which describes modifying settings in Logging Settings. | A pencil/edit icon is visible on the right, indicating an interactive control for modifying settings.","The full page context (navigation pane, cluster name) is not visible in this cropped strip. | No cluster ID or specific cluster name is shown."
umn/source/o_and_m/logging/collecting_control_plane_component_logs.rst,Collecting Control Plane Component Logs,en-us_image_0000002484119302.png,icon,pass,0.83,"Image is a simple checkmark icon, used in the RST as the button to click when enabling logging for a component. | The RST states 'If yes, click |image1|' in the context of enabling control plane logging, and the checkmark represents the enable/confirm action. | The icon is generic (a checkmark) and does not contain specific logging-related text or labels. | It appears in the 'Enabling control plane logging for an existing cluster' section, step 4.","No surrounding UI context is visible (no labels, no component names). | The icon is isolated without any text or additional interface elements to provide further context."
umn/source/o_and_m/logging/collecting_control_plane_component_logs.rst,Collecting Control Plane Component Logs,en-us_image_0000002516199277.png,icon,pass,0.83,"Image is a checkmark icon, identical in appearance to image1, used in the RST as the button to click when enabling logging. | The RST states 'If you enable logging, click |image2|' in the 'Disabling Control Plane Logging' section, step 4. | The icon is a generic checkmark without specific logging-related labels or context. | It appears in the 'Disabling Control Plane Logging' section, which is semantically consistent with toggling logging on/off.","No surrounding UI context is visible (no labels, no component names). | The icon is isolated without any text or additional interface elements to provide further context."
umn/source/o_and_m/o_and_m_best_practices/migrating_custom_views_of_grafana.rst,Migrating Custom Views of Grafana,en-us_image_0000002483959474.png,screenshot,pass,1.00,"Shows Grafana Dashboards > Manage page with the Manage tab active. | Displays the 'Pod View' dashboard under the General folder, matching the instruction to click the view name. | Navigation pane shows Dashboards > Manage as described in Step 1.",
umn/source/o_and_m/o_and_m_best_practices/migrating_custom_views_of_grafana.rst,Migrating Custom Views of Grafana,en-us_image_0000002516079421.png,screenshot,pass,1.00,Shows the 'Share dashboard or panel' tooltip on the share icon in the upper left corner. | Matches Step 1 step 2 instruction to click Share dashboard or panel. | Dashboard context (General / Pod View) is consistent with the prior step.,
umn/source/o_and_m/o_and_m_best_practices/migrating_custom_views_of_grafana.rst,Migrating Custom Views of Grafana,en-us_image_0000002484119448.png,screenshot,pass,1.00,"Shows the Share dialog with the Export tab selected. | The 'Save to file' button is visible and highlighted, matching Step 1 step 3. | Export for sharing externally toggle is present as expected.",
umn/source/o_and_m/o_and_m_best_practices/migrating_custom_views_of_grafana.rst,Migrating Custom Views of Grafana,en-us_image_0000002516199429.png,screenshot,pass,1.00,Shows the Grafana Dashboards page with the Dashboards navigation item highlighted. | Matches Step 3 step 1 instruction to go to the Dashboards page. | Layout corresponds to the newer Grafana version UI.,
umn/source/o_and_m/o_and_m_best_practices/migrating_custom_views_of_grafana.rst,Migrating Custom Views of Grafana,en-us_image_0000002483959478.png,screenshot,pass,1.00,Shows the Dashboards page with the New dropdown open and Import highlighted. | Matches Step 3 step 2 instruction to click Import on the right. | Import option is clearly visible in the dropdown menu.,
umn/source/o_and_m/o_and_m_best_practices/migrating_custom_views_of_grafana.rst,Migrating Custom Views of Grafana,en-us_image_0000002516079429.png,screenshot,pass,1.00,"Shows the Import dashboard page with the Upload dashboard JSON file area highlighted. | Matches Step 3 step 3 instruction to upload a custom view exported in Step 1. | Accepted file types (Json, txt) align with the exported dashboard file.",
umn/source/o_and_m/o_and_m_best_practices/migrating_custom_views_of_grafana.rst,Migrating Custom Views of Grafana,en-us_image_0000002516199425.png,screenshot,pass,1.00,"Shows the Import dashboard Options page with the Import button highlighted. | Matches Step 3 step 4 instruction to click Import. | Name field shows 'Pod View', consistent with the dashboard being migrated.",
umn/source/o_and_m/o_and_m_best_practices/monitoring_custom_metrics_on_aom.rst,Monitoring Custom Metrics on AOM,en-us_image_0000002483959296.png,other,fail,0.00,Local color check detected #3298ff.,
umn/source/o_and_m/o_and_m_best_practices/monitoring_custom_metrics_on_aom.rst,Monitoring Custom Metrics on AOM,en-us_image_0000002484119270.png,other,fail,0.00,Local color check detected #3298ff.,
umn/source/o_and_m/o_and_m_best_practices/monitoring_custom_metrics_on_aom.rst,Monitoring Custom Metrics on AOM,en-us_image_0000002484119266.png,icon,pass,0.83,"The image is a small copy icon (two overlapping squares with orange and blue borders), matching the RST reference 'click |image1| to copy the command'. | The icon is used in the 'Preparing an Application' section, step 4a, for copying a temporary login command in the SWR UI. | The icon is semantically consistent with the described action of copying a command. | No contradictions between the image and the surrounding text.","The icon is isolated without surrounding UI context, so the exact button label or tooltip is not visible."
umn/source/o_and_m/o_and_m_best_practices/monitoring_custom_metrics_using_cloud_native_cluster_monitoring.rst,Monitoring Custom Metrics Using Cloud Native Cluster Monitoring,en-us_image_0000002484119266.png,icon,partial,0.55,"The image is a small copy icon (two overlapping squares with orange and blue borders), used as a UI symbol for copying text to clipboard. | In the RST, the image is referenced in the context of 'click |image1| to copy the command' for generating a temporary SWR login command. | The icon is a generic UI element and does not directly illustrate the monitoring or Prometheus topic of the document. | The icon is relevant to the specific step of uploading an image to SWR in the 'Preparing an Application' section. | No contradiction between the image (a copy icon) and its textual context (click to copy the command).","The image does not provide any specific information about Cloud Native Cluster Monitoring, Prometheus, or custom metrics. | The icon is generic and could appear in any UI context involving copy-to-clipboard functionality."
umn/source/o_and_m/o_and_m_best_practices/switching_the_aom_instance_connected_to_grafana.rst,Switching the AOM Instance Connected to Grafana,en-us_image_0000002516079275.png,screenshot,pass,1.00,"Image shows the Grafana 'Data sources' page with the navigation pane item 'Data sources' highlighted, matching step 1. | The right-hand list displays the 'prometheus-aom' data source referenced in the document. | Breadcrumb 'Home > Connections > Data sources' aligns with the described navigation.","No explicit indication of the click action on the data source, but the page context is sufficient."
umn/source/o_and_m/o_and_m_best_practices/switching_the_aom_instance_connected_to_grafana.rst,Switching the AOM Instance Connected to Grafana,en-us_image_0000002516199271.png,screenshot,pass,1.00,"Image shows a Prometheus data source configuration page with a highlighted 'Delete' button, matching step 2's instruction to delete the prometheus-aom data source. | The 'Save & test' and 'Delete' controls at the bottom correspond to the deletion action described. | Left navigation shows 'Data sources' context consistent with the workflow.","The specific data source name (prometheus-aom) is not visible in this cropped view, but the Delete action context is clear."
umn/source/o_and_m/o_and_m_faq/logging_faq.rst,Logging FAQ,en-us_image_0000002516198997.png,screenshot,pass,1.00,"The image is a terminal/editor screenshot showing the log-operator container command line, matching Figure 1's caption 'Modifying the command line parameter of the log-operator container'. | The highlighted line '--kubernetes-buffer-size=20MB' (boxed in red) directly matches the RST solution instructing to add '--kubernetes-buffer-size=20MB' to the log-operator container. | Other visible flags (e.g., --enable-leader-election, --buffer-max-size=512k, --mem-buf-limit=40MB) are consistent with a log-operator deployment configuration. | The image is placed in the section about missing pod information due to excessive node load, which is exactly where the buffer-size change is described.","The image does not show the full kubectl edit command or the deployment name, only the container command block. | Some endpoint URLs are partially obscured/blurred, but this does not affect the relevance of the highlighted parameter."
umn/source/permissions/cluster_permissions_iam-based_authorization.rst,Cluster Permissions (IAM-based Authorization),en-us_image_0000002484119628.png,other,fail,0.00,Local color check detected #3298ff.,
umn/source/permissions/cluster_permissions_iam-based_authorization.rst,Cluster Permissions (IAM-based Authorization),en-us_image_0000002516199599.png,other,fail,0.00,Local color check detected #3298ff.,
umn/source/permissions/example_designing_and_configuring_permissions_for_users_in_a_department.rst,Example: Designing and Configuring Permissions for Users in a Department,en-us_image_0000002516198983.jpg,other,pass,1.00,"The image is an organizational hierarchy diagram showing department members and their assigned CCE permissions, directly matching the document title and the 'Permission Design' section. | Names and roles in the image (Director David, O&M leader James, Development team leader Robert, O&M engineer William, Development engineers Linda and Peter) align with the RST narrative. | Permission descriptions in the image (e.g., David 'All CCE permissions', James cluster + read-only namespaces, Robert admin on all namespaces, Linda/Peter edit project-a/project-b) are consistent with the RST text. | The RST explicitly references this figure via the |image1| substitution in the Permission Design section.","The image does not show the IAM console or CCE console UI steps described later in the RST, but those are not required for this figure. | No explicit project/region labels beyond 'project-a' and 'project-b' are shown, which is consistent with the RST's high-level example."
umn/source/permissions/namespace_permissions_kubernetes_rbac-based.rst,Namespace Permissions (Kubernetes RBAC-based),en-us_image_0000002483959650.png,other,fail,0.00,Local color check detected #3298ff.,
umn/source/permissions/namespace_permissions_kubernetes_rbac-based.rst,Namespace Permissions (Kubernetes RBAC-based),en-us_image_0262051194.png,other,fail,0.00,Local color check detected #3298ff.,
umn/source/permissions/permissions_overview.rst,Permissions Overview,en-us_image_0000002516079463.png,other,fail,0.00,Local color check detected #3298ff.,
umn/source/permissions/service_account_token_security_improvement.rst,Service Account Token Security Improvement,en-us_image_0000002516079279.png,screenshot,pass,1.00,"The image is a terminal screenshot showing the exact command `kubectl get --raw ""/metrics"" | grep stale` described in the Diagnosis section. | The output displays the metric `serviceaccount_stale_tokens_total` with a value of 52, matching the RST instruction to check this metric. | The highlighted 'stale' text aligns with the grep filter used in the documented command. | The screenshot directly supports the diagnostic step for detecting workloads using outdated client-go versions.","No cluster version or environment details are visible in the screenshot. | The prompt host/user is partially redacted, so the exact environment cannot be confirmed."
umn/source/permissions/using_dex_for_oidc_authentication_on_cce.rst,Using Dex for OIDC Authentication on CCE,en-us_image_0000002484119506.png,other,pass,1.00,"The image is a sequence diagram showing the Dex login verification process with actors: User, dex-k8s-authenticator, Dex, Identity provider, kubectl, and API server | The diagram matches the 11-step process described in the Solution Overview section of the RST | The flow (login page access, redirect to Dex, forward to identity provider, obtain ID token, kubectl with --token, Authorization header, API server validation, Dex verification, result return) aligns with the text | The figure is explicitly referenced as 'Figure 1 Dex login verification process' in the Solution Overview section",
umn/source/permissions/using_dex_for_oidc_authentication_on_cce.rst,Using Dex for OIDC Authentication on CCE,en-us_image_0000002516079487.png,screenshot,pass,1.00,"The image is a terminal screenshot showing kubectl get po -n dex output | It displays three running pods: dex-646ffb4d9b-tjk2k, dex-k8s-authenticator-86f547885b-ghmn8, and ldap-86cbc9b77b-w42dk, all in 1/1 Running state | This is referenced in Step 7 (Perform Login Tests) where the RST states 'access Kubernetes resources for testing using kubectl' | The pods shown are consistent with the deployments described in Steps 2 and 4 (Dex and dex-k8s-authenticator) and the LDAP service mentioned in Preparations",
umn/source/product_bulletin/security_vulnerability_responses/notice_of_linux_kernel_privilege_escalation_vulnerabilities_cve-2026-43284_and_cve-2026-43500.rst,Notice of Linux Kernel Privilege Escalation Vulnerabilities (CVE-2026-43284 and CVE-2026-43500),en-us_image_0000002601564591.png,screenshot,pass,1.00,"The image is a terminal screenshot showing the output of the `uname -a` command, which is exactly the command referenced in the RST's Identification Method section. | The kernel version string (5.10.0-60.18.0.50.r1083_58.hce2.aarch64) is highlighted with a red box, matching the RST's instruction to check the kernel version. | The displayed version 5.10 is later than 4.11, consistent with the RST statement that such systems are affected by CVE-2026-43284. | The figure is placed immediately after the `uname -a` code block, so it is directly relevant to the surrounding section.",No additional information is missing; the image clearly conveys the kernel version check described in the document.
umn/source/product_bulletin/security_vulnerability_responses/notice_of_linux_kernel_privilege_escalation_vulnerability_cve-2026-31431.rst,Notice of Linux Kernel Privilege Escalation Vulnerability (CVE-2026-31431),en-us_image_0000002601564591.png,screenshot,pass,1.00,"The image is a terminal screenshot showing the output of the `uname -a` command, which is exactly the command referenced in the Identification Method section of the RST. | A red box highlights the kernel version string (5.10.0-60.18.0.50.r1083_58.hce2.aarch64), directly illustrating how to read the version. | The displayed version 5.10.0 is 4.14 or later, consistent with the RST statement that such systems are affected by the vulnerability. | The image is placed immediately after the `uname -a` code block, making it highly relevant to the identification procedure.",No significant missing information; the version and command are clearly visible.
umn/source/product_bulletin/security_vulnerability_responses/notice_of_nginx_ingress_controller_vulnerabilities_cve-2026-1580_cve-2026-24512_cve-2026-24513_and_cve-2026-24514.rst,"Notice of NGINX Ingress Controller Vulnerabilities (CVE-2026-1580, CVE-2026-24512, CVE-2026-24513, and CVE-2026-24514)",en-us_image_0000002655742419.png,screenshot,pass,1.00,"Image shows the CCE console Add-ons page with NGINX Ingress Controller installed at version 5.0.2, matching the RST Figure 1 caption | The version 5.0.2 is highlighted, consistent with the affected version range stated in the document | The left sidebar shows Add-ons selected, matching the identification method step 1 | The right panel shows View Details with the add-on version clearly visible",
umn/source/product_bulletin/security_vulnerability_responses/notice_of_nginx_ingress_controller_vulnerabilities_cve-2026-1580_cve-2026-24512_cve-2026-24513_and_cve-2026-24514.rst,"Notice of NGINX Ingress Controller Vulnerabilities (CVE-2026-1580, CVE-2026-24512, CVE-2026-24513, and CVE-2026-24514)",en-us_image_0000002258900681.png,screenshot,pass,1.00,"Image shows the Add Permission dialog with cluster name, user, namespace, and permission type fields | The View Details button is highlighted, matching RST step 3 instruction | Permission Type is set to Developer, consistent with the workflow described | The dialog matches the solution section's permission management steps",
umn/source/product_bulletin/security_vulnerability_responses/notice_of_nginx_ingress_controller_vulnerabilities_cve-2026-1580_cve-2026-24512_cve-2026-24513_and_cve-2026-24514.rst,"Notice of NGINX Ingress Controller Vulnerabilities (CVE-2026-1580, CVE-2026-24512, CVE-2026-24513, and CVE-2026-24514)",en-us_image_0000002223982088.png,screenshot,pass,1.00,"Image shows the Permissions dialog with a table listing a ClusterRole named 'edit' | The Clone button is highlighted, matching RST step 4 instruction | The table shows Name, Type, Namespace, Created, and Operation columns | Consistent with the solution section's permission cloning workflow",
umn/source/product_bulletin/security_vulnerability_responses/notice_of_nginx_ingress_controller_vulnerabilities_cve-2026-1580_cve-2026-24512_cve-2026-24513_and_cve-2026-24514.rst,"Notice of NGINX Ingress Controller Vulnerabilities (CVE-2026-1580, CVE-2026-24512, CVE-2026-24513, and CVE-2026-24514)",en-us_image_0000002258903541.png,screenshot,pass,1.00,"Image shows the Add Custom Role dialog with Name field containing 'test' | Type is set to ClusterRole, matching the expected custom permission type | The Rule section shows available operations (All, Read-only, Read-write) | Matches RST step 5 instruction to enter the name of the new custom permission",
umn/source/product_bulletin/security_vulnerability_responses/notice_of_nginx_ingress_controller_vulnerabilities_cve-2026-1580_cve-2026-24512_cve-2026-24513_and_cve-2026-24514.rst,"Notice of NGINX Ingress Controller Vulnerabilities (CVE-2026-1580, CVE-2026-24512, CVE-2026-24513, and CVE-2026-24514)",en-us_image_0000002258778033.png,screenshot,pass,1.00,"Image shows the Add Custom Role resource selection with 'ingresses' highlighted | Operations create, delete, deletecollection are visible for the selected resource | Matches RST step 6 instruction to delete the ingress role | The highlighted ingresses resource indicates what needs to be removed",
umn/source/product_bulletin/security_vulnerability_responses/notice_of_nginx_ingress_controller_vulnerabilities_cve-2026-1580_cve-2026-24512_cve-2026-24513_and_cve-2026-24514.rst,"Notice of NGINX Ingress Controller Vulnerabilities (CVE-2026-1580, CVE-2026-24512, CVE-2026-24513, and CVE-2026-24514)",en-us_image_0000002223979124.png,screenshot,pass,1.00,"Image shows the Add Permission dialog with Permission Type set to Custom (highlighted) | The Custom field shows 'test' selected, matching the custom permission created in the previous step | Matches RST step 7 instruction to set Permission Type to Custom and select the custom permission | Consistent with the solution section's final permission assignment step",
umn/source/product_bulletin/security_vulnerability_responses/notice_of_the_cve-2026-42945_nginx_ingress_controller_vulnerability.rst,Notice of the CVE-2026-42945 NGINX Ingress Controller Vulnerability,en-us_image_0000002655742419.png,screenshot,pass,1.00,"Image shows the CCE Add-ons UI with NGINX Ingress Controller listed as installed and running, matching the RST step 1 instruction to check the add-on version. | The right panel 'View Details' displays the add-on version 6.0.2 in the kube-system namespace, which is earlier than 6.0.24 as stated in the RST impact section. | The 'Add-ons' sidebar item and 'Manage' button are highlighted with red boxes, guiding the user as described in the RST identification method. | The UI clearly shows the NGINX Ingress Controller add-on with its version, directly supporting the vulnerability identification workflow.","The RST mentions version 5.0.14 and 6.0.24 as affected; the image shows 6.0.2 which is consistent but the full version string (e.g., 6.0.2 vs 6.0.24) could be slightly ambiguous at this resolution."
umn/source/product_bulletin/security_vulnerability_responses/notice_of_the_cve-2026-42945_nginx_ingress_controller_vulnerability.rst,Notice of the CVE-2026-42945 NGINX Ingress Controller Vulnerability,en-us_image_0000002574283930.png,screenshot,pass,1.00,"Image shows the exact kubectl command from the RST: 'kubectl get po -A|grep cceaddon-nginx-ingress|grep controller'. | Two pods are displayed (one in default namespace, one in kube-system), matching the RST statement 'two pods are running the NGINX Ingress Controller'. | The pod names include 'cceaddon-nginx-ingress' and 'controller', consistent with the RST description. | The terminal output directly supports step 3 of the Identification Method section in the RST.","The RST references a specific pod name 'cceaddon-nginx-ingress-controller-8d44d5bb5-csqfj' in a later kubectl exec command; the image shows this exact pod, so no gap there. No additional missing evidence identified."
umn/source/product_bulletin/security_vulnerability_responses/notice_of_the_http2_bomb_remote_dos_vulnerability_cve-2026-49975.rst,Notice of the HTTP/2 Bomb Remote DoS Vulnerability (CVE-2026-49975),en-us_image_0000002655742419.png,screenshot,pass,1.00,"Screenshot shows the CCE console Add-ons page with NGINX Ingress Controller and its version 6.0.2 highlighted in a red box | Matches Figure 1 caption: 'Checking the version of the installed NGINX Ingress Controller add-on' | Directly supports the Identification Method section where users check the add-on version | The Manage button is also highlighted, consistent with the workflow described",
umn/source/product_bulletin/security_vulnerability_responses/notice_of_the_http2_bomb_remote_dos_vulnerability_cve-2026-49975.rst,Notice of the HTTP/2 Bomb Remote DoS Vulnerability (CVE-2026-49975),en-us_image_0000002625415870.png,screenshot,pass,1.00,"Screenshot shows the CCE console Add-ons page with three add-ons including NGINX Ingress Controller | The Manage button for NGINX Ingress Controller is highlighted with a red box | Matches Mitigation step 1: 'go to Add-ons, find the installed NGINX Ingress Controller add-on, and click Manage' | UI elements (search bar, type filters, source filters) are consistent with the described workflow",
umn/source/product_bulletin/security_vulnerability_responses/notice_of_the_http2_bomb_remote_dos_vulnerability_cve-2026-49975.rst,Notice of the HTTP/2 Bomb Remote DoS Vulnerability (CVE-2026-49975),en-us_image_0000002655735963.png,screenshot,pass,1.00,"Screenshot shows the View Details panel for NGINX Ingress Controller with the Installed Add-ons tab active | The Edit button in the nginx row is highlighted with a red box | Matches Mitigation step 2: 'On the Installed Add-ons tab, locate the row containing the instance and click Edit' | Version 6.0.2 and kube-system namespace are visible, consistent with the context",
umn/source/product_bulletin/security_vulnerability_responses/notice_of_the_http2_bomb_remote_dos_vulnerability_cve-2026-49975.rst,Notice of the HTTP/2 Bomb Remote DoS Vulnerability (CVE-2026-49975),en-us_image_0000002655740631.png,screenshot,pass,1.00,"Screenshot shows the Nginx Parameters section with YAML view active | Line 18 shows 'use-http2': 'false' highlighted in a red box, matching the mitigation instruction | The Next button is highlighted at the bottom right | Matches Mitigation step 3: 'Locate Nginx Parameters, click YAML, add use-http2: false to the JSON file, and click Next'",
umn/source/product_bulletin/security_vulnerability_responses/notice_of_the_http2_bomb_remote_dos_vulnerability_cve-2026-49975.rst,Notice of the HTTP/2 Bomb Remote DoS Vulnerability (CVE-2026-49975),en-us_image_0000002594858384.png,screenshot,pass,1.00,"Screenshot shows the Edit Add-on page at the Check Add-ons step (step 2) | Pre-upgrade Check Completed message is displayed with all check results showing Normal | The OK button is visible at the bottom right for submitting the update | Matches Mitigation step 4: 'After the add-on check is complete, click OK to submit the update'",
umn/source/product_bulletin/security_vulnerability_responses/notice_of_the_nvidia_container_toolkit_container_escape_vulnerabilities_cve-2025-23266_and_cve-2025-23267.rst,Notice of the NVIDIA Container Toolkit Container Escape Vulnerabilities (CVE-2025-23266 and CVE-2025-23267),en-us_image_0000002365047420.png,screenshot,pass,1.00,"The image is a terminal screenshot showing the output of the `nvidia-container-runtime --version` command, exactly the command cited in the Identification Method section. | It displays 'NVIDIA Container Runtime version 1.17.8' with the version highlighted, matching the version threshold (1.17.8) discussed in the RST for determining vulnerability presence. | Additional fields (commit, spec, runc version, go, libseccomp) are consistent with a real nvidia-container-runtime version output. | The image is directly referenced as |image1| in the Identification Method section, so it is topically and sectionally relevant. | No contradiction: the RST states versions earlier than 1.17.8 are vulnerable, and the image illustrates the version output format at the boundary version.",The image does not explicitly indicate whether the shown version (1.17.8) is vulnerable or fixed; that interpretation must come from the RST text.
umn/source/scheduling/cloud_native_hybrid_deployment/dynamic_resource_oversubscription.rst,Dynamic Resource Oversubscription,en-us_image_0000002516079395.png,other,pass,1.00,"The image is a conceptual diagram titled 'Oversubscription = (request - used) x Ratio', directly matching the document's topic of dynamic resource oversubscription. | It contrasts a 'Node' view (total/request/used) with a 'Scheduler' view (stable vs unstable/oversubscribed), which aligns with the document's explanation of how oversubscribed resources are derived and used for offline jobs. | The RST references this exact image as 'Figure 1 Resource oversubscription' in the introductory section, so the figure is placed where the concept is first described. | No interactive UI controls are present; it is a static explanatory illustration.","The image does not label the 'stable' segment as online jobs or the 'unstable' segment as offline jobs, so the mapping to the document's online/offline terminology is implied rather than explicit. | Specific numeric thresholds, annotations, or configuration values discussed in the document (e.g., watermarks, oversubscription types) are not shown in the diagram."
umn/source/scheduling/cpu_scheduling/enhanced_cpu_policy.rst,Enhanced CPU Policy,en-us_image_0000002516198949.png,other,pass,1.00,"The image is a schematic diagram partitioning CPUs into Reserved (System), Dedicated (Static core binding), and Shared (Preferentially used cores), which directly matches the document's discussion of CPU policies and the enhanced-static policy. | The 'Preferentially used cores' label aligns with the document's description of burstable pods preferentially using specific CPUs. | The image is placed immediately after the explanation of the enhanced-static policy and the 85% usage threshold, making it relevant to that section. | No interactive controls or UI elements are present; it is a static explanatory diagram.","The diagram does not show specific CPU counts, pod UIDs, or the 85% threshold mentioned in the text. | No quantitative mapping between the diagram's categories and the example workload (CPU request 1, limit 2) is provided."
umn/source/scheduling/gpu_scheduling/default_gpu_scheduling_in_kubernetes.rst,Default GPU Scheduling in Kubernetes,en-us_image_0000002516199121.png,screenshot,pass,1.00,"The image is a terminal screenshot showing the output of the `nvidia-smi` command, which is exactly the verification step described in the RST (step 7: 'Check whether the GPU has been allocated to the container'). | The output displays a GPU device (NVIDIA A30) with driver/CUDA versions and memory usage, consistent with the RST statement that 'the command output indicates that the GPU has been allocated.' | The image is placed directly after the `nvidia-smi` code block in the 'Using kubectl' section, making it topically and sectionally relevant. | No interactive UI controls are visible; it is plain terminal text output.","The process list shows 'No running processes found', so no active GPU-consuming process is visible to confirm in-use allocation. | The image does not explicitly label which pod or container the GPU is bound to."
umn/source/scheduling/gpu_scheduling/gpu_driver_version/selecting_a_gpu_driver_version_for_nodes.rst,Selecting a GPU Driver Version for Nodes,en-us_image_0000002484119734.png,screenshot,pass,1.00,"The image is a terminal screenshot of the `nvidia-smi` command output, matching the RST's instruction to run nvidia-smi to view driver and CUDA versions. | The highlighted values (Driver Version 470.141.03 and CUDA Version 11.4) exactly match the values stated in the RST text. | The figure caption 'Mapping between the NVIDIA driver and CUDA Toolkit version' aligns with the displayed driver/CUDA version mapping. | The screenshot is placed in the 'Selecting a GPU Driver Version for Nodes' section, directly supporting the surrounding content. | No contradiction between the image content and the document description.",No additional information is missing; the image fully supports the referenced figure.
umn/source/scheduling/gpu_scheduling/gpu_driver_version/upgrading_the_driver_version_of_a_gpu_node_using_a_node_pool.rst,Upgrading the Driver Version of a GPU Node Using a Node Pool,en-us_image_0000002516079203.png,screenshot,pass,1.00,"Terminal screenshot showing nvidia-smi output with Driver Version 510.47.03 clearly visible and highlighted with a red box | Matches the RST text in Step 1 which states 'The following command output indicates that the driver version is 510.47.03' | Shows Tesla P4 GPU with 7680MiB memory, consistent with a GPU node context | Command prompt shows root@test-gpu-nodepool-g8n9u, consistent with a GPU node pool node",
umn/source/scheduling/gpu_scheduling/gpu_driver_version/upgrading_the_driver_version_of_a_gpu_node_using_a_node_pool.rst,Upgrading the Driver Version of a GPU Node Using a Node Pool,en-us_image_0000002483959260.png,screenshot,pass,0.83,"Terminal screenshot showing nvidia-smi output with Driver Version 535.54.03 clearly visible and highlighted with a red box | The RST text in Step 3 states 'The following command output indicates that the driver version is 510.47.03' but the image clearly shows 535.54.03, a direct contradiction | The image content is semantically correct for Step 3 (verifying the upgrade to 535.54.03 as specified in Step 1), but the accompanying text is incorrect (likely a copy-paste error from Step 1) | Shows Tesla P4 GPU with 7680MiB memory, consistent with a GPU node context | CUDA Version 12.2 is shown, consistent with the upgraded driver 535.54.03","The RST text for image2 incorrectly states the driver version as 510.47.03 instead of 535.54.03, creating a clear text-image contradiction"
umn/source/scheduling/gpu_scheduling/gpu_monitoring/comprehensive_monitoring_of_gpu_virtualization_and_pod_resource_metrics.rst,"Comprehensive Monitoring of GPU, Virtualization, and Pod Resource Metrics",en-us_image_0000002516198941.png,icon,pass,0.83,"The image is a hamburger menu icon (three horizontal lines) on a dark background, a standard UI navigation symbol. | The RST references this as |image1| in the step 'In the upper left corner of the page, click |image1|', which matches the typical placement of a hamburger menu in Grafana. | The icon is part of the Grafana navigation workflow described in the 'Accessing Grafana' section, indirectly supporting the GPU monitoring topic. | The visual content (three horizontal lines) is clearly identifiable and consistent with a menu toggle icon.","The image does not show the surrounding Grafana UI context, so the exact placement cannot be visually confirmed beyond the icon itself."
umn/source/scheduling/gpu_scheduling/gpu_monitoring/comprehensive_monitoring_of_gpu_virtualization_and_pod_resource_metrics.rst,"Comprehensive Monitoring of GPU, Virtualization, and Pod Resource Metrics",en-us_image_0000002516078931.png,icon,pass,0.83,"The image is a downward-pointing chevron/arrow icon on a dark background, a standard expand/collapse UI symbol. | The RST references this as |image2| in the step 'click |image2| on the left of **Connections**', which matches the typical use of a chevron to expand a menu section. | The icon is part of the Grafana navigation workflow to reach the Data sources page, supporting the GPU monitoring access process. | The visual content (downward chevron) is clearly identifiable and consistent with an expand indicator.","The image does not show the 'Connections' label or surrounding Grafana UI, so the exact contextual placement cannot be visually confirmed beyond the icon itself."
umn/source/scheduling/gpu_scheduling/gpu_virtualization/preparing_virtualized_gpu_resources.rst,Preparing Virtualized GPU Resources,en-us_image_0000002483959290.png,icon,pass,1.00,"The image is a toggle switch icon, which is the standard UI control for enabling/disabling a feature. | The RST explicitly references this image as the control to click under 'GPU Virtualization' to enable the feature for a node pool. | The toggle is shown in the 'off' state, consistent with the instruction to click it to enable GPU virtualization. | The image is used in Step 1 (Enable GPU Virtualization), directly matching the section's purpose. | No contradiction between the visual content and the surrounding text.","The image does not show surrounding UI context (labels, panel headers) that would confirm it is specifically the GPU Virtualization toggle rather than a generic toggle."
umn/source/scheduling/volcano_scheduling/ai_performance-based_scheduling/drf.rst,DRF,en-us_image_0000002484119718.png,other,fail,0.00,Local color check detected #3298ff.,
umn/source/scheduling/volcano_scheduling/numa_affinity_scheduling.rst,NUMA Affinity Scheduling,en-us_image_0000002516199439.png,other,fail,0.00,Local color check detected #3298ff.,
umn/source/scheduling/volcano_scheduling/resource_usage-based_scheduling/bin_packing.rst,Bin Packing,en-us_image_0000002483959660.png,other,fail,0.00,Local color check detected #3298ff.,
umn/source/scheduling/volcano_scheduling/resource_usage-based_scheduling/descheduling.rst,Descheduling,en-us_image_0000002516079249.png,other,pass,1.00,"Image is a conceptual bar chart diagram illustrating load-aware descheduling node utilization levels | Shows three node types: Under-utilized, Appropriately utilized, and Over-utilized, matching the RST definitions exactly | Thresholds shown (30% lower, 80% upper) match the RST text for highThresholds and lowThresholds | Directly referenced as Figure 1 in the Load-aware Descheduling features section",
umn/source/scheduling/volcano_scheduling/resource_usage-based_scheduling/descheduling.rst,Descheduling,en-us_image_0000002484119280.png,screenshot,pass,1.00,"Screenshot of a code editor showing JSON configuration for HighNodeUtilization descheduling policy | Red boxes highlight thresholds (cpu: 25, memory: 25), policy name HighNodeUtilization, enabled plugin, descheduler_enable true, and deschedulingInterval 10m | Matches the RST Use Cases section step 3 which instructs setting CPU and memory thresholds to 25 | All visible values align with the JSON example provided in the RST for HighNodeUtilization configuration",
umn/source/scheduling/volcano_scheduling/resource_usage-based_scheduling/descheduling.rst,Descheduling,en-us_image_0000002483959314.png,screenshot,pass,1.00,"Screenshot of the CCE console Events panel showing a descheduler error event | Event Name is 'Abnormal' with Kubernetes Event text 'descheduler run err due to parameter e...' matching the RST Common Issues description | Shows the event was generated due to incorrect parameter input, consistent with the RST text | Contains interactive elements: date picker, search field, refresh button, and close button",
umn/source/scheduling/volcano_scheduling/resource_usage-based_scheduling/load-aware_scheduling.rst,Load-aware Scheduling,en-us_image_0000002483959498.png,screenshot,pass,1.00,"Shows terminal output of kubectl get --raw=/apis/custom.metrics.k8s.io/v1beta1 command | Output displays APIResourceList with nodes/node_cpu_usage_avg and nodes/node_memory_usage_avg, matching the RST verification step | Red boxes highlight the two custom metric names as described in the document | Directly corresponds to step 2d in the Cloud Native Cluster Monitoring section",
umn/source/scheduling/volcano_scheduling/resource_usage-based_scheduling/load-aware_scheduling.rst,Load-aware Scheduling,en-us_image_0000002516079443.png,screenshot,pass,1.00,Shows kubectl get nodes output listing 4 cluster nodes with Ready status | Shows kubectl get --raw command querying node_cpu_usage_avg for a specific node (192.168.1.105) returning value 22m | Shows kubectl get --raw command querying node_memory_usage_avg returning value 155m | Matches the RST description of verifying custom metric collection on a specific node,
umn/source/scheduling/volcano_scheduling/resource_usage-based_scheduling/load-aware_scheduling.rst,Load-aware Scheduling,en-us_image_0000002516079449.png,screenshot,pass,1.00,"Shows Prometheus UI with a query for node_cpu_seconds_total with mode=idle, matching the RST description | Graph displays CPU usage time series for multiple instances (100.19.64.x) | The query in the search bar matches the metricsQuery pattern described in the RST | Corresponds to step 1c in the Using On-premises Prometheus section for verifying native metrics","The RST mentions verifying both node_cpu_seconds_total and node_memory_MemAvailable_bytes, but only the CPU metric query is visible in the image"
umn/source/scheduling/volcano_scheduling/resource_usage-based_scheduling/load-aware_scheduling.rst,Load-aware Scheduling,en-us_image_0000002483959494.png,screenshot,pass,1.00,Shows terminal output of kubectl get --raw=/apis/custom.metrics.k8s.io/v1beta1 command | Output displays APIResourceList with nodes/node_cpu_usage_avg and nodes/node_memory_usage_avg | Red boxes highlight the two custom metric names | Corresponds to step 3d in the Using On-premises Prometheus section for verifying custom rules,
umn/source/scheduling/volcano_scheduling/resource_usage-based_scheduling/load-aware_scheduling.rst,Load-aware Scheduling,en-us_image_0000002516079445.png,screenshot,pass,1.00,Shows kubectl get nodes output listing 4 cluster nodes | Shows kubectl get --raw command querying node_cpu_usage_avg for node 192.168.1.105 returning 22m | Shows kubectl get --raw command querying node_memory_usage_avg returning 155m | Corresponds to step 3d in the Using On-premises Prometheus section for verifying node-level metrics,
umn/source/scheduling/volcano_scheduling/scheduling_workloads.rst,Scheduling Workloads,en-us_image_0000002483959334.png,screenshot,pass,1.00,"The image is a terminal screenshot of `kubectl describe pod` output, matching the command shown in step 1 of the RST. | It displays the `scheduling.k8s.io/group-name` annotation value (podgroup-92d58e7e-...), which is exactly the value the RST instructs the user to obtain. | The red box highlights the group-name annotation, directly supporting the documented instruction to obtain that value. | The image is placed immediately after the `kubectl describe pod <pod_name>` command in the 'Using Volcano' section, so it is contextually relevant. | No visible contradiction between the image content and the surrounding RST text.","The IP field and lower portion of the pod description are cut off, but this does not affect the documented purpose of the image."
umn/source/scheduling/volcano_scheduling/volcano_scheduling_overview.rst,Volcano Scheduling Overview,en-us_image_0000002483959460.png,other,pass,1.00,"The diagram is the Volcano Scheduler workflow referenced as Figure 1 in the RST. | It shows Job/JobSpec/PodGroup/Pod being cached as JobInfo, matching step 1 (identify and cache the job). | It depicts OpenSession and CloseSession, matching the periodical session start and close steps. | It lists the actions enqueue, allocate, preempt, reclaim, and backfill in sequence, exactly as described in step 4. | It shows pluggable plugins (DRF, Priority, Gang) with functions like JobOrderFn, PreemptableFn, TaskOrderFn, JobReadyFn, consistent with the plugin description. | Annotations 'Re-construct JobInfo in Cache by PodGroup' and 'Plugins on demand' align with the custom resources and plugin scalability text.","The diagram does not explicitly label the 'to-be-scheduled queue' mentioned in step 3. | No explicit node-binding visualization is shown, though ssn.Bind is labeled."
umn/source/service_overview/application_scenarios/auto_scaling_in_seconds.rst,Auto Scaling in Seconds,en-us_image_0000002516197267.png,other,pass,1.00,"The image is a flowchart titled 'How auto scaling works', matching the figure caption in the RST. | It depicts CronHPA, HPA, Cluster Autoscaler, CCE Provider, Deployment, and NodePool with nodes/pods, aligning with the Related Services section (CronHPA, HPA, CA, autoscaler, cce-hpa-controller). | Numbered steps (1a-7) illustrate the scaling workflow described in the Benefits and Advantages sections. | Labels and arrows are legible and provide clear visual evidence of the auto scaling process.",The diagram does not explicitly show the 'cce-hpa-controller' add-on label beyond the CronHPA annotation. | No visual indication of the 'seconds' timing aspect mentioned in the title.
umn/source/service_overview/application_scenarios/containerized_application_management.rst,Containerized Application Management,en-us_image_0000002516197263.png,other,fail,0.00,Local color check detected #3298ff.,
umn/source/service_overview/application_scenarios/containerized_application_management.rst,Containerized Application Management,en-us_image_0000002484117304.png,other,fail,0.00,Local color check detected #3298ff.,
umn/source/service_overview/application_scenarios/devops_and_ci_cd.rst,DevOps and CI/CD,en-us_image_0000002483957350.png,other,fail,0.00,Local color check detected #3298ff.,
umn/source/service_overview/application_scenarios/hybrid_clouds.rst,Hybrid Clouds,en-us_image_0000002516077255.png,other,fail,0.00,Local color check detected #3298ff.,
umn/source/service_overview/cce_advantages.rst,CCE Advantages,en-us_image_0000002516197259.png,other,fail,0.00,Local color check detected #3298ff.,
umn/source/service_overview/cce_advantages.rst,CCE Advantages,en-us_image_0000002483957322.png,other,fail,0.00,Local color check detected #3298ff.,
umn/source/service_overview/permissions.rst,Permissions,en-us_image_0261301557.png,other,fail,0.00,Local color check detected #3298ff.,
umn/source/service_overview/related_services.rst,Related Services,en-us_image_0000002516197289.png,other,fail,0.00,Local color check detected #3298ff.,
umn/source/settings/dashboard.rst,Dashboard,en-us_image_0000002484119318.png,icon,pass,1.00,"The image is a small isolated pencil/edit icon, matching the 'icon' classification. | The RST references |image1| in the Cluster Information section as the control to click in order to change the cluster name. | A pencil/edit glyph is the conventional symbol for editing a name, consistent with the described action. | No visible UI interface, buttons, or page layout is present, so it is not a screenshot.","The icon is shown in isolation without surrounding UI context, so its exact placement on the Dashboard cannot be verified. | No tooltip or label is visible to confirm the edit action beyond the RST description."
umn/source/storage/obs/automatically_applying_updated_access_keys_ak_sk_for_an_obs_volume.rst,Automatically Applying Updated Access Keys (AK/SK) for an OBS Volume,en-us_image_0000002516198957.png,screenshot,pass,1.00,"The image is a terminal screenshot showing the output of 'ps -ef | grep {pod_uid}', which directly matches the command described in Step 1, item 5 of the RST. | The red box highlights the start time '10:34' of the obsfs process, consistent with the RST statement 'The obsfs used by the pod was mounted at 10:34'. | The process line shows /usr/bin/obsfs with PVC and pod UID parameters, aligning with the RST's explanation of verifying obsfs mount time relative to the tool update time. | The image is placed exactly where the RST references |image1|, confirming correct placement and relevance to the section on checking obsfs start time.","The full terminal window chrome (title bar, window controls) is not visible; only the text output area is shown. | The exact pod UID value used in the grep command is partially visible but the full UID string is truncated in the display."
umn/source/storage/obs/using_a_custom_access_key_ak_sk_to_mount_an_obs_volume.rst,Using a Custom Access Key (AK/SK) to Mount an OBS Volume,en-us_image_0000002518226090.png,screenshot,pass,1.00,"Image shows a terminal/editor view of the everest-csi-driver daemonset configuration with --disable-auto-mount-secret=true highlighted in green | This directly matches the RST step: 'Search for disable-auto-mount-secret and set it to true' | The image is placed in the 'Disabling a Global AK' section under the kubectl edit command step | The visible parameters (aksk-secret-name, endpoints, feature-gates, cluster-id) are consistent with a CCE Container Storage (Everest) add-on configuration","The image is partially redacted/blurred in the middle section, but the key parameter is clearly visible"
umn/source/storage/obs/using_a_custom_access_key_ak_sk_to_mount_an_obs_volume.rst,Using a Custom Access Key (AK/SK) to Mount an OBS Volume,en-us_image_0000002516079657.png,screenshot,pass,1.00,"Image shows the Object Storage Service console Permissions page with Bucket Policies tab active | This matches the RST Verification step 4: 'Set the read/write permissions for the IAM user who mounted the OBS volume by referring to the bucket policy configuration' | The page displays Standard Bucket Policies (Private, Public Read, Public Read and Write) and a Custom Bucket Policies section with a Create Bucket Policy button | The left navigation shows Permissions highlighted, consistent with the OBS console context described in the RST",The specific IAM user or policy being configured is not shown; the image shows the general bucket policy configuration page rather than a specific policy being edited
umn/source/storage/storage_basics.rst,Storage Basics,en-us_image_0000002516079251.png,other,fail,0.00,Local color check detected #3298ff.,
umn/source/storage/storage_basics.rst,Storage Basics,en-us_image_0000002516199251.png,other,fail,0.00,Local color check detected #3298ff.,
umn/source/storage/storage_overview.rst,Storage Overview,en-us_image_0000002516079321.png,other,fail,0.00,Local color check detected #3298ff.,
umn/source/workloads/configuring_a_workload/configuring_apm.rst,Configuring APM,en-us_image_0000002516079173.png,other,fail,0.00,Local color check detected #3298ff.,
umn/source/workloads/configuring_a_workload/configuring_environment_variables.rst,Configuring Environment Variables,en-us_image_0000002484119078.png,screenshot,pass,1.00,"The image is a console UI screenshot showing an environment variable configuration table with Type, Variable Name, and Variable Value/Reference columns, matching Figure 1 in the RST. | Each row corresponds to the types described in Table 1: Custom (key=value), Added from ConfigMap key (key1, configmap-example/configmap_key), Added from secret key (key2, secret-example/secret_key), Variable Value/Reference (key3, metadata.name), Resource Reference (key4, container-1/limits.cpu), Added from ConfigMap (configmap-example), and Added from secret (secret-example). | The variable names and references (key, key1, key2, key3, key4, configmap-example, secret-example) align exactly with the kubectl YAML example and the table descriptions in the document. | Interactive controls (dropdown selects and text input fields) are visible, consistent with a console form for configuring environment variables.","The 'Add Variable' and 'Batch Edit Custom Variables' buttons mentioned in the RST are not visible in this cropped view. | No cluster name, navigation pane, or surrounding console chrome is shown, only the variable table region."
umn/source/workloads/managing_workloads.rst,Managing Workloads,en-us_image_0000002483959098.png,icon,pass,0.83,"The image is a small blue plus (+) symbol, an isolated UI icon, not a full screenshot. | In the RST it is referenced as |image1| in the 'Managing Labels' step: 'Click |image1|, enter a key and a value, and click OK', matching an add-new-entry control. | The plus icon semantically corresponds to adding a new label key-value pair, consistent with the surrounding instruction. | No contradiction between the icon and the document text.","The image shows only the plus glyph without surrounding UI context (no dialog, fields, or labels), so the exact placement cannot be verified visually. | No text or label accompanies the icon to confirm it specifically denotes 'add label'."
umn/source/workloads/scheduling_a_workload/configuring_node_affinity_scheduling_nodeaffinity.rst,Configuring Node Affinity Scheduling (nodeAffinity),en-us_image_0000002483959384.png,icon,pass,0.90,"The image is a small plus (+) symbol, an isolated UI icon representing an 'add' control. | In the RST, |image1| is referenced in step 4: 'click |image1| to add a scheduling policy', which matches the plus/add semantics. | The icon appears within the 'Using the CCE Console' section, directly supporting the node affinity scheduling workflow. | The visual content (a plus sign) is consistent with the described 'add a scheduling policy' action, with no contradiction.","The image shows only the plus glyph without surrounding UI context (no button label, panel, or node affinity form), so its exact placement in the console cannot be verified. | No text or label accompanies the icon to confirm it is specifically the 'Add Policy' control versus a generic add button."
umn/source/workloads/scheduling_a_workload/configuring_workload_affinity_or_anti-affinity_scheduling_podaffinity_or_podantiaffinity.rst,Configuring Workload Affinity or Anti-affinity Scheduling (podAffinity or podAntiAffinity),en-us_image_0000002484119376.png,other,fail,0.00,Local color check detected #3298ff.,
umn/source/workloads/scheduling_a_workload/configuring_workload_affinity_or_anti-affinity_scheduling_podaffinity_or_podantiaffinity.rst,Configuring Workload Affinity or Anti-affinity Scheduling (podAffinity or podAntiAffinity),en-us_image_0000002516199353.png,icon,pass,0.83,"The image is a small isolated plus (+) symbol, matching the 'icon' classification. | In the RST, |image1| is referenced in step 4 of the CCE Console procedure: 'click |image1| to add a scheduling policy', so the plus icon semantically represents the 'add' action. | The icon is placed within the 'Using the CCE Console' section and aligns with the workload affinity configuration workflow. | The visual content (a black plus on white) is clearly legible and unambiguous. | No contradiction between the icon and the surrounding text.","The image is a generic plus icon without surrounding UI context, so it does not show the actual scheduling policy dialog or affinity fields. | No label or text accompanies the icon to confirm it specifically denotes 'Add Policy'."
umn/source/workloads/workload_overview.rst,Workload Overview,en-us_image_0258392378.png,other,fail,0.00,Local color check detected #3298ff.,
umn/source/workloads/workload_overview.rst,Workload Overview,en-us_image_0258095884.png,other,fail,0.00,Local color check detected #3298ff.,
umn/source/workloads/workload_overview.rst,Workload Overview,en-us_image_0258203193.png,other,fail,0.00,Local color check detected #3298ff.,
umn/source/workloads/workload_overview.rst,Workload Overview,en-us_image_0258871213.png,other,fail,0.00,Local color check detected #3298ff.,
