document,title,image,image_type,result,score,reasons,missing_evidence
api-ref/source/before_you_start/concepts.rst,Concepts,,,fail,,kein valides Bild,No model result was produced.
api-ref/source/calling_apis/authentication.rst,Authentication,,,fail,,kein valides Bild,No model result was produced.
api-ref/source/calling_apis/response.rst,Response,,,fail,,kein valides Bild,No model result was produced.
doc/component-operation-guide/source/appendix/accessing_manager/accessing_fusioninsight_manager_mrs_3.x_or_later.rst,Accessing FusionInsight Manager (MRS 3.\ *x* or Later),,,fail,,kein valides Bild,No model result was produced.
doc/component-operation-guide/source/appendix/using_an_mrs_client/installing_a_client_version_3.x_or_later.rst,Installing a Client (Version 3.x or Later),,,fail,,kein valides Bild,No model result was produced.
doc/component-operation-guide/source/appendix/using_an_mrs_client/installing_a_client_versions_earlier_than_3.x.rst,Installing a Client (Versions Earlier Than 3.x),,,fail,,kein valides Bild,No model result was produced.
doc/component-operation-guide/source/using_alluxio/accessing_alluxio_using_a_data_application.rst,Accessing Alluxio Using a Data Application,,,fail,,kein valides Bild,No model result was produced.
doc/component-operation-guide/source/using_carbondata_for_mrs_3.x_or_later/carbondata_syntax_reference/spatial_indexes.rst,Spatial Indexes,,,fail,,kein valides Bild,No model result was produced.
doc/component-operation-guide/source/using_carbondata_for_mrs_3.x_or_later/carbondata_troubleshooting/query_performance_deterioration.rst,Query Performance Deterioration,,,fail,,kein valides Bild,No model result was produced.
doc/component-operation-guide/source/using_carbondata_for_mrs_3.x_or_later/overview/carbondata_overview.rst,CarbonData Overview,,,fail,,kein valides Bild,No model result was produced.
doc/component-operation-guide/source/using_clickhouse/clickhouse_table_engine_overview.rst,ClickHouse Table Engine Overview,,,fail,,kein valides Bild,No model result was produced.
doc/component-operation-guide/source/using_clickhouse/migrating_clickhouse_data/synchronizing_kafka_data_to_clickhouse.rst,Synchronizing Kafka Data to ClickHouse,,,fail,,kein valides Bild,No model result was produced.
doc/component-operation-guide/source/using_clickhouse/migrating_clickhouse_data/using_the_clickhouse_data_migration_tool.rst,Using the ClickHouse Data Migration Tool,,,fail,,kein valides Bild,No model result was produced.
doc/component-operation-guide/source/using_clickhouse/user_management_and_authentication/interconnecting_clickhouse_with_openldap_for_authentication.rst,Interconnecting ClickHouse With OpenLDAP for Authentication,,,fail,,kein valides Bild,No model result was produced.
doc/component-operation-guide/source/using_flink/security_configuration/configuring_kafka.rst,Configuring Kafka,,,fail,,kein valides Bild,No model result was produced.
doc/component-operation-guide/source/using_flink/using_flink_from_scratch.rst,Using Flink from Scratch,,,fail,,kein valides Bild,No model result was produced.
doc/component-operation-guide/source/using_flink/using_the_flink_web_ui/overview/flink_web_ui_application_process.rst,Flink Web UI Application Process,,,fail,,kein valides Bild,No model result was produced.
doc/component-operation-guide/source/using_flume/overview.rst,Overview,,,fail,,kein valides Bild,No model result was produced.
doc/component-operation-guide/source/using_flume/secondary_development_guide_for_flume_third-party_plug-ins.rst,Secondary Development Guide for Flume Third-Party Plug-ins,,,fail,,kein valides Bild,No model result was produced.
doc/component-operation-guide/source/using_hbase/common_issues_about_hbase/what_can_i_do_when_hbase_fails_to_recover_a_task_and_a_message_is_displayed_stating_rollback_recovery_failed.rst,"What Can I Do When HBase Fails to Recover a Task and a Message Is Displayed Stating ""Rollback recovery failed""?",,,fail,,kein valides Bild,No model result was produced.
doc/component-operation-guide/source/using_hbase/common_issues_about_hbase/why_does_a_client_keep_failing_to_connect_to_a_server_for_a_long_time.rst,Why Does a Client Keep Failing to Connect to a Server for a Long Time?,,,fail,,kein valides Bild,No model result was produced.
doc/component-operation-guide/source/using_hbase/configuring_hbase_replication.rst,Configuring HBase Replication,,,fail,,kein valides Bild,No model result was produced.
doc/component-operation-guide/source/using_hdfs/balancing_datanode_capacity.rst,Balancing DataNode Capacity,,,fail,,kein valides Bild,No model result was produced.
doc/component-operation-guide/source/using_hdfs/configuring_hdfs_nodelabel.rst,Configuring HDFS NodeLabel,,,fail,,kein valides Bild,No model result was produced.
doc/component-operation-guide/source/using_hdfs/configuring_the_namenode_blacklist.rst,Configuring the NameNode Blacklist,,,fail,,kein valides Bild,No model result was produced.
doc/component-operation-guide/source/using_hdfs/faq/namenode_fails_to_be_restarted_due_to_editlog_discontinuity.rst,NameNode Fails to Be Restarted Due to EditLog Discontinuity,,,fail,,kein valides Bild,No model result was produced.
doc/component-operation-guide/source/using_hdfs/faq/standby_namenode_fails_to_be_restarted_when_the_system_is_powered_off_during_metadata_namespace_storage.rst,Standby NameNode Fails to Be Restarted When the System Is Powered off During Metadata (Namespace) Storage,,,fail,,kein valides Bild,No model result was produced.
doc/component-operation-guide/source/using_hdfs/faq/this_page_cant_be_displayed_is_displayed_when_internet_explorer_fails_to_access_the_native_hdfs_ui.rst,"""This page can't be displayed"" Is Displayed When Internet Explorer Fails to Access the Native HDFS UI",,,fail,,kein valides Bild,No model result was produced.
doc/component-operation-guide/source/using_hdfs/faq/why_is_java.net.socketexception_no_buffer_space_available_reported_when_data_is_written_to_hdfs.rst,"Why Is ""java.net.SocketException: No buffer space available"" Reported When Data Is Written to HDFS",,,fail,,kein valides Bild,No model result was produced.
doc/component-operation-guide/source/using_hdfs/optimizing_hdfs_namenode_rpc_qos.rst,Optimizing HDFS NameNode RPC QoS,,,fail,,kein valides Bild,No model result was produced.
doc/component-operation-guide/source/using_hive/common_issues_about_hive/how_do_i_disable_the_logging_function_of_hive.rst,How Do I Disable the Logging Function of Hive?,,,fail,,kein valides Bild,No model result was produced.
doc/component-operation-guide/source/using_hive/common_issues_about_hive/how_do_i_monitor_the_hive_table_size.rst,How Do I Monitor the Hive Table Size?,,,fail,,kein valides Bild,No model result was produced.
doc/component-operation-guide/source/using_hive/hive_supporting_transactions.rst,Hive Supporting Transactions,,,fail,,kein valides Bild,No model result was produced.
doc/component-operation-guide/source/using_hudi/basic_operations/data_management_and_maintenance/clustering.rst,Clustering,,,fail,,kein valides Bild,No model result was produced.
doc/component-operation-guide/source/using_hudi/basic_operations/data_management_and_maintenance/single-table_concurrent_write.rst,Single-Table Concurrent Write,,,fail,,kein valides Bild,No model result was produced.
doc/component-operation-guide/source/using_hudi/basic_operations/hudi_table_schema.rst,Hudi Table Schema,,,fail,,kein valides Bild,No model result was produced.
doc/component-operation-guide/source/using_hudi/basic_operations/using_the_hudi_client/operating_a_hudi_table_using_hudi-cli.sh.rst,Operating a Hudi Table Using hudi-cli.sh,,,fail,,kein valides Bild,No model result was produced.
doc/component-operation-guide/source/using_hue_mrs_3.x_or_later/accessing_the_hue_web_ui.rst,Accessing the Hue Web UI,,,fail,,kein valides Bild,No model result was produced.
doc/component-operation-guide/source/using_hue_mrs_3.x_or_later/common_issues_about_hue/what_can_i_do_if_hdfs_files_fail_to_be_accessed_using_hue_webui.rst,What Can I Do If HDFS Files Fail to Be Accessed Using Hue WebUI?,,,fail,,kein valides Bild,No model result was produced.
doc/component-operation-guide/source/using_hue_mrs_3.x_or_later/typical_scenarios/hdfs_on_hue.rst,HDFS on Hue,,,fail,,kein valides Bild,No model result was produced.
doc/component-operation-guide/source/using_hue_mrs_3.x_or_later/typical_scenarios/hive_on_hue.rst,Hive on Hue,,,fail,,kein valides Bild,No model result was produced.
doc/component-operation-guide/source/using_hue_mrs_3.x_or_later/typical_scenarios/oozie_on_hue.rst,Oozie on Hue,,,fail,,kein valides Bild,No model result was produced.
doc/component-operation-guide/source/using_hue_mrs_3.x_or_later/using_file_browser_on_the_hue_web_ui.rst,Using File Browser on the Hue Web UI,,,fail,,kein valides Bild,No model result was produced.
doc/component-operation-guide/source/using_hue_mrs_3.x_or_later/using_hbase_on_the_hue_web_ui.rst,Using HBase on the Hue Web UI,,,fail,,kein valides Bild,No model result was produced.
doc/component-operation-guide/source/using_hue_mrs_3.x_or_later/using_hiveql_editor_on_the_hue_web_ui.rst,Using HiveQL Editor on the Hue Web UI,,,fail,,kein valides Bild,No model result was produced.
doc/component-operation-guide/source/using_hue_mrs_3.x_or_later/using_hue_from_scratch.rst,Using Hue from Scratch,,,fail,,kein valides Bild,No model result was produced.
doc/component-operation-guide/source/using_hue_mrs_3.x_or_later/using_job_browser_on_the_hue_web_ui.rst,Using Job Browser on the Hue Web UI,,,fail,,kein valides Bild,No model result was produced.
doc/component-operation-guide/source/using_hue_mrs_3.x_or_later/using_the_metadata_browser_on_the_hue_web_ui.rst,Using the Metadata Browser on the Hue Web UI,,,fail,,kein valides Bild,No model result was produced.
doc/component-operation-guide/source/using_hue_mrs_3.x_or_later/using_the_sparksql_editor_on_the_hue_web_ui.rst,Using the SparkSql Editor on the Hue Web UI,,,fail,,kein valides Bild,No model result was produced.
doc/component-operation-guide/source/using_hue_versions_earlier_than_mrs_3.x/accessing_the_hue_web_ui.rst,Accessing the Hue Web UI,,,fail,,kein valides Bild,No model result was produced.
doc/component-operation-guide/source/using_hue_versions_earlier_than_mrs_3.x/using_file_browser_on_the_hue_web_ui.rst,Using File Browser on the Hue Web UI,,,fail,,kein valides Bild,No model result was produced.
doc/component-operation-guide/source/using_hue_versions_earlier_than_mrs_3.x/using_hiveql_editor_on_the_hue_web_ui.rst,Using HiveQL Editor on the Hue Web UI,,,fail,,kein valides Bild,No model result was produced.
doc/component-operation-guide/source/using_hue_versions_earlier_than_mrs_3.x/using_hue_from_scratch.rst,Using Hue from Scratch,,,fail,,kein valides Bild,No model result was produced.
doc/component-operation-guide/source/using_hue_versions_earlier_than_mrs_3.x/using_job_browser_on_the_hue_web_ui.rst,Using Job Browser on the Hue Web UI,,,fail,,kein valides Bild,No model result was produced.
doc/component-operation-guide/source/using_hue_versions_earlier_than_mrs_3.x/using_the_metadata_browser_on_the_hue_web_ui.rst,Using the Metadata Browser on the Hue Web UI,,,fail,,kein valides Bild,No model result was produced.
doc/component-operation-guide/source/using_kafka/balancing_data_after_kafka_node_scale-out.rst,Balancing Data After Kafka Node Scale-Out,,,fail,,kein valides Bild,No model result was produced.
doc/component-operation-guide/source/using_kafka/kafka_specifications.rst,Kafka Specifications,,,fail,,kein valides Bild,No model result was produced.
doc/component-operation-guide/source/using_kafka/migrating_data_between_kafka_nodes.rst,Migrating Data Between Kafka Nodes,,,fail,,kein valides Bild,No model result was produced.
doc/component-operation-guide/source/using_kafkamanager/kafka_cluster_monitoring_management.rst,Kafka Cluster Monitoring Management,,,fail,,kein valides Bild,No model result was produced.
doc/component-operation-guide/source/using_loader/managing_loader_jobs.rst,Managing Loader Jobs,,,fail,,kein valides Bild,No model result was produced.
doc/component-operation-guide/source/using_mapreduce/configuring_the_distributed_cache.rst,Configuring the Distributed Cache,,,fail,,kein valides Bild,No model result was produced.
doc/component-operation-guide/source/using_mapreduce/mapreduce_performance_tuning/streamlining_shuffle.rst,Streamlining Shuffle,,,fail,,kein valides Bild,No model result was produced.
doc/component-operation-guide/source/using_oozie/common_issues_about_oozie/common_oozie_troubleshooting_methods.rst,Common Oozie Troubleshooting Methods,,,fail,,kein valides Bild,No model result was produced.
doc/component-operation-guide/source/using_oozie/using_hue_to_submit_an_oozie_job/creating_a_workflow.rst,Creating a Workflow,,,fail,,kein valides Bild,No model result was produced.
doc/component-operation-guide/source/using_oozie/using_hue_to_submit_an_oozie_job/querying_the_operation_results.rst,Querying the Operation Results,,,fail,,kein valides Bild,No model result was produced.
doc/component-operation-guide/source/using_oozie/using_hue_to_submit_an_oozie_job/submitting_a_bundle_batch_processing_job.rst,Submitting a Bundle Batch Processing Job,,,fail,,kein valides Bild,No model result was produced.
doc/component-operation-guide/source/using_oozie/using_hue_to_submit_an_oozie_job/submitting_a_coordinator_periodic_scheduling_job.rst,Submitting a Coordinator Periodic Scheduling Job,,,fail,,kein valides Bild,No model result was produced.
doc/component-operation-guide/source/using_oozie/using_hue_to_submit_an_oozie_job/submitting_a_workflow_job/submitting_a_distcp_job.rst,Submitting a DistCp Job,,,fail,,kein valides Bild,No model result was produced.
doc/component-operation-guide/source/using_oozie/using_hue_to_submit_an_oozie_job/submitting_a_workflow_job/submitting_a_hive2_job.rst,Submitting a Hive2 Job,,,fail,,kein valides Bild,No model result was produced.
doc/component-operation-guide/source/using_oozie/using_hue_to_submit_an_oozie_job/submitting_a_workflow_job/submitting_a_hive_script.rst,Submitting a Hive Script,,,fail,,kein valides Bild,No model result was produced.
doc/component-operation-guide/source/using_oozie/using_hue_to_submit_an_oozie_job/submitting_a_workflow_job/submitting_a_java_job.rst,Submitting a Java Job,,,fail,,kein valides Bild,No model result was produced.
doc/component-operation-guide/source/using_oozie/using_hue_to_submit_an_oozie_job/submitting_a_workflow_job/submitting_a_loader_job.rst,Submitting a Loader Job,,,fail,,kein valides Bild,No model result was produced.
doc/component-operation-guide/source/using_oozie/using_hue_to_submit_an_oozie_job/submitting_a_workflow_job/submitting_a_mapreduce_job.rst,Submitting a MapReduce Job,,,fail,,kein valides Bild,No model result was produced.
doc/component-operation-guide/source/using_oozie/using_hue_to_submit_an_oozie_job/submitting_a_workflow_job/submitting_a_shell_job.rst,Submitting a Shell Job,,,fail,,kein valides Bild,No model result was produced.
doc/component-operation-guide/source/using_oozie/using_hue_to_submit_an_oozie_job/submitting_a_workflow_job/submitting_a_spark2x_job.rst,Submitting a Spark2x Job,,,fail,,kein valides Bild,No model result was produced.
doc/component-operation-guide/source/using_oozie/using_hue_to_submit_an_oozie_job/submitting_a_workflow_job/submitting_a_streaming_job.rst,Submitting a Streaming Job,,,fail,,kein valides Bild,No model result was produced.
doc/component-operation-guide/source/using_oozie/using_hue_to_submit_an_oozie_job/submitting_a_workflow_job/submitting_a_sub-workflow_job.rst,Submitting a Sub-workflow Job,,,fail,,kein valides Bild,No model result was produced.
doc/component-operation-guide/source/using_oozie/using_hue_to_submit_an_oozie_job/submitting_a_workflow_job/submitting_an_hdfs_job.rst,Submitting an HDFS Job,,,fail,,kein valides Bild,No model result was produced.
doc/component-operation-guide/source/using_oozie/using_hue_to_submit_an_oozie_job/submitting_a_workflow_job/submitting_an_ssh_job.rst,Submitting an SSH Job,,,fail,,kein valides Bild,No model result was produced.
doc/component-operation-guide/source/using_oozie/using_oozie_from_scratch.rst,Using Oozie from Scratch,,,fail,,kein valides Bild,No model result was produced.
doc/component-operation-guide/source/using_ranger_mrs_1.9.2/accessing_the_ranger_web_ui_and_synchronizing_unix_users_to_the_ranger_web_ui.rst,Accessing the Ranger Web UI and Synchronizing Unix Users to the Ranger Web UI,,,fail,,kein valides Bild,No model result was produced.
doc/component-operation-guide/source/using_ranger_mrs_1.9.2/configuring_hbase_access_permissions_in_ranger.rst,Configuring HBase Access Permissions in Ranger,,,fail,,kein valides Bild,No model result was produced.
doc/component-operation-guide/source/using_ranger_mrs_1.9.2/configuring_hive_impala_access_permissions_in_ranger.rst,Configuring Hive/Impala Access Permissions in Ranger,,,fail,,kein valides Bild,No model result was produced.
doc/component-operation-guide/source/using_ranger_mrs_3.x/adding_a_ranger_access_permission_policy_for_hbase.rst,Adding a Ranger Access Permission Policy for HBase,,,fail,,kein valides Bild,No model result was produced.
doc/component-operation-guide/source/using_ranger_mrs_3.x/adding_a_ranger_access_permission_policy_for_hdfs.rst,Adding a Ranger Access Permission Policy for HDFS,,,fail,,kein valides Bild,No model result was produced.
doc/component-operation-guide/source/using_ranger_mrs_3.x/adding_a_ranger_access_permission_policy_for_hive.rst,Adding a Ranger Access Permission Policy for Hive,,,fail,,kein valides Bild,No model result was produced.
doc/component-operation-guide/source/using_ranger_mrs_3.x/adding_a_ranger_access_permission_policy_for_kafka.rst,Adding a Ranger Access Permission Policy for Kafka,,,fail,,kein valides Bild,No model result was produced.
doc/component-operation-guide/source/using_ranger_mrs_3.x/adding_a_ranger_access_permission_policy_for_spark2x.rst,Adding a Ranger Access Permission Policy for Spark2x,,,fail,,kein valides Bild,No model result was produced.
doc/component-operation-guide/source/using_ranger_mrs_3.x/adding_a_ranger_access_permission_policy_for_storm.rst,Adding a Ranger Access Permission Policy for Storm,,,fail,,kein valides Bild,No model result was produced.
doc/component-operation-guide/source/using_ranger_mrs_3.x/adding_a_ranger_access_permission_policy_for_yarn.rst,Adding a Ranger Access Permission Policy for Yarn,,,fail,,kein valides Bild,No model result was produced.
doc/component-operation-guide/source/using_ranger_mrs_3.x/common_issues_about_ranger/when_an_hbase_policy_is_added_or_modified_on_ranger_wildcard_characters_cannot_be_used_to_search_for_existing_hbase_tables.rst,"When an HBase Policy Is Added or Modified on Ranger, Wildcard Characters Cannot Be Used to Search for Existing HBase Tables",,,fail,,kein valides Bild,No model result was produced.
doc/component-operation-guide/source/using_ranger_mrs_3.x/configuring_a_security_zone.rst,Configuring a Security Zone,,,fail,,kein valides Bild,No model result was produced.
doc/component-operation-guide/source/using_ranger_mrs_3.x/configuring_component_permission_policies.rst,Configuring Component Permission Policies,,,fail,,kein valides Bild,No model result was produced.
doc/component-operation-guide/source/using_ranger_mrs_3.x/enabling_ranger_authentication.rst,Enabling Ranger Authentication,,,fail,,kein valides Bild,No model result was produced.
doc/component-operation-guide/source/using_ranger_mrs_3.x/logging_in_to_the_ranger_web_ui.rst,Logging In to the Ranger Web UI,,,fail,,kein valides Bild,No model result was produced.
doc/component-operation-guide/source/using_ranger_mrs_3.x/viewing_ranger_permission_information.rst,Viewing Ranger Permission Information,,,fail,,kein valides Bild,No model result was produced.
doc/component-operation-guide/source/using_spark/accessing_the_spark_web_ui.rst,Accessing the Spark Web UI,,,fail,,kein valides Bild,No model result was produced.
doc/component-operation-guide/source/using_spark/getting_started_with_spark.rst,Getting Started with Spark,,,fail,,kein valides Bild,No model result was produced.
doc/component-operation-guide/source/using_spark2x/basic_operation/getting_started.rst,Getting Started,,,fail,,kein valides Bild,No model result was produced.
doc/component-operation-guide/source/using_spark2x/basic_operation/scenario-specific_configuration/configuring_lifo_for_kafka.rst,Configuring LIFO for Kafka,,,fail,,kein valides Bild,No model result was produced.
doc/component-operation-guide/source/using_spark2x/basic_operation/scenario-specific_configuration/viewing_aggregated_container_logs_on_the_web_ui.rst,Viewing Aggregated Container Logs on the Web UI,,,fail,,kein valides Bild,No model result was produced.
doc/component-operation-guide/source/using_spark2x/basic_operation/sparksql_permission_managementsecurity_mode/spark_sql_permissions.rst,Spark SQL Permissions,,,fail,,kein valides Bild,No model result was produced.
doc/component-operation-guide/source/using_spark2x/common_issues_about_spark2x/spark_core/what_can_i_do_if_the_error_message_dns_query_failed_is_displayed_when_i_access_the_aggregated_logs_page_of_spark_applications.rst,"What Can I Do If the Error Message ""DNS query failed"" Is Displayed When I Access the Aggregated Logs Page of Spark Applications?",,,fail,,kein valides Bild,No model result was produced.
doc/component-operation-guide/source/using_spark2x/common_issues_about_spark2x/spark_core/what_can_i_do_if_the_message_password_cannot_be_null_if_sasl_is_enabled_is_displayed.rst,"What Can I Do If the Message ""Password cannot be null if SASL is enabled"" Is Displayed?",,,fail,,kein valides Bild,No model result was produced.
doc/component-operation-guide/source/using_spark2x/common_issues_about_spark2x/spark_shuffle_exception_handling.rst,Spark Shuffle Exception Handling,,,fail,,kein valides Bild,No model result was produced.
doc/component-operation-guide/source/using_spark2x/common_issues_about_spark2x/spark_sql_and_dataframe/why_are_some_functions_not_available_when_another_jdbcserver_is_connected.rst,Why Are Some Functions Not Available when Another JDBCServer Is Connected?,,,fail,,kein valides Bild,No model result was produced.
doc/component-operation-guide/source/using_spark2x/common_issues_about_spark2x/spark_sql_and_dataframe/why_is_a_task_suspended_when_the_analyze_table_statement_is_executed_and_resources_are_insufficient.rst,Why Is a Task Suspended When the ANALYZE TABLE Statement Is Executed and Resources Are Insufficient?,,,fail,,kein valides Bild,No model result was produced.
doc/component-operation-guide/source/using_spark2x/common_issues_about_spark2x/spark_sql_and_dataframe/why_no_result_is_found_when_2016-6-30_is_set_in_the_date_field_as_the_filter_condition.rst,Why No Result Is found When 2016-6-30 Is Set in the Date Field as the Filter Condition?,,,fail,,kein valides Bild,No model result was produced.
doc/component-operation-guide/source/using_spark2x/common_issues_about_spark2x/spark_sql_and_dataframe/why_spark_sql_is_displayed_as_a_temporary_table_in_different_databases.rst,Why Spark SQL Is Displayed as a Temporary Table in Different Databases?,,,fail,,kein valides Bild,No model result was produced.
doc/component-operation-guide/source/using_spark2x/common_issues_about_spark2x/spark_streaming/what_can_i_do_if_spark_streaming_tasks_are_blocked.rst,What Can I Do If Spark Streaming Tasks Are Blocked?,,,fail,,kein valides Bild,No model result was produced.
doc/component-operation-guide/source/using_spark2x/common_issues_about_spark2x/spark_streaming/why_is_the_input_size_corresponding_to_batch_time_on_the_web_ui_set_to_0_records_when_kafka_is_restarted_during_spark_streaming_running.rst,Why Is the Input Size Corresponding to Batch Time on the Web UI Set to 0 Records When Kafka Is Restarted During Spark Streaming Running?,,,fail,,kein valides Bild,No model result was produced.
doc/component-operation-guide/source/using_spark2x/common_issues_about_spark2x/this_page_cant_be_displayed_is_displayed_when_internet_explorer_fails_to_access_the_native_spark2x_ui.rst,"""This page can't be displayed"" Is Displayed When Internet Explorer Fails to Access the Native Spark2x UI",,,fail,,kein valides Bild,No model result was produced.
doc/component-operation-guide/source/using_spark2x/common_issues_about_spark2x/what_should_i_do_if_the_native_page_of_an_application_of_spark2x_jobhistory_fails_to_display_during_access_to_the_page.rst,What Should I Do If the Native Page of an Application of Spark2x JobHistory Fails to Display During Access to the Page,,,fail,,kein valides Bild,No model result was produced.
doc/component-operation-guide/source/using_spark2x/common_issues_about_spark2x/why_cannot_i_switch_from_the_yarn_web_ui_to_the_spark_web_ui.rst,Why Cannot I Switch from the Yarn Web UI to the Spark Web UI?,,,fail,,kein valides Bild,No model result was produced.
doc/component-operation-guide/source/using_spark2x/common_issues_about_spark2x/why_do_i_fail_to_create_a_table_in_the_specified_location_on_obs_after_logging_to_spark-beeline.rst,Why Do I Fail to Create a Table in the Specified Location on OBS After Logging to spark-beeline?,,,fail,,kein valides Bild,No model result was produced.
doc/component-operation-guide/source/using_spark2x/common_issues_about_spark2x/why_the_job_information_obtained_from_the_restful_interface_of_an_ended_spark_application_is_incorrect.rst,Why the Job Information Obtained from the restful Interface of an Ended Spark Application Is Incorrect?,,,fail,,kein valides Bild,No model result was produced.
doc/component-operation-guide/source/using_spark2x/spark2x_performance_tuning/spark_core_tuning/designing_the_direction_acyclic_graph_dag.rst,Designing the Direction Acyclic Graph (DAG),,,fail,,kein valides Bild,No model result was produced.
doc/component-operation-guide/source/using_spark2x/spark2x_performance_tuning/spark_sql_and_dataframe_tuning/optimizing_small_files.rst,Optimizing Small Files,,,fail,,kein valides Bild,No model result was produced.
doc/component-operation-guide/source/using_sqoop/adapting_sqoop_1.4.7_to_mrs_3.x_clusters.rst,Adapting Sqoop 1.4.7 to MRS 3.\ *x* Clusters,,,fail,,kein valides Bild,No model result was produced.
doc/component-operation-guide/source/using_sqoop/common_issues_about_sqoop/what_should_i_do_if_class_queryprovider_is_unavailable.rst,What Should I Do If Class QueryProvider Is Unavailable?,,,fail,,kein valides Bild,No model result was produced.
doc/component-operation-guide/source/using_sqoop/common_issues_about_sqoop/what_should_i_do_if_data_failed_to_be_synchronized_to_a_hive_parquet_table_using_hcatalog.rst,What Should I Do If Data Failed to Be Synchronized to a Hive Parquet Table Using HCatalog?,,,fail,,kein valides Bild,No model result was produced.
doc/component-operation-guide/source/using_sqoop/common_issues_about_sqoop/what_should_i_do_if_data_failed_to_be_synchronized_to_a_hive_table_on_the_obs_using_hive-table.rst,What Should I Do If Data Failed to Be Synchronized to a Hive Table on the OBS Using hive-table?,,,fail,,kein valides Bild,No model result was produced.
doc/component-operation-guide/source/using_sqoop/common_issues_about_sqoop/what_should_i_do_if_data_failed_to_be_synchronized_using_hive-table.rst,What Should I Do If Data Failed to Be Synchronized Using hive-table?,,,fail,,kein valides Bild,No model result was produced.
doc/component-operation-guide/source/using_sqoop/common_issues_about_sqoop/what_should_i_do_if_the_data_type_of_fields_timestamp_and_data_is_incorrect_during_data_synchronization_between_hive_and_mysql.rst,What Should I Do If the Data Type of Fields timestamp and data Is Incorrect During Data Synchronization Between Hive and MySQL?,,,fail,,kein valides Bild,No model result was produced.
doc/component-operation-guide/source/using_tez/common_issues/error_occurs_when_a_user_switches_to_the_tez_web_ui.rst,Error Occurs When a User Switches to the Tez Web UI,,,fail,,kein valides Bild,No model result was produced.
doc/component-operation-guide/source/using_tez/common_issues/table_data_is_empty_on_the_tezui_hivequeries_page.rst,Table Data Is Empty on the TezUI HiveQueries Page,,,fail,,kein valides Bild,No model result was produced.
doc/component-operation-guide/source/using_tez/common_issues/yarn_logs_cannot_be_viewed_on_the_tezui_page.rst,Yarn Logs Cannot Be Viewed on the TezUI Page,,,fail,,kein valides Bild,No model result was produced.
doc/component-operation-guide/source/using_yarn/configuring_applicationmaster_work_preserving.rst,Configuring ApplicationMaster Work Preserving,,,fail,,kein valides Bild,No model result was produced.
doc/component-operation-guide-lts/source/appendix/accessing_fusioninsight_manager.rst,Accessing FusionInsight Manager,,,fail,,kein valides Bild,No model result was produced.
doc/component-operation-guide-lts/source/appendix/using_an_mrs_client/using_an_mrs_client_on_nodes_outside_a_mrs_cluster.rst,Using an MRS Client on Nodes Outside a MRS Cluster,,,fail,,kein valides Bild,No model result was produced.
doc/component-operation-guide-lts/source/using_carbondata/carbondata_syntax_reference/spatial_indexes.rst,Spatial Indexes,,,fail,,kein valides Bild,No model result was produced.
doc/component-operation-guide-lts/source/using_carbondata/carbondata_troubleshooting/query_performance_deterioration.rst,Query Performance Deterioration,,,fail,,kein valides Bild,No model result was produced.
doc/component-operation-guide-lts/source/using_carbondata/spark_carbondata_overview/carbondata_overview.rst,CarbonData Overview,,,fail,,kein valides Bild,No model result was produced.
doc/component-operation-guide-lts/source/using_cdl/cdl_faqs/error_403_is_reported_when_a_cdl_job_is_stopped.rst,Error 403 Is Reported When a CDL Job Is Stopped,,,fail,,kein valides Bild,No model result was produced.
doc/component-operation-guide-lts/source/using_cdl/cdl_faqs/error_is_reported_when_the_job_of_capturing_data_from_pgsql_to_hudi_is_started.rst,Error Is Reported When the Job of Capturing Data From PgSQL to Hudi Is Started,,,fail,,kein valides Bild,No model result was produced.
doc/component-operation-guide-lts/source/using_cdl/cdl_usage_instructions.rst,CDL Usage Instructions,,,fail,,kein valides Bild,No model result was produced.
doc/component-operation-guide-lts/source/using_cdl/creating_a_cdl_job/common_cdl_jobs/synchronizing_data_from_hudi_to_clickhouse.rst,Synchronizing Data from Hudi to ClickHouse,,,fail,,kein valides Bild,No model result was produced.
doc/component-operation-guide-lts/source/using_cdl/creating_a_cdl_job/common_cdl_jobs/synchronizing_data_from_hudi_to_dws.rst,Synchronizing Data from Hudi to DWS,,,fail,,kein valides Bild,No model result was produced.
doc/component-operation-guide-lts/source/using_cdl/creating_a_cdl_job/common_cdl_jobs/synchronizing_data_from_mysql_to_hudi.rst,Synchronizing Data from MySQL to Hudi,,,fail,,kein valides Bild,No model result was produced.
doc/component-operation-guide-lts/source/using_cdl/creating_a_cdl_job/common_cdl_jobs/synchronizing_data_from_pgsql_to_hudi.rst,Synchronizing Data from PgSQL to Hudi,,,fail,,kein valides Bild,No model result was produced.
doc/component-operation-guide-lts/source/using_cdl/creating_a_cdl_job/common_cdl_jobs/synchronizing_data_from_pgsql_to_kafka.rst,Synchronizing Data from PgSQL to Kafka,,,fail,,kein valides Bild,No model result was produced.
doc/component-operation-guide-lts/source/using_cdl/creating_a_cdl_job/common_cdl_jobs/synchronizing_data_from_thirdkafka_to_hudi.rst,Synchronizing Data from ThirdKafka to Hudi,,,fail,,kein valides Bild,No model result was produced.
doc/component-operation-guide-lts/source/using_cdl/creating_a_cdl_job/creating_a_cdl_data_comparison_job.rst,Creating a CDL Data Comparison Job,,,fail,,kein valides Bild,No model result was produced.
doc/component-operation-guide-lts/source/using_cdl/creating_a_cdl_job/creating_a_cdl_data_synchronization_job.rst,Creating a CDL Data Synchronization Job,,,fail,,kein valides Bild,No model result was produced.
doc/component-operation-guide-lts/source/using_cdl/preparing_for_creating_a_cdl_job/configuring_heartbeat_and_data_consistency_check_for_a_synchronization_task.rst,Configuring Heartbeat and Data Consistency Check for a Synchronization Task,,,fail,,kein valides Bild,No model result was produced.
doc/component-operation-guide-lts/source/using_cdl/using_cdl_from_scratch.rst,Using CDL from Scratch,,,fail,,kein valides Bild,No model result was produced.
doc/component-operation-guide-lts/source/using_clickhouse/clickhouse_multi-tenancy/clickhouse_multi-tenancy_overview.rst,ClickHouse Multi-Tenancy Overview,,,fail,,kein valides Bild,No model result was produced.
doc/component-operation-guide-lts/source/using_clickhouse/clickhouse_multi-tenancy/managing_clickhouse_tenants.rst,Managing ClickHouse Tenants,,,fail,,kein valides Bild,No model result was produced.
doc/component-operation-guide-lts/source/using_clickhouse/clickhouse_multi-tenancy/modifying_the_memory_limit_of_clickhouse_on_a_clickhouseserver_node.rst,Modifying the Memory Limit of ClickHouse on a ClickHouseServer Node,,,fail,,kein valides Bild,No model result was produced.
doc/component-operation-guide-lts/source/using_clickhouse/clickhouse_table_engine_overview.rst,ClickHouse Table Engine Overview,,,fail,,kein valides Bild,No model result was produced.
doc/component-operation-guide-lts/source/using_clickhouse/migrating_clickhouse_data/synchronizing_kafka_data_to_clickhouse.rst,Synchronizing Kafka Data to ClickHouse,,,fail,,kein valides Bild,No model result was produced.
doc/component-operation-guide-lts/source/using_clickhouse/migrating_clickhouse_data/using_the_migration_tool_to_quickly_migrate_clickhouse_cluster_data.rst,Using the Migration Tool to Quickly Migrate ClickHouse Cluster Data,,,fail,,kein valides Bild,No model result was produced.
doc/component-operation-guide-lts/source/using_clickhouse/monitoring_of_slow_clickhouse_query_statements_and_replication_table_data_synchronization/slow_query_statement_monitoring.rst,Slow Query Statement Monitoring,,,fail,,kein valides Bild,No model result was produced.
doc/component-operation-guide-lts/source/using_clickhouse/user_management_and_authentication/clickhouse_user_and_permission_management.rst,ClickHouse User and Permission Management,,,fail,,kein valides Bild,No model result was produced.
doc/component-operation-guide-lts/source/using_clickhouse/user_management_and_authentication/configuring_the_password_of_the_default_account_of_a_clickhouse_cluster.rst,Configuring the Password of the Default Account of a ClickHouse Cluster,,,fail,,kein valides Bild,No model result was produced.
doc/component-operation-guide-lts/source/using_clickhouse/user_management_and_authentication/configuring_the_password_of_the_default_account_of_a_clickhouse_clusterfor_mrs_3.1.2.rst,Configuring the Password of the Default Account of a ClickHouse Cluster(for MRS 3.1.2),,,fail,,kein valides Bild,No model result was produced.
doc/component-operation-guide-lts/source/using_flink/security_configuration/configuring_kafka.rst,Configuring Kafka,,,fail,,kein valides Bild,No model result was produced.
doc/component-operation-guide-lts/source/using_flink/using_flink_from_scratch.rst,Using Flink from Scratch,,,fail,,kein valides Bild,No model result was produced.
doc/component-operation-guide-lts/source/using_flink/using_the_flink_web_ui/flink_web_ui_overview/flink_web_ui_application_process.rst,Flink Web UI Application Process,,,fail,,kein valides Bild,No model result was produced.
doc/component-operation-guide-lts/source/using_flume/connecting_flume_with_hive_in_security_mode.rst,Connecting Flume with Hive in Security Mode,,,fail,,kein valides Bild,No model result was produced.
doc/component-operation-guide-lts/source/using_flume/encrypted_transmission/configuring_the_encrypted_transmission.rst,Configuring the Encrypted Transmission,,,fail,,kein valides Bild,No model result was produced.
doc/component-operation-guide-lts/source/using_flume/encrypted_transmission/typical_scenario_collecting_local_static_logs_and_uploading_them_to_hdfs_encrypted_transmission.rst,Typical Scenario: Collecting Local Static Logs and Uploading Them to HDFS Encrypted Transmission,,,fail,,kein valides Bild,No model result was produced.
doc/component-operation-guide-lts/source/using_flume/flume_overview.rst,Flume Overview,,,fail,,kein valides Bild,No model result was produced.
doc/component-operation-guide-lts/source/using_flume/non-encrypted_transmission/configuring_non-encrypted_transmission.rst,Configuring Non-encrypted Transmission,,,fail,,kein valides Bild,No model result was produced.
doc/component-operation-guide-lts/source/using_flume/non-encrypted_transmission/typical_scenario_collecting_local_dynamic_logs_and_uploading_them_to_hdfs.rst,Typical Scenario: Collecting Local Dynamic Logs and Uploading Them to HDFS,,,fail,,kein valides Bild,No model result was produced.
doc/component-operation-guide-lts/source/using_flume/non-encrypted_transmission/typical_scenario_collecting_local_static_logs_and_uploading_them_to_hbase.rst,Typical Scenario: Collecting Local Static Logs and Uploading Them to HBase,,,fail,,kein valides Bild,No model result was produced.
doc/component-operation-guide-lts/source/using_flume/non-encrypted_transmission/typical_scenario_collecting_local_static_logs_and_uploading_them_to_hdfs.rst,Typical Scenario: Collecting Local Static Logs and Uploading Them to HDFS,,,fail,,kein valides Bild,No model result was produced.
doc/component-operation-guide-lts/source/using_flume/non-encrypted_transmission/typical_scenario_collecting_local_static_logs_and_uploading_them_to_kafka.rst,Typical Scenario: Collecting Local Static Logs and Uploading Them to Kafka,,,fail,,kein valides Bild,No model result was produced.
doc/component-operation-guide-lts/source/using_flume/non-encrypted_transmission/typical_scenario_collecting_logs_from_kafka_and_uploading_them_to_hdfs.rst,Typical Scenario: Collecting Logs from Kafka and Uploading Them to HDFS,,,fail,,kein valides Bild,No model result was produced.
doc/component-operation-guide-lts/source/using_flume/non-encrypted_transmission/typical_scenario_collecting_logs_from_kafka_and_uploading_them_to_hdfs_through_the_flume_client.rst,Typical Scenario: Collecting Logs from Kafka and Uploading Them to HDFS Through the Flume Client,,,fail,,kein valides Bild,No model result was produced.
doc/component-operation-guide-lts/source/using_flume/secondary_development_guide_for_flume_third-party_plug-ins.rst,Secondary Development Guide for Flume Third-Party Plug-ins,,,fail,,kein valides Bild,No model result was produced.
doc/component-operation-guide-lts/source/using_hbase/common_issues_about_hbase/why_does_a_client_keep_failing_to_connect_to_a_server_for_a_long_time.rst,Why Does a Client Keep Failing to Connect to a Server for a Long Time?,,,fail,,kein valides Bild,No model result was produced.
doc/component-operation-guide-lts/source/using_hbase/configuring_hbase_replication.rst,Configuring HBase Replication,,,fail,,kein valides Bild,No model result was produced.
doc/component-operation-guide-lts/source/using_hbase/in-house_enhanced_phoenix/csvbulkloadtool_supports_parsing_user-defined_delimiters_in_data_files.rst,CsvBulkloadTool Supports Parsing User-Defined Delimiters in Data Files,,,fail,,kein valides Bild,No model result was produced.
doc/component-operation-guide-lts/source/using_hdfs/balancing_datanode_capacity.rst,Balancing DataNode Capacity,,,fail,,kein valides Bild,No model result was produced.
doc/component-operation-guide-lts/source/using_hdfs/configuring_hdfs_nodelabel.rst,Configuring HDFS NodeLabel,,,fail,,kein valides Bild,No model result was produced.
doc/component-operation-guide-lts/source/using_hdfs/configuring_the_namenode_blacklist.rst,Configuring the NameNode Blacklist,,,fail,,kein valides Bild,No model result was produced.
doc/component-operation-guide-lts/source/using_hdfs/faq/namenode_fails_to_be_restarted_due_to_editlog_discontinuity.rst,NameNode Fails to Be Restarted Due to EditLog Discontinuity,,,fail,,kein valides Bild,No model result was produced.
doc/component-operation-guide-lts/source/using_hdfs/faq/standby_namenode_fails_to_be_restarted_when_the_system_is_powered_off_during_metadata_namespace_storage.rst,Standby NameNode Fails to Be Restarted When the System Is Powered off During Metadata (Namespace) Storage,,,fail,,kein valides Bild,No model result was produced.
doc/component-operation-guide-lts/source/using_hdfs/faq/this_page_cant_be_displayed_is_displayed_when_internet_explorer_fails_to_access_the_native_hdfs_ui.rst,"""This page can't be displayed"" Is Displayed When Internet Explorer Fails to Access the Native HDFS UI",,,fail,,kein valides Bild,No model result was produced.
doc/component-operation-guide-lts/source/using_hdfs/faq/why_is_java.net.socketexception_no_buffer_space_available_reported_when_data_is_written_to_hdfs.rst,"Why Is ""java.net.SocketException: No buffer space available"" Reported When Data Is Written to HDFS",,,fail,,kein valides Bild,No model result was produced.
doc/component-operation-guide-lts/source/using_hdfs/optimizing_hdfs_namenode_rpc_qos.rst,Optimizing HDFS NameNode RPC QoS,,,fail,,kein valides Bild,No model result was produced.
doc/component-operation-guide-lts/source/using_hetuengine/function_and_udf_development_and_application/hetuengine_function_plugin_development_and_application.rst,HetuEngine Function Plugin Development and Application,,,fail,,kein valides Bild,No model result was produced.
doc/component-operation-guide-lts/source/using_hetuengine/function_and_udf_development_and_application/hive_udf_development_and_application.rst,Hive UDF Development and Application,,,fail,,kein valides Bild,No model result was produced.
doc/component-operation-guide-lts/source/using_hetuengine/managing_compute_instances/adjusting_the_number_of_worker_nodes.rst,Adjusting the Number of Worker Nodes,,,fail,,kein valides Bild,No model result was produced.
doc/component-operation-guide-lts/source/using_hetuengine/managing_compute_instances/configuring_resource_groups.rst,Configuring Resource Groups,,,fail,,kein valides Bild,No model result was produced.
doc/component-operation-guide-lts/source/using_hetuengine/managing_compute_instances/using_resource_labels_to_specify_on_which_node_coordinators_should_run.rst,Using Resource Labels to Specify on Which Node Coordinators Should Run,,,fail,,kein valides Bild,No model result was produced.
doc/component-operation-guide-lts/source/using_hetuengine/managing_compute_instances/viewing_the_instance_monitoring_page.rst,Viewing the Instance Monitoring Page,,,fail,,kein valides Bild,No model result was produced.
doc/component-operation-guide-lts/source/using_hetuengine/using_a_third-party_visualization_tool_to_access_hetuengine/using_dbeaver_to_access_hetuengine.rst,Using DBeaver to Access HetuEngine,,,fail,,kein valides Bild,No model result was produced.
doc/component-operation-guide-lts/source/using_hetuengine/using_a_third-party_visualization_tool_to_access_hetuengine/using_tableau_to_access_hetuengine.rst,Using Tableau to Access HetuEngine,,,fail,,kein valides Bild,No model result was produced.
doc/component-operation-guide-lts/source/using_hetuengine/using_a_third-party_visualization_tool_to_access_hetuengine/using_yonghong_bi_to_access_hetuengine.rst,Using Yonghong BI to Access HetuEngine,,,fail,,kein valides Bild,No model result was produced.
doc/component-operation-guide-lts/source/using_hetuengine/using_hetuengine_cross-domain_function/introduction_to_hetuengine_cross-domain_function.rst,Introduction to HetuEngine Cross-Domain Function,,,fail,,kein valides Bild,No model result was produced.
doc/component-operation-guide-lts/source/using_hetuengine/using_hetuengine_materialized_views/configuring_intelligent_materialized_views.rst,Configuring Intelligent Materialized Views,,,fail,,kein valides Bild,No model result was produced.
doc/component-operation-guide-lts/source/using_hetuengine/using_the_hetuengine_cross-source_function/introduction_to_hetuengine_cross-source_function.rst,Introduction to HetuEngine Cross-Source Function,,,fail,,kein valides Bild,No model result was produced.
doc/component-operation-guide-lts/source/using_hive/common_issues_about_hive/how_do_i_monitor_the_hive_table_size.rst,How Do I Monitor the Hive Table Size?,,,fail,,kein valides Bild,No model result was produced.
doc/component-operation-guide-lts/source/using_hive/hive_supporting_transactions.rst,Hive Supporting Transactions,,,fail,,kein valides Bild,No model result was produced.
doc/component-operation-guide-lts/source/using_hive/hive_supports_isolation_of_metastore_instances_based_on_components.rst,Hive Supports Isolation of Metastore instances Based on Components,,,fail,,kein valides Bild,No model result was produced.
doc/component-operation-guide-lts/source/using_hive/interconnecting_hive_with_external_self-built_relational_databases.rst,Interconnecting Hive with External Self-Built Relational Databases,,,fail,,kein valides Bild,No model result was produced.
doc/component-operation-guide-lts/source/using_hudi/basic_operations/data_management_and_maintenance/clustering.rst,Clustering,,,fail,,kein valides Bild,No model result was produced.
doc/component-operation-guide-lts/source/using_hudi/basic_operations/data_management_and_maintenance/single-table_concurrent_write.rst,Single-Table Concurrent Write,,,fail,,kein valides Bild,No model result was produced.
doc/component-operation-guide-lts/source/using_hudi/basic_operations/hudi_table_schema.rst,Hudi Table Schema,,,fail,,kein valides Bild,No model result was produced.
doc/component-operation-guide-lts/source/using_hudi/basic_operations/using_the_hudi_client/operating_a_hudi_table_using_hudi-cli.sh.rst,Operating a Hudi Table Using hudi-cli.sh,,,fail,,kein valides Bild,No model result was produced.
doc/component-operation-guide-lts/source/using_hue/accessing_the_hue_web_ui.rst,Accessing the Hue Web UI,,,fail,,kein valides Bild,No model result was produced.
doc/component-operation-guide-lts/source/using_hue/common_issues_about_hue/what_can_i_do_if_hdfs_files_fail_to_be_accessed_using_hue_webui.rst,What Can I Do If HDFS Files Fail to Be Accessed Using Hue WebUI?,,,fail,,kein valides Bild,No model result was produced.
doc/component-operation-guide-lts/source/using_hue/typical_scenarios/hdfs_on_hue.rst,HDFS on Hue,,,fail,,kein valides Bild,No model result was produced.
doc/component-operation-guide-lts/source/using_hue/typical_scenarios/hive_on_hue.rst,Hive on Hue,,,fail,,kein valides Bild,No model result was produced.
doc/component-operation-guide-lts/source/using_hue/typical_scenarios/oozie_on_hue.rst,Oozie on Hue,,,fail,,kein valides Bild,No model result was produced.
doc/component-operation-guide-lts/source/using_hue/using_file_browser_on_the_hue_web_ui.rst,Using File Browser on the Hue Web UI,,,fail,,kein valides Bild,No model result was produced.
doc/component-operation-guide-lts/source/using_hue/using_hbase_on_the_hue_web_ui.rst,Using HBase on the Hue Web UI,,,fail,,kein valides Bild,No model result was produced.
doc/component-operation-guide-lts/source/using_hue/using_hiveql_editor_on_the_hue_web_ui.rst,Using HiveQL Editor on the Hue Web UI,,,fail,,kein valides Bild,No model result was produced.
doc/component-operation-guide-lts/source/using_hue/using_hue_from_scratch.rst,Using Hue from Scratch,,,fail,,kein valides Bild,No model result was produced.
doc/component-operation-guide-lts/source/using_hue/using_job_browser_on_the_hue_web_ui.rst,Using Job Browser on the Hue Web UI,,,fail,,kein valides Bild,No model result was produced.
doc/component-operation-guide-lts/source/using_hue/using_the_metadata_browser_on_the_hue_web_ui.rst,Using the Metadata Browser on the Hue Web UI,,,fail,,kein valides Bild,No model result was produced.
doc/component-operation-guide-lts/source/using_iotdb/iotdb_data_import_and_export/exporting_iotdb_data.rst,Exporting IoTDB Data,,,fail,,kein valides Bild,No model result was produced.
doc/component-operation-guide-lts/source/using_iotdb/iotdb_data_import_and_export/importing_iotdb_data.rst,Importing IoTDB Data,,,fail,,kein valides Bild,No model result was produced.
doc/component-operation-guide-lts/source/using_iotdb/udfs/udf_overview.rst,UDF Overview,,,fail,,kein valides Bild,No model result was produced.
doc/component-operation-guide-lts/source/using_iotdb/using_iotdb_from_scratch.rst,Using IoTDB from Scratch,,,fail,,kein valides Bild,No model result was produced.
doc/component-operation-guide-lts/source/using_iotdb/using_the_iotdb_client.rst,Using the IoTDB Client,,,fail,,kein valides Bild,No model result was produced.
doc/component-operation-guide-lts/source/using_kafka/configuring_intranet_and_extranet_access_for_kafka.rst,Configuring Intranet and Extranet Access for Kafka,,,fail,,kein valides Bild,No model result was produced.
doc/component-operation-guide-lts/source/using_kafka/kafka_specifications.rst,Kafka Specifications,,,fail,,kein valides Bild,No model result was produced.
doc/component-operation-guide-lts/source/using_kafka/migrating_data_between_kafka_nodes.rst,Migrating Data Between Kafka Nodes,,,fail,,kein valides Bild,No model result was produced.
doc/component-operation-guide-lts/source/using_kafka/using_kafka_ui/kafka_ui_overview.rst,Kafka UI Overview,,,fail,,kein valides Bild,No model result was produced.
doc/component-operation-guide-lts/source/using_kafka/using_kafka_ui/managing_topics_on_kafka_ui.rst,Managing Topics on Kafka UI,,,fail,,kein valides Bild,No model result was produced.
doc/component-operation-guide-lts/source/using_kafka/using_kafka_ui/migrating_a_partition_on_kafka_ui.rst,Migrating a Partition on Kafka UI,,,fail,,kein valides Bild,No model result was produced.
doc/component-operation-guide-lts/source/using_kafka/using_kafka_ui/viewing_a_consumer_group_on_kafka_ui.rst,Viewing a Consumer Group on Kafka UI,,,fail,,kein valides Bild,No model result was produced.
doc/component-operation-guide-lts/source/using_kafka/using_kafka_ui/viewing_brokers_on_kafka_ui.rst,Viewing Brokers on Kafka UI,,,fail,,kein valides Bild,No model result was produced.
doc/component-operation-guide-lts/source/using_loader/client_tool_description/schedule-tool_usage_example.rst,schedule-tool Usage Example,,,fail,,kein valides Bild,No model result was produced.
doc/component-operation-guide-lts/source/using_loader/common_issues_about_loader/how_to_resolve_the_problem_that_failed_to_save_data_when_using_internet_explorer_10_or_internet_explorer_11_.rst,How to Resolve the Problem that Failed to Save Data When Using Internet Explorer 10 or Internet Explorer 11 ?,,,fail,,kein valides Bild,No model result was produced.
doc/component-operation-guide-lts/source/using_loader/exporting_data/loader_exporting_data_overview.rst,Loader Exporting Data Overview,,,fail,,kein valides Bild,No model result was produced.
doc/component-operation-guide-lts/source/using_loader/exporting_data/typical_scenario_exporting_data_from_hbase_to_a_relational_database.rst,Typical Scenario: Exporting Data from HBase to a Relational Database,,,fail,,kein valides Bild,No model result was produced.
doc/component-operation-guide-lts/source/using_loader/exporting_data/typical_scenario_exporting_data_from_hbase_to_an_sftp_server.rst,Typical Scenario: Exporting Data from HBase to an SFTP Server,,,fail,,kein valides Bild,No model result was produced.
doc/component-operation-guide-lts/source/using_loader/exporting_data/typical_scenario_exporting_data_from_hdfs_obs_to_a_relational_database.rst,Typical Scenario: Exporting Data from HDFS/OBS to a Relational Database,,,fail,,kein valides Bild,No model result was produced.
doc/component-operation-guide-lts/source/using_loader/exporting_data/typical_scenario_exporting_data_from_hdfs_obs_to_an_sftp_server.rst,Typical Scenario: Exporting Data from HDFS/OBS to an SFTP Server,,,fail,,kein valides Bild,No model result was produced.
doc/component-operation-guide-lts/source/using_loader/exporting_data/typical_scenario_exporting_data_from_hive_to_a_relational_database.rst,Typical Scenario: Exporting Data from Hive to a Relational Database,,,fail,,kein valides Bild,No model result was produced.
doc/component-operation-guide-lts/source/using_loader/exporting_data/typical_scenario_exporting_data_from_hive_to_an_sftp_server.rst,Typical Scenario: Exporting Data from Hive to an SFTP Server,,,fail,,kein valides Bild,No model result was produced.
doc/component-operation-guide-lts/source/using_loader/exporting_data/typical_scenario_exporting_data_from_spark_to_a_relational_database.rst,Typical Scenario: Exporting Data from Spark to a Relational Database,,,fail,,kein valides Bild,No model result was produced.
doc/component-operation-guide-lts/source/using_loader/exporting_data/typical_scenario_exporting_data_from_spark_to_an_sftp_server.rst,Typical Scenario: Exporting Data from Spark to an SFTP Server,,,fail,,kein valides Bild,No model result was produced.
doc/component-operation-guide-lts/source/using_loader/exporting_data/typical_scenario_importing_data_from_hbase_to_hdfs_obs.rst,Typical Scenario: Importing Data from HBase to HDFS/OBS,,,fail,,kein valides Bild,No model result was produced.
doc/component-operation-guide-lts/source/using_loader/exporting_data/using_loader_to_export_data.rst,Using Loader to Export Data,,,fail,,kein valides Bild,No model result was produced.
doc/component-operation-guide-lts/source/using_loader/importing_data/importing_data_using_loader.rst,Importing Data Using Loader,,,fail,,kein valides Bild,No model result was produced.
doc/component-operation-guide-lts/source/using_loader/importing_data/loader_importing_data_overview.rst,Loader Importing Data Overview,,,fail,,kein valides Bild,No model result was produced.
doc/component-operation-guide-lts/source/using_loader/importing_data/typical_scenario_importing_data_from_a_relational_database_to_clickhouse.rst,Typical Scenario: Importing Data from a Relational Database to ClickHouse,,,fail,,kein valides Bild,No model result was produced.
doc/component-operation-guide-lts/source/using_loader/importing_data/typical_scenario_importing_data_from_a_relational_database_to_hbase.rst,Typical Scenario: Importing Data from a Relational Database to HBase,,,fail,,kein valides Bild,No model result was produced.
doc/component-operation-guide-lts/source/using_loader/importing_data/typical_scenario_importing_data_from_a_relational_database_to_hdfs_or_obs.rst,Typical Scenario: Importing Data from a Relational Database to HDFS or OBS,,,fail,,kein valides Bild,No model result was produced.
doc/component-operation-guide-lts/source/using_loader/importing_data/typical_scenario_importing_data_from_a_relational_database_to_hive.rst,Typical Scenario: Importing Data from a Relational Database to Hive,,,fail,,kein valides Bild,No model result was produced.
doc/component-operation-guide-lts/source/using_loader/importing_data/typical_scenario_importing_data_from_a_relational_database_to_spark.rst,Typical Scenario: Importing Data from a Relational Database to Spark,,,fail,,kein valides Bild,No model result was produced.
doc/component-operation-guide-lts/source/using_loader/importing_data/typical_scenario_importing_data_from_an_ftp_server_to_hbase.rst,Typical Scenario: Importing Data from an FTP Server to HBase,,,fail,,kein valides Bild,No model result was produced.
doc/component-operation-guide-lts/source/using_loader/importing_data/typical_scenario_importing_data_from_an_sftp_server_to_hbase.rst,Typical Scenario: Importing Data from an SFTP Server to HBase,,,fail,,kein valides Bild,No model result was produced.
doc/component-operation-guide-lts/source/using_loader/importing_data/typical_scenario_importing_data_from_an_sftp_server_to_hdfs_or_obs.rst,Typical Scenario: Importing Data from an SFTP Server to HDFS or OBS,,,fail,,kein valides Bild,No model result was produced.
doc/component-operation-guide-lts/source/using_loader/importing_data/typical_scenario_importing_data_from_an_sftp_server_to_hive.rst,Typical Scenario: Importing Data from an SFTP Server to Hive,,,fail,,kein valides Bild,No model result was produced.
doc/component-operation-guide-lts/source/using_loader/importing_data/typical_scenario_importing_data_from_an_sftp_server_to_spark.rst,Typical Scenario: Importing Data from an SFTP Server to Spark,,,fail,,kein valides Bild,No model result was produced.
doc/component-operation-guide-lts/source/using_loader/importing_data/typical_scenario_importing_data_from_hdfs_or_obs_to_hbase.rst,Typical Scenario: Importing Data from HDFS or OBS to HBase,,,fail,,kein valides Bild,No model result was produced.
doc/component-operation-guide-lts/source/using_loader/importing_data/typical_scenario_importing_data_from_hdfs_to_clickhouse.rst,Typical Scenario: Importing Data from HDFS to ClickHouse,,,fail,,kein valides Bild,No model result was produced.
doc/component-operation-guide-lts/source/using_loader/job_management/deleting_loader_jobs_in_batches.rst,Deleting Loader Jobs in Batches,,,fail,,kein valides Bild,No model result was produced.
doc/component-operation-guide-lts/source/using_loader/job_management/exporting_loader_jobs_in_batches.rst,Exporting Loader Jobs in Batches,,,fail,,kein valides Bild,No model result was produced.
doc/component-operation-guide-lts/source/using_loader/job_management/importing_loader_jobs_in_batches.rst,Importing Loader Jobs in Batches,,,fail,,kein valides Bild,No model result was produced.
doc/component-operation-guide-lts/source/using_loader/job_management/migrating_loader_jobs_in_batches.rst,Migrating Loader Jobs in Batches,,,fail,,kein valides Bild,No model result was produced.
doc/component-operation-guide-lts/source/using_loader/job_management/purging_historical_loader_data.rst,Purging Historical Loader Data,,,fail,,kein valides Bild,No model result was produced.
doc/component-operation-guide-lts/source/using_loader/job_management/viewing_historical_job_information.rst,Viewing Historical Job Information,,,fail,,kein valides Bild,No model result was produced.
doc/component-operation-guide-lts/source/using_loader/operator_help/associating_editing_importing_or_exporting_the_field_configuration_of_an_operator.rst,"Associating, Editing, Importing, or Exporting the Field Configuration of an Operator",,,fail,,kein valides Bild,No model result was produced.
doc/component-operation-guide-lts/source/using_loader/operator_help/conversion_operators/concat_fields.rst,Concat Fields,,,fail,,kein valides Bild,No model result was produced.
doc/component-operation-guide-lts/source/using_loader/operator_help/conversion_operators/constant_field_addition.rst,Constant Field Addition,,,fail,,kein valides Bild,No model result was produced.
doc/component-operation-guide-lts/source/using_loader/operator_help/conversion_operators/el_operation.rst,EL Operation,,,fail,,kein valides Bild,No model result was produced.
doc/component-operation-guide-lts/source/using_loader/operator_help/conversion_operators/extract_fields.rst,Extract Fields,,,fail,,kein valides Bild,No model result was produced.
doc/component-operation-guide-lts/source/using_loader/operator_help/conversion_operators/filter_rows.rst,Filter Rows,,,fail,,kein valides Bild,No model result was produced.
doc/component-operation-guide-lts/source/using_loader/operator_help/conversion_operators/long_date_conversion.rst,Long Date Conversion,,,fail,,kein valides Bild,No model result was produced.
doc/component-operation-guide-lts/source/using_loader/operator_help/conversion_operators/modulo_integer.rst,Modulo Integer,,,fail,,kein valides Bild,No model result was produced.
doc/component-operation-guide-lts/source/using_loader/operator_help/conversion_operators/null_value_conversion.rst,Null Value Conversion,,,fail,,kein valides Bild,No model result was produced.
doc/component-operation-guide-lts/source/using_loader/operator_help/conversion_operators/random_value_conversion.rst,Random Value Conversion,,,fail,,kein valides Bild,No model result was produced.
doc/component-operation-guide-lts/source/using_loader/operator_help/conversion_operators/string_cut.rst,String Cut,,,fail,,kein valides Bild,No model result was produced.
doc/component-operation-guide-lts/source/using_loader/operator_help/conversion_operators/string_operations.rst,String Operations,,,fail,,kein valides Bild,No model result was produced.
doc/component-operation-guide-lts/source/using_loader/operator_help/conversion_operators/string_reverse.rst,String Reverse,,,fail,,kein valides Bild,No model result was produced.
doc/component-operation-guide-lts/source/using_loader/operator_help/conversion_operators/string_trim.rst,String Trim,,,fail,,kein valides Bild,No model result was produced.
doc/component-operation-guide-lts/source/using_loader/operator_help/input_operators/csv_file_input.rst,CSV File Input,,,fail,,kein valides Bild,No model result was produced.
doc/component-operation-guide-lts/source/using_loader/operator_help/input_operators/fixed_file_input.rst,Fixed File Input,,,fail,,kein valides Bild,No model result was produced.
doc/component-operation-guide-lts/source/using_loader/operator_help/input_operators/hbase_input.rst,HBase Input,,,fail,,kein valides Bild,No model result was produced.
doc/component-operation-guide-lts/source/using_loader/operator_help/input_operators/hive_input.rst,Hive input,,,fail,,kein valides Bild,No model result was produced.
doc/component-operation-guide-lts/source/using_loader/operator_help/input_operators/html_input.rst,HTML Input,,,fail,,kein valides Bild,No model result was produced.
doc/component-operation-guide-lts/source/using_loader/operator_help/input_operators/spark_input.rst,Spark Input,,,fail,,kein valides Bild,No model result was produced.
doc/component-operation-guide-lts/source/using_loader/operator_help/input_operators/table_input.rst,Table Input,,,fail,,kein valides Bild,No model result was produced.
doc/component-operation-guide-lts/source/using_loader/operator_help/output_operators/clickhouse_output.rst,ClickHouse Output,,,fail,,kein valides Bild,No model result was produced.
doc/component-operation-guide-lts/source/using_loader/operator_help/output_operators/file_output.rst,File Output,,,fail,,kein valides Bild,No model result was produced.
doc/component-operation-guide-lts/source/using_loader/operator_help/output_operators/hbase_output.rst,HBase Output,,,fail,,kein valides Bild,No model result was produced.
doc/component-operation-guide-lts/source/using_loader/operator_help/output_operators/hive_output.rst,Hive output,,,fail,,kein valides Bild,No model result was produced.
doc/component-operation-guide-lts/source/using_loader/operator_help/output_operators/spark_output.rst,Spark Output,,,fail,,kein valides Bild,No model result was produced.
doc/component-operation-guide-lts/source/using_loader/operator_help/output_operators/table_output.rst,Table Output,,,fail,,kein valides Bild,No model result was produced.
doc/component-operation-guide-lts/source/using_mapreduce/configuring_the_distributed_cache.rst,Configuring the Distributed Cache,,,fail,,kein valides Bild,No model result was produced.
doc/component-operation-guide-lts/source/using_mapreduce/converting_mapreduce_from_the_single_instance_mode_to_the_ha_mode.rst,Converting MapReduce from the Single Instance Mode to the HA Mode,,,fail,,kein valides Bild,No model result was produced.
doc/component-operation-guide-lts/source/using_mapreduce/mapreduce_performance_tuning/streamlining_shuffle.rst,Streamlining Shuffle,,,fail,,kein valides Bild,No model result was produced.
doc/component-operation-guide-lts/source/using_oozie/using_hue_to_submit_an_oozie_job/creating_a_workflow.rst,Creating a Workflow,,,fail,,kein valides Bild,No model result was produced.
doc/component-operation-guide-lts/source/using_oozie/using_hue_to_submit_an_oozie_job/querying_the_operation_results.rst,Querying the Operation Results,,,fail,,kein valides Bild,No model result was produced.
doc/component-operation-guide-lts/source/using_oozie/using_hue_to_submit_an_oozie_job/submitting_a_bundle_batch_processing_job.rst,Submitting a Bundle Batch Processing Job,,,fail,,kein valides Bild,No model result was produced.
doc/component-operation-guide-lts/source/using_oozie/using_hue_to_submit_an_oozie_job/submitting_a_coordinator_periodic_scheduling_job.rst,Submitting a Coordinator Periodic Scheduling Job,,,fail,,kein valides Bild,No model result was produced.
doc/component-operation-guide-lts/source/using_oozie/using_hue_to_submit_an_oozie_job/submitting_a_workflow_job/submitting_a_distcp_job_in_hue.rst,Submitting a DistCp Job in Hue,,,fail,,kein valides Bild,No model result was produced.
doc/component-operation-guide-lts/source/using_oozie/using_hue_to_submit_an_oozie_job/submitting_a_workflow_job/submitting_a_hive2_job_in_hue.rst,Submitting a Hive2 Job in Hue,,,fail,,kein valides Bild,No model result was produced.
doc/component-operation-guide-lts/source/using_oozie/using_hue_to_submit_an_oozie_job/submitting_a_workflow_job/submitting_a_hive_script_in_hue.rst,Submitting a Hive Script in Hue,,,fail,,kein valides Bild,No model result was produced.
doc/component-operation-guide-lts/source/using_oozie/using_hue_to_submit_an_oozie_job/submitting_a_workflow_job/submitting_a_java_job_in_hue.rst,Submitting a Java Job in Hue,,,fail,,kein valides Bild,No model result was produced.
doc/component-operation-guide-lts/source/using_oozie/using_hue_to_submit_an_oozie_job/submitting_a_workflow_job/submitting_a_loader_job_in_hue.rst,Submitting a Loader Job in Hue,,,fail,,kein valides Bild,No model result was produced.
doc/component-operation-guide-lts/source/using_oozie/using_hue_to_submit_an_oozie_job/submitting_a_workflow_job/submitting_a_mapreduce_job_in_hue.rst,Submitting a MapReduce Job in Hue,,,fail,,kein valides Bild,No model result was produced.
doc/component-operation-guide-lts/source/using_oozie/using_hue_to_submit_an_oozie_job/submitting_a_workflow_job/submitting_a_shell_job_in_hue.rst,Submitting a Shell Job in Hue,,,fail,,kein valides Bild,No model result was produced.
doc/component-operation-guide-lts/source/using_oozie/using_hue_to_submit_an_oozie_job/submitting_a_workflow_job/submitting_a_spark2x_job_in_hue.rst,Submitting a Spark2x Job in Hue,,,fail,,kein valides Bild,No model result was produced.
doc/component-operation-guide-lts/source/using_oozie/using_hue_to_submit_an_oozie_job/submitting_a_workflow_job/submitting_a_sub-workflow_job_in_hue.rst,Submitting a Sub-workflow Job in Hue,,,fail,,kein valides Bild,No model result was produced.
doc/component-operation-guide-lts/source/using_oozie/using_hue_to_submit_an_oozie_job/submitting_a_workflow_job/submitting_an_email_job_in_hue.rst,Submitting an Email Job in Hue,,,fail,,kein valides Bild,No model result was produced.
doc/component-operation-guide-lts/source/using_oozie/using_hue_to_submit_an_oozie_job/submitting_a_workflow_job/submitting_an_hdfs_job_in_hue.rst,Submitting an HDFS Job in Hue,,,fail,,kein valides Bild,No model result was produced.
doc/component-operation-guide-lts/source/using_oozie/using_hue_to_submit_an_oozie_job/submitting_a_workflow_job/submitting_an_ssh_job_in_hue.rst,Submitting an SSH Job in Hue,,,fail,,kein valides Bild,No model result was produced.
doc/component-operation-guide-lts/source/using_oozie/using_oozie_from_scratch.rst,Using Oozie from Scratch,,,fail,,kein valides Bild,No model result was produced.
doc/component-operation-guide-lts/source/using_ranger/adding_a_ranger_access_permission_policy_for_cdl.rst,Adding a Ranger Access Permission Policy for CDL,,,fail,,kein valides Bild,No model result was produced.
doc/component-operation-guide-lts/source/using_ranger/adding_a_ranger_access_permission_policy_for_hbase.rst,Adding a Ranger Access Permission Policy for HBase,,,fail,,kein valides Bild,No model result was produced.
doc/component-operation-guide-lts/source/using_ranger/adding_a_ranger_access_permission_policy_for_hdfs.rst,Adding a Ranger Access Permission Policy for HDFS,,,fail,,kein valides Bild,No model result was produced.
doc/component-operation-guide-lts/source/using_ranger/adding_a_ranger_access_permission_policy_for_hetuengine.rst,Adding a Ranger Access Permission Policy for HetuEngine,,,fail,,kein valides Bild,No model result was produced.
doc/component-operation-guide-lts/source/using_ranger/adding_a_ranger_access_permission_policy_for_hive.rst,Adding a Ranger Access Permission Policy for Hive,,,fail,,kein valides Bild,No model result was produced.
doc/component-operation-guide-lts/source/using_ranger/adding_a_ranger_access_permission_policy_for_kafka.rst,Adding a Ranger Access Permission Policy for Kafka,,,fail,,kein valides Bild,No model result was produced.
doc/component-operation-guide-lts/source/using_ranger/adding_a_ranger_access_permission_policy_for_spark2x.rst,Adding a Ranger Access Permission Policy for Spark2x,,,fail,,kein valides Bild,No model result was produced.
doc/component-operation-guide-lts/source/using_ranger/adding_a_ranger_access_permission_policy_for_yarn.rst,Adding a Ranger Access Permission Policy for Yarn,,,fail,,kein valides Bild,No model result was produced.
doc/component-operation-guide-lts/source/using_ranger/common_issues_about_ranger/when_an_hbase_policy_is_added_or_modified_on_ranger_wildcard_characters_cannot_be_used_to_search_for_existing_hbase_tables.rst,"When an HBase Policy Is Added or Modified on Ranger, Wildcard Characters Cannot Be Used to Search for Existing HBase Tables",,,fail,,kein valides Bild,No model result was produced.
doc/component-operation-guide-lts/source/using_ranger/configuring_a_security_zone.rst,Configuring a Security Zone,,,fail,,kein valides Bild,No model result was produced.
doc/component-operation-guide-lts/source/using_ranger/configuring_component_permission_policies.rst,Configuring Component Permission Policies,,,fail,,kein valides Bild,No model result was produced.
doc/component-operation-guide-lts/source/using_ranger/enabling_ranger_authentication.rst,Enabling Ranger Authentication,,,fail,,kein valides Bild,No model result was produced.
doc/component-operation-guide-lts/source/using_ranger/logging_in_to_the_ranger_web_ui.rst,Logging In to the Ranger Web UI,,,fail,,kein valides Bild,No model result was produced.
doc/component-operation-guide-lts/source/using_ranger/viewing_ranger_permission_information.rst,Viewing Ranger Permission Information,,,fail,,kein valides Bild,No model result was produced.
doc/component-operation-guide-lts/source/using_spark2x/basic_operation/getting_started.rst,Getting Started,,,fail,,kein valides Bild,No model result was produced.
doc/component-operation-guide-lts/source/using_spark2x/basic_operation/scenario-specific_configuration/configuring_lifo_for_kafka.rst,Configuring LIFO for Kafka,,,fail,,kein valides Bild,No model result was produced.
doc/component-operation-guide-lts/source/using_spark2x/basic_operation/scenario-specific_configuration/viewing_aggregated_container_logs_on_the_web_ui.rst,Viewing Aggregated Container Logs on the Web UI,,,fail,,kein valides Bild,No model result was produced.
doc/component-operation-guide-lts/source/using_spark2x/basic_operation/sparksql_permission_managementsecurity_mode/spark_sql_permissions.rst,Spark SQL Permissions,,,fail,,kein valides Bild,No model result was produced.
doc/component-operation-guide-lts/source/using_spark2x/common_issues_about_spark2x/spark_core/what_can_i_do_if_the_error_message_dns_query_failed_is_displayed_when_i_access_the_aggregated_logs_page_of_spark_applications.rst,"What Can I Do If the Error Message ""DNS query failed"" Is Displayed When I Access the Aggregated Logs Page of Spark Applications?",,,fail,,kein valides Bild,No model result was produced.
doc/component-operation-guide-lts/source/using_spark2x/common_issues_about_spark2x/spark_core/what_can_i_do_if_the_message_password_cannot_be_null_if_sasl_is_enabled_is_displayed.rst,"What Can I Do If the Message ""Password cannot be null if SASL is enabled"" Is Displayed?",,,fail,,kein valides Bild,No model result was produced.
doc/component-operation-guide-lts/source/using_spark2x/common_issues_about_spark2x/spark_shuffle_exception_handling.rst,Spark Shuffle Exception Handling,,,fail,,kein valides Bild,No model result was produced.
doc/component-operation-guide-lts/source/using_spark2x/common_issues_about_spark2x/spark_sql_and_dataframe/why_are_some_functions_not_available_when_another_jdbcserver_is_connected.rst,Why Are Some Functions Not Available when Another JDBCServer Is Connected?,,,fail,,kein valides Bild,No model result was produced.
doc/component-operation-guide-lts/source/using_spark2x/common_issues_about_spark2x/spark_sql_and_dataframe/why_is_a_task_suspended_when_the_analyze_table_statement_is_executed_and_resources_are_insufficient.rst,Why Is a Task Suspended When the ANALYZE TABLE Statement Is Executed and Resources Are Insufficient?,,,fail,,kein valides Bild,No model result was produced.
doc/component-operation-guide-lts/source/using_spark2x/common_issues_about_spark2x/spark_sql_and_dataframe/why_no_result_is_found_when_2016-6-30_is_set_in_the_date_field_as_the_filter_condition.rst,Why No Result Is found When 2016-6-30 Is Set in the Date Field as the Filter Condition?,,,fail,,kein valides Bild,No model result was produced.
doc/component-operation-guide-lts/source/using_spark2x/common_issues_about_spark2x/spark_sql_and_dataframe/why_spark_sql_is_displayed_as_a_temporary_table_in_different_databases.rst,Why Spark SQL Is Displayed as a Temporary Table in Different Databases?,,,fail,,kein valides Bild,No model result was produced.
doc/component-operation-guide-lts/source/using_spark2x/common_issues_about_spark2x/spark_streaming/what_can_i_do_if_spark_streaming_tasks_are_blocked.rst,What Can I Do If Spark Streaming Tasks Are Blocked?,,,fail,,kein valides Bild,No model result was produced.
doc/component-operation-guide-lts/source/using_spark2x/common_issues_about_spark2x/spark_streaming/why_is_the_input_size_corresponding_to_batch_time_on_the_web_ui_set_to_0_records_when_kafka_is_restarted_during_spark_streaming_running.rst,Why Is the Input Size Corresponding to Batch Time on the Web UI Set to 0 Records When Kafka Is Restarted During Spark Streaming Running?,,,fail,,kein valides Bild,No model result was produced.
doc/component-operation-guide-lts/source/using_spark2x/common_issues_about_spark2x/this_page_cant_be_displayed_is_displayed_when_internet_explorer_fails_to_access_the_native_spark2x_ui.rst,"""This page can't be displayed"" Is Displayed When Internet Explorer Fails to Access the Native Spark2x UI",,,fail,,kein valides Bild,No model result was produced.
doc/component-operation-guide-lts/source/using_spark2x/common_issues_about_spark2x/what_should_i_do_if_the_native_page_of_an_application_of_spark2x_jobhistory_fails_to_display_during_access_to_the_page.rst,What Should I Do If the Native Page of an Application of Spark2x JobHistory Fails to Display During Access to the Page,,,fail,,kein valides Bild,No model result was produced.
doc/component-operation-guide-lts/source/using_spark2x/common_issues_about_spark2x/why_cannot_i_switch_from_the_yarn_web_ui_to_the_spark_web_ui.rst,Why Cannot I Switch from the Yarn Web UI to the Spark Web UI?,,,fail,,kein valides Bild,No model result was produced.
doc/component-operation-guide-lts/source/using_spark2x/common_issues_about_spark2x/why_the_job_information_obtained_from_the_restful_interface_of_an_ended_spark_application_is_incorrect.rst,Why the Job Information Obtained from the restful Interface of an Ended Spark Application Is Incorrect?,,,fail,,kein valides Bild,No model result was produced.
doc/component-operation-guide-lts/source/using_spark2x/spark2x_performance_tuning/spark_core_tuning/designing_the_direction_acyclic_graph_dag.rst,Designing the Direction Acyclic Graph (DAG),,,fail,,kein valides Bild,No model result was produced.
doc/component-operation-guide-lts/source/using_spark2x/spark2x_performance_tuning/spark_sql_and_dataframe_tuning/optimizing_small_files.rst,Optimizing Small Files,,,fail,,kein valides Bild,No model result was produced.
doc/component-operation-guide-lts/source/using_tez/common_issues/error_occurs_when_a_user_switches_to_the_tez_web_ui.rst,Error Occurs When a User Switches to the Tez Web UI,,,fail,,kein valides Bild,No model result was produced.
doc/component-operation-guide-lts/source/using_yarn/configuring_applicationmaster_work_preserving.rst,Configuring ApplicationMaster Work Preserving,,,fail,,kein valides Bild,No model result was produced.
doc/component-operation-guide-lts/source/using_yarn/configuring_ha_for_timelineserver.rst,Configuring HA for TimelineServer,,,fail,,kein valides Bild,No model result was produced.
doc/component-operation-guide-lts/source/using_zookeeper/configuring_the_zookeeper_connection.rst,Configuring the ZooKeeper Connection,,,fail,,kein valides Bild,No model result was produced.
doc/component-operation-guide-lts/source/using_zookeeper/configuring_zookeeper_response_timeout_interval.rst,Configuring ZooKeeper Response Timeout Interval,,,fail,,kein valides Bild,No model result was produced.
doc/component-operation-guide-lts/source/using_zookeeper/performing_special_configuration_on_zookeeper_clients_in_the_same_jvm.rst,Performing Special Configuration on ZooKeeper Clients in the Same JVM,,,fail,,kein valides Bild,No model result was produced.
umn/source/accessing_manager/accessing_mrs_manager.rst,Accessing MRS Manager,en-us_image_0000001349257413.jpg,icon,partial,0.72,"The image is a small isolated UI symbol (a downward-pointing caret/triangle on a black background), consistent with an icon rather than a full screenshot. | The RST references this image as |image1| in the final step: 'move the cursor to |image1| in the upper right corner and click Log Out', so it represents a menu/dropdown indicator in the MRS Manager UI. | The icon is generic and does not explicitly depict a user avatar or 'Log Out' label, so it only loosely matches the described control. | No contradiction between the image and the surrounding text; it plausibly marks the upper-right menu element.","The image does not show the surrounding MRS Manager interface, so its exact placement in the upper-right corner cannot be visually confirmed. | No 'Log Out' text or user avatar is visible, so the specific control it represents is inferred from the RST rather than the image itself."
umn/source/accessing_manager/accessing_mrs_manager_mrs_2.x_or_earlier.rst,Accessing MRS Manager (MRS 2.\ *x* or Earlier),en-us_image_0000001349137801.jpg,icon,partial,0.67,"The image is a small icon (downward-pointing triangle/arrow) on a dark background, consistent with a UI dropdown or menu indicator. | The RST references this icon in the context of logging out of MRS Manager: 'move the cursor to |image1| in the upper right corner and click Log Out.' | The icon is generic and does not specifically depict MRS Manager branding or interface elements. | The image is very small and low-resolution, making it difficult to discern specific details.",The image is too small and low-resolution to confirm it is specifically the MRS Manager log-out dropdown icon. | No surrounding UI context is visible to confirm placement in the upper right corner of MRS Manager.
umn/source/accessing_manager/accessing_mrs_manager_mrs_2.x_or_earlier.rst,Accessing MRS Manager (MRS 2.\ *x* or Earlier),en-us_image_0000001390878044.png,screenshot,pass,1.00,"The screenshot shows the EIPs management console page with a table of EIP entries, matching the RST step about unbinding an EIP from an MRS cluster. | The 'Unbind' button in the Operation column is highlighted with a red rectangle, directly corresponding to the RST instruction: 'click Unbind in the Operation column to unbind the EIP from the MRS cluster.' | The page shows relevant columns (EIP, Status, EIP Type, Bandwidth, Associated Instance, Billing Mode, Operation) and a 'Bound' status with 'Dynamic BGP' type, consistent with an EIP bound to a cluster. | The screenshot is in the 'Changing an EIP for a Cluster' section, step 5, which is exactly where the RST places this image reference.",The specific EIP address and cluster name are partially obscured/redacted in the screenshot. | The exact MRS cluster association is not explicitly labeled in the visible portion of the table.
umn/source/accessing_web_pages_of_open_source_components_managed_in_mrs_clusters/access_through_direct_connect.rst,Access Through Direct Connect,en-us_image_0000001295738236.png,icon,pass,0.93,"The image is a small symbolic graphic of two opposing horizontal arrows, a common 'switch/exchange' pictogram. | In the RST, |image1| is referenced in the 'Switching the MRS Manager Access Mode' section as the control to click next to MRS Manager, which semantically matches a switch icon. | The icon's meaning (toggling between two states) aligns with switching the access mode between EIP and Direct Connect. | No contradiction between the icon and the surrounding text.","The image is a low-resolution isolated icon, so the surrounding UI context (label, button styling, placement next to MRS Manager) is not visible. | No text or label is present in the image to confirm it specifically denotes the access-mode switch rather than a generic exchange action."
umn/source/configuring_a_cluster/communication_security_authorization.rst,Communication Security Authorization,en-us_image_0000001349257145.png,screenshot,pass,1.00,"Image shows the 'Secure Communications' UI area with a toggle switch, help icon, warning indicator, and an 'Update' button highlighted in a red box. | This directly matches the RST description in the Update section: 'Click Update on the right of Secure Communications.' | The image is labeled as 'Figure 1 Update' in the RST, confirming its placement and purpose. | The UI elements (label, toggle, warning icon, Update button) are all clearly visible and consistent with the documented workflow.",
umn/source/configuring_a_cluster/communication_security_authorization.rst,Communication Security Authorization,en-us_image_0000001349137565.png,icon,pass,1.00,"Image is a small yellow/orange circular warning icon with an exclamation mark, consistent with a status indicator. | The RST references this as |image1|, stating it is 'displayed on the right of Secure Communications' when security group rules are insufficient. | A warning icon is semantically appropriate as an indicator of insufficient authorization or a problem state. | The icon is isolated and small, fitting the 'icon' classification.","The image is very small and low-resolution, making it difficult to confirm exact styling details beyond the general warning symbol."
umn/source/configuring_a_cluster/communication_security_authorization.rst,Communication Security Authorization,en-us_image_0000001296057856.png,icon,pass,1.00,"Image is a small yellow/orange circular warning icon with an exclamation mark, identical in appearance to |image1|. | The RST references this as |image2| in the Update section, stating it is 'displayed on the right of Secure Communications' when security group rules are insufficient. | The warning icon is semantically appropriate as an indicator prompting the user to update security group rules. | The icon is isolated and small, fitting the 'icon' classification.","The image is very small and low-resolution, making it difficult to confirm exact styling details beyond the general warning symbol."
umn/source/configuring_a_cluster/creating_a_custom_cluster.rst,Creating a Custom Cluster,en-us_image_0000001296217700.png,screenshot,pass,1.00,"Image is referenced as Figure 1 'Failed task management' in the 'Failed to Create a Cluster' section | Shows 'Failed Tasks: 259' with a red alert icon and two dropdown filters (All projects, All statuses) | Directly matches the RST description of the Manage Failed Tasks page interface | The dropdowns are visible interactive controls for filtering",
umn/source/configuring_a_cluster/creating_a_custom_cluster.rst,Creating a Custom Cluster,en-us_image_0000001971955678.png,icon,pass,1.00,"Referenced as |image1| in step 7: 'click |image1| to go to the corresponding tab page and configure parameters again' | Shows a pencil/edit icon, which is the standard symbol for editing or modifying configuration | Appropriate for the context of going back to reconfigure cluster parameters on the Confirm Configuration page",
umn/source/configuring_a_cluster/creating_a_custom_cluster.rst,Creating a Custom Cluster,en-us_image_0000001296057872.png,icon,pass,1.00,"Referenced as |image2| in the Instance Specifications row of Table 3: 'Click |image2| to configure the instance specifications, system disk, and data disk parameters' | Shows a pencil/edit icon, consistent with the action of configuring or editing node specifications | Appropriate for the Hardware Configurations section where users configure node parameters",
umn/source/configuring_a_cluster/creating_a_custom_cluster.rst,Creating a Custom Cluster,en-us_image_0000002008555981.png,icon,pass,1.00,"Referenced as |image3| in the Kerberos Authentication row of Table 4: 'If Kerberos Authentication is disabled' | Shows a toggle switch in the OFF position (gray, circle on the left) | Correctly represents the disabled state of Kerberos authentication as described in the RST",
umn/source/configuring_a_cluster/creating_a_custom_cluster.rst,Creating a Custom Cluster,en-us_image_0000002008475541.png,icon,pass,1.00,"Referenced as |image4| in the Kerberos Authentication row of Table 4: 'If Kerberos Authentication is enabled' | Shows a toggle switch in the ON position (magenta/pink, circle on the right) | Correctly represents the enabled state of Kerberos authentication as described in the RST",
umn/source/configuring_a_cluster/creating_a_custom_cluster.rst,Creating a Custom Cluster,en-us_image_0000001349057753.jpg,icon,pass,1.00,"Referenced as both |image5| and |image6| in the 'Failed to Create a Cluster' section | |image5|: 'Click |image5| shown in Figure 1 to go to the Manage Failed Tasks page' | |image6|: 'In the Status column, hover the cursor over |image6| to view the failure cause' | Shows a red circle with a flame icon, consistent with a failure/alert indicator | The red flame icon matches the small red icon visible next to 'Failed Tasks: 259' in Figure 1 (Image 1)",
umn/source/configuring_a_cluster/managing_data_connections/configuring_ranger_data_connections.rst,Configuring Ranger Data Connections,en-us_image_0000001296217820.png,screenshot,pass,1.00,"Shows the MRS Manager 'More' dropdown with 'Disable Ranger' highlighted, matching Figure 1 caption | The UI context (Start Service, Stop Service, More buttons) matches the MRS Manager Dashboard described in step 2 | The highlighted 'Disable Ranger' option directly corresponds to the instruction to select Disable Ranger",
umn/source/configuring_a_cluster/managing_data_connections/configuring_ranger_data_connections.rst,Configuring Ranger Data Connections,en-us_image_0000001440726389.png,screenshot,pass,1.00,"Shows the Ranger Service Manager page with HDFS, HBASE, and HADOOP SQL (Hive) components | A red box highlights the export button in the Hive row, matching the instruction to click the export button | The rangeradmin user is visible in the upper right corner, consistent with the login step described",
umn/source/configuring_a_cluster/managing_data_connections/configuring_ranger_data_connections.rst,Configuring Ranger Data Connections,en-us_image_0000001348738221.png,screenshot,pass,1.00,"Shows the 'Export Policy' dialog with 'Select Service Name' field containing 'Hive' | The Export button is visible, matching the instruction to click Export | Directly corresponds to Figure 3 'Exporting Hive authentication policies' in step 3.f",
umn/source/configuring_a_cluster/managing_data_connections/configuring_ranger_data_connections.rst,Configuring Ranger Data Connections,en-us_image_0000001296058188.png,screenshot,pass,1.00,Shows the 'More' dropdown with both 'Restart Service' and 'Service Rolling Restart' highlighted | Matches Figure 4 'Restarting a service' in step 9 | The two highlighted options correspond exactly to the two restart methods described in the text,
umn/source/configuring_a_cluster/managing_data_connections/configuring_ranger_data_connections.rst,Configuring Ranger Data Connections,en-us_image_0000001295738404.png,screenshot,pass,1.00,"Shows the 'More' dropdown with 'Enable Ranger' highlighted | Matches Figure 5 'Enabling Ranger authentication' in step 10.b | The 'Disable Ranger' option is visible but dimmed, consistent with Ranger being disabled before this step",
umn/source/configuring_a_cluster/managing_data_connections/configuring_ranger_data_connections.rst,Configuring Ranger Data Connections,en-us_image_0000001296217824.png,screenshot,pass,1.00,"Shows the 'Import Policy' dialog with a JSON file (Ranger_Policies_20210331_180915.json) selected | 'Merge If Exist Policy' checkbox is checked, matching the instruction in step 11 | Service mapping shows Hive to Hive, consistent with the Hive example used throughout the document",
umn/source/configuring_a_cluster/managing_data_connections/configuring_ranger_data_connections.rst,Configuring Ranger Data Connections,en-us_image_0000001296217832.png,icon,pass,1.00,"Small icon showing an upward-right arrow, representing the export button | Referenced as |image1| in step 3.e: 'Click the export button |image1|' | The icon is consistent with a standard export symbol used in the Ranger UI",
umn/source/configuring_a_cluster/managing_data_connections/configuring_ranger_data_connections.rst,Configuring Ranger Data Connections,en-us_image_0000001348738213.png,icon,pass,1.00,"Small icon showing a downward-left arrow, representing the import button | Referenced as |image2| in step 10: 'click the import button |image2|' | The icon is consistent with a standard import symbol used in the Ranger UI",
umn/source/configuring_a_cluster/managing_data_connections/configuring_ranger_data_connections.rst,Configuring Ranger Data Connections,en-us_image_0000001440367085.png,screenshot,pass,1.00,"Shows the Ranger Service Manager page with a red box highlighting the import button in the Hive row | Referenced as |image3| in step 10, showing where to click the import button | The UI layout matches the Ranger web UI described in the document with HDFS, HBASE, and HADOOP SQL components",
umn/source/configuring_a_cluster/viewing_failed_mrs_tasks.rst,Viewing Failed MRS Tasks,en-us_image_0000001349057865.png,icon,partial,0.77,"The image is a small location pin/marker icon, consistent with the RST instruction to 'select a region and project' in step 2. | It is a standard navigation icon in a cloud management console, not directly related to failed MRS tasks but part of the prerequisite procedure. | The icon is clearly visible as a blue/teal location pin symbol, matching the expected UI element for region selection.","The image is very small and low-resolution, making it difficult to confirm exact UI context. | No surrounding UI elements are visible to confirm it is in the upper-left corner of a management console."
umn/source/configuring_a_cluster/viewing_failed_mrs_tasks.rst,Viewing Failed MRS Tasks,en-us_image_0000001296058044.jpg,icon,pass,0.93,"The image is a small red circular icon (appears to be a flame or alert symbol), directly associated with the 'Failed Tasks' indicator in step 4. | The RST states 'Click |image2| or the number on the right of Failed Tasks', and a red alert-style icon is consistent with a failed task indicator. | This icon is central to the document's main topic of viewing and managing failed MRS tasks.",The image is very small and low-resolution; exact icon design details are hard to discern. | No surrounding UI context is visible to confirm placement next to 'Failed Tasks' text.
umn/source/configuring_a_cluster/viewing_information_of_a_historical_cluster.rst,Viewing Information of a Historical Cluster,en-us_image_0000001349057929.png,icon,pass,0.90,"The image is a small circular arrow (refresh/reload) icon, matching the RST description of a button to manually refresh node information. | It is referenced in Table 2 as the icon for refreshing node information on the historical clusters page. | The icon is a standard refresh symbol, consistent with its described function.",No full UI context is shown; only the isolated icon is visible.
umn/source/configuring_a_cluster/viewing_information_of_a_historical_cluster.rst,Viewing Information of a Historical Cluster,en-us_image_0000001348738129.png,icon,pass,0.90,"The image is a magnifying glass (search) icon, matching the RST description of a search bar icon for finding a cluster. | It is referenced in Table 2 as the icon associated with entering a cluster name in the search bar. | The icon is a standard search symbol, consistent with its described function.",No full UI context is shown; only the isolated icon is visible.
umn/source/configuring_a_cluster/viewing_information_of_a_historical_cluster.rst,Viewing Information of a Historical Cluster,en-us_image_0000001295738316.png,icon,pass,0.90,"The image is a magnifying glass (search) icon, matching the RST description of the button to click to search for a cluster. | It is referenced in Table 2 as the icon to click for searching a cluster by name. | The icon is a standard search symbol, consistent with its described function.",No full UI context is shown; only the isolated icon is visible.
umn/source/configuring_a_cluster_with_storage_and_compute_decoupled/interconnecting_with_obs_using_the_cluster_agency_mechanism/configuring_a_storage-compute_decoupled_cluster_agency.rst,Configuring a Storage-Compute Decoupled Cluster (Agency),en-us_image_0000001296217708.png,screenshot,pass,1.00,"Terminal output shows 'Found 2 items' with obs://mrs-word001/input and obs://mrs-word001/program, matching the hadoop fs -ls command output described in Step 4 | Image is labeled Figure 1 'Returned file list' in the RST | Content aligns with verifying Hadoop can access OBS via the agency mechanism",
umn/source/configuring_a_cluster_with_storage_and_compute_decoupled/interconnecting_with_obs_using_the_cluster_agency_mechanism/configuring_a_storage-compute_decoupled_cluster_agency.rst,Configuring a Storage-Compute Decoupled Cluster (Agency),en-us_image_0000001348738105.png,screenshot,pass,1.00,Shows Hive beeline output of 'show tables;' returning 'test_obs' in a tab_name column | Matches Figure 2 'Returned table name' in the RST | Confirms Hive can access OBS via the configured agency,
umn/source/configuring_a_cluster_with_storage_and_compute_decoupled/interconnecting_with_obs_using_the_cluster_agency_mechanism/configuring_a_storage-compute_decoupled_cluster_agency.rst,Configuring a Storage-Compute Decoupled Cluster (Agency),en-us_image_0000001349057897.png,screenshot,pass,1.00,"Shows spark-beeline session with create table test and show tables commands | Output lists 'test' and 'test_obs' tables, matching the RST description | Matches Figure 3 'Returned table name' for Spark OBS access verification",
umn/source/configuring_a_cluster_with_storage_and_compute_decoupled/interconnecting_with_obs_using_the_cluster_agency_mechanism/configuring_a_storage-compute_decoupled_cluster_agency.rst,Configuring a Storage-Compute Decoupled Cluster (Agency),en-us_image_0000001349257377.png,screenshot,pass,1.00,"Shows presto_cli.sh session with CREATE SCHEMA and CREATE TABLE statements targeting obs://mrs-word001 | Query result shows 150000 rows created, matching the RST example | Matches Figure 4 'Return result' for Presto on a normal cluster without Kerberos",
umn/source/configuring_a_cluster_with_storage_and_compute_decoupled/interconnecting_with_obs_using_the_cluster_agency_mechanism/configuring_a_storage-compute_decoupled_cluster_agency.rst,Configuring a Storage-Compute Decoupled Cluster (Agency),en-us_image_0000001349057901.png,screenshot,pass,1.00,Shows MRS Manager System > Manage User page with user presto001 | Dropdown menu under 'More' highlights 'Download authentication credential' | Matches Figure 5 for MRS 3.x earlier version of downloading Presto user credential,
umn/source/configuring_a_cluster_with_storage_and_compute_decoupled/interconnecting_with_obs_using_the_cluster_agency_mechanism/configuring_a_storage-compute_decoupled_cluster_agency.rst,Configuring a Storage-Compute Decoupled Cluster (Agency),en-us_image_0000001296058088.png,screenshot,pass,1.00,Shows MRS Manager System > Manage User page with user presto001 | Dropdown menu under 'More' highlights 'Download authentication credential' | Matches Figure 6 for MRS 3.x or later version of downloading Presto user credential,
umn/source/configuring_a_cluster_with_storage_and_compute_decoupled/interconnecting_with_obs_using_the_cluster_agency_mechanism/configuring_a_storage-compute_decoupled_cluster_agency.rst,Configuring a Storage-Compute Decoupled Cluster (Agency),en-us_image_0000001296058084.png,screenshot,pass,1.00,"Shows presto_cli.sh invoked with Kerberos parameters (krb5-config-path, krb5-principal, krb5-keytab-path) | CREATE SCHEMA and CREATE TABLE statements target obs://mrs-word001/presto-demo002/ | Matches Figure 7 'Return result' for Presto on a security cluster with Kerberos enabled",
umn/source/configuring_a_cluster_with_storage_and_compute_decoupled/interconnecting_with_obs_using_the_cluster_agency_mechanism/configuring_a_storage-compute_decoupled_cluster_agency.rst,Configuring a Storage-Compute Decoupled Cluster (Agency),en-us_image_0000001390874236.png,screenshot,pass,1.00,Shows OBS Console Object Storage / mrs-word001 with an 'output' object listed | Confirms the Flink job output directory was created in OBS | Matches Figure 8 'Flink job execution result' in Step 4 of the RST,
umn/source/configuring_a_cluster_with_storage_and_compute_decoupled/interconnecting_with_obs_using_the_cluster_agency_mechanism/configuring_a_storage-compute_decoupled_cluster_ak_sk.rst,Configuring a Storage-Compute Decoupled Cluster (AK/SK),en-us_image_0000001295738100.png,screenshot,pass,1.00,"The image is a UI screenshot of the MRS Spark service configuration page, matching the 'Using Spark to Access OBS' section. | It shows the 'All Configurations' tab selected and the left navigation tree with JDBCServer2x(Role) > Customization highlighted, exactly as described in step 3 of the Spark section. | The highlighted 'spark.core-site.customized.configs' row contains Name fields 'fs.obs.access.key' and 'fs.obs.secret.key', matching the RST instruction to add these two parameters to the customized parameter. | The figure caption 'Parameters for adding an OBS' aligns with the purpose of the screenshot. | No contradiction between the image content and the RST text.","The actual AK/SK values are left blank in the Value fields, which is expected for a template screenshot but means no real credentials are shown."
umn/source/configuring_a_cluster_with_storage_and_compute_decoupled/interconnecting_with_obs_using_the_cluster_agency_mechanism/configuring_fine-grained_permissions_for_mrs_multi-user_access_to_obs.rst,Configuring Fine-Grained Permissions for MRS Multi-User Access to OBS,en-us_image_0000001349057773.png,icon,pass,0.83,"The image is a small green circular icon with a white checkmark, a standard status/success indicator. | The RST references this image as appearing next to 'OBS Permission Control' on the Dashboard tab to indicate the mapping has taken effect, which is consistent with a checkmark status icon. | The icon is directly relevant to Step 3 where the user verifies that the OBS permission control mapping is active. | No interactive buttons or controls are visible; it is purely a status symbol.","The image does not show the surrounding Dashboard UI context (e.g., the 'OBS Permission Control' label or the mapping table) that the RST describes. | No text or label is visible within the icon itself to confirm its specific meaning beyond a generic success indicator."
umn/source/configuring_a_cluster_with_storage_and_compute_decoupled/interconnecting_with_obs_using_the_cluster_agency_mechanism/interconnecting_mrs_with_obs_using_an_agency/interconnecting_hdfs_with_obs.rst,Interconnecting HDFS with OBS,en-us_image_0000001349257293.png,screenshot,pass,1.00,"The image is a terminal screenshot showing the output of 'tail -4 log4j.properties', which directly corresponds to the note section about adjusting OBS log levels. | The two highlighted lines (log4j.logger.org.apache.hadoop.fs.obs=WARN and log4j.logger.com.obs=WARN) exactly match the configuration lines specified in the RST. | The red box highlighting the OBS-related log level entries provides clear visual evidence of the successful configuration. | The image is placed immediately after the RST instructions for editing log4j.properties, making it contextually appropriate as a result illustration.","The image does not show the 'vi log4j.properties' editing step itself, only the verification via tail command."
umn/source/configuring_a_cluster_with_storage_and_compute_decoupled/interconnecting_with_obs_using_the_cluster_agency_mechanism/interconnecting_mrs_with_obs_using_an_agency/interconnecting_hive_with_obs.rst,Interconnecting Hive with OBS,en-us_image_0000001440974397.png,screenshot,pass,1.00,"Shows MRS Manager UI with Hive > Customization selected in the left navigation tree, matching step 4 of the first section. | The hdfs.site.customized.configs parameter shows dfs.namenode.acls.enabled set to false, exactly as described in the RST. | The 'All Configurations' tab is active, consistent with the navigation path described. | No contradictions between the image content and the RST text.",
umn/source/configuring_a_cluster_with_storage_and_compute_decoupled/interconnecting_with_obs_using_the_cluster_agency_mechanism/interconnecting_mrs_with_obs_using_an_agency/interconnecting_hive_with_obs.rst,Interconnecting Hive with OBS,en-us_image_0000001295738104.png,screenshot,pass,1.00,"Shows XML content of hivemetastore-site.xml with the property hive.metastore.warehouse.dir set to an OBS path (obs://...), matching step 5b of the second section. | The highlighted value indicates the OBS path being set, consistent with the instruction to change the value to the corresponding OBS path. | The surrounding XML structure (property, name, value tags) is consistent with a Hive configuration file. | No contradictions between the image and the RST description.","The full OBS path value is partially obscured by highlighting, but the obs:// prefix is clearly visible."
umn/source/configuring_a_cluster_with_storage_and_compute_decoupled/interconnecting_with_obs_using_the_cluster_agency_mechanism/interconnecting_mrs_with_obs_using_an_agency/interconnecting_hive_with_obs.rst,Interconnecting Hive with OBS,en-us_image_0000001348737917.png,screenshot,pass,1.00,"Shows terminal output of 'show create database obs_test' with the LOCATION pointing to hdfs://haCluster/user/hive/warehouse/obs_test.db, matching the note in step 6a. | The output confirms the database location is on HDFS before the change, consistent with the RST narrative. | The 'createdb_stmt' column header and '3 rows selected' footer are typical beeline output. | No contradictions with the RST text.",
umn/source/configuring_a_cluster_with_storage_and_compute_decoupled/interconnecting_with_obs_using_the_cluster_agency_mechanism/interconnecting_mrs_with_obs_using_an_agency/interconnecting_hive_with_obs.rst,Interconnecting Hive with OBS,en-us_image_0000001296217540.png,screenshot,pass,1.00,"Shows terminal output of 'show create database obs_test' with the LOCATION now pointing to obs://test1231/, matching the verification step after altering the database location. | The OBS path in the output confirms the successful change from HDFS to OBS, consistent with the RST instruction to verify the database location points to OBS. | The format matches beeline output with 'createdb_stmt' column and row count. | No contradictions with the RST text.",
umn/source/configuring_a_cluster_with_storage_and_compute_decoupled/interconnecting_with_obs_using_the_cluster_agency_mechanism/interconnecting_mrs_with_obs_using_an_agency/interconnecting_mapreduce_with_obs.rst,Interconnecting MapReduce with OBS,en-us_image_0000001349257365.png,screenshot,pass,1.00,"The image is a UI screenshot of the MRS management console configuration table, matching the screenshot definition. | It shows the parameter 'mapred.core-site.customized.configs' with a Name field 'mapreduce.jobhistory.alw...' and Value 'true', directly matching the RST instruction to add mapreduce.jobhistory.always-scan-user-dir to core-site.xml with value true. | The Parameter File column shows 'core-site.xml', consistent with the documented target file. | Interactive controls (+, refresh, undo icons) are visible in the Value cell. | No contradiction between the image content and the RST step 2 description.","The parameter Name is truncated ('mapreduce.jobhistory.alw...'), so the full 'always-scan-user-dir' suffix is not fully visible. | The Description text is also truncated ('Add a user customized configuration at MapRed...')."
umn/source/configuring_a_cluster_with_storage_and_compute_decoupled/interconnecting_with_obs_using_the_cluster_agency_mechanism/interconnecting_mrs_with_obs_using_an_agency/interconnecting_spark2x_with_obs.rst,Interconnecting Spark2x with OBS,en-us_image_0000001349057877.png,screenshot,pass,1.00,Shows spark-beeline CLI with create table and show tables commands | Output displays 'test' table confirming OBS access success | Matches Figure 1 caption: Verifying the created table name returned using Spark2x | Terminal interface with visible command prompt and tabular output,
umn/source/configuring_a_cluster_with_storage_and_compute_decoupled/interconnecting_with_obs_using_the_cluster_agency_mechanism/interconnecting_mrs_with_obs_using_an_agency/interconnecting_spark2x_with_obs.rst,Interconnecting Spark2x with OBS,en-us_image_0000001390934292.png,screenshot,pass,1.00,Shows MRS Manager UI with Spark2x service configurations | Left tree shows JDBCServer2x > Customization selected | Right panel shows spark.hdfs-site.customized.configs with dfs.namenode.acls.enabled set to false | Matches step 1 instruction to add the parameter and set value to false,
umn/source/configuring_a_cluster_with_storage_and_compute_decoupled/interconnecting_with_obs_using_the_cluster_agency_mechanism/interconnecting_mrs_with_obs_using_an_agency/interconnecting_spark2x_with_obs.rst,Interconnecting Spark2x with OBS,en-us_image_0000001390455252.png,screenshot,pass,0.83,Shows Spark2x->JDBC Server2x parameter spark.sql.statistics.fallBackToHdfs | Image shows 'true' radio button selected | RST instructs to set the value to 'false' | Contradiction: image displays true while documentation says set to false,The image does not show the parameter set to false as the RST instructs
umn/source/configuring_a_cluster_with_storage_and_compute_decoupled/interconnecting_with_obs_using_the_cluster_agency_mechanism/interconnecting_mrs_with_obs_using_an_agency/interconnecting_spark2x_with_obs.rst,Interconnecting Spark2x with OBS,en-us_image_0000001349257353.png,screenshot,pass,1.00,Shows terminal with cat log4j.properties | grep obs command | Displays log4j.logger.org.apache.hadoop.fs.obs=WARN and log4j.logger.com.obs=WARN | Matches the note about adjusting OBS log level configuration | Path /opt/client_spark2x/Spark2x/spark/conf visible in prompt,
umn/source/configuring_a_cluster_with_storage_and_compute_decoupled/interconnecting_with_obs_using_the_guardian_service/interconnecting_components_with_obs_using_guardian/interconnecting_flink_with_obs.rst,Interconnecting Flink with OBS,en-us_image_0000002009454277.png,screenshot,pass,1.00,"The image is a Ranger 'Create Policy' UI screenshot, matching the Ranger Permission Configuration section of the document. | It shows an OBS resource path (obs://mrs-test/tmp/flink) with Read and Write permissions, exactly as described in step 5 of the RST. | A group (flink1) is bound in the Allow Conditions table, consistent with the instruction to grant permissions to a user group. | The interface contains interactive controls (toggles, Read/Write buttons, checkboxes, input fields), confirming it is a UI screenshot.","The image does not show the 'Add New Policy' button click context or the OBS plug-in selection in the EXTERNAL AUTHORIZATION area. | The group name in the image (flink1) differs from the example name (obs_flink) given in the RST, though the RST presents that name only as an example."
umn/source/configuring_a_cluster_with_storage_and_compute_decoupled/interconnecting_with_obs_using_the_guardian_service/interconnecting_components_with_obs_using_guardian/interconnecting_hdfs_with_obs.rst,Interconnecting HDFS with OBS,en-us_image_0000001973053810.png,screenshot,pass,1.00,Terminal screenshot showing the output of tail -4 log4j.properties | Displays the exact log4j.logger.org.apache.hadoop.fs.obs=WARN and log4j.logger.com.obs=WARN lines highlighted in a red box | Directly corresponds to the RST note about adjusting OBS log level configuration | Matches the section on configuring environment and log settings for OBS access,
umn/source/configuring_a_cluster_with_storage_and_compute_decoupled/interconnecting_with_obs_using_the_guardian_service/interconnecting_components_with_obs_using_guardian/interconnecting_hdfs_with_obs.rst,Interconnecting HDFS with OBS,en-us_image_0000001972894062.png,screenshot,pass,1.00,"Ranger Create Policy page showing OBS access policy configuration | Policy Name is hadoop_obs, Resource Path shows obs://.../hadoop matching the RST description | Select Group field shows obs_hadoop matching the user group named in the RST | Permission section shows Read and Write buttons checked, matching the RST requirement | Numbered annotations (1-4) highlight key configuration areas",
umn/source/configuring_a_cluster_with_storage_and_compute_decoupled/interconnecting_with_obs_using_the_guardian_service/interconnecting_components_with_obs_using_guardian/interconnecting_hive_with_obs.rst,Interconnecting Hive with OBS,en-us_image_0000001973053750.png,screenshot,pass,1.00,"Shows MRS Manager Hive->MetaStore configuration with hive.metastore.warehouse.dir set to obs://hivetest/user/hive/warehouse/, matching Figure 1. | The OBS path value matches the example given in the RST step 3.",
umn/source/configuring_a_cluster_with_storage_and_compute_decoupled/interconnecting_with_obs_using_the_guardian_service/interconnecting_components_with_obs_using_guardian/interconnecting_hive_with_obs.rst,Interconnecting Hive with OBS,en-us_image_0000001972894010.png,screenshot,pass,1.00,Terminal/vi editor showing the hivemetastore-site.xml property hive.metastore.warehouse.dir with value obs://hivetest/user/hive/warehouse. | Matches RST step 5b describing editing the client configuration file.,
umn/source/configuring_a_cluster_with_storage_and_compute_decoupled/interconnecting_with_obs_using_the_guardian_service/interconnecting_components_with_obs_using_guardian/interconnecting_hive_with_obs.rst,Interconnecting Hive with OBS,en-us_image_0000002009454237.png,screenshot,pass,1.00,Beeline CLI output showing CREATE DATABASE testdb1 with LOCATION set to an OBS path. | Matches RST step 6 creating a database with an OBS location.,"The OBS bucket name in the image (0417x86) differs from the RST example (hivetest), but it is an illustrative path, not a contradiction."
umn/source/configuring_a_cluster_with_storage_and_compute_decoupled/interconnecting_with_obs_using_the_guardian_service/interconnecting_components_with_obs_using_guardian/interconnecting_hive_with_obs.rst,Interconnecting Hive with OBS,en-us_image_0000002009573749.png,screenshot,pass,1.00,Ranger OBS policy creation UI with resource path obs://hs-test/user/hive/warehouse and group 'hive' granted Read and Write. | Matches RST image3 describing granting Read/Write on the OBS warehouse path to the hive group.,
umn/source/configuring_a_cluster_with_storage_and_compute_decoupled/interconnecting_with_obs_using_the_guardian_service/interconnecting_components_with_obs_using_guardian/interconnecting_hive_with_obs.rst,Interconnecting Hive with OBS,en-us_image_0000001973053758.png,screenshot,pass,1.00,Ranger Settings > Role Edit page with Role Name set to 'hive'. | Matches RST image4 describing creating a role named hive under Settings > Roles.,
umn/source/configuring_a_cluster_with_storage_and_compute_decoupled/interconnecting_with_obs_using_the_guardian_service/interconnecting_components_with_obs_using_guardian/interconnecting_hive_with_obs.rst,Interconnecting Hive with OBS,en-us_image_0000001972894046.png,screenshot,pass,1.00,Ranger OBS policy details with resource path obs://0417x86/user/hive/warehouse and group 'hiveobs1' granted Read and Write. | Matches RST image5 describing granting Read/Write on the OBS path to the custom hiveobs1 user group.,
umn/source/configuring_a_cluster_with_storage_and_compute_decoupled/interconnecting_with_obs_using_the_guardian_service/interconnecting_components_with_obs_using_guardian/interconnecting_hive_with_obs.rst,Interconnecting Hive with OBS,en-us_image_0000002009454273.png,screenshot,pass,1.00,Ranger OBS Edit Policy with resource path obs://obs-test/test and group 'hgroup1' granted Read and Write. | Matches RST image6 describing assigning Read/Write on obs://obs-test/test/ to hgroup1.,
umn/source/configuring_a_cluster_with_storage_and_compute_decoupled/interconnecting_with_obs_using_the_guardian_service/interconnecting_components_with_obs_using_guardian/interconnecting_hive_with_obs.rst,Interconnecting Hive with OBS,en-us_image_0000002009573789.png,screenshot,pass,1.00,"Ranger Hive Policies Create Policy with policy name hive_url_policy, url obs://obs-test/test/, group 'hgroup1' granted Read and Write. | Matches RST image7 describing creating the hive_url_policy URL policy for hgroup1 on the OBS path.",
umn/source/configuring_a_cluster_with_storage_and_compute_decoupled/interconnecting_with_obs_using_the_guardian_service/interconnecting_components_with_obs_using_guardian/interconnecting_hudi_with_obs.rst,Interconnecting Hudi with OBS,en-us_image_0000001972894058.png,screenshot,pass,0.93,"The image is a screenshot of a Ranger 'Policy Details' form, matching the 'Configuring Ranger Permissions' section. | It shows an OBS resource path (obs://r...) and Read/Write permissions selected, consistent with step 5 about adding Read and Write permissions on OBS paths. | The form includes group selection and permission toggles, aligning with binding a user group to OBS permissions. | The selected group is 'flink1' rather than the 'obs_hudi' example named in the RST, a minor detail mismatch.","The user group shown is 'flink1', not the 'obs_hudi' group referenced in the RST example. | The full OBS resource path is truncated in the input field."
umn/source/configuring_a_cluster_with_storage_and_compute_decoupled/interconnecting_with_obs_using_the_guardian_service/interconnecting_components_with_obs_using_guardian/interconnecting_mapreduce_with_obs.rst,Interconnecting MapReduce with OBS,en-us_image_0000001972894066.png,screenshot,pass,1.00,"The screenshot shows a configuration table with Parameter, Value, Description, and Parameter File columns, matching the MRS Manager configuration UI described in the RST. | The row displays mapred.core-site.customized.configs with Name 'mapreduce.jobhistory.always-scan-us...' and Value 'true', and Parameter File 'core-site.xml', exactly matching step 1 of the document. | Interactive controls (add/plus button and refresh icons) are visible in the Value field, consistent with a configuration editing interface. | The description text '[Desc] Add a user customized configuration at MapR...' aligns with the customization context in the RST.","The parameter name is truncated in the image ('always-scan-us' instead of the full 'always-scan-user-dir'), so the exact full name is not fully visible. | The full description text is truncated and not fully readable."
umn/source/configuring_a_cluster_with_storage_and_compute_decoupled/interconnecting_with_obs_using_the_guardian_service/interconnecting_components_with_obs_using_guardian/interconnecting_spark_with_obs.rst,Interconnecting Spark with OBS,en-us_image_0000002009573793.png,screenshot,pass,1.00,"Image shows a configuration table with parameter 'custom', name 'spark.sql.warehouse.location.first', value 'true', exactly matching Figure 1 description in the RST. | The image corresponds to the SparkResource > Customization step in the 'Interconnecting Spark with OBS through Hive Metastore' section. | All visible details (parameter name, value, layout) align with the RST instructions.",
umn/source/configuring_a_cluster_with_storage_and_compute_decoupled/interconnecting_with_obs_using_the_guardian_service/interconnecting_components_with_obs_using_guardian/interconnecting_spark_with_obs.rst,Interconnecting Spark with OBS,en-us_image_0000001973053802.png,screenshot,pass,1.00,"Image shows a configuration table with parameter 'custom', name 'spark.sql.warehouse.location.first', value 'true', matching Figure 2 description in the RST. | The image corresponds to the JDBCServer > Customization step in the 'Interconnecting Spark with OBS through Hive Metastore' section. | All visible details align with the RST instructions for step 4.",
umn/source/configuring_a_cluster_with_storage_and_compute_decoupled/interconnecting_with_obs_using_the_guardian_service/interconnecting_components_with_obs_using_guardian/interconnecting_spark_with_obs.rst,Interconnecting Spark with OBS,en-us_image_0000001972894054.png,screenshot,pass,1.00,"Image shows spark-sql CLI output with 'create table d(a int)' and 'desc formatted d' commands. | The Location field clearly shows an OBS path: obs://313rc1-sec/user/hive/warehouse/d, confirming the table is stored in OBS. | This matches the RST verification step where the location of table d should be in the specified OBS path.",
umn/source/configuring_a_cluster_with_storage_and_compute_decoupled/interconnecting_with_obs_using_the_guardian_service/interconnecting_components_with_obs_using_guardian/interconnecting_spark_with_obs.rst,Interconnecting Spark with OBS,en-us_image_0000002009454285.png,screenshot,pass,1.00,"Image shows spark-beeline CLI output with 'create table e(a int)' and 'desc formatted e' commands. | The Location field clearly shows an OBS path: obs://313rc1-sec/user/hive/warehouse/e, confirming the table is stored in OBS. | This matches the RST verification step where the location of table e should be in the specified OBS path.",
umn/source/configuring_a_cluster_with_storage_and_compute_decoupled/interconnecting_with_obs_using_the_guardian_service/interconnecting_components_with_obs_using_guardian/interconnecting_spark_with_obs.rst,Interconnecting Spark with OBS,en-us_image_0000002009573797.png,screenshot,pass,0.88,"Image shows a Ranger 'Create Policy' page with Policy Type 'Access', Resource Path 'obs://mrs-test/tmp/flink', and Read/Write permissions in Allow Conditions. | The structure matches the RST description of adding Read and Write permissions on OBS paths in the Configuring Ranger Permissions section. | The RST example uses user group 'obs_spark' but the image shows 'flink1' as the policy name and group, which is a minor naming discrepancy (RST says 'for example').","The RST example group name 'obs_spark' does not appear in the image; instead 'flink1' is shown, though the RST uses 'for example' language."
umn/source/configuring_a_cluster_with_storage_and_compute_decoupled/interconnecting_with_obs_using_the_guardian_service/interconnecting_components_with_obs_using_guardian/interconnecting_spark_with_obs.rst,Interconnecting Spark with OBS,en-us_image_0000001973053806.png,screenshot,pass,1.00,"Image shows a Ranger 'Create Policy' page with Policy Name 'cdl_obs', Resource Path 'obs://.../cdldata', and group 'obs_cdl' with Read/Write permissions. | This exactly matches the RST description in the 'Configuring Permissions for CDL Service Users' section about adding Read and Write permissions on obs://OBS parallel file system name/cdldata to user group obs_cdl. | All visible details (policy name, resource path, group name, permissions) align with the RST.",
umn/source/configuring_a_cluster_with_storage_and_compute_decoupled/interconnecting_with_obs_using_the_guardian_service/interconnecting_components_with_obs_using_guardian/interconnecting_yarn_with_obs.rst,Interconnecting Yarn with OBS,en-us_image_0000002009454293.png,screenshot,pass,1.00,"The image shows a terminal session running 'tail -4 log4j.properties' displaying the exact log4j OBS logger lines mentioned in the RST note. | The two highlighted lines 'log4j.logger.org.apache.hadoop.fs.obs=WARN' and 'log4j.logger.com.obs=WARN' match the RST content precisely. | The image is placed in the note about adjusting OBS log level, which is the correct section. | No contradictions between the image content and the RST text.",
umn/source/configuring_a_cluster_with_storage_and_compute_decoupled/interconnecting_with_obs_using_the_guardian_service/interconnecting_components_with_obs_using_guardian/interconnecting_yarn_with_obs.rst,Interconnecting Yarn with OBS,en-us_image_0000001973053822.png,screenshot,pass,1.00,"The image shows a Ranger 'Create Policy' page with Policy Name 'obs_hadoop1', matching the RST description of adding Read and Write permissions to user group obs_hadoop1. | The Resource Path field shows an obs:// path ending in 'hadoop1', consistent with the RST reference to obs://OBS parallel file system name/hadoop1. | The Permission column displays 'Read' and 'Write' tags with a dropdown showing Read and Write checkboxes, matching the RST instruction to add Read and Write permissions. | The Select Group field shows 'obs_hadoop1', matching the user group created in step 1 of the RST. | The image is placed in the 'Configuring Ranger Permissions' section, which is the correct context. | No contradictions between the image and the RST text.","The full OBS bucket name in the Resource Path is partially obscured by a checkered overlay, so the exact bucket name cannot be verified."
umn/source/configuring_a_cluster_with_storage_and_compute_decoupled/interconnecting_with_obs_using_the_guardian_service/interconnecting_the_guardian_service_with_obs.rst,Interconnecting the Guardian Service with OBS,en-us_image_0000002009573745.png,screenshot,pass,1.00,"The image is a screenshot of the MRS Manager configuration UI showing the Ranger > RangerAdmin path. | It displays the parameter 'ranger.ext.authorization.cascade.enable' with the 'true' radio button selected, exactly matching the RST instruction to set it to true. | The image is placed in the 'Enabling Cascading Authorization for Hive Tables' section at step 2, directly illustrating that step. | No contradictions exist between the image content and the surrounding RST text.",
umn/source/data_backup_and_restoration/hbase_data.rst,HBase Data,en-us_image_0000001349137569.png,screenshot,pass,1.00,"The image is a terminal screenshot showing the output of 'hdfs dfs -ls -R /user/table/member', which displays the directory structure after an HBase Export operation. | The path '/user/table/member' matches the example output directory given in the RST Export/Import section (hdfs://.../user/table/member). | The files '_SUCCESS' and 'part-m-00000' are typical MapReduce output artifacts consistent with the Export command described in the document. | The image is referenced as 'Figure 1 Directory data' in step 1 of the Export/Import section, which is exactly the context shown. | No contradictions between the image content and the RST description.","The image does not show the full command prompt context or cluster name, but this is not required for the described purpose."
umn/source/faq/alarm_monitoring/how_do_i_understand_the_multi-level_chart_statistics_in_the_hbase_operation_requests_metric.rst,How Do I Understand the Multi-Level Chart Statistics in the HBase Operation Requests Metric?,en-us_image_0000001392734314.png,screenshot,pass,1.00,"Image shows the 'Operation Requests on RegionServers' chart with operation type tabs (all, put, delete, get, scan, increment, append) | Tooltip displays timestamp and server entries matching the described top-10 RegionServers view | Time axis and area/line chart format match the level-1 monitoring chart description | Legend shows multiple server-2110082001 entries consistent with top 10 RegionServers ranking",
umn/source/faq/alarm_monitoring/how_do_i_understand_the_multi-level_chart_statistics_in_the_hbase_operation_requests_metric.rst,How Do I Understand the Multi-Level Chart Statistics in the HBase Operation Requests Metric?,en-us_image_0000001392414762.png,screenshot,pass,1.00,Image shows a bar chart titled 'Operation Requests on RegionServers' with a single server group labeled 'server-2110082001-0017:21302' | Bar chart format matches the level-2 description of showing operation requests of all RegionServers in past 5 minutes | Multiple bars of different heights represent different operation types for the selected server | This is the drill-down view after clicking a point in the level-1 chart,
umn/source/faq/alarm_monitoring/how_do_i_understand_the_multi-level_chart_statistics_in_the_hbase_operation_requests_metric.rst,How Do I Understand the Multi-Level Chart Statistics in the HBase Operation Requests Metric?,en-us_image_0000001442414237.png,screenshot,pass,1.00,"Image shows breadcrumb 'Operation Requests on RegionServers > server-2110082001-0017:21302' indicating level-3 drill-down | Pie/donut chart displays distribution of operations across regions with region identifiers (2bf56a513affe3b108b46f50fa5ec8f2, 1588230740) | Operation type tabs and timestamp (Sep 9, 2022 07:05:00) are visible | Matches the description of showing distribution of operations in each region within the period",
umn/source/faq/alarm_monitoring/how_do_i_understand_the_multi-level_chart_statistics_in_the_hbase_operation_requests_metric.rst,How Do I Understand the Multi-Level Chart Statistics in the HBase Operation Requests Metric?,en-us_image_0000001392255246.png,screenshot,pass,1.00,"Image shows breadcrumb 'Operation Requests on RegionServers > server-2110082001-0017:21302 > 1588230740' indicating level-4 drill-down | Multi-line chart with time range selector (12h, 1d, 1w, 1m) matches the 12-hour distribution description | Legend shows all operation types (all, get, increment, delete, append, scan, put) | Time axis spans 02:12 to 14:12 consistent with the 12-hour window described in step 4",
umn/source/faq/big_data_service_development/how_do_i_check_whether_the_resourcemanager_configuration_of_yarn_is_correct.rst,How Do I Check Whether the ResourceManager Configuration of Yarn Is Correct?,en-us_image_0000001392574346.png,screenshot,pass,1.00,"Terminal screenshot showing the grep '\.queues' capacity-scheduler.xml -A2 command and its output, matching step 6 of the RST. | Output lists queues (default, root-default, launcher-job, test1-test4), consistent with the RST note that root-default is hidden on the Manager page. | Directly supports the topic of verifying Yarn ResourceManager queue configuration.","No Manager UI page is shown to compare queues against, only the command-line output."
umn/source/faq/big_data_service_development/how_do_i_configure_other_data_sources_on_presto.rst,How Do I Configure Other Data Sources on Presto?,en-us_image_0000001442654037.png,screenshot,pass,1.00,"The image is a terminal/CLI screenshot showing a Presto CLI session, matching the document's instruction to log in to Presto and run 'show catalogs'. | The output lists catalogs including 'mysql', which is highlighted with a red box, directly demonstrating that the MySQL data source is queryable as described in the RST. | The visible command './presto_cli.sh --server http://...' aligns with the documented presto_cli.sh connection step. | The image is placed in the MRS 1.x/3.x section step 9, exactly where the RST references |image1| after the show catalogs command.",The full server URL and connection parameters are partially truncated in the screenshot. | The 'show schemas from mysql' command mentioned in the RST is not shown in this image.
umn/source/faq/big_data_service_development/how_do_i_connect_to_spark_beeline_from_mrs.rst,How Do I Connect to Spark Beeline from MRS?,en-us_image_0000001442414245.png,screenshot,pass,1.00,"The image is a terminal/console screenshot showing Spark Beeline session output. | It displays the exact commands from the RST: 'create table test(id int) location ...' and 'show tables;'. | The output table lists 'test' under tableName, matching the RST statement that the table test is displayed to confirm OBS access. | The figure caption 'Returned table name' aligns with the visible returned table listing. | No interactive UI controls or buttons are present, only text output.","No Kerberos or login steps are shown, but those are not required for this figure."
umn/source/faq/big_data_service_development/how_do_i_do_if_an_error_occurs_when_hive_runs_the_beeline_-e_command_to_execute_multiple_statements.rst,How Do I Do If an Error Occurs When Hive Runs the beeline -e Command to Execute Multiple Statements?,en-us_image_0000001392414806.png,screenshot,pass,1.00,"The image is a terminal screenshot showing environment variable exports from the Hive client configuration file. | It displays the line 'export CLIENT_HIVE_ENTIRELINEASCOMMAND=false' with the value 'false' highlighted, matching Method 2 step 1 in the RST. | The figure caption 'Changing the component_env file' aligns with the RST instruction to edit the component_env file. | The surrounding PATH and Hive-related exports are consistent with the /opt/Bigdata/client/Hive context described in the document.","The image does not show the file name 'component_env' explicitly, only the content lines. | The 'true' value being replaced is not visible, only the resulting 'false' value is highlighted."
umn/source/faq/big_data_service_development/how_do_i_do_if_sessions_are_not_released_after_hue_connects_to_hiveserver_and_the_error_message_over_max_user_connections_is_displayed.rst,"How Do I Do If Sessions Are Not Released After Hue Connects to HiveServer and the Error Message ""over max user connections"" Is Displayed?",en-us_image_0000001392255290.png,screenshot,pass,1.00,"The image is a side-by-side code diff UI for apps/beeswax/src/beeswax/models.py, matching the file referenced in the RST. | The diff shows changes at lines 396 and 404, exactly the lines the RST instructs to modify. | The change from exclude(guid='').exclude(secret='') to exclude(guid=None).exclude(secret=None) matches the RST instruction. | The screenshot provides clear visual evidence of the required code modification.","The RST contains a typo ('q Changed') that does not appear in the image, but the image matches the intended change."
umn/source/faq/big_data_service_development/how_do_i_modify_the_allow_drop_detached_parameter_of_clickhouse.rst,How Do I Modify the allow_drop_detached Parameter of ClickHouse?,en-us_image_0000001392255262.png,screenshot,pass,1.00,"The image is a terminal/console screenshot showing a ClickHouse client session. | It displays the exact command from step 6: SELECT * FROM system.settings WHERE name = 'allow_drop_detached'; | The output table shows allow_drop_detached with value 1, matching the example value set in step 5. | The image is placed immediately after the query step in the RST, so it is directly relevant to that section. | No interactive UI controls are visible; it is plain console text output.",No additional information is missing; the image fully supports the documented query step.
umn/source/faq/big_data_service_development/what_if_an_excel_file_downloaded_on_hue_failed_to_open.rst,What If an Excel File Downloaded on Hue Failed to Open?,en-us_image_0000001442654025.png,screenshot,pass,1.00,"Image shows terminal output of OMS node status with columns NodeName, HostName, HAActive, etc. | The 'active' value in the HAActive column is highlighted, matching the RST description of checking for 'active' in command output. | Directly corresponds to Figure 1 'Active OMS node' referenced in step 2 of the procedure. | Two nodes are shown (192.168.67.136 and 192.168.67.142) with active/standby status, consistent with the Master node check described.",
umn/source/faq/big_data_service_development/what_if_an_excel_file_downloaded_on_hue_failed_to_open.rst,What If an Excel File Downloaded on Hue Failed to Open?,en-us_image_0000001392414778.png,screenshot,pass,1.00,"Image shows a vim text editor displaying httpd.conf file content. | Red boxes highlight the ProxyHTMLEnable On, SetEnv PROXY_PREFIX, and ProxyHTMLURLMap lines that the RST instructs to delete. | Directly corresponds to Figure 2 'Content to be deleted' referenced in step 6. | The visible line numbers and content match the code-block shown in the RST for the 21201 section.",
umn/source/faq/big_data_service_development/what_if_an_excel_file_downloaded_on_hue_failed_to_open.rst,What If an Excel File Downloaded on Hue Failed to Open?,en-us_image_0000001392734330.png,screenshot,pass,1.00,"Image shows a vim text editor displaying httpd.conf file content in the proxy_hue_port section. | Red boxes highlight the ProxyHTMLEnable On, SetEnv PROXY_PREFIX, and ProxyHTMLURLMap lines that the RST instructs to delete. | Directly corresponds to Figure 3 'Content to be deleted' referenced in step 8. | The visible VirtualHost directive with proxy_hue_port and the highlighted proxy lines match the RST description for the second deletion.",
umn/source/faq/cluster_management/how_do_i_configure_the_knox_memory.rst,How Do I Configure the knox Memory?,en-us_image_0000001442774001.png,screenshot,pass,1.00,"The image is a terminal screenshot showing the output of `ps -ef |grep knox`, which is exactly the verification command described in step 6 of the RST. | The highlighted JVM arguments `-Xms256m -Xmx768m` match the `APP_MEM_OPTS` values specified in step 3 of the document. | The figure caption 'knox memory' aligns with the document title 'How Do I Configure the knox Memory?'. | No interactive controls or buttons are visible in the terminal output.","The screenshot does not show the prior steps (editing gateway.sh), only the final verification output."
umn/source/faq/cluster_management/how_do_i_do_if_the_time_on_mrs_nodes_is_incorrect.rst,How Do I Do If the Time on MRS Nodes Is Incorrect?,en-us_image_0000001442414233.png,screenshot,pass,1.00,"Image is a terminal screenshot of /etc/ntp.conf showing commented-out pool.ntp.org servers and two active 'server' lines with a 'prefer' flag, matching Figure 1 'Adding the master node IP addresses'. | The red box highlights the added master node IP entries, consistent with the RST instruction to add master node IPs and comment out other servers. | Concrete IPs (10.9.2.38, 10.9.2.39) are a valid instantiation of the RST placeholders master1_ip/master2_ip, so no contradiction.",No explicit indication that the file being edited is /etc/ntp.conf beyond the content pattern; the RST caption supplies that context.
umn/source/faq/cluster_management/how_do_i_query_the_startup_time_of_an_mrs_node.rst,How Do I Query the Startup Time of an MRS Node?,en-us_image_0000001392574342.png,screenshot,pass,1.00,"The image is a terminal screenshot showing the exact date command described in the RST. | The command line matches the RST command verbatim, including the awk /proc/uptime expression and the date format string. | The output line '2021-12-13 15:56:23' is a timestamp consistent with querying a node's startup time. | The image is placed immediately after the command in the RST, illustrating the expected result.",No MRS-specific UI or node metadata is visible beyond the hostname in the prompt. | No additional interface elements or context beyond the command and its single-line output.
umn/source/faq/cluster_management/how_do_i_view_log_information.rst,How Do I View Log Information?,en-us_image_0000001442654061.png,screenshot,pass,1.00,"The image is a table of operation logs with columns Operation Type, Operator IP Address, Operation Description, and Time, matching the RST's description of the Operation Logs page. | Rows show cluster operations (Create cluster, Delete cluster) and job operations (createJob), consistent with the listed cluster and job operations in the document. | The figure is referenced as Figure 1 'Log information' in the section, so it is directly relevant to this FAQ. | Timestamps and operation descriptions provide concrete visual evidence of logged operations.","The Operator IP Address column appears blank in the visible rows, so that field's content is not demonstrated. | The full page header/navigation of the Operation Logs page is not visible, only the log table fragment."
umn/source/faq/mrs_overview/how_do_i_enable_different_service_programs_to_use_different_yarn_queues.rst,How Do I Enable Different Service Programs to Use Different YARN Queues?,en-us_image_0000001392734350.png,icon,pass,1.00,"The image is a small circular plus-sign icon, an isolated UI symbol, so it is classified as an icon. | In the RST, |image1| is referenced in step 2 of the Procedure: 'select a parent tenant and click |image1|' to open the page for adding a sub-tenant, which matches the add/plus button depicted. | The plus icon is the standard 'add' control, consistent with creating a sub-tenant to assign different YARN queues, the document's topic. | The image is used within the Procedure section for tenant creation, directly relevant to the section. | The visible plus symbol provides clear visual evidence of an add action; no contradiction with the RST text.","The image is an isolated icon without surrounding UI context, so the exact button label or tooltip is not visible. | No full screenshot is provided to confirm the button's placement on the tenant list page."
umn/source/faq/web_page_access/how_do_i_change_the_session_timeout_duration_for_an_open_source_component_web_ui.rst,How Do I Change the Session Timeout Duration for an Open Source Component Web UI?,en-us_image_0000001392734334.png,screenshot,pass,1.00,"The image is a screenshot of the MRS Manager Configurations page for the meta service, matching the document's topic of changing the session timeout duration. | It displays the 'All Configurations' tab and the parameter 'http.server.session.timeout.secs' with value 1200, exactly the configuration item the RST instructs the user to search for. | The red highlight box emphasizes the session timeout parameter under both 'meta' and 'meta->meta', aligning with the step to verify the parameter exists. | The image is placed in the MRS 3.x section where the doc says to select All Configurations and search for the parameter, so it is contextually relevant. | No visible element contradicts the RST description of the configuration page or parameter name.","The image does not show the search action being performed, only the resulting filtered table. | The full description text is truncated in the table, so the complete parameter description is not visible."
umn/source/managing_clusters/alarm_management/viewing_and_manually_clearing_an_alarm.rst,Viewing and Manually Clearing an Alarm,en-us_image_0000001348737925.png,icon,pass,1.00,Image is a circular refresh/reload arrow icon | RST references it as the button to click for immediate refresh of the alarm list | Icon matches the described function of refreshing alarm data,
umn/source/managing_clusters/alarm_management/viewing_and_manually_clearing_an_alarm.rst,Viewing and Manually Clearing an Alarm,en-us_image_0000001296058164.jpg,icon,pass,1.00,Image is a red circle with a flame symbol | RST references it as the filter icon for Critical alarms (pre-3.x) | Red flame is a conventional symbol for critical severity,
umn/source/managing_clusters/alarm_management/viewing_and_manually_clearing_an_alarm.rst,Viewing and Manually Clearing an Alarm,en-us_image_0000001295898324.jpg,icon,pass,1.00,Image is an orange circle with a lightning bolt symbol | RST references it as the filter icon for Major alarms (pre-3.x) | Orange lightning is a conventional symbol for major severity,
umn/source/managing_clusters/alarm_management/viewing_and_manually_clearing_an_alarm.rst,Viewing and Manually Clearing an Alarm,en-us_image_0000001296058168.jpg,icon,pass,1.00,Image is a yellow circle with an exclamation mark | RST references it as the filter icon for Minor alarms (pre-3.x) | Yellow exclamation is a conventional symbol for minor severity,
umn/source/managing_clusters/alarm_management/viewing_and_manually_clearing_an_alarm.rst,Viewing and Manually Clearing an Alarm,en-us_image_0000001295738372.jpg,icon,pass,1.00,Image is a blue circle with an exclamation mark | RST references it as the filter icon for Suggestion alarms (pre-3.x) | Blue exclamation is a conventional symbol for suggestion/info level,
umn/source/managing_clusters/alarm_management/viewing_and_manually_clearing_an_alarm.rst,Viewing and Manually Clearing an Alarm,en-us_image_0000001348738185.jpg,icon,pass,1.00,Image is a red circle with a flame symbol | RST references it as the filter icon for Critical alarms (MRS 3.x or later) | Red flame is a conventional symbol for critical severity,
umn/source/managing_clusters/alarm_management/viewing_and_manually_clearing_an_alarm.rst,Viewing and Manually Clearing an Alarm,en-us_image_0000001296217800.jpg,icon,pass,1.00,Image is an orange circle with a lightning bolt symbol | RST references it as the filter icon for Major alarms (MRS 3.x or later) | Orange lightning is a conventional symbol for major severity,
umn/source/managing_clusters/alarm_management/viewing_and_manually_clearing_an_alarm.rst,Viewing and Manually Clearing an Alarm,en-us_image_0000001349257461.jpg,icon,pass,1.00,Image is a yellow circle with an exclamation mark | RST references it as the filter icon for Minor alarms (MRS 3.x or later) | Yellow exclamation is a conventional symbol for minor severity,
umn/source/managing_clusters/alarm_management/viewing_and_manually_clearing_an_alarm.rst,Viewing and Manually Clearing an Alarm,en-us_image_0000001349057985.jpg,icon,pass,1.00,Image is a blue circle with an exclamation mark | RST references it as the filter icon for Warning alarms (MRS 3.x or later) | Blue exclamation is a conventional symbol for warning level,
umn/source/managing_clusters/alarm_management/viewing_the_alarm_list.rst,Viewing the Alarm List,en-us_image_0000001349137705.png,icon,pass,1.00,"Image shows a dropdown button labeled 'Refresh every 30s' with a dropdown arrow. | RST Table 2 describes |image1| as selecting an interval for refreshing the alarm list, with 'Refresh every 30s' as one of the listed options. | The image is used in the button description table for the alarm list view, matching the section context. | The visual content (dropdown with 'Refresh every 30s') directly matches the RST description.",
umn/source/managing_clusters/alarm_management/viewing_the_alarm_list.rst,Viewing the Alarm List,en-us_image_0000001296217628.png,icon,pass,1.00,"Image shows a dropdown button labeled 'All' with a dropdown arrow. | RST Table 2 describes |image2| as selecting an alarm severity from a drop-down list to filter alarms, with 'All' listed as the first filter option. | The image is used in the button description table for the alarm list view, matching the section context. | The visual content (dropdown with 'All') directly matches the RST description of the severity filter.",
umn/source/managing_clusters/alarm_management/viewing_the_alarm_list.rst,Viewing the Alarm List,en-us_image_0000001348737925.png,icon,pass,1.00,"Image shows a circular refresh/reload icon (circular arrow). | RST Table 2 describes |image3|/|image4| as the icon to click for manually refreshing the alarm list. | The image is used in the button description table for the alarm list view, matching the section context. | The visual content (circular arrow refresh symbol) is the standard icon for manual refresh, matching the RST description.",
umn/source/managing_clusters/alarm_management/viewing_the_event_list.rst,Viewing the Event List,en-us_image_0000001295898004.png,screenshot,pass,1.00,"The image shows a dropdown control displaying 'Refresh every 30s' with a dropdown arrow, matching the RST description of selecting a refresh interval for the event list. | The RST lists 'Refresh every 30s' as one of the available options in the drop-down list, and the image displays exactly that option. | The image is referenced as |image1| in Table 2 (Icon description) within the 'Viewing the Event List' section. | The visual content (a dropdown with text and arrow) is consistent with the described UI element for refresh interval selection.","The other options (Refresh every 60s, Stop refreshing) are not visible since the dropdown is closed."
umn/source/managing_clusters/alarm_management/viewing_the_event_list.rst,Viewing the Event List,en-us_image_0000001296217480.png,icon,pass,1.00,"The image shows a circular refresh/reload icon (circular arrow), which matches the RST description of an icon to click for manually refreshing the event list. | The RST states 'Click |image3| to manually refresh the event list' in the row where |image2| is the icon shown, confirming this is the refresh button icon. | The image is referenced as |image2| in Table 2 (Icon description) within the 'Viewing the Event List' section. | The visual content (a circular arrow symbol) is a standard refresh icon consistent with the described function.",No surrounding UI context is visible; the icon is shown in isolation.
umn/source/managing_clusters/alarm_management/viewing_the_event_list.rst,Viewing the Event List,en-us_image_0000001348737865.png,icon,pass,1.00,"The image shows a circular refresh/reload icon (circular arrow), matching the RST description of the icon to click for manually refreshing the event list. | The RST explicitly references |image3| as the icon to click for manual refresh: 'Click |image3| to manually refresh the event list.' | The image is referenced as |image3| in Table 2 (Icon description) within the 'Viewing the Event List' section. | The visual content (a circular arrow symbol) is a standard refresh icon consistent with the described function.",No surrounding UI context is visible; the icon is shown in isolation.
umn/source/managing_clusters/cluster_o_and_m/changing_the_subnet_of_a_cluster.rst,Changing the Subnet of a Cluster,en-us_image_0000001348738033.png,screenshot,pass,1.00,"The image is a screenshot of the Network Console showing the Network ACLs page, matching the figure caption 'Figure 1 Network ACLs'. | The left navigation pane highlights 'Access Control' and 'Network ACLs', consistent with RST step 4 ('Choose Access Control > Network ACLs'). | The table shows ACL names, Status 'Enabled', and an 'Associated Subnets' column with a subnet/VPC entry, matching the instruction to click the ACL associated with the default and new subnets. | Red annotation boxes emphasize the navigation path and the target ACL row, aligning with the documented procedure.","The image does not show the inbound rules page or the 'Insert Rule Above' action described in later steps. | Specific subnet/VPC identifiers are partially redacted, so exact values cannot be verified."
umn/source/managing_clusters/cluster_o_and_m/configuring_message_notification.rst,Configuring Message Notification,en-us_image_0000001295898140.png,icon,partial,0.77,"The image is a small blue location-pin / map-marker icon, matching the RST reference |image1| used for selecting a region and project. | It is an isolated symbolic graphic (icon), not a full UI screenshot. | The RST step states 'Click |image1| in the upper-left corner on the management console and select a region and project', which is consistent with a region/location selector icon. | The icon is part of the 'Sending Notifications to Subscribers' procedure, so it is relevant to that section though not directly about message notification itself. | No contradiction between the image and the surrounding text.","The image does not show the surrounding management console UI, so the 'upper-left corner' placement cannot be visually confirmed. | No label or text is visible in the icon to confirm it is specifically the region/project selector."
umn/source/managing_clusters/cluster_o_and_m/importing_and_exporting_data.rst,Importing and Exporting Data,,,fail,,backend_error,No model result was produced.
umn/source/managing_clusters/cluster_o_and_m/remote_o_and_m/authorizing_o_and_m.rst,Authorizing O&M,en-us_image_0000001295738168.png,icon,pass,0.83,"The image is a small blue location-pin / map-marker icon, consistent with a symbolic UI graphic. | In the RST, |image1| is used in step 2 to indicate clicking the region/project selector in the upper-left corner, which is conventionally a location-pin icon. | The icon is placed within the Procedure section and directly supports the 'select a region and project' instruction. | No contradiction between the icon and the surrounding text.","The image is a standalone icon without surrounding console UI, so its exact placement in the management console cannot be visually confirmed. | No label or text accompanies the icon to explicitly identify it as the region/project selector."
umn/source/managing_clusters/cluster_o_and_m/remote_o_and_m/sharing_logs.rst,Sharing Logs,en-us_image_0000001348738349.png,icon,pass,0.83,"The image is a small blue location-pin / map-marker icon, consistent with a region/project selector symbol. | In the RST, |image1| is referenced in step 2 as the icon to click in the upper-left corner to select a region and project, which matches a location-pin icon. | The icon is part of the Procedure section and is directly tied to the documented step, so it is section-relevant. | The image is an isolated symbolic graphic with no visible UI interface, so it is classified as an icon rather than a screenshot. | No interactive controls or buttons are visible in the image itself.","The image shows only the icon in isolation, without the surrounding management console UI, so its exact placement (upper-left corner) cannot be visually confirmed. | No label or text accompanies the icon to explicitly identify it as the region/project selector."
umn/source/managing_clusters/cluster_o_and_m/viewing_mrs_operation_logs.rst,Viewing MRS Operation Logs,en-us_image_0000001349137881.png,icon,pass,1.00,"Image shows an 'All projects' drop-down list box, matching Table 2 row for selecting an enterprise project to filter logs. | The control is an isolated UI symbol consistent with the icon description in the document. | No contradiction with the RST text describing the enterprise project filter.","No expanded list of enterprise projects is visible, only the default 'All projects' state."
umn/source/managing_clusters/cluster_o_and_m/viewing_mrs_operation_logs.rst,Viewing MRS Operation Logs,en-us_image_0000001349257469.png,icon,pass,1.00,"Image shows an 'All operation types' drop-down list box, matching Table 2 row for selecting an operation type to filter logs. | The default value 'All operation types' aligns with the listed filter option 'All Operation Types'. | No contradiction with the RST text.","The expanded options (Cluster, Job, Data) are not visible in the image."
umn/source/managing_clusters/cluster_o_and_m/viewing_mrs_operation_logs.rst,Viewing MRS Operation Logs,en-us_image_0000001348738189.jpg,icon,pass,1.00,"Image shows a calendar icon, matching Table 2 row for filtering logs by time. | The calendar symbol is appropriate for a date/time picker control. | No contradiction with the RST text describing the time filter.","The actual date input boxes and OK button are not shown, only the calendar trigger icon."
umn/source/managing_clusters/cluster_o_and_m/viewing_mrs_operation_logs.rst,Viewing MRS Operation Logs,en-us_image_0000001349057965.png,icon,pass,1.00,"Image shows a magnifier/search icon, matching Table 2 row for searching logs by keyword in Operation Details. | The search symbol is consistent with the described search action. | No contradiction with the RST text.","The search input box itself is not visible, only the search icon."
umn/source/managing_clusters/cluster_o_and_m/viewing_mrs_operation_logs.rst,Viewing MRS Operation Logs,en-us_image_0000001349057929.png,icon,pass,1.00,"Image shows a circular refresh icon, matching Table 2 row for manually refreshing the log list. | The refresh symbol is consistent with the described refresh action. | No contradiction with the RST text.","The surrounding log list UI is not visible, only the refresh icon."
umn/source/managing_clusters/cluster_overview/checking_the_cluster_status.rst,Checking the Cluster Status,en-us_image_0000001296057872.png,icon,pass,1.00,"Image is a pencil/edit icon, matching RST image1 'Change the cluster name' in the Name/ID row of Table 1. | Icon is small and symbolic, consistent with an isolated UI symbol. | No contradiction with the cluster status documentation.",No surrounding UI context shown; only the edit glyph is visible.
umn/source/managing_clusters/cluster_overview/checking_the_cluster_status.rst,Checking the Cluster Status,en-us_image_0000001349257477.png,icon,pass,1.00,"Image is a copy/duplicate icon (two overlapping squares), matching RST image2 'Copy the cluster ID'. | Small symbolic graphic, classified as icon. | Consistent with the cluster list parameter table.",No UI context; only the copy glyph is visible.
umn/source/managing_clusters/cluster_overview/checking_the_cluster_status.rst,Checking the Cluster Status,en-us_image_0000001348738197.png,screenshot,pass,1.00,"Image shows a dropdown control labeled 'All projects', matching RST image3 'Select an enterprise project from the drop-down list to filter the corresponding cluster'. | Visible interactive UI control (dropdown with arrow). | Aligns with Table 2 button description for enterprise project filtering.",Dropdown options are not expanded in the image.
umn/source/managing_clusters/cluster_overview/checking_the_cluster_status.rst,Checking the Cluster Status,en-us_image_0000001349137889.png,screenshot,pass,1.00,"Image shows a dropdown labeled 'All operation types', matching RST image4 status/operation-type filter in Table 2. | Visible interactive UI control (dropdown with arrow). | Consistent with the cluster status filtering description.","Dropdown options (Starting, Running, etc.) are not expanded in the image."
umn/source/managing_clusters/cluster_overview/checking_the_cluster_status.rst,Checking the Cluster Status,en-us_image_0000001296058044.jpg,icon,pass,1.00,"Image is a red flame (Hadoop/MRS) logo, referenced in RST as the button to navigate to the failed tasks page (image5/6/7). | Small symbolic graphic, classified as icon. | No contradiction with the cluster status / failed tasks documentation.",No surrounding UI context; only the flame logo is visible.
umn/source/managing_clusters/cluster_overview/checking_the_cluster_status.rst,Checking the Cluster Status,en-us_image_0000001349057965.png,icon,pass,1.00,"Image is a magnifying-glass search icon, matching RST image8/9 'click to search for a cluster'. | Small symbolic graphic, classified as icon. | Consistent with the search-by-cluster-name description in Table 2.",No search bar or UI context shown; only the search glyph is visible.
umn/source/managing_clusters/cluster_overview/checking_the_cluster_status.rst,Checking the Cluster Status,en-us_image_0000001349057929.png,icon,pass,1.00,"Image is a circular-arrow refresh icon, matching RST image10/11 'manually refresh the cluster list'. | Small symbolic graphic, classified as icon. | Consistent with the refresh button description in Table 2.",No UI context shown; only the refresh glyph is visible.
umn/source/managing_clusters/cluster_overview/managing_components_and_monitoring_hosts.rst,Managing Components and Monitoring Hosts,en-us_image_0000001348737925.png,icon,pass,1.00,"The image is a small circular arrow refresh icon, matching the RST reference |image1| used for 'refresh the page immediately'. | The icon's refresh symbol aligns with the note about setting the auto-refresh interval or manually refreshing the page. | It is an isolated symbolic graphic (pictogram), not a UI screenshot, so image_kind is icon. | No contradiction between the icon and the surrounding text.",No additional context needed; the icon's purpose is fully described in the RST note.
umn/source/managing_clusters/cluster_overview/viewing_basic_cluster_information.rst,Viewing Basic Cluster Information,en-us_image_0000001296057872.png,icon,pass,1.00,"The image is a small pencil/edit icon, consistent with its use in the RST as the symbol to click for changing the cluster name. | The RST states 'Click |image1| to change the cluster name' in the Cluster Name row of Table 1 (Basic cluster information). | A pencil icon is the standard UI symbol for editing/modifying a value, matching the 'change' action described. | The icon is appropriately small and symbolic, fitting the 'icon' classification.",
umn/source/managing_clusters/cluster_overview/viewing_basic_cluster_information.rst,Viewing Basic Cluster Information,en-us_image_0000001296217500.png,icon,pass,1.00,"The image is a blue toggle switch icon in the 'on' position, consistent with its use in the RST for enabling/disabling security authorization. | The RST states 'You can click |image2| to enable or disable security authorization' in the Secure Communications row of Table 1. | A toggle switch is the standard UI control for enabling/disabling a feature, matching the described action. | The icon is a small symbolic graphic, fitting the 'icon' classification.",
umn/source/managing_clusters/cluster_overview/viewing_basic_cluster_information.rst,Viewing Basic Cluster Information,en-us_image_0000001349257165.png,icon,pass,1.00,"The image is a small downward-pointing chevron icon, consistent with its use in the RST for unfolding/expanding node groups. | The RST states 'click |image3| next to a node group name to unfold the nodes contained in the node group' in the Node Type row of Table 3 (Node information). | A downward chevron is the standard UI symbol for expanding or revealing hidden content, matching the 'unfold' action described. | The icon is a small symbolic graphic, fitting the 'icon' classification.",
umn/source/managing_clusters/component_management/configuring_customized_service_parameters.rst,Configuring Customized Service Parameters,en-us_image_0000001349137749.png,icon,pass,1.00,"The image shows a circular plus icon, which is the standard 'add' symbol. | The RST references this icon (|image1|) as the button to 'add' a customized parameter in step 6. | The icon is a small, isolated UI symbol consistent with an icon classification. | No contradiction between the visual content and the RST description.",
umn/source/managing_clusters/component_management/configuring_customized_service_parameters.rst,Configuring Customized Service Parameters,en-us_image_0000001297278204.png,icon,pass,1.00,"The image shows a circular X icon, which is the standard 'delete/remove' symbol. | The RST references this icon (|image2|) as the button to 'delete' a customized parameter in step 6. | The icon is a small, isolated UI symbol consistent with an icon classification. | No contradiction between the visual content and the RST description.",
umn/source/managing_clusters/component_management/configuring_customized_service_parameters.rst,Configuring Customized Service Parameters,en-us_image_0000001349057853.png,icon,pass,1.00,"The image shows a circular plus icon, which is the standard 'add' symbol. | The RST references this icon (|image3|) as the button that must be clicked first before a parameter can be deleted, i.e., you must add a parameter before deleting it. | The icon is a small, isolated UI symbol consistent with an icon classification. | No contradiction between the visual content and the RST description.",
umn/source/managing_clusters/component_management/configuring_customized_service_parameters.rst,Configuring Customized Service Parameters,en-us_image_0000001295738244.png,icon,pass,1.00,"The image shows a circular arrow (refresh/restore) icon. | The RST references this icon (|image4|) as the button to 'restore' a parameter value, i.e., cancel a modification. | The icon is a small, isolated UI symbol consistent with an icon classification. | No contradiction between the visual content and the RST description.",
umn/source/managing_clusters/component_management/configuring_role_instance_parameters.rst,Configuring Role Instance Parameters,en-us_image_0000001348737945.png,icon,pass,1.00,"The image is a small circular arrow (restore/refresh) pictogram, matching the isolated UI symbol definition of an icon. | The RST references this image as the control to click in order to restore/cancel a modified parameter value in step 7. | The circular-arrow 'restore' semantics align with the documented action of canceling a parameter modification. | The icon is directly tied to the 'Modifying Role Instance Parameters' section and the overall topic of configuring role instance parameters.",No surrounding UI context is visible; only the isolated icon is shown. | No text label or tooltip is present in the image to confirm the exact control name.
umn/source/managing_clusters/component_management/configuring_service_parameters.rst,Configuring Service Parameters,en-us_image_0000001348737945.png,icon,pass,1.00,"The image is a small circular-arrow (refresh/restore) pictogram, matching the RST reference |image1| used to restore a modified parameter value. | It appears in the 'Modifying Service Parameters' section, step 5, where the text says to click the icon to cancel/restore a parameter change. | The circular-arrow glyph is semantically consistent with a 'restore/reset' control, aligning with the documented action. | No contradiction between the icon and the surrounding RST text.","The icon is low-resolution/blurry, so the exact glyph detail is hard to confirm, but it is clearly a circular restore/refresh arrow. | No surrounding UI context is shown; only the isolated icon is provided."
umn/source/managing_clusters/job_management/configuring_job_notification_rules.rst,Configuring Job Notification Rules,en-us_image_0000001349137917.png,icon,pass,1.00,"The image is a small plus-in-rounded-square icon, a typical 'add' control symbol. | The RST references this icon (|image1|/|image2|) next to 'Suggestion' and 'Manager' in the Subscription Items step of adding a notification rule. | The icon's 'add' semantics align with the action of adding subscription items (Job Running Succeeded / Job Running Failed). | It appears in the Procedure section, step 6, which is exactly where the icon is invoked.","The image is an isolated icon without surrounding UI context, so the exact label ('Suggestion'/'Manager') is not visible in the image itself. | No full screenshot is provided to confirm the icon's placement within the notification rule form."
umn/source/managing_clusters/job_management/copying_jobs.rst,Copying Jobs,en-us_image_0000001295898204.png,icon,pass,0.90,"The image is a small location-pin / map-marker symbol, matching the RST reference |image1| used in step 2 to select a region and project. | A location pin icon is the standard UI symbol for a region/project selector in the upper-left corner of a cloud management console, consistent with the procedure text. | The icon appears in the Procedure section and directly supports the described navigation step. | No contradiction between the icon and the surrounding RST content.","The image is an isolated symbol without surrounding console UI, so the exact placement (upper-left corner) cannot be visually confirmed. | No label or text accompanies the icon to explicitly identify it as the region/project selector."
umn/source/managing_clusters/job_management/deleting_a_job.rst,Deleting a Job,en-us_image_0000001296217924.png,icon,partial,0.67,"The image is a small blue location-pin / map-marker icon, an isolated UI symbol, so it is classified as an icon. | In the RST, |image1| is referenced in Procedure step 2 as the control to click in the upper-left corner to select a region and project, which semantically matches a location/region selector icon. | The icon is part of the navigation steps to reach the job list, so it is only indirectly related to the 'Deleting a Job' topic rather than depicting job deletion itself. | No interactive buttons or controls are visible; it is a static pictogram. | No contradiction between the icon and the surrounding text is evident.","The image does not show the management console UI, the region/project dropdown, or any job list, so the actual deletion workflow is not visually demonstrated. | No label or text accompanies the icon to confirm it is the region/project selector."
umn/source/managing_clusters/job_management/introduction_to_mrs_jobs.rst,Introduction to MRS Jobs,en-us_image_0000001295898328.png,icon,pass,1.00,Calendar icon matches the RST description of selecting a time range for job submission to filter jobs | Icon is in Table 2 (Icon description) under the Job List section | Standard calendar pictogram for date/time filtering,
umn/source/managing_clusters/job_management/introduction_to_mrs_jobs.rst,Introduction to MRS Jobs,en-us_image_0000001295898368.png,screenshot,pass,1.00,Dropdown showing 'All statuses' matches the RST description of selecting a job execution result filter | 'All statuses' is the first option listed in the RST for this filter | Located in Table 2 (Icon description) under the Job List section,
umn/source/managing_clusters/job_management/introduction_to_mrs_jobs.rst,Introduction to MRS Jobs,en-us_image_0000001349257505.png,screenshot,pass,1.00,Dropdown showing 'All types' matches the RST description of selecting a job type filter | 'All types' is the first option listed in the RST for this filter | Located in Table 2 (Icon description) under the Job List section,
umn/source/managing_clusters/job_management/introduction_to_mrs_jobs.rst,Introduction to MRS Jobs,en-us_image_0000001349058029.png,screenshot,pass,1.00,Search box with 'Name' field matches the RST description of searching for a job by setting a search condition | 'Name' corresponds to the 'Job name' search condition listed in the RST | Located in Table 2 (Icon description) under the Job List section,
umn/source/managing_clusters/job_management/introduction_to_mrs_jobs.rst,Introduction to MRS Jobs,en-us_image_0000001349057965.png,icon,pass,1.00,Magnifying glass icon matches the RST instruction to click the search button after setting a search condition | Standard search icon representation | Located in Table 2 (Icon description) under the Job List section,
umn/source/managing_clusters/job_management/introduction_to_mrs_jobs.rst,Introduction to MRS Jobs,en-us_image_0000001349057929.png,icon,pass,1.00,Circular refresh/reload icon matches the RST description of clicking to manually refresh the job list | Standard refresh icon representation | Located in Table 2 (Icon description) under the Job List section,
umn/source/managing_clusters/job_management/running_a_flink_job.rst,Running a Flink Job,en-us_image_0000001349137577.png,icon,pass,0.90,"The image is a small circular plus-sign icon, a standard 'add' button symbol. | The RST references this image as |image1| in the Service Parameter row of Table 1, stating 'To add multiple parameters, click |image1| on the right.' | The plus icon semantically matches the 'add' action described in the text. | The icon is used within the 'Submitting a Job on the GUI' section, directly relevant to configuring a Flink job. | No contradictions between the image content and the RST description.",The image is a generic add/plus icon and does not show any Flink-specific or MRS-specific branding or context. | No surrounding UI is visible to confirm the exact placement within the Create Job form.
umn/source/managing_clusters/job_management/running_a_hivesql_job.rst,Running a HiveSQL Job,en-us_image_0000001349137577.png,icon,partial,0.77,"The image is a small circular plus (+) icon, a standard 'add' button symbol used in UIs. | The RST references this image as |image1| in the context: 'To add multiple parameters, click |image1| on the right.' | The plus icon is semantically consistent with the 'add' action described in the Service Parameter row of Table 1. | The icon is a generic UI element, not specific to HiveSQL or MRS, but it is correctly placed in the job configuration context. | No contradiction between the visual content (a plus/add icon) and the textual description (click to add parameters).","The image does not show the surrounding UI context (e.g., the Service Parameter field or the 'right' side placement) to fully confirm its exact position in the interface. | No label or text accompanies the icon to explicitly identify it as an 'add parameter' button."
umn/source/managing_clusters/job_management/running_a_mapreduce_job.rst,Running a MapReduce Job,en-us_image_0000001349137577.png,icon,pass,1.00,"The image is a small circular plus-sign icon, an isolated UI symbol used as an 'add' control. | In the RST, |image1| is referenced in the Service Parameter row of Table 1: 'To add multiple parameters, click |image1| on the right.' | The plus-in-circle glyph semantically matches the 'add a parameter' action described in the text. | The icon is relevant to the job configuration section of the MapReduce job submission workflow.","No surrounding UI context is shown; the icon is isolated, so its exact placement ('on the right') cannot be visually confirmed. | No label or tooltip is visible to confirm the icon's function beyond the textual description."
umn/source/managing_clusters/job_management/running_a_sparksql_job.rst,Running a SparkSql Job,en-us_image_0000001349137577.png,icon,pass,1.00,"The image is a small circular plus-sign pictogram, matching an 'add' button symbol. | In the RST, |image1| is referenced in Table 1 (Service Parameter) as the control to click on the right to add multiple parameters, which semantically matches a plus/add icon. | The icon appears within the 'Submitting a Job on the GUI' section, directly relevant to job configuration. | The visible plus sign provides clear visual evidence of an add action. | No contradiction between the icon and the surrounding text.","The icon is isolated, so surrounding UI context (e.g., the actual parameter list) is not visible."
umn/source/managing_clusters/job_management/running_a_sparksubmit_job.rst,Running a SparkSubmit Job,en-us_image_0000001349137577.png,icon,pass,0.90,"The image is a small circular plus-sign icon, an isolated UI symbol, matching the |image1| reference in the RST. | The RST states 'To add multiple parameters, click |image1| on the right', and the plus icon semantically represents an 'add' control, matching the described action. | The icon appears in the Service Parameter row of Table 1, which is part of the job configuration section of this SparkSubmit job document. | The visual content (a plus symbol in a ring) is clearly visible and consistent with an add button.","The icon is shown in isolation, so its exact placement 'on the right' within the MRS console UI cannot be verified from the image alone. | No surrounding UI context is visible to confirm the specific parameter-adding interface."
umn/source/managing_clusters/job_management/viewing_job_configuration_and_logs.rst,Viewing Job Configuration and Logs,en-us_image_0000001295738508.png,icon,pass,0.90,"The image is a small blue location-pin / map-marker symbol, i.e., an isolated UI icon rather than a full screenshot. | The RST references |image1| in step 2 of the Procedure: 'Click |image1| in the upper-left corner ... and select a region and project', which matches a region/project selector icon. | The icon is placed in the Procedure section and is directly tied to the navigation steps for reaching the job configuration/logs view. | No visible interactive button states or magenta elements are present in the isolated icon.","The image is a standalone symbol without surrounding console UI, so its exact placement (upper-left corner) cannot be visually confirmed. | No label or tooltip is visible to confirm it is specifically the region/project selector."
umn/source/managing_clusters/logging_in_to_a_cluster/logging_in_to_an_ecs.rst,Logging In to an ECS,en-us_image_0000001295898104.png,screenshot,pass,1.00,"The image shows the PuTTY Configuration window with the 'Session' category highlighted in the left tree, matching the figure caption 'Clicking Session'. | Port 22 and SSH connection type are visible, consistent with the RST instructions for SSH login. | The image is placed in step 14 of the 'Logging In to the ECS from Local Windows' section, exactly where the RST references it. | All visible UI elements (Host Name field, Port, Connection Type, Saved Sessions, Open button) align with the described procedure.","The Host Name field appears empty in the screenshot, while the RST instructs entering the EIP; this is expected as the figure illustrates the Session panel before filling in values."
umn/source/managing_clusters/logging_in_to_a_cluster/logging_in_to_an_ecs.rst,Logging In to an ECS,en-us_image_0000001349257245.png,icon,partial,0.72,"The image is a small location-pin / map-marker icon, consistent with a region/project selector in a cloud management console. | The RST references this as |image1| in step 2 of the VNC login procedure: 'Click |image1| in the upper-left corner on the management console and select a region and project.' | A location pin is a common UI symbol for region selection, so the icon is semantically appropriate. | The icon is isolated and does not show the surrounding console context.","No surrounding console UI is visible to confirm the exact placement in the upper-left corner. | The icon is very small and low-resolution, making fine details hard to discern."
umn/source/managing_clusters/logging_in_to_a_cluster/logging_in_to_an_ecs.rst,Logging In to an ECS,en-us_image_0000001349137661.png,icon,partial,0.72,"The image is a small location-pin / map-marker icon, visually similar to image 2, used as a region/project selector. | The RST references this as |image2| in step 2 of the SSH login procedure: 'Click |image2| in the upper-left corner on the management console and select a region and project.' | The icon is semantically appropriate for a region selector in a cloud management console. | The icon is isolated without surrounding console context.","No surrounding console UI is visible to confirm placement. | The icon is very small and low-resolution, limiting detail assessment."
umn/source/managing_clusters/managing_nodes/manually_scaling_in_a_cluster.rst,Manually Scaling In a Cluster,en-us_image_0000001349137813.png,icon,pass,0.90,"The image is a small blue location-pin / map-marker symbol, i.e., an isolated UI icon. | RST step 2 references |image1| as the icon to click in the upper-left corner of the console to select a region and project. | A location-pin icon is the standard symbol for the region/project selector, matching the described action. | The icon is used within the 'Scaling In a Cluster by Specifying the Node Quantity' procedure, so it is relevant to that section.","Only the isolated icon is shown; no surrounding console UI is visible to confirm its exact placement. | No label or text accompanies the icon, so its meaning is inferred from the RST reference rather than the image alone."
umn/source/managing_clusters/managing_nodes/manually_scaling_out_a_cluster.rst,Manually Scaling Out a Cluster,en-us_image_0000001349257269.png,icon,pass,0.90,"The image is a small blue location-pin / map-marker glyph, i.e. an isolated UI symbol, so it is classified as an icon. | In the RST, |image1| is referenced in Procedure step 2: 'Click |image1| in the upper-left corner on the management console and select a region and project.' | A location-pin icon is the standard visual for a region/project selector in the MRS/Huawei Cloud console, matching the described action. | The icon is used within the Procedure section, so it is relevant to that section. | No element in the image contradicts the RST description.","The image shows only the icon glyph without surrounding console UI, so the 'upper-left corner' placement and the region/project dropdown cannot be visually confirmed. | No text or label is visible in the image to confirm it is specifically the region selector versus a generic location marker."
umn/source/managing_clusters/tenant_management/configuring_a_queue.rst,Configuring a Queue,en-us_image_0000001296057872.png,icon,pass,1.00,"The image is a small pencil/edit glyph, matching the |image1| substitution used in the Procedure step 3 note. | The RST states 'click |image1| to open the queue modification page', and an edit icon is the standard symbol for a modify action. | The icon is placed within the Procedure section describing how to modify a tenant queue, so it is semantically relevant. | The visual content (a pencil over a baseline) clearly depicts an edit/modify control, consistent with the documented action.","The image is an isolated icon without surrounding UI context, so the exact button label or placement cannot be confirmed visually. | No text or tooltip is visible in the image to confirm the 'Modify' label referenced in the table."
umn/source/managing_clusters/tenant_management/modifying_a_resource_pool.rst,Modifying a Resource Pool,en-us_image_0000001349057681.png,icon,pass,1.00,"The image is a small 'X' symbol, an isolated UI icon used for deletion. | The RST references |image1| as the control clicked next to a host to remove it from the resource pool, matching a delete icon. | It appears in the Procedure step for deleting a host, so it is topically and sectionally relevant. | The visible X glyph is consistent with a remove/delete action and contradicts nothing in the text.",No surrounding UI context is shown; only the isolated X symbol is visible.
umn/source/mrs_manager_operation_guide_applicable_to_2.x_and_earlier_versions/alarm_management/viewing_and_manually_clearing_an_alarm.rst,Viewing and Manually Clearing an Alarm,en-us_image_0000001348737925.png,icon,pass,1.00,Image is a circular refresh/reload arrow icon | RST references |image1| in the context of 'click |image1| for an immediate refresh' | The icon visually matches a standard refresh symbol | Used in the note about refresh interval options,
umn/source/mrs_manager_operation_guide_applicable_to_2.x_and_earlier_versions/alarm_management/viewing_and_manually_clearing_an_alarm.rst,Viewing and Manually Clearing an Alarm,en-us_image_0000001348738141.jpg,icon,pass,1.00,Image is a red circular icon with a flame or exclamation symbol | RST references |image2| as the filter for Critical alarms | Red color is consistent with Critical severity in alarm systems | Used in the alarm list filtering procedure,
umn/source/mrs_manager_operation_guide_applicable_to_2.x_and_earlier_versions/alarm_management/viewing_and_manually_clearing_an_alarm.rst,Viewing and Manually Clearing an Alarm,en-us_image_0000001295898280.jpg,icon,pass,1.00,Image is an orange circular icon with a lightning bolt or exclamation symbol | RST references |image3| as the filter for Major alarms | Orange color is consistent with Major severity in alarm systems | Used in the alarm list filtering procedure,
umn/source/mrs_manager_operation_guide_applicable_to_2.x_and_earlier_versions/alarm_management/viewing_and_manually_clearing_an_alarm.rst,Viewing and Manually Clearing an Alarm,en-us_image_0000001349137829.jpg,icon,pass,1.00,Image is a yellow circular icon with an exclamation or info symbol | RST references |image4| as the filter for Minor alarms | Yellow color is consistent with Minor severity in alarm systems | Used in the alarm list filtering procedure,
umn/source/mrs_manager_operation_guide_applicable_to_2.x_and_earlier_versions/alarm_management/viewing_and_manually_clearing_an_alarm.rst,Viewing and Manually Clearing an Alarm,en-us_image_0000001349257417.jpg,icon,pass,1.00,Image is a blue circular icon with an 'i' information symbol | RST references |image5| as the filter for Warning alarms | Blue color is consistent with Warning severity in alarm systems | Used in the alarm list filtering procedure,
umn/source/mrs_manager_operation_guide_applicable_to_2.x_and_earlier_versions/alarm_reference_applicable_to_versions_earlier_than_mrs_3.x/alm-12034_periodic_backup_failure.rst,ALM-12034 Periodic Backup Failure,en-us_image_0000001296058020.png,icon,partial,0.67,"The image is a small chevron/arrow icon (V-shape) in blue and orange, consistent with a 'view details' or 'expand' indicator in a UI list. | The RST references this icon in step 2 of the procedure: 'click |image1| of the alarm and obtain the task name from the Location area,' which aligns with a detail/expand icon in an alarm list. | The icon is generic and not specific to the ALM-12034 periodic backup failure topic, but it is contextually appropriate for navigating the alarm list. | The image is very small and low-resolution, making it difficult to discern fine details or confirm the exact UI element it represents.","The image is too small and blurry to confirm the exact icon type (e.g., whether it is a 'more' menu, 'view details', or 'expand' icon). | No surrounding UI context is visible to confirm the icon's placement within the alarm list interface."
umn/source/mrs_manager_operation_guide_applicable_to_2.x_and_earlier_versions/alarm_reference_applicable_to_versions_earlier_than_mrs_3.x/alm-18006_mapreduce_job_execution_timeout.rst,ALM-18006 MapReduce Job Execution Timeout,en-us_image_0000001349257373.png,icon,pass,1.00,"The image is a small broom/brush pictogram, a typical 'clear/clean' action icon. | The RST references |image1| in the Operation column to manually clear the alarm, matching the icon's cleaning semantics. | The icon appears in the Procedure section (step 2.e) describing how to clear the ALM-18006 alarm, so it is topically and sectionally relevant. | No contradiction between the icon's meaning (clear) and the surrounding text (manually clear the alarm).","The icon is low-resolution, so the exact glyph is only approximately identifiable as a broom/brush. | No surrounding UI context (button border, label) is visible to confirm it is rendered as a clickable control."
umn/source/mrs_manager_operation_guide_applicable_to_2.x_and_earlier_versions/checking_running_tasks.rst,Checking Running Tasks,en-us_image_0000001295738144.jpg,icon,pass,0.93,"The image is a small black-and-white clipboard pictogram, matching the |image1| reference used in step 1 to open the task list. | It is placed in the Procedure section exactly where the RST instructs the user to click the icon to open the task list. | The icon is an isolated symbolic graphic with no surrounding UI, so it is classified as an icon rather than a screenshot. | No interactive controls or buttons are visible within the image itself.",No text label on the icon to explicitly confirm it denotes the 'task list' function. | No surrounding interface context to verify the icon's placement within MRS Manager.
umn/source/mrs_manager_operation_guide_applicable_to_2.x_and_earlier_versions/log_management/configuring_audit_log_exporting_parameters.rst,Configuring Audit Log Exporting Parameters,en-us_image_0000001349257205.png,icon,pass,1.00,Image is a toggle switch icon in the 'on' position (blue/cyan with circle on right). | Referenced as |image1| in the Export Audit Log parameter value column of Table 1. | Represents one of the two states for enabling/disabling audit log export. | Matches the topic of configuring audit log exporting parameters.,
umn/source/mrs_manager_operation_guide_applicable_to_2.x_and_earlier_versions/log_management/configuring_audit_log_exporting_parameters.rst,Configuring Audit Log Exporting Parameters,en-us_image_0000001295738112.png,icon,pass,1.00,Image is a toggle switch icon in the 'off' position (gray with circle on left). | Referenced as |image2| in the Export Audit Log parameter value column of Table 1. | Represents the second state (disabled) for the audit log export function. | Matches the topic of configuring audit log exporting parameters.,
umn/source/mrs_manager_operation_guide_applicable_to_2.x_and_earlier_versions/log_management/configuring_audit_log_exporting_parameters.rst,Configuring Audit Log Exporting Parameters,en-us_image_0000001349137625.png,icon,pass,1.00,Image is a toggle switch icon in the 'on' position (blue/cyan with circle on right). | Referenced as |image3| and explicitly described in the RST as 'enables audit log exporting.' | The visual state (on/active) matches the textual description of enabling the function. | Directly relevant to the procedure for configuring audit log export.,
umn/source/mrs_manager_operation_guide_applicable_to_2.x_and_earlier_versions/log_management/configuring_audit_log_exporting_parameters.rst,Configuring Audit Log Exporting Parameters,en-us_image_0000001296217548.png,icon,pass,1.00,Image is a toggle switch icon in the 'off' position (gray with circle on left). | Referenced as |image4| and explicitly described in the RST as 'disables audit log exporting.' | The visual state (off/inactive) matches the textual description of disabling the function. | Directly relevant to the procedure for configuring audit log export.,
umn/source/mrs_manager_operation_guide_applicable_to_2.x_and_earlier_versions/monitoring_management/configuring_monitoring_metric_dumping.rst,Configuring Monitoring Metric Dumping,en-us_image_0000001349057789.png,icon,pass,1.00,"The image is a small toggle-switch symbol, matching the RST's use of |image1| as the 'Enabled' state for the Dump Monitoring Metric parameter. | The toggle is shown in the on position (filled track with the knob to the right), consistent with the 'Enabled' label in the table. | It appears in the Procedure section's Table 1 under the 'Dump Monitoring Metric' parameter, directly relevant to configuring monitoring metric dumping. | No contradiction between the visual on-state and the 'Enabled' description.",No surrounding UI context is shown; only the isolated toggle symbol is visible.
umn/source/mrs_manager_operation_guide_applicable_to_2.x_and_earlier_versions/monitoring_management/configuring_monitoring_metric_dumping.rst,Configuring Monitoring Metric Dumping,en-us_image_0000001349137681.png,icon,pass,1.00,"The image is a small toggle-switch symbol, matching the RST's use of |image2| as the 'Disabled' state for the Dump Monitoring Metric parameter. | The toggle is shown in the off position (knob to the left, empty track to the right), consistent with the 'Disabled' label in the table. | It appears in the Procedure section's Table 1 under the 'Dump Monitoring Metric' parameter, directly relevant to configuring monitoring metric dumping. | No contradiction between the visual off-state and the 'Disabled' description.",No surrounding UI context is shown; only the isolated toggle symbol is visible.
umn/source/mrs_manager_operation_guide_applicable_to_2.x_and_earlier_versions/monitoring_management/dashboard.rst,Dashboard,en-us_image_0000001296058400.png,icon,partial,0.77,"The image is a small question-mark-in-circle icon, a standard help/info symbol. | The RST references it as: 'Click |image1| above the curve chart to view details about a metric,' which aligns with a help/info icon function. | The icon is generic (question mark) and not specific to the MRS Dashboard topic, but it is contextually appropriate for viewing metric details. | No contradictions between the image and the document text.","The icon does not show any dashboard-specific context (e.g., curve chart, metric labels); it is a standalone symbol. | No surrounding UI is visible to confirm its placement 'above the curve chart' as described in the RST."
umn/source/mrs_manager_operation_guide_applicable_to_2.x_and_earlier_versions/monitoring_management/dashboard.rst,Dashboard,en-us_image_0000001348737865.png,icon,pass,0.90,"The image is a small circular-arrow refresh/reload icon. | The RST references it as: 'Set an automatic refresh interval or click |image2| for an immediate refresh,' which directly matches a refresh icon. | The same image is also used as |image3| in the MRS 1.7.2 real-time monitoring section for the same refresh purpose. | The icon is a standard refresh symbol and is fully consistent with the described action of triggering an immediate refresh of monitoring data. | No contradictions between the image and the document text.","No surrounding dashboard UI is visible; the icon is shown in isolation. | The specific placement within the Dashboard interface (e.g., next to the refresh interval dropdown) is not visible."
umn/source/mrs_manager_operation_guide_applicable_to_2.x_and_earlier_versions/monitoring_management/managing_services_and_monitoring_hosts.rst,Managing Services and Monitoring Hosts,en-us_image_0000001348737925.png,icon,pass,0.83,"The image is a small circular-arrow refresh icon, consistent with the RST note that says 'click |image1| for an immediate refresh.' | The icon is a generic UI symbol (reload/refresh) and does not contain MRS Manager-specific branding or context. | The RST places the image in the introductory note about refresh intervals, which is part of the monitoring management section. | No contradiction between the image content and the surrounding text.","The icon is very small and low-resolution, making it difficult to confirm exact styling or platform-specific design. | No surrounding UI context is visible to confirm it belongs to the MRS Manager interface specifically."
umn/source/mrs_manager_operation_guide_applicable_to_2.x_and_earlier_versions/mrs_multi-user_permission_management/changing_the_password_of_an_operation_user.rst,Changing the Password of an Operation User,en-us_image_0000001296217716.jpg,icon,partial,0.78,"The image is a small downward-pointing triangle/arrow icon on a magenta background, consistent with a dropdown or user-menu indicator in the upper-right corner of a UI. | The RST references this image as the element to hover over in the upper right corner to reveal a menu containing 'Change Password', which aligns with a dropdown-arrow icon. | The image is directly embedded in the Procedure section (step 2), making it highly relevant to that section. | The icon is generic and does not itself display password fields or MRS-specific branding, so topic and detail match are moderate rather than high.","The image does not show the surrounding MRS Manager interface, the user avatar, or the 'Change Password' menu item, so the full context of step 2 is not visually confirmed. | No label or text is visible in the icon to confirm it specifically represents the user/account menu versus a generic dropdown."
umn/source/mrs_manager_operation_guide_applicable_to_2.x_and_earlier_versions/mrs_multi-user_permission_management/configuring_cross-cluster_mutual_trust_relationships.rst,Configuring Cross-Cluster Mutual Trust Relationships,en-us_image_0000001296058048.jpg,icon,pass,0.90,"The image is a small blue circular icon with a plus sign, representing an 'add' button in the MRS Manager UI. | The RST explicitly states 'click |image1| to add items and specify relevant parameters' for deploying trust relationships with multiple clusters, which matches the plus/add icon. | The icon is used in step 5 (modifying the peer_realms parameter), the core configuration step for cross-cluster mutual trust. | The visual content (plus sign in a circle) is consistent with a standard 'add new item' UI control.","The image is very small and low-resolution, making it difficult to confirm exact styling details. | No surrounding UI context is visible to confirm it belongs to the MRS Manager interface specifically."
umn/source/mrs_manager_operation_guide_applicable_to_2.x_and_earlier_versions/mrs_multi-user_permission_management/configuring_cross-cluster_mutual_trust_relationships.rst,Configuring Cross-Cluster Mutual Trust Relationships,en-us_image_0000001349257345.jpg,icon,pass,0.90,"The image is a small blue circular icon with an X (cross) sign, representing a 'delete' or 'remove' button in the MRS Manager UI. | The RST explicitly states 'To delete an item, click |image2|', which matches the X/delete icon. | The icon is used in step 5 (modifying the peer_realms parameter), the core configuration step for cross-cluster mutual trust. | The visual content (X in a circle) is consistent with a standard 'delete/remove item' UI control.","The image is very small and low-resolution, making it difficult to confirm exact styling details. | No surrounding UI context is visible to confirm it belongs to the MRS Manager interface specifically."
umn/source/mrs_manager_operation_guide_applicable_to_2.x_and_earlier_versions/mrs_multi-user_permission_management/configuring_users_to_access_resources_of_a_trusted_cluster.rst,Configuring Users to Access Resources of a Trusted Cluster,en-us_image_0000001349137821.png,icon,pass,1.00,"The image is a small blue downward chevron, an isolated UI symbol, matching the |image1| reference in step 2. | Step 2 instructs to 'Click |image1| on the left side of the username to unfold the detailed user information,' which a downward expand arrow represents. | The icon is directly relevant to the Procedure section of the trusted-cluster user configuration guide. | No contradiction between the icon and the surrounding text.","The image shows only the chevron symbol without surrounding UI context (username row, MRS Manager layout), so the exact placement cannot be visually confirmed."
umn/source/mrs_manager_operation_guide_applicable_to_2.x_and_earlier_versions/mrs_multi-user_permission_management/creating_a_role.rst,Creating a Role,en-us_image_0000001349057965.png,icon,pass,0.83,"The image is a small magnifying-glass (search) icon, matching the RST reference where the user is told to 'click |image1|' next to the Search box. | The icon is used in the Procedure section, step 4, sub-step b, within a note describing how to search for resource names when setting component permissions. | The visual content (a simple magnifying glass pictogram) is consistent with a standard search button symbol in a UI. | No contradiction between the image and the surrounding text; the icon correctly represents the search action described.","The image is a low-resolution, isolated icon without surrounding UI context, so it cannot be verified that it appears in the upper-right corner of the Search box as described."
umn/source/mrs_manager_operation_guide_applicable_to_2.x_and_earlier_versions/mrs_multi-user_permission_management/users_and_permissions_of_mrs_clusters.rst,Users and Permissions of MRS Clusters,en-us_image_0000001349057881.png,other,fail,0.00,Local color check detected #3298ff.,
umn/source/mrs_manager_operation_guide_applicable_to_2.x_and_earlier_versions/object_management/configuring_customized_service_parameters.rst,Configuring Customized Service Parameters,en-us_image_0000001349057937.jpg,icon,pass,1.00,"The image is a small blue circular icon with a plus sign, representing an 'add' action. | The RST references this icon as |image1| for adding a user-defined parameter, which matches the plus symbol. | The icon is used in the Procedure section describing how to add customized parameters on MRS Manager. | The visual content (plus in a circle) is consistent with the 'add' function described in the text.","The icon is very small and low-resolution, making fine details hard to discern, but the plus symbol is clearly identifiable."
umn/source/mrs_manager_operation_guide_applicable_to_2.x_and_earlier_versions/object_management/configuring_customized_service_parameters.rst,Configuring Customized Service Parameters,en-us_image_0000001295898276.jpg,icon,pass,1.00,"The image is a small blue circular icon with an X (cross) symbol, representing a 'delete' or 'remove' action. | The RST references this icon as |image2| for deleting a user-defined parameter, which matches the X symbol. | The icon is used in the Procedure section describing how to delete customized parameters on MRS Manager. | The visual content (X in a circle) is consistent with the 'delete' function described in the text.","The icon is very small and low-resolution, but the X symbol is clearly identifiable."
umn/source/mrs_manager_operation_guide_applicable_to_2.x_and_earlier_versions/object_management/configuring_customized_service_parameters.rst,Configuring Customized Service Parameters,en-us_image_0000001295738324.jpg,icon,pass,1.00,"The image is a small blue circular arrow icon, representing a 'restore' or 'undo' action. | The RST references this icon as |image4| for canceling a modification and restoring a parameter value, which matches the circular arrow/restore symbol. | The icon is used in the Procedure section describing how to cancel modifications to parameter values on MRS Manager. | The visual content (circular arrow) is consistent with the 'restore/cancel' function described in the text.","The icon is very small and low-resolution, but the circular arrow shape is identifiable as a restore/undo symbol."
umn/source/mrs_manager_operation_guide_applicable_to_2.x_and_earlier_versions/object_management/configuring_role_instance_parameters.rst,Configuring Role Instance Parameters,en-us_image_0000001295738324.jpg,icon,pass,1.00,"The image is a small blue circular refresh/restore arrow, an isolated UI symbol, matching the 'icon' classification. | The RST references |image1| as the control to click to restore/cancel a modified parameter value, which aligns with a refresh/restore icon. | The icon appears in the Procedure section under 'Modifying role instance configurations', step 7, directly relevant to the surrounding text. | The visual content (circular arrow) is consistent with a restore/reset action and shows no contradiction with the document.","The image is low-resolution, so fine details of the icon are not clearly discernible. | No surrounding UI context is shown, so the icon is presented in isolation rather than within the MRS Manager interface."
umn/source/mrs_manager_operation_guide_applicable_to_2.x_and_earlier_versions/object_management/configuring_service_parameters.rst,Configuring Service Parameters,en-us_image_0000001295738324.jpg,icon,pass,1.00,"The image is a small blue circular-arrow (refresh/restore) pictogram, matching the RST reference |image1| used for restoring a modified parameter value. | It is an isolated symbolic graphic, so it is classified as an icon rather than a screenshot. | The restore/refresh symbol is semantically consistent with the instruction 'click |image1| to restore it' in the Procedure section. | No interactive UI controls are visible; only the standalone icon symbol is shown.",No surrounding UI context is visible to confirm the exact button label or placement within the MRS Manager interface.
umn/source/mrs_manager_operation_guide_applicable_to_2.x_and_earlier_versions/permissions_management/changing_the_password_of_an_operation_user.rst,Changing the Password of an Operation User,en-us_image_0000001295898372.jpg,icon,pass,0.83,"The image is a small isolated dropdown-arrow symbol, matching the 'icon' classification. | It corresponds to |image1| referenced in Procedure step 1, the upper-right menu trigger used to open the 'Change Password' option. | The downward triangle is consistent with a menu/dropdown trigger described in the text. | No contradiction between the icon and the surrounding procedure text.","The image shows only the arrow symbol, not the surrounding MRS Manager UI or the 'Change Password' menu item. | No label or text is visible in the image to confirm it is the user menu specifically."
umn/source/mrs_manager_operation_guide_applicable_to_2.x_and_earlier_versions/permissions_management/creating_a_role.rst,Creating a Role,en-us_image_0000001296217676.png,icon,pass,1.00,"The image is a magnifying glass symbol, a standard search icon. | The RST references |image1| in the note describing clicking the search control after entering a resource name in the Search box. | The icon's meaning (search) matches the described action of triggering a search for resource names. | It appears within the Procedure section, step 3, where permission resource search is explained. | No contradiction between the icon and the surrounding text.","The image is a low-resolution isolated symbol, so surrounding UI context (the Search box) is not visible."
umn/source/mrs_manager_operation_guide_applicable_to_2.x_and_earlier_versions/static_service_pool_management/configuring_a_static_service_pool.rst,Configuring a Static Service Pool,en-us_image_0000002278456009.png,icon,pass,1.00,Image is a small blue pencil/edit icon used as an inline reference in step 2c | The RST states 'You can click |image1| on the right of Detailed Configuration to modify the parameter values' | The icon visually matches an edit/modify action symbol | It is directly relevant to the 'Modify the default configuration group' procedure section,No surrounding UI context visible; only the isolated icon is shown
umn/source/mrs_manager_operation_guide_applicable_to_2.x_and_earlier_versions/static_service_pool_management/configuring_a_static_service_pool.rst,Configuring a Static Service Pool,en-us_image_0000001295738420.jpg,icon,pass,1.00,Image is a small blue circle-with-plus icon used as an inline reference in step 3b | The RST states 'Click |image2| to add a resource configuration group' | The plus-in-circle symbol visually matches an 'add' action | It is directly relevant to the 'Add a customized resource configuration group' procedure section,No surrounding UI context visible; only the isolated icon is shown
umn/source/mrs_manager_operation_guide_applicable_to_2.x_and_earlier_versions/static_service_pool_management/configuring_a_static_service_pool.rst,Configuring a Static Service Pool,en-us_image_0000002278456193.png,icon,pass,1.00,"Image is a small blue pencil/edit icon used as an inline reference in step 3b | The RST states 'In the Scheduling Time area, click |image3|. The time policy configuration page is displayed' | The pencil icon visually matches an edit/configure action | It is directly relevant to the scheduling time configuration sub-step",No surrounding UI context visible; only the isolated icon is shown
umn/source/mrs_manager_operation_guide_applicable_to_2.x_and_earlier_versions/static_service_pool_management/configuring_a_static_service_pool.rst,Configuring a Static Service Pool,en-us_image_0000002243537010.png,icon,pass,1.00,Image is a small blue pencil/edit icon used as an inline reference in step 3c | The RST states 'You can click |image4| on the right of Service Pool Configuration to modify the parameters' | The pencil icon visually matches an edit/modify action | It is directly relevant to modifying resource configuration of each service,No surrounding UI context visible; only the isolated icon is shown
umn/source/mrs_manager_operation_guide_applicable_to_2.x_and_earlier_versions/static_service_pool_management/configuring_a_static_service_pool.rst,Configuring a Static Service Pool,en-us_image_0000002278536077.png,icon,pass,1.00,Image is a small blue pencil/edit icon used as an inline reference in step 3c | The RST states 'Click |image5| in the Detailed Configuration area to manually update the parameter values' | The pencil icon visually matches an edit/modify action | It is directly relevant to manually updating parameter values in the Detailed Configuration area,No surrounding UI context visible; only the isolated icon is shown
umn/source/mrs_manager_operation_guide_applicable_to_2.x_and_earlier_versions/tenant_management/configuring_a_queue.rst,Configuring a Queue,en-us_image_0000002278903341.png,icon,pass,1.00,"The image is a small pencil/edit icon, consistent with the 'Modify' action described in the queue configuration procedure. | The RST references this image (|image1|) as the control to click in order to open the queue modification page, matching the edit icon semantics. | The icon appears in the Procedure section step 4 note, directly relevant to modifying a tenant queue. | No contradiction between the icon's meaning (edit/modify) and the surrounding text.","The icon is low-resolution, but its edit/pencil shape is still clearly identifiable."
umn/source/mrs_manager_operation_guide_applicable_to_2.x_and_earlier_versions/tenant_management/creating_a_resource_pool.rst,Creating a Resource Pool,en-us_image_0000001349257217.png,icon,pass,1.00,"The image is a small blue square icon containing two white right-pointing arrows (>>), an isolated UI symbol. | The RST references this image (|image1|) in step 4 as the control to add a selected host to the resource pool. | The double right-arrow symbol is semantically consistent with a 'move/add' action used to transfer a host into the pool. | No contradiction between the icon and the surrounding procedure text.","No surrounding UI context (list, dialog, or button frame) is visible; only the isolated icon is shown. | No text label or tooltip is present on the icon to confirm its exact function."
umn/source/mrs_manager_operation_guide_applicable_to_2.x_and_earlier_versions/tenant_management/modifying_a_resource_pool.rst,Modifying a Resource Pool,en-us_image_0000001349257217.png,icon,pass,1.00,"Image is an isolated blue button icon showing a double right-arrow (>>), a typical 'add/move to right' control. | The RST uses |image1| for the 'Adding a host' action, which semantically matches a right-arrow add button. | It appears in the Procedure step describing modifying Added Hosts, so it is relevant to the section. | No contradiction between the icon and the described add-host action.",No surrounding dialog or host-list UI is visible; only the standalone button symbol is shown.
umn/source/mrs_manager_operation_guide_applicable_to_2.x_and_earlier_versions/tenant_management/modifying_a_resource_pool.rst,Modifying a Resource Pool,en-us_image_0000001295898072.png,icon,pass,1.00,"Image is an isolated blue button icon showing a double left-arrow (<<), a typical 'remove/move to left' control. | The RST uses |image2| for the 'Deleting a host' action, which semantically matches a left-arrow remove button. | It appears in the same Procedure step for modifying Added Hosts, so it is relevant to the section. | The icon itself is consistent with the delete action; the RST text contains a wording typo ('add' instead of remove) but the image does not contradict the intended action.","No surrounding dialog or host-list UI is visible; only the standalone button symbol is shown. | The RST text for this step says 'to add the selected host' which is inconsistent with the delete intent, but this is a text issue, not an image contradiction."
umn/source/mrs_manager_operation_guide_applicable_to_3.x/alarm_reference_applicable_to_mrs_3.x/alm-12001_audit_log_dumping_failure.rst,ALM-12001 Audit Log Dumping Failure,en-us_image_0000001582807597.png,icon,pass,0.83,"The image is a small pencil/edit icon, matching the |image1| reference used in step 16 of the Procedure. | It is directly referenced in the alarm troubleshooting procedure for setting Start Date and End Date for log collection. | The icon is a generic edit symbol, not specific to the audit log dumping alarm topic. | No contradiction between the icon and the surrounding RST text.","The image does not show the surrounding MRS Manager UI context (upper right corner, date fields). | No label or tooltip is visible to confirm the icon's exact function."
umn/source/mrs_manager_operation_guide_applicable_to_3.x/alarm_reference_applicable_to_mrs_3.x/alm-12004_oldap_resource_abnormal.rst,ALM-12004 OLdap Resource Abnormal,en-us_image_0000001532767626.png,icon,partial,0.77,"The image is a small pencil/edit pictogram, an isolated UI symbol, so it is classified as an icon. | In the RST it is referenced as |image1| in Procedure step 6, where the user clicks it to set Start Date and End Date for log collection. | The pencil/edit glyph is semantically consistent with an 'edit date range' control, matching the described action. | The icon is generic and not specific to the OLdap alarm topic, so topic match is moderate. | No contradiction between the icon and the surrounding text.","No surrounding UI context is visible to confirm the icon's exact placement in the upper-right corner. | The icon is low-resolution/blurry, limiting verification of fine details."
umn/source/mrs_manager_operation_guide_applicable_to_3.x/alarm_reference_applicable_to_mrs_3.x/alm-12005_okerberos_resource_abnormal.rst,ALM-12005 OKerberos Resource Abnormal,en-us_image_0000001532607838.png,icon,pass,0.90,"The image is a small pencil/edit pictogram, matching the RST reference |image1| used in step 6 of the Procedure. | The RST instructs to 'Click |image1| in the upper right corner, and set Start Date and End Date', which is consistent with an edit icon used to open a date-range editor. | The icon is placed in the Procedure section and directly supports the log-collection step, so it is section-relevant. | The visual content (a pencil/edit symbol) is clear and unambiguous, providing solid visual evidence for an edit control. | No contradiction between the icon and the surrounding text.","The image is an isolated icon, so the surrounding UI context (upper-right corner placement, date fields) is not visible. | No label or tooltip is shown to confirm the icon's exact function beyond the RST description."
umn/source/mrs_manager_operation_guide_applicable_to_3.x/alarm_reference_applicable_to_mrs_3.x/alm-12006_node_fault.rst,ALM-12006 Node Fault,en-us_image_0000001583127417.png,icon,partial,0.72,"The image is a small downward chevron/arrow icon, consistent with a UI expand or view-details symbol in a table row. | The RST references this icon in step 1 of the Procedure: 'click |image1| in the row containing the alarm, click the host name, and view the IP address.' | The icon is a generic UI element (chevron) used in the MRS Manager alarm list, not specific to ALM-12006. | The icon is appropriately placed in the context of viewing alarm details in the alarm list.",The full alarm list UI context is not visible; only the isolated icon is shown. | No label or text accompanies the icon to confirm its exact function beyond the RST description.
umn/source/mrs_manager_operation_guide_applicable_to_3.x/alarm_reference_applicable_to_mrs_3.x/alm-12006_node_fault.rst,ALM-12006 Node Fault,en-us_image_0000001532767474.png,icon,partial,0.72,"The image is a small pencil/edit icon, consistent with a UI symbol for modifying or setting parameters. | The RST references this icon in step 16: 'Click |image2| in the upper right corner, and set Start Date and End Date for log collection.' | The icon is a generic UI element (pencil/edit) used in the MRS Manager log download interface, not specific to ALM-12006. | The icon is appropriately placed in the context of setting date ranges for log collection.",The full log download UI context is not visible; only the isolated icon is shown. | No label or text accompanies the icon to confirm its exact function beyond the RST description.
umn/source/mrs_manager_operation_guide_applicable_to_3.x/alarm_reference_applicable_to_mrs_3.x/alm-12007_process_fault.rst,ALM-12007 Process Fault,en-us_image_0000001582807817.png,icon,partial,0.72,"The image is a small downward chevron/arrow, an isolated UI symbol, matching the RST reference |image1| used as a clickable action in the alarm row. | The RST step 1 instructs to click this icon in the alarm row to view the host address, consistent with a row-level action/expand icon. | The icon is small and low-resolution, so the exact UI context cannot be fully confirmed.","No surrounding UI (alarm table row) is visible to confirm the exact placement of the icon. | The icon is blurry, making precise identification of its function uncertain."
umn/source/mrs_manager_operation_guide_applicable_to_3.x/alarm_reference_applicable_to_mrs_3.x/alm-12007_process_fault.rst,ALM-12007 Process Fault,en-us_image_0000001583127509.png,icon,partial,0.72,"The image is a small pencil/edit symbol, an isolated UI icon, matching the RST reference |image2| used to open a date-range editor. | The RST step 13 instructs to click this icon in the upper right corner to set Start Date and End Date, consistent with an edit icon. | The icon is small and low-resolution, so the exact UI context cannot be fully confirmed.","No surrounding UI (log download page) is visible to confirm the exact placement of the icon. | The icon is blurry, making precise identification of its function uncertain."
umn/source/mrs_manager_operation_guide_applicable_to_3.x/alarm_reference_applicable_to_mrs_3.x/alm-12010_manager_heartbeat_interruption_between_the_active_and_standby_nodes.rst,ALM-12010 Manager Heartbeat Interruption Between the Active and Standby Nodes,en-us_image_0000001583127401.png,icon,partial,0.72,"The image is a small downward-pointing chevron icon, consistent with a 'view details' or 'expand' control in a table row. | The RST step 1 instructs the user to click this icon in the alarm row to view the standby Manager IP address, which matches the chevron's typical use for expanding row details. | The icon is a generic UI symbol and not specific to the ALM-12010 alarm topic, but it is contextually appropriate for the MRS Manager alarm list procedure. | No contradiction between the icon and the surrounding text.","The icon is very small and low-resolution, making it difficult to confirm exact styling or label. | No surrounding UI context (table, alarm list) is visible to confirm the icon's placement."
umn/source/mrs_manager_operation_guide_applicable_to_3.x/alarm_reference_applicable_to_mrs_3.x/alm-12010_manager_heartbeat_interruption_between_the_active_and_standby_nodes.rst,ALM-12010 Manager Heartbeat Interruption Between the Active and Standby Nodes,en-us_image_0000001532767502.png,icon,partial,0.72,"The image is a small pencil/edit icon, consistent with a control for modifying or setting parameters in a UI. | The RST step 18 instructs the user to click this icon in the upper right corner to set Start Date and End Date for log collection, which matches the edit/modify semantics of a pencil icon. | The icon is a generic UI symbol used in the log-collection procedure and is contextually appropriate but not specific to the ALM-12010 alarm topic. | No contradiction between the icon and the surrounding text.","The icon is very small and low-resolution, making it difficult to confirm exact styling or label. | No surrounding UI context (date-picker panel, log download dialog) is visible to confirm the icon's placement."
umn/source/mrs_manager_operation_guide_applicable_to_3.x/alarm_reference_applicable_to_mrs_3.x/alm-12011_manager_data_synchronization_exception_between_the_active_and_standby_nodes.rst,ALM-12011 Manager Data Synchronization Exception Between the Active and Standby Nodes,en-us_image_0000001532607938.png,icon,partial,0.65,"The image is a small downward chevron/arrow icon, consistent with a 'view details' or 'expand' button in a table row. | The RST instructs to click this icon in the alarm row to obtain the standby Manager server IP address in the alarm details. | The icon is a generic UI element and does not show the specific alarm details or IP address mentioned in the text. | No contradiction between the image and the RST description.",The image does not show the alarm details panel or the Peer Manager IP address field. | The surrounding table context (alarm list) is not visible.
umn/source/mrs_manager_operation_guide_applicable_to_3.x/alarm_reference_applicable_to_mrs_3.x/alm-12011_manager_data_synchronization_exception_between_the_active_and_standby_nodes.rst,ALM-12011 Manager Data Synchronization Exception Between the Active and Standby Nodes,en-us_image_0000001583087593.png,screenshot,pass,1.00,"The image shows terminal log output with timestamps (2021-03-22 14:03:35) containing sync task messages. | It clearly displays 'Permission denied' for /opt/BigData/apache-tomcat-7.0.78/conf/security/tomcat.conf, matching the RST description of insufficient directory permission. | ERROR lines for 'Travel stack failed', 'Send Task Failed', and 'TaskEnd Failed' are visible, consistent with the alarm context. | The RST states this error indicates the directory permission is insufficient, which aligns perfectly with the 'Permission denied' message shown. | No contradiction between the image content and the RST text.",The full log file path (ha.log.2021-03-22_12-00-07) is not visible in the screenshot.
umn/source/mrs_manager_operation_guide_applicable_to_3.x/alarm_reference_applicable_to_mrs_3.x/alm-12011_manager_data_synchronization_exception_between_the_active_and_standby_nodes.rst,ALM-12011 Manager Data Synchronization Exception Between the Active and Standby Nodes,en-us_image_0000001582927829.png,icon,partial,0.65,"The image is a small pencil/edit icon, commonly used in UIs to modify or set parameters. | The RST instructs to click this icon in the upper right corner to set Start Date and End Date for log collection. | A pencil icon is a reasonable representation of an 'edit' or 'configure' action for setting date parameters. | The icon is generic and does not show the date fields or the log download interface. | No contradiction between the image and the RST description.",The surrounding log download interface with Start Date and End Date fields is not visible. | The 'Download' button mentioned in the RST is not shown.
umn/source/mrs_manager_operation_guide_applicable_to_3.x/alarm_reference_applicable_to_mrs_3.x/alm-12012_ntp_service_is_abnormal.rst,ALM-12012 NTP Service Is Abnormal,en-us_image_0000001583087389.png,icon,partial,0.77,"The image is a small downward chevron/arrow icon, consistent with a 'view details' or 'expand' button in a table row. | In the RST, |image1| is referenced in step 2 where the user clicks it in the alarm row to view the host name in Location on MRS Manager. | The icon is a generic UI element but is contextually appropriate for navigating the alarm page during NTP troubleshooting. | The visual clearly shows a small chevron symbol, matching the expected UI control for expanding/viewing row details.","The icon is very small and low-resolution, making it difficult to confirm exact styling or label. | No surrounding UI context is visible to confirm it is specifically the 'view details' button in the alarm table."
umn/source/mrs_manager_operation_guide_applicable_to_3.x/alarm_reference_applicable_to_mrs_3.x/alm-12012_ntp_service_is_abnormal.rst,ALM-12012 NTP Service Is Abnormal,en-us_image_0000001532448250.png,icon,partial,0.77,"The image is a small downward chevron/arrow icon, identical in appearance to image1. | In the RST, |image2| is referenced in step 20 with the same instruction: click it in the alarm row to view the host name in Location. | The icon is a generic UI element used in the NTP (non-chrony) troubleshooting path of the procedure. | The visual clearly shows a small chevron symbol, consistent with a row-expand or view-details control.","The icon is very small and low-resolution, making it difficult to confirm exact styling. | No surrounding UI context is visible to confirm the specific button function in the alarm table."
umn/source/mrs_manager_operation_guide_applicable_to_3.x/alarm_reference_applicable_to_mrs_3.x/alm-12012_ntp_service_is_abnormal.rst,ALM-12012 NTP Service Is Abnormal,en-us_image_0000001532767474.png,icon,partial,0.77,"The image is a small pencil/edit icon, consistent with a control for modifying or setting parameters. | In the RST, |image3| is referenced in step 40 where the user clicks it in the upper right corner to set Start Date and End Date for log collection. | The pencil icon is contextually appropriate for an edit/set-dates action in the log download dialog. | The visual clearly shows a pencil symbol, matching the expected UI control for editing date range settings.","The icon is very small and low-resolution, making it difficult to confirm exact styling or label. | No surrounding UI context is visible to confirm it is specifically the date-edit button in the log collection dialog."
umn/source/mrs_manager_operation_guide_applicable_to_3.x/alarm_reference_applicable_to_mrs_3.x/alm-12014_partition_lost.rst,ALM-12014 Partition Lost,en-us_image_0000001532767638.png,icon,pass,0.83,"The image is a small chevron/arrow icon, consistent with a clickable control in a table row. | It is referenced in Procedure step 1 as the icon to click in the alarm row, matching the alarm-handling context. | The icon is placed in the Procedure section where the alarm row interaction is described. | The visual clearly shows an isolated symbolic UI control (downward chevron). | No contradiction between the icon and the surrounding RST text.",The exact function of the icon (expand vs. action) is not labeled within the image. | No surrounding alarm-table UI context is visible to confirm placement in the alarm row.
umn/source/mrs_manager_operation_guide_applicable_to_3.x/alarm_reference_applicable_to_mrs_3.x/alm-12015_partition_filesystem_readonly.rst,ALM-12015 Partition Filesystem Readonly,en-us_image_0000001582807717.png,icon,partial,0.72,"The image is a small chevron/down-arrow symbol, consistent with the |image1| reference used in the Procedure step to click an element in the alarm row. | It is an isolated UI symbol without surrounding interface, so it is classified as an icon. | It supports the procedure for locating and acting on the ALM-12015 alarm entry. | No clear contradiction between the image and the RST text.","No surrounding UI context (alarm list/table row) is visible to confirm the exact placement. | No label or text on the icon to confirm its precise function (e.g., expand vs. detail)."
umn/source/mrs_manager_operation_guide_applicable_to_3.x/alarm_reference_applicable_to_mrs_3.x/alm-12016_cpu_usage_exceeds_the_threshold.rst,ALM-12016 CPU Usage Exceeds the Threshold,en-us_image_0000001583087533.png,screenshot,pass,1.00,"Screenshot shows the Host CPU Usage page in MRS Manager with Alarm ID 12016 and Alarm Name 'CPU Usage Exceeds the Threshold', directly matching the document topic. | Trigger Count (10) and Check Period (30s) are visible, matching the RST description of alarm smoothing times and 30-second check interval. | Threshold value 90.0% and Max value type are shown, consistent with the RST parameter descriptions. | Directly referenced as Figure 1 in the Procedure section for setting alarm smoothing times. | No contradictions between the image content and the RST text.",
umn/source/mrs_manager_operation_guide_applicable_to_3.x/alarm_reference_applicable_to_mrs_3.x/alm-12016_cpu_usage_exceeds_the_threshold.rst,ALM-12016 CPU Usage Exceeds the Threshold,en-us_image_0000001583127513.png,screenshot,pass,1.00,"Screenshot shows the 'Thresholds > Modify Rule' page, which is the interface for changing the alarm threshold as described in the RST. | Threshold value 90.0%, Max value type, Daily date, and Major severity are all visible and consistent with the RST alarm attributes. | Directly referenced as Figure 2 in the Procedure section for setting an alarm threshold via the Modify button. | The Rule Name 'default' matches the rule name shown in Figure 1. | No contradictions between the image content and the RST text.",
umn/source/mrs_manager_operation_guide_applicable_to_3.x/alarm_reference_applicable_to_mrs_3.x/alm-12016_cpu_usage_exceeds_the_threshold.rst,ALM-12016 CPU Usage Exceeds the Threshold,en-us_image_0000001582927773.png,icon,partial,0.78,"Small chevron/expand icon (V-shape) used as a clickable element in the alarm list to view alarm details, as referenced in step 3 of the Procedure. | Directly referenced in the RST as |image1| for clicking to view the alarm host address in alarm details. | The icon is a generic UI expand symbol, not specific to CPU usage, so topic and detail match are moderate. | No contradictions with the RST text.","The icon is very small and low-resolution, making it difficult to confirm exact visual details. | No surrounding context visible to confirm it is specifically in the alarm list row."
umn/source/mrs_manager_operation_guide_applicable_to_3.x/alarm_reference_applicable_to_mrs_3.x/alm-12017_insufficient_disk_capacity.rst,ALM-12017 Insufficient Disk Capacity,en-us_image_0000001582927861.png,screenshot,pass,1.00,"The image shows a 'Thresholds > Modify Rule' UI page, which directly matches the RST instruction to click Modify to change the alarm threshold. | The threshold value of 90.0% matches the RST's mention of '90% by default' for disk usage threshold. | The Severity field shows 'Major', consistent with the alarm severity listed in the Attribute table. | The form fields (Rule Name, Severity, Threshold Type, Date, Thresholds) are all relevant to configuring an alarm threshold as described in the procedure. | The image is clearly a screenshot of the MRS Manager interface with visible form controls.",The image does not show the specific cluster name or disk partition context mentioned in the RST navigation path.
umn/source/mrs_manager_operation_guide_applicable_to_3.x/alarm_reference_applicable_to_mrs_3.x/alm-12017_insufficient_disk_capacity.rst,ALM-12017 Insufficient Disk Capacity,en-us_image_0000001582807909.png,icon,partial,0.78,"The RST references this icon (|image1|) in step 4 as the button to click in the alarm row to view alarm details. | The image shows a small downward-pointing chevron/arrow, a common UI symbol for expanding or viewing details. | The icon is consistent with a 'view details' or 'expand' action in an alarm list table. | The image is very small and low-resolution, making it difficult to confirm exact visual details.",The image is too small and blurry to confirm the exact icon design or label. | No surrounding UI context is visible to confirm it belongs to an alarm list row.
umn/source/mrs_manager_operation_guide_applicable_to_3.x/alarm_reference_applicable_to_mrs_3.x/alm-12017_insufficient_disk_capacity.rst,ALM-12017 Insufficient Disk Capacity,en-us_image_0000001583127613.png,icon,partial,0.78,"The RST references this icon (|image2|) in step 16 as the button to click in the upper right corner to set Start Date and End Date for log collection. | The image shows a small pencil/edit icon, which is a common symbol for modifying or editing settings. | The icon is semantically consistent with an action to modify date parameters for log collection. | The image is very small and low-resolution, making it difficult to confirm exact visual details.",The image is too small and blurry to confirm the exact icon design. | No surrounding UI context is visible to confirm it is in the upper right corner of a log download page.
umn/source/mrs_manager_operation_guide_applicable_to_3.x/alarm_reference_applicable_to_mrs_3.x/alm-12018_memory_usage_exceeds_the_threshold.rst,ALM-12018 Memory Usage Exceeds the Threshold,en-us_image_0000001582927669.png,icon,pass,0.93,"The image is a small down-chevron/arrow icon, consistent with a UI symbol for expanding a table row to view details. | The RST references this icon in step 4: 'click |image1| in the row where the alarm is located to view the alarm host address in the alarm details.' | A down-chevron is a standard icon for expanding or revealing additional information in a list/table row. | The icon is directly referenced in the Procedure section of the alarm document.","The image is very small and low-resolution, making it difficult to confirm exact styling or context beyond the basic chevron shape. | No surrounding UI context is visible to confirm it belongs to MRS Manager's alarm list specifically."
umn/source/mrs_manager_operation_guide_applicable_to_3.x/alarm_reference_applicable_to_mrs_3.x/alm-12018_memory_usage_exceeds_the_threshold.rst,ALM-12018 Memory Usage Exceeds the Threshold,en-us_image_0000001583127413.png,icon,pass,0.93,"The image is a small pencil/edit icon, a standard UI symbol for modifying or editing settings. | The RST references this icon in step 11: 'Click |image2| in the upper right corner, and set Start Date and End Date for log collection.' | A pencil icon is commonly used to open an edit dialog for parameters such as date ranges. | The icon is directly referenced in the Procedure section under 'Collect fault information.'","The image is very small and low-resolution, limiting detail beyond the basic pencil shape. | No surrounding UI context is visible to confirm it belongs to the MRS Manager log download page specifically."
umn/source/mrs_manager_operation_guide_applicable_to_3.x/alarm_reference_applicable_to_mrs_3.x/alm-12027_host_pid_usage_exceeds_the_threshold.rst,ALM-12027 Host PID Usage Exceeds the Threshold,en-us_image_0000001532607906.png,icon,partial,0.72,"The image is a small downward-pointing chevron/arrow icon, consistent with a UI expand or view-details control. | The RST references this icon in step 1 of the Procedure: 'click |image1| in the row where the alarm is located to view the alarm host address in the alarm details,' which aligns with a row-expand chevron. | The icon is a generic UI element, not specific to the PID alarm topic, so topic match is moderate. | No contradictions between the image and the RST description.","The icon is very small and low-resolution, making it difficult to confirm exact styling or context within a full UI screenshot. | No surrounding UI context is visible to confirm it appears in an alarm list table row."
umn/source/mrs_manager_operation_guide_applicable_to_3.x/alarm_reference_applicable_to_mrs_3.x/alm-12027_host_pid_usage_exceeds_the_threshold.rst,ALM-12027 Host PID Usage Exceeds the Threshold,en-us_image_0000001582927797.png,icon,partial,0.72,"The image is a small pencil/edit icon, consistent with a UI control for modifying or setting parameters. | The RST references this icon in step 8 of the Procedure: 'Click |image2| in the upper right corner, and set Start Date and End Date for log collection,' which aligns with an edit/modify icon. | The icon is a generic UI element used in the log-collection sub-procedure, not specific to the PID alarm topic itself. | No contradictions between the image and the RST description.","The icon is very small and low-resolution, making it difficult to confirm exact styling. | No surrounding UI context is visible to confirm it appears in the upper-right corner of a log-download dialog."
umn/source/mrs_manager_operation_guide_applicable_to_3.x/alarm_reference_applicable_to_mrs_3.x/alm-12033_slow_disk_fault.rst,ALM-12033 Slow Disk Fault,en-us_image_0000001583087321.png,screenshot,pass,1.00,"Image shows terminal output of 'iostat -x -t' command, exactly as referenced in the RST note for MRS 3.1.0. | The svctm column is visible with values (0.64, 1.62, 0.53) highlighted in red boxes, matching the RST discussion of svctm values. | The command and output directly illustrate how to obtain the svctm value as described in the Description section. | No contradictions between the image content and the RST text.",
umn/source/mrs_manager_operation_guide_applicable_to_3.x/alarm_reference_applicable_to_mrs_3.x/alm-12033_slow_disk_fault.rst,ALM-12033 Slow Disk Fault,en-us_image_0000001582807613.png,screenshot,pass,1.00,"Image shows two runs of 'cat /proc/diskstats' command output, exactly as referenced in the RST for collecting parameters. | Highlighted values (1101553, 28744856, 19569526 in first run; 1101553, 28747977, 19571460 in second run) match the RST calculation: (19571460-19569526)/(1101553+28747977-1101553-28744856)=0.6197. | The image directly illustrates the parameter collection method described in the Description section note. | No contradictions between the image content and the RST text.",
umn/source/mrs_manager_operation_guide_applicable_to_3.x/alarm_reference_applicable_to_mrs_3.x/alm-12033_slow_disk_fault.rst,ALM-12033 Slow Disk Fault,en-us_image_0000001583127305.jpg,screenshot,pass,1.00,"Image shows terminal output of 'lsblk' command, exactly as referenced in Procedure step 6 of the RST. | The output displays disk hierarchy (sda, sda1, sda2) and LVM mapping (system-vg with dm-0 through dm-3), illustrating the disk-to-mapping relationship. | Red boxes highlight sda2 and the dm-0 through dm-3 entries, showing the mapping between DiskName and the disk. | No contradictions between the image content and the RST text.",
umn/source/mrs_manager_operation_guide_applicable_to_3.x/alarm_reference_applicable_to_mrs_3.x/alm-12033_slow_disk_fault.rst,ALM-12033 Slow Disk Fault,en-us_image_0000001532927338.png,icon,partial,0.72,"Image is a small pencil/edit icon, referenced in the RST as a button to click in the upper right corner for setting date range during log collection. | The icon is a generic UI symbol (pencil) and does not contain specific information about the slow disk fault topic. | It is used in Procedure step 24 for log collection, which is part of the fault information collection process. | No contradictions, but the icon provides minimal visual evidence beyond being a clickable UI element.","The icon is too small to show surrounding UI context (e.g., the log collection dialog or date fields). | No text or labels visible to confirm the specific function beyond the RST description."
umn/source/mrs_manager_operation_guide_applicable_to_3.x/alarm_reference_applicable_to_mrs_3.x/alm-12034_periodical_backup_failure.rst,ALM-12034 Periodical Backup Failure,en-us_image_0000001582807645.png,icon,partial,0.78,"The image is a small downward chevron icon, matching the RST reference |image1| used in step 2 to click in the alarm row. | It is an isolated UI symbol (icon), not a full screenshot. | It is relevant to the Procedure section describing alarm handling in the MRS Manager portal. | The icon is low-resolution but the chevron shape is recognizable.",No surrounding UI context is visible to confirm the exact button label or function. | Image is too small/blurry to read any text.
umn/source/mrs_manager_operation_guide_applicable_to_3.x/alarm_reference_applicable_to_mrs_3.x/alm-12034_periodical_backup_failure.rst,ALM-12034 Periodical Backup Failure,en-us_image_0000001532927370.png,icon,partial,0.78,"The image is a small downward chevron icon, matching the RST reference |image2| used in step 5 to click and view the backup failure message. | It is an isolated UI symbol (icon), not a full screenshot. | It is relevant to the Procedure section for checking backup task details. | The icon is low-resolution but the chevron shape is recognizable.",No surrounding UI context is visible to confirm the exact button label or function. | Image is too small/blurry to read any text.
umn/source/mrs_manager_operation_guide_applicable_to_3.x/alarm_reference_applicable_to_mrs_3.x/alm-12034_periodical_backup_failure.rst,ALM-12034 Periodical Backup Failure,en-us_image_0000001532448214.png,icon,partial,0.78,"The image is a small pencil/edit icon, matching the RST reference |image3| used in step 15 to set Start Date and End Date for log collection. | It is an isolated UI symbol (icon), not a full screenshot. | It is relevant to the Procedure section for collecting fault information. | The icon is low-resolution but the pencil shape is recognizable.",No surrounding UI context is visible to confirm the exact button label or function. | Image is too small/blurry to read any text.
umn/source/mrs_manager_operation_guide_applicable_to_3.x/alarm_reference_applicable_to_mrs_3.x/alm-12035_unknown_data_status_after_recovery_task_failure.rst,ALM-12035 Unknown Data Status After Recovery Task Failure,en-us_image_0000001532448366.png,icon,partial,0.72,"The image is a small downward chevron/arrow symbol, consistent with an expand-row control in a table. | The RST step 4 instructs to click this icon in the alarm row to obtain TaskName from Location, which matches an expand/chevron control. | The icon is placed in the Procedure section and is semantically relevant to navigating the alarm list. | The image is low-resolution but the chevron shape is recognizable.",No surrounding UI context is visible to confirm it is the alarm-list expand control. | The image is too small/blurry to verify exact styling.
umn/source/mrs_manager_operation_guide_applicable_to_3.x/alarm_reference_applicable_to_mrs_3.x/alm-12035_unknown_data_status_after_recovery_task_failure.rst,ALM-12035 Unknown Data Status After Recovery Task Failure,en-us_image_0000001583127489.png,icon,partial,0.72,"The image is a small pencil/edit symbol, consistent with an edit or set-parameters control. | The RST step 11 instructs to click this icon in the upper right corner to set Start Date and End Date for log collection, which matches an edit/parameter-setting control. | The icon is placed in the Procedure section and is semantically relevant to configuring the log download date range. | The image is low-resolution but the pencil shape is recognizable.",No surrounding UI context is visible to confirm it is the log-download date-setting control. | The image is too small/blurry to verify exact styling.
umn/source/mrs_manager_operation_guide_applicable_to_3.x/alarm_reference_applicable_to_mrs_3.x/alm-12037_ntp_server_abnormal.rst,ALM-12037 NTP Server Abnormal,en-us_image_0000001532607750.png,icon,partial,0.72,"The image is a small downward chevron/arrow UI symbol, matching the |image1| reference in step 1 of the Procedure. | The RST instructs to click this icon in the alarm row, consistent with a table-row action/expand icon. | It is an isolated pictogram rather than a full application screenshot, so it is classified as an icon. | No element in the image contradicts the surrounding alarm-troubleshooting text.","The icon is low-resolution and blurry, so its exact function (expand vs. action) cannot be confirmed. | No surrounding UI context is visible to verify it appears in an alarm table row."
umn/source/mrs_manager_operation_guide_applicable_to_3.x/alarm_reference_applicable_to_mrs_3.x/alm-12037_ntp_server_abnormal.rst,ALM-12037 NTP Server Abnormal,en-us_image_0000001582927645.png,icon,partial,0.72,"The image is a small pencil/edit pictogram, matching the |image2| reference in step 14 of the Procedure. | The RST says to click this icon in the upper right corner to set Start/End Date, consistent with an edit action icon. | It is an isolated symbolic graphic, so it is classified as an icon rather than a screenshot. | Nothing in the image contradicts the log-collection procedure text.","The icon is low-resolution and blurry, limiting confirmation of its exact label or tooltip. | No surrounding UI (date fields, upper-right corner) is visible to verify placement."
umn/source/mrs_manager_operation_guide_applicable_to_3.x/alarm_reference_applicable_to_mrs_3.x/alm-12038_monitoring_indicator_dumping_failure.rst,ALM-12038 Monitoring Indicator Dumping Failure,en-us_image_0000001532927442.png,icon,pass,0.83,"The image is a small pencil/edit icon, matching the RST reference |image1| used in step 13 of the Procedure. | The RST instructs to click this icon in the upper right corner to set Start Date and End Date, consistent with an edit action. | The icon is placed within the Procedure section for log collection, so it is section-relevant. | The visual content (a pencil symbol) is clearly visible and unambiguous.","The image is an isolated icon without surrounding UI context, so the exact button label or location cannot be verified. | No text or tooltip is visible to confirm the icon's function beyond the RST description."
umn/source/mrs_manager_operation_guide_applicable_to_3.x/alarm_reference_applicable_to_mrs_3.x/alm-12039_active_standby_oms_databases_not_synchronized.rst,ALM-12039 Active/Standby OMS Databases Not Synchronized,en-us_image_0000001582927757.png,icon,partial,0.77,"The image is a small chevron/arrow icon, consistent with an expand or detail button in a table row. | The RST references this icon in step 1 of the Procedure: 'click |image1| in the row where the alarm is located, and query the standby OMS Database IP address.' | A downward chevron is a common UI symbol for expanding row details in a table, matching the described action. | The icon is a generic UI element; it does not convey alarm-specific information but serves as a navigation affordance.","The image is very small and low-resolution; the exact UI context (table row, alarm list) is not visible. | No surrounding UI elements are shown to confirm it is specifically in the MRS Manager alarm table."
umn/source/mrs_manager_operation_guide_applicable_to_3.x/alarm_reference_applicable_to_mrs_3.x/alm-12039_active_standby_oms_databases_not_synchronized.rst,ALM-12039 Active/Standby OMS Databases Not Synchronized,en-us_image_0000001532448378.png,icon,partial,0.77,"The image is a small pencil/edit icon, a common symbol for modifying or editing settings. | The RST references this icon in step 18 of the Procedure: 'Click |image2| in the upper right corner, and set Start Date and End Date for log collection.' | A pencil icon is a standard UI affordance for editing parameters such as date ranges, matching the described action. | The icon is a generic UI element; it does not convey log-collection-specific information but serves as a modification affordance.","The image is very small and low-resolution; the exact UI context (log download page, upper-right corner) is not visible. | No surrounding UI elements are shown to confirm it is specifically in the MRS Manager log download interface."
umn/source/mrs_manager_operation_guide_applicable_to_3.x/alarm_reference_applicable_to_mrs_3.x/alm-12040_insufficient_system_entropy.rst,ALM-12040 Insufficient System Entropy,en-us_image_0000001532927350.png,icon,partial,0.72,"The image is a small pencil/edit icon, consistent with a UI symbol used to modify or edit fields. | The RST step 12 instructs the user to click this icon in the upper right corner to set Start Date and End Date for log collection, which aligns with an edit/modify action. | The icon is a generic edit symbol and not specific to the ALM-12040 alarm topic, but it is semantically appropriate for the described action of adjusting date ranges. | No contradiction between the icon and the surrounding text; a pencil icon is a standard representation for editing date or field values.","The image does not show the surrounding MRS Manager UI context (e.g., the log download panel or date fields), so the exact placement in the upper-right corner cannot be visually confirmed. | No label or tooltip is visible on the icon to explicitly confirm it is the date-range edit control."
umn/source/mrs_manager_operation_guide_applicable_to_3.x/alarm_reference_applicable_to_mrs_3.x/alm-12041_incorrect_permission_on_key_files.rst,ALM-12041 Incorrect Permission on Key Files,en-us_image_0000001532927558.jpg,screenshot,pass,1.00,"Terminal screenshot showing file listing output from an ll command | Displays a sed temporary file (sedbT8c5s4) with no permissions (----------), highlighted in red | Directly matches the RST note about temporary files generated after a sed command execution failure | Shows owner omm, group wheel, and zero-size file consistent with the described scenario",
umn/source/mrs_manager_operation_guide_applicable_to_3.x/alarm_reference_applicable_to_mrs_3.x/alm-12041_incorrect_permission_on_key_files.rst,ALM-12041 Incorrect Permission on Key Files,en-us_image_0000001532607890.png,icon,partial,0.72,"Small pencil/edit icon used as a UI button in the MRS Manager portal | Referenced in step 10 of the procedure: 'Click |image2| in the upper right corner' for log collection | The icon is a generic edit/action symbol, not specific to the alarm topic | Image is small and somewhat blurry, making fine details hard to discern","The icon is very small and low-resolution, making it difficult to confirm exact UI context | No surrounding UI elements visible to confirm it is in the upper right corner of a log download page"
umn/source/mrs_manager_operation_guide_applicable_to_3.x/alarm_reference_applicable_to_mrs_3.x/alm-12042_incorrect_configuration_of_key_files.rst,ALM-12042 Incorrect Configuration of Key Files,en-us_image_0000001532927502.png,icon,partial,0.77,"The image is a small pencil/edit glyph, an isolated UI symbol, so it is classified as an icon. | In the RST, |image1| is referenced in Procedure step 8 as the control to click in the upper right corner to set Start Date and End Date for log collection, which is consistent with an edit/settings icon. | The icon is semantically relevant to the log-collection procedure but does not depict the alarm or its configuration details. | The visual content (a pencil symbol) is clearly visible and unambiguous.","The image does not show the surrounding MRS Manager portal UI, so the exact button label or position cannot be confirmed. | No text or tooltip is visible in the icon to confirm it specifically opens the date-range editor."
umn/source/mrs_manager_operation_guide_applicable_to_3.x/alarm_reference_applicable_to_mrs_3.x/alm-12045_read_packet_dropped_rate_exceeds_the_threshold.rst,ALM-12045 Read Packet Dropped Rate Exceeds the Threshold,en-us_image_0000001582927657.png,screenshot,pass,1.00,"Image is the 'Thresholds > Modify Rule' UI matching Figure 1 'Configuring the alarm threshold'. | Shows Severity 'Major' and Threshold '0.5 %', consistent with the ALM-12045 default threshold and Major severity stated in the RST. | Directly supports Procedure step 15 about modifying the Read Packet Dropped Rate threshold.",The specific cluster/Host/Network Reading navigation path is not visible in the cropped view.
umn/source/mrs_manager_operation_guide_applicable_to_3.x/alarm_reference_applicable_to_mrs_3.x/alm-12045_read_packet_dropped_rate_exceeds_the_threshold.rst,ALM-12045 Read Packet Dropped Rate Exceeds the Threshold,en-us_image_0000001583087417.png,icon,partial,0.78,"Small chevron/expand icon referenced as |image1| in Procedure step 1 ('click |image1| in the row containing the alarm'). | It is a generic UI symbol, not a full interface, so semantic detail is limited. | Placement in the alarm-viewing step is consistent with the RST context.",No surrounding alarm table or row context is visible to confirm the exact control function.
umn/source/mrs_manager_operation_guide_applicable_to_3.x/alarm_reference_applicable_to_mrs_3.x/alm-12045_read_packet_dropped_rate_exceeds_the_threshold.rst,ALM-12045 Read Packet Dropped Rate Exceeds the Threshold,en-us_image_0000001532767498.png,screenshot,pass,1.00,"Terminal output of 'ifconfig eth2' matching |image2| in Procedure step 2. | Highlights 'dropped:214676' in the RX packets line, directly illustrating packet loss for the read packet dropped rate alarm. | Consistent with the note about computing packet loss rate from dropped packets.",The exact NIC name in the alarm is not shown; the image uses eth2 as an example.
umn/source/mrs_manager_operation_guide_applicable_to_3.x/alarm_reference_applicable_to_mrs_3.x/alm-12045_read_packet_dropped_rate_exceeds_the_threshold.rst,ALM-12045 Read Packet Dropped Rate Exceeds the Threshold,en-us_image_0000001532607762.png,screenshot,pass,1.00,"Shows 'Read Packet Dropped Rate' with a Switch toggle, matching |image3| in Procedure step 9. | The switch is shown in the off position, consistent with the instruction to toggle Switch off to disable the check. | Directly relevant to disabling the alarm detection function for ALM-12045.",No surrounding Thresholds page navigation is visible in the cropped view.
umn/source/mrs_manager_operation_guide_applicable_to_3.x/alarm_reference_applicable_to_mrs_3.x/alm-12045_read_packet_dropped_rate_exceeds_the_threshold.rst,ALM-12045 Read Packet Dropped Rate Exceeds the Threshold,en-us_image_0000001532448274.png,screenshot,pass,1.00,"Alarm page with 'Clear Alarm', 'Advanced Search', 'Search', 'Reset' controls matching |image4| in Procedure step 10. | Alarm ID field shows '12045', exactly the ALM-12045 alarm referenced in the RST note. | Supports the manual alarm-clearing action described in the procedure.",The alarm list results below the search form are not visible.
umn/source/mrs_manager_operation_guide_applicable_to_3.x/alarm_reference_applicable_to_mrs_3.x/alm-12045_read_packet_dropped_rate_exceeds_the_threshold.rst,ALM-12045 Read Packet Dropped Rate Exceeds the Threshold,en-us_image_0000001532927350.png,icon,partial,0.78,"Small pencil/edit icon referenced as |image5| in Procedure step 22 ('Click |image5| in the upper right corner'). | It is a generic UI symbol used to set log collection date range, not a full interface. | Placement in the log-collection step is consistent with the RST context.",No surrounding log-download dialog or date fields are visible to confirm the exact control function.
umn/source/mrs_manager_operation_guide_applicable_to_3.x/alarm_reference_applicable_to_mrs_3.x/alm-12046_write_packet_dropped_rate_exceeds_the_threshold.rst,ALM-12046 Write Packet Dropped Rate Exceeds the Threshold,en-us_image_0000001582807837.png,screenshot,pass,1.00,"Image shows a 'Thresholds > Modify Rule' form which directly matches the RST's description of configuring the alarm threshold for Write Packet Dropped Rate | The threshold value 0.5% visible in the image matches the RST's stated default value of 0.5% | Severity field shows 'Major' which matches the alarm attribute table in the RST | The form includes Rule Name, Severity, Threshold Type, Date, and Thresholds fields consistent with a threshold configuration interface | Referenced as Figure 1 in step 2 of the Procedure section for modifying the threshold",The breadcrumb shows 'Thresholds > Modify Rule' but the RST path mentions 'O&M > Alarm > Thresholds > cluster > Host > Network Writing > Write Packet Dropped Rate' - the full navigation path is not visible in the screenshot | The specific cluster name and 'Network Writing' / 'Write Packet Dropped Rate' labels are not visible in the screenshot
umn/source/mrs_manager_operation_guide_applicable_to_3.x/alarm_reference_applicable_to_mrs_3.x/alm-12046_write_packet_dropped_rate_exceeds_the_threshold.rst,ALM-12046 Write Packet Dropped Rate Exceeds the Threshold,en-us_image_0000001532927350.png,icon,partial,0.72,"Image is a small pencil/edit icon used as a clickable element in the log collection procedure (step 9) | The RST references it as '|image1|' to click in the upper right corner for setting log collection dates | The icon is a generic edit/pencil symbol, not specific to the alarm topic but relevant as a UI action element | It serves as a visual reference for the user to identify which button to click in the MRS Manager interface","The icon is very small and low-resolution, making it difficult to confirm exact appearance | No surrounding UI context is visible to confirm its placement in the upper right corner of the log collection dialog | The specific function (log collection settings) is not visually apparent from the icon alone"
umn/source/mrs_manager_operation_guide_applicable_to_3.x/alarm_reference_applicable_to_mrs_3.x/alm-12047_read_packet_error_rate_exceeds_the_threshold.rst,ALM-12047 Read Packet Error Rate Exceeds the Threshold,en-us_image_0000001532767698.png,screenshot,pass,0.93,"The image shows a 'Thresholds > Modify Rule' form, which directly matches the RST instruction to modify the alarm threshold in step 2. | The threshold value 0.5% is visible in the image, matching the RST's stated default value of 0.5%. | The form includes fields for Rule Name, Severity (Major), Threshold Type, Date, and Thresholds, all relevant to alarm threshold configuration. | The breadcrumb shows 'Thresholds > Modify Rule' rather than the full navigation path described in the RST (O&M > Alarm > Thresholds > cluster > Host > Network Reading > Read Packet Error Rate), so the specific context is not fully visible.",The full navigation path (O&M > Alarm > Thresholds > cluster > Host > Network Reading > Read Packet Error Rate) is not visible in the breadcrumb. | The specific 'Read Packet Error Rate' label is not visible; the form appears generic.
umn/source/mrs_manager_operation_guide_applicable_to_3.x/alarm_reference_applicable_to_mrs_3.x/alm-12047_read_packet_error_rate_exceeds_the_threshold.rst,ALM-12047 Read Packet Error Rate Exceeds the Threshold,en-us_image_0000001532927350.png,icon,pass,0.83,"The image is a small pencil/edit icon, used as an inline reference (|image1|) in step 9 of the Procedure. | The RST instructs to 'Click |image1| in the upper right corner' to set Start Date and End Date for log collection, and a pencil icon is a common symbol for editing or modifying settings. | The icon is placed in the context of collecting fault information (log download), which is consistent with its use as a button to open a date-range editor. | The icon is small and low-resolution, making it difficult to confirm exact visual details beyond the pencil shape.",The surrounding UI context (the dialog box or page where this icon appears) is not visible. | The exact label or tooltip of the button is not visible.
umn/source/mrs_manager_operation_guide_applicable_to_3.x/alarm_reference_applicable_to_mrs_3.x/alm-12048_write_packet_error_rate_exceeds_the_threshold.rst,ALM-12048 Write Packet Error Rate Exceeds the Threshold,en-us_image_0000001532767658.png,screenshot,pass,1.00,"The image shows a 'Thresholds > Modify Rule' UI form, which directly matches the RST instruction to configure the alarm threshold via O&M > Alarm > Thresholds. | The threshold value 0.5% visible in the image matches the default threshold stated in the RST description. | The Severity field shows 'Major', consistent with the alarm severity in the Attribute table. | The image is explicitly referenced as Figure 1 in step 2 of the Procedure section. | Radio buttons, a dropdown, and text input fields are visible as interactive controls.",The breadcrumb in the image shows only 'Thresholds > Modify Rule' rather than the full path 'O&M > Alarm > Thresholds > cluster > Host > Network Writing > Write Packet Error Rate' described in the RST.
umn/source/mrs_manager_operation_guide_applicable_to_3.x/alarm_reference_applicable_to_mrs_3.x/alm-12048_write_packet_error_rate_exceeds_the_threshold.rst,ALM-12048 Write Packet Error Rate Exceeds the Threshold,en-us_image_0000001532927350.png,icon,partial,0.78,"The image is a small pencil/edit icon, used as an inline image reference (|image1|) in step 9 of the Procedure. | The RST instructs the user to 'Click |image1| in the upper right corner' to set date ranges for log collection, which is consistent with using a small icon as a button. | The icon is directly referenced in the log collection procedure section, making it relevant to the document. | The icon is generic (pencil) and does not provide specific visual context about the log collection dialog.",The icon is too small and generic to confirm it represents the specific button described in the RST for setting Start Date and End Date. | No surrounding UI context is visible to confirm the icon's placement in the upper right corner of a dialog.
umn/source/mrs_manager_operation_guide_applicable_to_3.x/alarm_reference_applicable_to_mrs_3.x/alm-12049_network_read_throughput_rate_exceeds_the_threshold.rst,ALM-12049 Network Read Throughput Rate Exceeds the Threshold,en-us_image_0000001532448486.png,screenshot,pass,1.00,"The image shows a 'Thresholds > Modify Rule' UI form, which directly matches the RST instruction to modify the alarm threshold via O&M > Alarm > Thresholds. | The form contains fields for Rule Name, Severity (Major), Threshold Type (Max/Min value), Date (Daily/Weekly/Other), and a Threshold value with time range, all consistent with configuring a network read throughput rate threshold. | The RST references this as 'Figure 1 Setting alarm thresholds' in step 2 of the Procedure, and the image clearly depicts that exact operation. | The threshold value shown (90.0%) is a user-configured value; the RST states the default is 80% but users can configure as required, so no contradiction.","The image does not explicitly show the navigation path (O&M > Alarm > Thresholds > cluster > Host > Network Reading > Read Throughput Rate), only the 'Thresholds > Modify Rule' breadcrumb."
umn/source/mrs_manager_operation_guide_applicable_to_3.x/alarm_reference_applicable_to_mrs_3.x/alm-12049_network_read_throughput_rate_exceeds_the_threshold.rst,ALM-12049 Network Read Throughput Rate Exceeds the Threshold,en-us_image_0000001582927869.png,icon,partial,0.78,"The RST references this icon (|image1|) in step 4 as the element to click in the alarm list row to obtain the host IP and network port name. | The image shows a small downward-pointing chevron/arrow icon, which is consistent with an expand or detail-navigation control in a table row. | The icon is used in the Procedure section under 'Check whether the network port rate can meet the service requirements,' matching its contextual placement. | The image is very small and low-resolution, making it difficult to confirm exact visual details.",The image is too small and blurry to confirm the exact icon shape or label. | No surrounding UI context is visible to confirm it is in an alarm list row.
umn/source/mrs_manager_operation_guide_applicable_to_3.x/alarm_reference_applicable_to_mrs_3.x/alm-12049_network_read_throughput_rate_exceeds_the_threshold.rst,ALM-12049 Network Read Throughput Rate Exceeds the Threshold,en-us_image_0000001582807921.png,icon,partial,0.78,"The RST references this icon (|image2|) in step 12 as the element to click in the upper right corner to set Start Date and End Date for log collection. | The image shows a small pencil/edit icon, which is consistent with a modify or edit control for setting parameters. | The icon is used in the 'Collect fault information' subsection of the Procedure, matching its contextual placement for configuring log download parameters. | The image is very small and low-resolution, making it difficult to confirm exact visual details.",The image is too small and blurry to confirm the exact icon shape or label. | No surrounding UI context is visible to confirm it is in the upper right corner of a log download dialog.
umn/source/mrs_manager_operation_guide_applicable_to_3.x/alarm_reference_applicable_to_mrs_3.x/alm-12050_network_write_throughput_rate_exceeds_the_threshold.rst,ALM-12050 Network Write Throughput Rate Exceeds the Threshold,en-us_image_0000001532448282.png,screenshot,pass,0.93,"The image is a UI screenshot of a 'Thresholds > Modify Rule' form, directly matching the RST reference 'Figure 1 Setting alarm thresholds'. | The form shows Rule Name, Severity (Major), Threshold Type (Max value), Date (Daily), and a threshold value of 90.0%, consistent with the alarm threshold modification procedure described in the RST. | The Severity field shows 'Major', matching the alarm severity table in the RST. | The threshold value shown is 90.0% rather than the default 80%, but the RST explicitly states users can configure the value as required, so this is not a contradiction. | The breadcrumb shows 'Thresholds > Modify Rule' rather than the full path 'O&M > Alarm > Thresholds > cluster > Host > Network Writing > Write Throughput Rate', so the specific navigation path is not visible.",The full navigation path (O&M > Alarm > Thresholds > cluster > Host > Network Writing > Write Throughput Rate) is not visible in the breadcrumb. | The specific cluster name and host context are not shown in the form.
umn/source/mrs_manager_operation_guide_applicable_to_3.x/alarm_reference_applicable_to_mrs_3.x/alm-12050_network_write_throughput_rate_exceeds_the_threshold.rst,ALM-12050 Network Write Throughput Rate Exceeds the Threshold,en-us_image_0000001532767506.png,icon,partial,0.73,"The image is a small downward-pointing chevron/arrow icon, consistent with a UI element in a table row of the real-time alarm list. | The RST references this icon (|image1|) in step 4: 'click |image1| in the row where the alarm is located in the real-time alarm list and obtain the IP address of the host and the network port name'. | A chevron icon in a table row is a common UI pattern for expanding or revealing additional details, which aligns with obtaining host IP and network port information. | The image is very small and low-resolution, making it difficult to discern fine details.",The image is too small and blurry to confirm the exact icon shape or color with certainty. | No surrounding UI context is visible to confirm it is in an alarm list table row.
umn/source/mrs_manager_operation_guide_applicable_to_3.x/alarm_reference_applicable_to_mrs_3.x/alm-12050_network_write_throughput_rate_exceeds_the_threshold.rst,ALM-12050 Network Write Throughput Rate Exceeds the Threshold,en-us_image_0000001583087425.png,icon,partial,0.73,"The image is a small pencil/edit icon, consistent with a UI element for modifying or editing settings. | The RST references this icon (|image2|) in step 12: 'Click |image2| in the upper right corner, and set Start Date and End Date for log collection'. | A pencil icon is a common UI convention for edit/modify actions, which aligns with setting date parameters for log collection. | The image is very small and low-resolution, making it difficult to discern fine details.",The image is too small and blurry to confirm the exact icon shape or color with certainty. | No surrounding UI context is visible to confirm it is in the upper right corner of a log collection dialog.
umn/source/mrs_manager_operation_guide_applicable_to_3.x/alarm_reference_applicable_to_mrs_3.x/alm-12051_disk_inode_usage_exceeds_the_threshold.rst,ALM-12051 Disk Inode Usage Exceeds the Threshold,en-us_image_0000001583127373.png,icon,partial,0.72,"The image is a small downward chevron/arrow icon, consistent with a 'view details' or 'expand' control in a table row. | The RST references this icon in Procedure step 1: 'click |image1| in the row where the alarm is located in the real-time alarm list'. | The icon is a generic UI symbol and does not directly illustrate the disk inode alarm topic. | The icon is relevant to the Procedure section where it is used to navigate the alarm list.","The icon is very small and low-resolution, making it difficult to confirm exact UI context. | No surrounding UI elements are visible to confirm it is specifically an alarm-list row action icon."
umn/source/mrs_manager_operation_guide_applicable_to_3.x/alarm_reference_applicable_to_mrs_3.x/alm-12051_disk_inode_usage_exceeds_the_threshold.rst,ALM-12051 Disk Inode Usage Exceeds the Threshold,en-us_image_0000001532927410.png,icon,partial,0.72,"The image is a small pencil/edit icon, consistent with a 'configure' or 'edit parameters' control. | The RST references this icon in Procedure step 9: 'Click |image2| in the upper right corner, and set Start Date and End Date for log collection'. | The icon is a generic UI symbol and does not directly illustrate the disk inode alarm topic. | The icon is relevant to the Procedure section where it is used to set log collection date parameters.","The icon is very small and low-resolution, making it difficult to confirm exact UI context. | No surrounding UI elements are visible to confirm it is specifically a log-collection date-range editor icon."
umn/source/mrs_manager_operation_guide_applicable_to_3.x/alarm_reference_applicable_to_mrs_3.x/alm-12052_tcp_temporary_port_usage_exceeds_the_threshold.rst,ALM-12052 TCP Temporary Port Usage Exceeds the Threshold,en-us_image_0000001532607970.png,icon,partial,0.67,"The image is a small chevron/arrow icon used in step 1 of the Procedure to click in the alarm list row. | The RST describes clicking this icon to obtain the IP address of the host, which is consistent with an expand/view detail icon in a table row. | The icon is a generic UI element and does not specifically illustrate TCP temporary port usage or the alarm itself. | The image is very small and blurry, making detailed visual assessment difficult.",The icon is too small and blurry to confirm its exact appearance or label. | No surrounding UI context is visible to confirm it is specifically an expand or view-details button in the alarm list.
umn/source/mrs_manager_operation_guide_applicable_to_3.x/alarm_reference_applicable_to_mrs_3.x/alm-12052_tcp_temporary_port_usage_exceeds_the_threshold.rst,ALM-12052 TCP Temporary Port Usage Exceeds the Threshold,en-us_image_0000001582807913.png,icon,partial,0.67,"The image is a small pencil/edit icon used in step 13 of the Procedure for setting date ranges for log collection. | The RST describes clicking this icon in the upper right corner to set Start Date and End Date, which is consistent with an edit icon for date fields. | The icon is a generic UI element and does not specifically illustrate TCP temporary port usage or the alarm itself. | The image is very small and blurry, making detailed visual assessment difficult.",The icon is too small and blurry to confirm its exact appearance or label. | No surrounding UI context is visible to confirm it is specifically an edit button for date range fields.
umn/source/mrs_manager_operation_guide_applicable_to_3.x/alarm_reference_applicable_to_mrs_3.x/alm-12053_host_file_handle_usage_exceeds_the_threshold.rst,ALM-12053 Host File Handle Usage Exceeds the Threshold,en-us_image_0000001532927418.png,icon,partial,0.67,"The image is a small downward chevron/arrow icon, consistent with a UI expand/detail icon used in a table row. | The RST references this icon in step 1 of the Procedure: 'click |image1| in the row where the alarm is located in the real-time alarm list and obtain the IP address of the host.' | A chevron icon is a common UI element for expanding a row to reveal details such as an IP address. | The image is very small and low-resolution, making it difficult to confirm exact visual details.",The image is too small and blurry to confirm the exact icon design or label. | No surrounding UI context is visible to confirm it belongs to the MRS Manager alarm list.
umn/source/mrs_manager_operation_guide_applicable_to_3.x/alarm_reference_applicable_to_mrs_3.x/alm-12053_host_file_handle_usage_exceeds_the_threshold.rst,ALM-12053 Host File Handle Usage Exceeds the Threshold,en-us_image_0000001532607746.png,icon,partial,0.67,"The image is a small downward chevron/arrow icon, visually similar to image1. | The RST references this icon in step 7 of the Procedure: 'click |image2| in the row where the alarm is located in the real-time alarm list and obtain the IP address of the host.' | The usage context (expanding an alarm row to get IP) is consistent with a chevron/expand icon. | The image is very small and low-resolution, limiting visual confirmation.",The image is too small and blurry to confirm exact icon design. | No surrounding UI context is visible to confirm it belongs to the MRS Manager alarm list.
umn/source/mrs_manager_operation_guide_applicable_to_3.x/alarm_reference_applicable_to_mrs_3.x/alm-12053_host_file_handle_usage_exceeds_the_threshold.rst,ALM-12053 Host File Handle Usage Exceeds the Threshold,en-us_image_0000001582927641.png,icon,partial,0.72,"The image is a small pencil/edit icon, a common UI symbol for modifying or configuring settings. | The RST references this icon in step 17: 'Click |image3| in the upper right corner, and set Start Date and End Date for log collection.' | A pencil icon is consistent with an edit/configure action for setting date parameters. | The icon is small but the pencil shape is discernible.",No surrounding UI context is visible to confirm it belongs to the log download dialog in MRS Manager. | The exact placement ('upper right corner') cannot be verified from the isolated icon.
umn/source/mrs_manager_operation_guide_applicable_to_3.x/alarm_reference_applicable_to_mrs_3.x/alm-12054_invalid_certificate_file.rst,ALM-12054 Invalid Certificate File,en-us_image_0000001532448262.png,icon,partial,0.72,"Small downward chevron/arrow icon used in MRS Manager UI | Referenced in step 1 of the Procedure as the element to click to view Additional Information about the alarm | Consistent with a 'view more' or 'expand' action in an alarm list interface | Generic UI element, not specific to certificate management but used in the alarm context","Icon is very small and low resolution, making exact UI context unclear | No surrounding interface visible to confirm it is part of the alarm list view"
umn/source/mrs_manager_operation_guide_applicable_to_3.x/alarm_reference_applicable_to_mrs_3.x/alm-12054_invalid_certificate_file.rst,ALM-12054 Invalid Certificate File,en-us_image_0000001532927350.png,icon,partial,0.72,Small pencil/edit icon used in MRS Manager UI | Referenced in step 9 of the Procedure as the element to click to set Start Date and End Date for log collection | Consistent with an edit/modify action for configuring log download parameters | Generic UI element used in the O&M log collection procedure,"Icon is very small and low resolution, making exact UI context unclear | No surrounding interface visible to confirm it is in the upper right corner of the log download page"
umn/source/mrs_manager_operation_guide_applicable_to_3.x/alarm_reference_applicable_to_mrs_3.x/alm-12055_the_certificate_file_is_about_to_expire.rst,ALM-12055 The Certificate File Is About to Expire,en-us_image_0000001532448262.png,icon,partial,0.77,"The image is a small downward chevron/arrow icon, matching the |image1| reference in step 1 of the Procedure. | Step 1 instructs to click this icon in the real-time alarm list to view Additional Information, consistent with an expand/view control. | The icon is an isolated UI symbol, not a full application screenshot. | No contradiction between the icon and the surrounding RST text.","The image shows only the chevron symbol without surrounding MRS Manager UI context, so the exact button label is not visible. | No color or full interface is shown to confirm the precise control type beyond an expand arrow."
umn/source/mrs_manager_operation_guide_applicable_to_3.x/alarm_reference_applicable_to_mrs_3.x/alm-12055_the_certificate_file_is_about_to_expire.rst,ALM-12055 The Certificate File Is About to Expire,en-us_image_0000001532927350.png,icon,partial,0.77,"The image is a small pencil/edit icon, matching the |image2| reference in step 9 of the Procedure. | Step 9 instructs to click this icon in the upper right corner to set Start Date and End Date for log collection, consistent with an edit control. | The icon is an isolated UI symbol, not a full application screenshot. | No contradiction between the icon and the surrounding RST text.","The image shows only the pencil symbol without surrounding MRS Manager UI context, so the exact button label is not visible. | No full interface is shown to confirm the precise control type beyond an edit icon."
umn/source/mrs_manager_operation_guide_applicable_to_3.x/alarm_reference_applicable_to_mrs_3.x/alm-12057_metadata_not_configured_with_the_task_to_periodically_back_up_data_to_a_third-party_server.rst,ALM-12057 Metadata Not Configured with the Task to Periodically Back Up Data to a Third-Party Server,en-us_image_0000001532927570.png,icon,partial,0.72,"The image is a small chevron/expand icon, consistent with a UI element used to expand a table row. | The RST step 2 instructs the user to click this icon in the alarm list row to reveal Additional Information, which matches the expand/collapse semantics of a chevron. | The icon is a generic UI symbol, not specific to the ALM-12057 alarm topic itself. | The image is very low resolution but the V-shaped chevron is identifiable.",The image is too small/low-resolution to confirm exact styling or context within the full UI. | No surrounding UI elements are visible to confirm it is specifically in an alarm list table.
umn/source/mrs_manager_operation_guide_applicable_to_3.x/alarm_reference_applicable_to_mrs_3.x/alm-12057_metadata_not_configured_with_the_task_to_periodically_back_up_data_to_a_third-party_server.rst,ALM-12057 Metadata Not Configured with the Task to Periodically Back Up Data to a Third-Party Server,en-us_image_0000001583087553.png,icon,partial,0.72,"The image is a small pencil/edit icon, a common UI symbol for configuring or editing settings. | The RST step 8 instructs the user to click this icon in the upper right corner to set Start Date and End Date for log collection, which aligns with an edit/configure action. | The icon is a generic UI symbol, not specific to the ALM-12057 alarm topic itself. | The image is very low resolution but the pencil shape is identifiable.",The image is too small/low-resolution to confirm exact styling or context within the full UI. | No surrounding UI elements are visible to confirm it is specifically in the log download panel.
umn/source/mrs_manager_operation_guide_applicable_to_3.x/alarm_reference_applicable_to_mrs_3.x/alm-12061_process_usage_exceeds_the_threshold.rst,ALM-12061 Process Usage Exceeds the Threshold,en-us_image_0000001583127621.png,screenshot,pass,0.93,"The image shows a 'Thresholds > Modify Rule' UI page, which directly matches the RST figure caption 'Setting an alarm threshold'. | The page displays threshold configuration fields (Rule Name, Severity, Threshold Type, Date, Threshold value of 90.0%), consistent with the RST instruction to set the alarm threshold for omm Process Usage. | The 90.0% threshold value aligns with the RST's mention of 90% of the threshold for alarm clearing conditions. | The image is explicitly referenced as Figure 1 in the Procedure section, step 1, for checking/setting the alarm threshold. | The specific 'omm Process Usage' label is not visible in the screenshot, only the generic threshold modification form is shown.",The specific alarm name 'omm Process Usage' is not visible in the screenshot; only a generic 'Modify Rule' form is shown. | The navigation path (O&M > Alarm > Thresholds > cluster > Host > Process) is not visible in the image.
umn/source/mrs_manager_operation_guide_applicable_to_3.x/alarm_reference_applicable_to_mrs_3.x/alm-12061_process_usage_exceeds_the_threshold.rst,ALM-12061 Process Usage Exceeds the Threshold,en-us_image_0000001532927646.png,icon,pass,0.83,"The image is a small pencil/edit icon, referenced in the RST as |image1| in step 14: 'Click |image1| in the upper right corner.' | The icon represents an edit/modify action, which is contextually appropriate for opening a dialog to set Start Date and End Date for log download. | It is used in the 'Collect fault information' procedure section, step 14, for configuring date ranges before downloading logs. | The icon is a generic edit symbol and does not provide specific visual detail about the log download dialog it triggers.",The icon is a generic pencil symbol; it does not show the actual dialog box or date fields mentioned in the RST. | No label or tooltip is visible on the icon to confirm its specific function in the MRS Manager UI.
umn/source/mrs_manager_operation_guide_applicable_to_3.x/alarm_reference_applicable_to_mrs_3.x/alm-12062_oms_parameter_configurations_mismatch_with_the_cluster_scale.rst,ALM-12062 OMS Parameter Configurations Mismatch with the Cluster Scale,en-us_image_0000001532607874.png,icon,partial,0.72,"The image is a small pencil/edit icon, consistent with an isolated UI symbol (icon classification). | In the RST, |image1| is referenced in step 9 of the Procedure: 'Click |image1| in the upper right corner, and set Start Date and End Date for log collection.' A pencil icon is a plausible representation of an edit/set control for date parameters. | The icon is semantically relevant to the log-collection sub-step of the alarm-handling procedure, though it is a generic edit symbol rather than something specific to OMS or cluster scale. | No contradiction between the icon and the surrounding text; a pencil icon commonly denotes 'edit' or 'set' in UI contexts.","The image is very small and slightly blurry, making it difficult to confirm exact styling or whether it is part of a larger toolbar. | The RST does not provide an alt-text or caption describing the icon beyond its positional reference ('upper right corner'). | No surrounding UI context is visible to confirm the icon's exact function (e.g., date-range picker vs. generic edit)."
umn/source/mrs_manager_operation_guide_applicable_to_3.x/alarm_reference_applicable_to_mrs_3.x/alm-12063_unavailable_disk.rst,ALM-12063 Unavailable Disk,en-us_image_0000001583087405.png,icon,pass,0.83,"The image is a small pencil/edit pictogram, an isolated UI symbol, so it is classified as an icon. | In the RST, |image1| is referenced in Procedure step 10 as a control to click in the upper right corner to set Start Date and End Date for log collection, which matches an edit/pencil icon. | The icon is placed within the Procedure section and is directly relevant to the log-collection steps for the ALM-12063 alarm. | The visual content (a pencil graphic) is clearly visible and unambiguous. | No contradiction between the image and the surrounding RST text.","The image shows only the icon without surrounding UI context, so the exact button label or tooltip is not visible. | The image does not itself display the Start Date / End Date fields mentioned in the text."
umn/source/mrs_manager_operation_guide_applicable_to_3.x/alarm_reference_applicable_to_mrs_3.x/alm-12064_host_random_port_range_conflicts_with_cluster_used_port.rst,ALM-12064 Host Random Port Range Conflicts with Cluster Used Port,en-us_image_0000001532767522.png,icon,pass,0.83,"The image is a small pencil/edit pictogram, matching the |image1| reference used in step 9 of the Procedure. | It is an isolated UI symbol (icon), not a full application screenshot. | The icon is consistent with the instruction to click a control in the upper right corner to set log collection date range. | No contradiction between the icon and the surrounding rst text.","The image does not show the surrounding MRS Manager log download UI, so the exact button label/context is not visible. | No text or tooltip is present in the icon to confirm its function beyond an edit/setting action."
umn/source/mrs_manager_operation_guide_applicable_to_3.x/alarm_reference_applicable_to_mrs_3.x/alm-12066_trust_relationships_between_nodes_become_invalid.rst,ALM-12066 Trust Relationships Between Nodes Become Invalid,en-us_image_0000001532448306.png,icon,partial,0.77,"Image is a small downward chevron/expand arrow, an isolated UI symbol. | Referenced as |image1| in Procedure step 1: 'click |image1| to view the host list in the alarm details.' | The expand/chevron icon is consistent with revealing a host list in alarm details.",No surrounding UI context is visible to confirm the exact alarm-details interface.
umn/source/mrs_manager_operation_guide_applicable_to_3.x/alarm_reference_applicable_to_mrs_3.x/alm-12066_trust_relationships_between_nodes_become_invalid.rst,ALM-12066 Trust Relationships Between Nodes Become Invalid,en-us_image_0000001583087445.png,icon,partial,0.77,"Image is a small pencil/edit icon, an isolated UI symbol. | Referenced as |image2| in Procedure step 11: 'Click |image2| in the upper right corner to set the log collection time range.' | An edit/pencil icon is consistent with opening a time-range setting control.",No surrounding UI context is visible to confirm the log-download page layout.
umn/source/mrs_manager_operation_guide_applicable_to_3.x/alarm_reference_applicable_to_mrs_3.x/alm-12066_trust_relationships_between_nodes_become_invalid.rst,ALM-12066 Trust Relationships Between Nodes Become Invalid,en-us_image_0000001582927685.png,screenshot,pass,1.00,"Terminal screenshot showing 'ssh-add -l' returning 'The agent has no identities.' | Matches Related Information step 1, which runs 'ssh-add -l' to check whether identities exist. | The 'no identities' output aligns with the branch that leads to step 2 (stop ssh-agent).",No additional context beyond the terminal output is shown.
umn/source/mrs_manager_operation_guide_applicable_to_3.x/alarm_reference_applicable_to_mrs_3.x/alm-12066_trust_relationships_between_nodes_become_invalid.rst,ALM-12066 Trust Relationships Between Nodes Become Invalid,en-us_image_0000001532767530.png,screenshot,pass,1.00,"Terminal screenshot showing 'ps -ef|grep ssh-agent' listing ssh-agent and ssh-agent-monitor processes. | Matches Related Information step 2, which runs 'ps -ef|grep ssh-agent' to find the ssh-agent process. | Output is consistent with locating the ssh-agent process to stop it.","The actual stop/restart action is not shown, only the process listing."
umn/source/mrs_manager_operation_guide_applicable_to_3.x/alarm_reference_applicable_to_mrs_3.x/alm-12066_trust_relationships_between_nodes_become_invalid.rst,ALM-12066 Trust Relationships Between Nodes Become Invalid,en-us_image_0000001582807737.png,screenshot,pass,1.00,"Terminal screenshot showing 'ssh-add -l' now returning an identity (2048 SHA256 ... /home/omm/.ssh/id_rsa (RSA)). | Matches Related Information step 3, which re-runs 'ssh-add -l' to confirm identities were added. | Followed by an 'ssh 10.33.109.226' command, consistent with manually verifying the trust relationship.",The full result of the manual ssh connection is not fully visible.
umn/source/mrs_manager_operation_guide_applicable_to_3.x/alarm_reference_applicable_to_mrs_3.x/alm-12067_tomcat_resource_is_abnormal.rst,ALM-12067 Tomcat Resource Is Abnormal,en-us_image_0000001583127457.png,icon,partial,0.67,"The image is a small downward chevron/arrow icon, consistent with a clickable element in a table row to expand or view details. | The RST references this icon in step 1 of the Procedure: 'click |image1| to view the IP address of the host for which the alarm is generated.' | The icon is generic (a simple chevron) and not specific to Tomcat or the alarm, but it is semantically appropriate as a UI affordance for viewing details. | The image is very small and low-resolution, making it difficult to confirm exact visual details.",The image is too small and blurry to confirm the exact shape or label of the icon. | No surrounding UI context is visible to confirm it appears in an alarm list table row.
umn/source/mrs_manager_operation_guide_applicable_to_3.x/alarm_reference_applicable_to_mrs_3.x/alm-12067_tomcat_resource_is_abnormal.rst,ALM-12067 Tomcat Resource Is Abnormal,en-us_image_0000001532767558.png,icon,partial,0.67,"The image is a small pencil/edit icon, consistent with a button used to set or modify parameters such as date ranges. | The RST references this icon in step 8 of the Procedure: 'Click |image2| in the upper right corner, and set Start Date and End Date for log collection.' | A pencil icon is a common UI symbol for editing or configuring settings, which aligns with setting date parameters. | The image is very small and low-resolution, making it difficult to confirm exact visual details.",The image is too small and blurry to confirm the exact shape or label of the icon. | No surrounding UI context is visible to confirm it appears in the upper right corner of a log download panel.
umn/source/mrs_manager_operation_guide_applicable_to_3.x/alarm_reference_applicable_to_mrs_3.x/alm-12068_acs_resource_exception.rst,ALM-12068 ACS Resource Exception,en-us_image_0000001582927805.png,icon,partial,0.78,"The image is a small downward chevron/arrow icon, consistent with a UI expand/view symbol. | In the RST it is referenced as |image1| in Procedure step 1: 'click |image1| to view the name of the host', matching a small view/expand icon. | It is a generic UI symbol, not specific to the ACS resource exception topic, so topic match is moderate. | No contradiction between the icon and its described use.","The icon is low-resolution and lacks surrounding UI context, so its exact function (expand vs. view) is inferred from the RST text."
umn/source/mrs_manager_operation_guide_applicable_to_3.x/alarm_reference_applicable_to_mrs_3.x/alm-12068_acs_resource_exception.rst,ALM-12068 ACS Resource Exception,en-us_image_0000001532607914.png,icon,partial,0.78,"The image is a small pencil/edit icon, a common UI symbol for editing or setting values. | In the RST it is referenced as |image2| in Procedure step 8: 'Click |image2| in the upper right corner, and set Start Date and End Date', matching an edit icon. | It is a generic UI symbol, not specific to the ACS resource exception topic, so topic match is moderate. | No contradiction between the icon and its described use.","The icon is low-resolution and lacks surrounding UI context, so its exact role (edit date range) is inferred from the RST text."
umn/source/mrs_manager_operation_guide_applicable_to_3.x/alarm_reference_applicable_to_mrs_3.x/alm-12069_aos_resource_exception.rst,ALM-12069 AOS Resource Exception,en-us_image_0000001532448286.png,icon,partial,0.72,"The image is a small downward chevron/arrow icon, consistent with a UI expand or view-details control. | The RST step 1 instructs the user to click this icon in the alarm list to view the host name, which matches a typical expand/detail chevron in a table row. | The icon is a generic UI symbol; it does not contain text or specific branding that would tie it more tightly to the AOS alarm topic. | No contradiction between the icon and its described usage in the procedure.","The image is very small and low-resolution, making it difficult to confirm exact styling or context beyond a simple chevron shape. | No surrounding UI context is visible to confirm it belongs to the MRS Manager alarm list specifically."
umn/source/mrs_manager_operation_guide_applicable_to_3.x/alarm_reference_applicable_to_mrs_3.x/alm-12069_aos_resource_exception.rst,ALM-12069 AOS Resource Exception,en-us_image_0000001582927665.png,icon,partial,0.72,"The image is a small pencil/edit icon, a common UI symbol for modifying or editing settings. | The RST step 8 instructs the user to click this icon in the upper right corner to set Start Date and End Date for log collection, which is consistent with an edit/modify action. | The icon is a generic UI symbol; it does not contain text or specific branding that would tie it more tightly to the AOS alarm topic. | No contradiction between the icon and its described usage in the procedure.","The image is very small and low-resolution, making it difficult to confirm exact styling beyond a simple pencil shape. | No surrounding UI context is visible to confirm it belongs to the MRS Manager log download page specifically."
umn/source/mrs_manager_operation_guide_applicable_to_3.x/alarm_reference_applicable_to_mrs_3.x/alm-12070_controller_resource_is_abnormal.rst,ALM-12070 Controller Resource Is Abnormal,en-us_image_0000001582927629.png,icon,pass,1.00,"The image is a small pencil/edit icon, matching the |image1| reference in step 8 of the Procedure. | Step 8 instructs to click the icon in the upper right corner to set Start Date and End Date, consistent with an edit/pencil control. | The icon is placed within the log-collection procedure for ALM-12070, so it is topically and sectionally relevant. | The visual content (a pencil symbol) is clearly visible and unambiguous.","The surrounding UI context (the upper-right corner of the log download page) is not shown, only the isolated icon. | No label or tooltip is visible to confirm the exact function of the icon."
umn/source/mrs_manager_operation_guide_applicable_to_3.x/alarm_reference_applicable_to_mrs_3.x/alm-12071_httpd_resource_is_abnormal.rst,ALM-12071 Httpd Resource Is Abnormal,en-us_image_0000001582927741.png,icon,pass,1.00,"The image is a small pencil/edit pictogram, i.e., an isolated UI symbol (icon). | It is referenced in the RST as |image1| in step 9 of the Procedure, where the user clicks it in the upper right corner to open the date-range dialog. | The icon's edit/modify semantics align with opening a dialog to set Start Date and End Date. | No contradiction between the icon and the surrounding alarm procedure text.",No surrounding UI or page context is visible; only the isolated icon is shown. | No text label or tooltip is present in the image to confirm its exact function.
umn/source/mrs_manager_operation_guide_applicable_to_3.x/alarm_reference_applicable_to_mrs_3.x/alm-12072_floatip_resource_is_abnormal.rst,ALM-12072 FloatIP Resource Is Abnormal,en-us_image_0000001582807857.png,icon,partial,0.67,"The image is a small pencil/edit pictogram, i.e., an isolated UI symbol, so it is classified as an icon. | In the RST, |image1| is referenced in Procedure step 10 as a control to click in the upper right corner to open a date dialog, matching an editable/settings icon. | The icon is a generic edit symbol and is not specific to the FloatIP alarm topic, limiting topic match. | The pencil icon is consistent with an 'edit/set parameters' action described in the text, supporting detail and section relevance. | The image clearly and unambiguously shows a pencil icon, providing strong visual evidence. | No contradiction between the icon and the surrounding procedure text.","The image does not show the surrounding UI context (e.g., the upper-right corner or the date dialog box) referenced in the text. | No label or tooltip is visible to confirm the exact function of the icon."
umn/source/mrs_manager_operation_guide_applicable_to_3.x/alarm_reference_applicable_to_mrs_3.x/alm-12073_cep_resource_is_abnormal.rst,ALM-12073 CEP Resource Is Abnormal,en-us_image_0000001532927546.png,icon,pass,0.83,"The image is a small isolated pencil/edit pictogram, matching the 'icon' classification. | In the RST, |image1| is referenced in Procedure step 8 as the control to click in the upper right corner to open the date-range dialog, so the icon is semantically tied to that action. | The icon appears within the Procedure section, directly supporting the log-download steps. | The visual content (a pencil symbol) is clearly visible and unambiguous. | No contradiction between the icon and the surrounding text.","The image is an isolated symbol without surrounding UI context, so the exact button label or dialog it opens is not visible. | No color or full interface is shown to confirm the precise control type beyond an edit/pencil glyph."
umn/source/mrs_manager_operation_guide_applicable_to_3.x/alarm_reference_applicable_to_mrs_3.x/alm-12074_fms_resource_is_abnormal.rst,ALM-12074 FMS Resource Is Abnormal,en-us_image_0000001532767442.png,icon,partial,0.77,"The image is a small pencil/edit pictogram, matching the RST reference |image1| used in step 8 of the Procedure. | The RST instructs to 'Click |image1| in the upper right corner' to open a date-range dialog, consistent with an edit/settings button icon. | The icon is semantically tied to the log-download procedure for collecting fault information in this alarm guide. | The image clearly depicts a pencil symbol, providing clear visual evidence of an icon.","No surrounding UI or interface is visible, so the exact button context cannot be confirmed. | The image is low resolution, limiting detail verification of the symbol."
umn/source/mrs_manager_operation_guide_applicable_to_3.x/alarm_reference_applicable_to_mrs_3.x/alm-12075_pms_resource_is_abnormal.rst,ALM-12075 PMS Resource Is Abnormal,en-us_image_0000001532607658.png,icon,pass,0.83,"The image is a small pencil/edit pictogram, i.e. an isolated UI symbol, matching the RST substitution |image1|. | In step 8 of the Procedure, the RST instructs the user to click this icon in the upper right corner to open a dialog for setting Start Date and End Date, so the icon is semantically tied to that action. | The icon is consistent with an 'edit/open dialog' control and does not contradict the surrounding text. | The image is a standalone icon rather than a full application screenshot, so no interactive controls are rendered within it.","No surrounding UI context (no dialog box, no date fields, no toolbar) is visible in the image. | The icon is low-resolution and slightly blurry, making fine detail hard to confirm."
umn/source/mrs_manager_operation_guide_applicable_to_3.x/alarm_reference_applicable_to_mrs_3.x/alm-12076_gaussdb_resource_is_abnormal.rst,ALM-12076 GaussDB Resource Is Abnormal,en-us_image_0000001583087397.jpg,screenshot,pass,1.00,"The image shows a status table output from the status-oms.sh script, directly matching step 4 of the procedure. | GaussDB and gaussdb6 entries show Active_normal (active node) and Standby_normal (standby node) statuses, consistent with the expected healthy state described in the RST. | The table includes relevant components (gaussdb, gaussdb6, masterCheck) with their operational modes (Active_Standby, Single_active, Double_active). | The image is explicitly referenced as |image1| in the RST for verifying floating IP and GaussDB resource status.","The image does not explicitly label which section is the active node vs. standby node, though the status values imply it."
umn/source/mrs_manager_operation_guide_applicable_to_3.x/alarm_reference_applicable_to_mrs_3.x/alm-12076_gaussdb_resource_is_abnormal.rst,ALM-12076 GaussDB Resource Is Abnormal,en-us_image_0000001532607742.png,icon,partial,0.78,"The image is a small pencil/edit icon, consistent with a UI button for setting or editing parameters. | The RST references this icon in step 7: 'Click |image2| in the upper right corner' to set Start Date and End Date for log download. | The icon is a generic UI element (pencil) and not specific to GaussDB or the alarm itself, but it is correctly placed in the log collection procedure. | The icon is small and slightly blurry, making fine details hard to discern, but the pencil shape is recognizable.","The icon is very small and low-resolution; surrounding UI context (e.g., the upper-right corner placement) is not visible. | No label or tooltip is visible to confirm its exact function beyond the RST description."
umn/source/mrs_manager_operation_guide_applicable_to_3.x/alarm_reference_applicable_to_mrs_3.x/alm-12077_user_omm_expired.rst,ALM-12077 User omm Expired,en-us_image_0000001582807821.png,icon,pass,0.83,"The image is an isolated pencil/edit icon, matching the RST reference |image1| used in Procedure step 6. | The RST instructs to click this icon in the upper right corner to open a dialog for setting Start Date and End Date, so the icon is semantically tied to the procedure. | The icon is directly referenced within the Procedure section, making it relevant to that section. | The visual content (a small pencil symbol) is clearly visible and unambiguous. | No contradiction: a pencil/edit icon is a plausible control for adjusting date ranges.","The image does not show the dialog box, Start Date/End Date fields, or the upper-right corner context described in the text. | No surrounding UI is visible to confirm the icon's exact placement or label."
umn/source/mrs_manager_operation_guide_applicable_to_3.x/alarm_reference_applicable_to_mrs_3.x/alm-12078_password_of_user_omm_expired.rst,ALM-12078 Password of User omm Expired,en-us_image_0000001532448218.png,icon,partial,0.77,"The image is a small pencil/edit pictogram, matching the |image1| reference used in step 6 of the Procedure. | It is an isolated UI symbol (icon), not a full application or page screenshot. | The icon is consistent with a clickable control in the upper-right corner of the MRS Manager log download dialog described in the text. | No contradiction between the icon and the surrounding reStructuredText content.","The image does not show the surrounding dialog or interface, so the exact button label/context is not visible. | No textual label accompanies the icon to confirm its precise function (e.g., edit vs. settings)."
umn/source/mrs_manager_operation_guide_applicable_to_3.x/alarm_reference_applicable_to_mrs_3.x/alm-12079_user_omm_is_about_to_expire.rst,ALM-12079 User omm Is About to Expire,en-us_image_0000001532448438.png,icon,partial,0.77,"The image is a small isolated pencil/edit pictogram, matching the 'icon' classification. | In the RST, |image1| is referenced in Procedure step 6 as a control to click in the upper right corner of the log download dialog, so the icon is semantically tied to that step. | The icon is a generic edit symbol and does not itself depict the date-range dialog described in the text, limiting detail match. | No contradiction between the icon and the surrounding procedure text.","The image does not show the surrounding dialog or the 'Start Date'/'End Date' fields mentioned in the text. | No label or tooltip is visible to confirm the icon's exact function (e.g., edit date range)."
umn/source/mrs_manager_operation_guide_applicable_to_3.x/alarm_reference_applicable_to_mrs_3.x/alm-12080_password_of_user_omm_is_about_to_expire.rst,ALM-12080 Password of User omm Is About to Expire,en-us_image_0000001582927781.png,icon,partial,0.77,"The image is a small pencil/edit icon, matching the isolated UI symbol definition for 'icon'. | In the RST, |image1| is referenced in step 6 of the Procedure as a control to click in the upper right corner to open a date dialog, so the icon is semantically relevant to the alarm handling procedure. | The icon is a generic edit/pencil symbol; it does not depict the specific MRS Manager UI or the date dialog described, so detail match is moderate. | The image clearly shows a pencil graphic with a blue outline and orange body, providing clear visual evidence of an edit-type icon. | No contradiction between the icon and the surrounding text; the text only says to click the icon, which is consistent with an edit/pencil symbol.",The image does not show the surrounding MRS Manager UI or the upper-right-corner context described in step 6. | The image does not show the dialog box with Start Date / End Date fields mentioned immediately after the click action.
umn/source/mrs_manager_operation_guide_applicable_to_3.x/alarm_reference_applicable_to_mrs_3.x/alm-12081_user_ommdba_expired.rst,ALM-12081 User ommdba Expired,en-us_image_0000001582807877.png,icon,partial,0.77,"The image is a small pencil/edit pictogram, matching the |image1| reference in step 6 of the Procedure. | It is used as a UI symbol for the action 'Click |image1| in the upper right corner' to open the date-range dialog for log download. | The icon is semantically consistent with an edit/settings control in the MRS Manager log download workflow. | No contradiction between the icon and the surrounding RST text.","The image is an isolated icon, so the surrounding UI context (upper-right corner placement, dialog box) is not visible. | No label or tooltip is shown to confirm the exact function of the pencil icon."
umn/source/mrs_manager_operation_guide_applicable_to_3.x/alarm_reference_applicable_to_mrs_3.x/alm-12082_user_ommdba_is_about_to_expire.rst,ALM-12082 User ommdba Is About to Expire,en-us_image_0000001532767714.png,icon,partial,0.77,"The image is a small pencil/edit icon, consistent with an isolated UI symbol (icon). | The RST references |image1| in step 6 of the Procedure as a control to click in the upper right corner to set date ranges, matching an edit/parameter icon. | The icon is semantically relevant to the log-download procedure described in the alarm handling document. | The visual clearly shows a pencil glyph with a blue outline, providing clear visual evidence of an edit-type icon. | No contradiction between the icon and the surrounding RST text.","The image is isolated, so its exact placement in the MRS Manager UI (upper right corner) cannot be visually confirmed. | No surrounding UI context is shown to verify the icon's function as a date-range editor."
umn/source/mrs_manager_operation_guide_applicable_to_3.x/alarm_reference_applicable_to_mrs_3.x/alm-12083_password_of_user_ommdba_is_about_to_expire.rst,ALM-12083 Password of User ommdba Is About to Expire,en-us_image_0000001532607974.png,icon,partial,0.77,"The image is a small diagonal pencil/edit pictogram, matching the 'icon' classification. | In the RST, |image1| is referenced in Procedure step 6 as a control to click in the upper right corner to open a date-range dialog, so the icon is semantically tied to the procedure. | A pencil/edit icon is a plausible UI symbol for opening an edit/filter dialog, consistent with the described action. | The image is an isolated symbol with no surrounding interface, so no interactive controls are visible within the image itself.","The image does not show the surrounding MRS Manager UI or the upper-right-corner context described in the RST. | No label or tooltip is visible to confirm the exact function of the icon (e.g., filter vs. edit). | The dialog box mentioned in step 6 is not depicted in the image."
umn/source/mrs_manager_operation_guide_applicable_to_3.x/alarm_reference_applicable_to_mrs_3.x/alm-12084_password_of_user_ommdba_expired.rst,ALM-12084 Password of User ommdba Expired,en-us_image_0000001583087541.png,icon,pass,0.83,"The image is a small pencil/edit icon, matching the |image1| reference used in step 6 of the Procedure. | The RST instructs to click this icon in the upper right corner to open a dialog for setting Start Date and End Date, consistent with an edit/set button symbol. | The icon is placed within the Procedure section for collecting fault information, so it is section-relevant. | The visual content (a pencil glyph) is clearly visible and unambiguous. | No contradiction between the icon and the surrounding text.","The image is an isolated icon without surrounding UI context, so its exact position (upper right corner) cannot be verified. | No dialog box or date fields are shown, only the button symbol itself."
umn/source/mrs_manager_operation_guide_applicable_to_3.x/alarm_reference_applicable_to_mrs_3.x/alm-12085_service_audit_log_dump_failure.rst,ALM-12085 Service Audit Log Dump Failure,en-us_image_0000001532767510.png,icon,pass,0.83,"The image is a small pencil/edit pictogram, matching the |image1| reference used in step 17 of the Procedure. | The RST instructs the user to click this icon in the upper right corner to open a dialog for setting Start Date and End Date, which is consistent with an edit/date-range control symbol. | The icon is placed within the Procedure section and directly supports the log-download troubleshooting steps for ALM-12085. | The visual content (a pencil icon) is clearly visible and unambiguous.","The image is an isolated icon without surrounding UI context, so the exact button label or dialog it triggers is not visible. | No text or tooltip in the image confirms it specifically represents a date-range selector."
umn/source/mrs_manager_operation_guide_applicable_to_3.x/alarm_reference_applicable_to_mrs_3.x/alm-12087_system_is_in_the_upgrade_observation_period.rst,ALM-12087 System Is in the Upgrade Observation Period,en-us_image_0000001532767554.png,screenshot,pass,1.00,"Image is a terminal/database output screenshot showing the result of 'select * from OM_CLUSTERS'. | It displays the upgradeObservationPeriod field with isOn:true, exactly matching the check described in Procedure step 4. | It is referenced in the RST as Figure 1 'Cluster information' within the Procedure section. | The highlighted JSON value directly evidences the upgrade observation period state relevant to ALM-12087.",No surrounding UI context (only raw table output is shown).
umn/source/mrs_manager_operation_guide_applicable_to_3.x/alarm_reference_applicable_to_mrs_3.x/alm-12087_system_is_in_the_upgrade_observation_period.rst,ALM-12087 System Is in the Upgrade Observation Period,en-us_image_0000001532927490.png,icon,fail,0.50,"Image is a small pencil/edit pictogram, an isolated UI symbol. | It is referenced in the RST Procedure step 8 as the control to click in the upper right corner for log collection. | The icon is generic and not specific to the ALM-12087 upgrade observation period topic. | It provides minimal visual detail beyond a simple edit symbol.",No surrounding interface context to confirm the exact button location or label. | No text or label associated with the icon in the image itself.
umn/source/mrs_manager_operation_guide_applicable_to_3.x/alarm_reference_applicable_to_mrs_3.x/alm-12089_inter-node_network_is_abnormal.rst,ALM-12089 Inter-Node Network Is Abnormal,en-us_image_0000001583127553.png,icon,pass,0.83,"The image is a small pencil/edit icon, matching the |image1| reference used in step 9 of the Procedure. | The RST instructs the user to click this icon in the upper right corner to set Start Date and End Date for log collection, which is consistent with an edit/settings icon. | The icon is placed within the Procedure section and directly supports the log-collection step. | The visual content (a diagonal pencil symbol) is clearly visible and unambiguous. | No contradiction between the icon and the surrounding text.",The icon is generic (pencil) and does not itself display the date-range fields or the upper-right UI context described in the text. | No label or tooltip is visible to confirm the exact function of the icon.
umn/source/mrs_manager_operation_guide_applicable_to_3.x/alarm_reference_applicable_to_mrs_3.x/alm-12091_abnormal_disaster_resources.rst,ALM-12091 Abnormal disaster Resources,en-us_image_0000002008258961.png,icon,partial,0.60,"The image is a small downward chevron/arrow icon, matching the |image1| reference used in step 1 of the Handling Procedure to expand/view the host name in the alarm list. | It is a generic UI control symbol, not a screenshot or detailed illustration, so it provides limited visual detail about the alarm itself. | Its placement in the Handling Procedure section is consistent with the RST text describing clicking the icon to view the host name. | No contradiction between the icon and the surrounding text.","The icon is too small/low-resolution to confirm exact UI context (e.g., the alarm list layout). | No surrounding interface is shown to verify the specific MRS Manager alarm list."
umn/source/mrs_manager_operation_guide_applicable_to_3.x/alarm_reference_applicable_to_mrs_3.x/alm-12091_abnormal_disaster_resources.rst,ALM-12091 Abnormal disaster Resources,en-us_image_0000002008299541.png,icon,partial,0.60,"The image is a small pencil/edit icon, matching the |image2| reference in step 9 of the Handling Procedure for setting the Start Date and End Date of log collection. | It is a generic edit control symbol, providing little specific visual detail about the log download dialog. | Its use in the Handling Procedure (O&M > Log > Download) is consistent with the RST text describing clicking the icon to set the date range. | No contradiction between the icon and the surrounding text.",The icon is too small/low-resolution to confirm the exact log download dialog context. | No surrounding interface is shown to verify the date-range fields or Download button.
umn/source/mrs_manager_operation_guide_applicable_to_3.x/alarm_reference_applicable_to_mrs_3.x/alm-12102_az_ha_component_is_not_deployed_based_on_dr_requirements.rst,ALM-12102 AZ HA Component Is Not Deployed Based on DR Requirements,en-us_image_0000001583127297.png,icon,partial,0.72,"The image is a small downward chevron/arrow symbol, consistent with an expand-or-view control icon. | The RST references |image1| in the Procedure step where the user clicks a control in the alarm row to view Additional Information, matching an expand/detail icon. | The icon is generic and not specific to the ALM-12102 alarm content, so topic and detail match are moderate. | No contradiction between the icon and the surrounding RST text.","The image is low-resolution and isolated, so the exact UI context (table row, button label) is not visible. | No text or surrounding interface is present to confirm the icon's specific function beyond a generic expand symbol."
umn/source/mrs_manager_operation_guide_applicable_to_3.x/alarm_reference_applicable_to_mrs_3.x/alm-12103_executor_resource_exception.rst,ALM-12103 Executor Resource Exception,en-us_image_0000001582927809.png,icon,partial,0.67,"The image is a small downward chevron/arrow icon used in the MRS Manager alarm list UI. | The RST references it in step 1 of the Procedure: 'click |image1| to view the name of the host for which the alarm is generated.' | The icon is a generic UI element (expand/dropdown arrow) rather than something specific to this alarm. | The image is very small and low-resolution, making detailed visual assessment difficult.",The image is too small and blurry to confirm the exact UI context (which column or button it belongs to). | No surrounding UI elements are visible to confirm it is in the alarm list row.
umn/source/mrs_manager_operation_guide_applicable_to_3.x/alarm_reference_applicable_to_mrs_3.x/alm-12103_executor_resource_exception.rst,ALM-12103 Executor Resource Exception,en-us_image_0000001582807861.png,icon,partial,0.67,"The image is a small pencil/edit icon used in the MRS Manager log download UI. | The RST references it in step 9: 'Click |image2| in the upper right corner, and set Start Date and End Date for log collection.' | A pencil/edit icon is consistent with modifying date parameters for log collection. | The image is very small and low-resolution, making detailed visual assessment difficult.",The image is too small and blurry to confirm the exact UI context (upper right corner placement). | No surrounding UI elements are visible to confirm it is in the log download dialog.
umn/source/mrs_manager_operation_guide_applicable_to_3.x/alarm_reference_applicable_to_mrs_3.x/alm-12104_abnormal_knox_resources.rst,ALM-12104 Abnormal Knox Resources,en-us_image_0000001532767542.png,icon,partial,0.78,"The image is a small isolated pencil/edit pictogram, matching the 'icon' classification. | In the RST, |image1| is referenced in Procedure step 9 as the control to click in the upper right corner to set Start Date and End Date for log collection, so the icon is semantically relevant to the alarm-handling procedure. | The icon appears in the Procedure section and directly supports the log-collection step, giving high section relevance. | The pencil glyph is a plausible representation of an edit/settings control used to configure date ranges, consistent with the surrounding text. | No contradiction between the image and the RST content is evident.","The image is a generic edit/pencil icon without surrounding UI context, so it cannot be confirmed to be the exact control shown in the MRS Manager log-download page. | No label or text accompanies the icon, so its precise function (e.g., 'edit date range') is inferred from the RST rather than visible in the image. | The icon is low-resolution and slightly blurred, limiting fine visual verification."
umn/source/mrs_manager_operation_guide_applicable_to_3.x/alarm_reference_applicable_to_mrs_3.x/alm-12110_failed_to_get_ecs_temporary_ak_sk.rst,ALM-12110 Failed to get ECS temporary AK/SK,en-us_image_0000001582807757.png,icon,partial,0.78,"The image is a small downward chevron/expand icon, consistent with an isolated UI symbol (icon). | In the RST, |image1| is referenced in Procedure step 1 as the control to click in the alarm row to reveal host details (IP address), which matches an expand/chevron icon. | The icon is placed in the Procedure section and is directly relevant to the alarm-handling steps. | The image is low-resolution and shows only a generic chevron, so it provides limited visual detail but does not contradict the text.","The image does not show the surrounding alarm table or row context, so the exact UI location cannot be verified. | No label or tooltip is visible to confirm the icon's specific function (expand vs. dropdown)."
umn/source/mrs_manager_operation_guide_applicable_to_3.x/alarm_reference_applicable_to_mrs_3.x/alm-12172_failed_to_report_metrics_to_cloud_eye.rst,ALM-12172 Failed to Report Metrics to Cloud Eye,en-us_image_0000001532607954.png,icon,pass,1.00,"The image is a small downward chevron/expand icon, matching the RST instruction to 'click |image1| in the row containing the alarm and view the additional information'. | It is referenced in the Procedure section (step 1) of the ALM-12172 alarm page, where users expand an alarm row to see details. | The icon's expand/chevron semantics align with viewing additional alarm information, consistent with the alarm reference topic. | No contradiction between the icon and the surrounding text.","The image is low-resolution, so the exact UI context (alarm list row) is not visible, only the isolated icon is shown."
umn/source/mrs_manager_operation_guide_applicable_to_3.x/alarm_reference_applicable_to_mrs_3.x/alm-12180_suspended_disk_i_o.rst,ALM-12180 Suspended Disk I/O,en-us_image_0000001582807637.png,screenshot,pass,1.00,"Image shows terminal output of 'iostat -x -t 1 1' command, exactly as referenced in the RST note. | All columns mentioned in the RST (avgqu-sz, r/s, w/s, rkB/s, wkB/s, %util) are visible in the output. | The image directly supports the Description section where the command is introduced for data collection. | No contradictions between the image content and the RST text.",
umn/source/mrs_manager_operation_guide_applicable_to_3.x/alarm_reference_applicable_to_mrs_3.x/alm-12180_suspended_disk_i_o.rst,ALM-12180 Suspended Disk I/O,en-us_image_0000001532607690.png,screenshot,pass,1.00,"Image shows terminal output of 'iostat -x -t' command, matching the RST reference for MRS 3.1.0. | The svctm column is highlighted with a red box, directly relevant to the alarm trigger conditions described in the RST. | The image supports the MRS 3.1.0 note in the Description section. | No contradictions between the image and the RST content.",
umn/source/mrs_manager_operation_guide_applicable_to_3.x/alarm_reference_applicable_to_mrs_3.x/alm-12180_suspended_disk_i_o.rst,ALM-12180 Suspended Disk I/O,en-us_image_0000001583087345.png,screenshot,pass,1.00,"Image shows two runs of 'cat /proc/diskstats' command, exactly as described in the RST for collecting svctm parameters. | Red boxes highlight the 4th, 8th, and 13th column values (1101553, 28744856, 19569526 and 1101553, 28747977, 19571460), matching the RST's rd_ios_old, wr_ios_old, tot_ticks_old and new values. | The values correspond exactly to the svctm calculation example in the RST: (19571460-19569526)/(1101553+28747977-1101553-28744856)=0.6197. | No contradictions between the image and the RST content.",
umn/source/mrs_manager_operation_guide_applicable_to_3.x/alarm_reference_applicable_to_mrs_3.x/alm-12180_suspended_disk_i_o.rst,ALM-12180 Suspended Disk I/O,en-us_image_0000001582927585.png,icon,pass,0.88,"Image is a small pencil/edit icon, consistent with the RST instruction to 'Click |image4| in the upper right corner' for setting log collection dates. | The icon serves as a UI button for editing/setting parameters in the MRS Manager interface. | Directly relevant to Procedure step 7 in the RST. | The icon is small and low-resolution, making fine detail assessment limited.","The icon is very small and pixelated, making it difficult to confirm exact UI context. | No surrounding UI elements visible to confirm it is in the upper right corner of a dialog."
umn/source/mrs_manager_operation_guide_applicable_to_3.x/alarm_reference_applicable_to_mrs_3.x/alm-12186_cgroup_task_usage_exceeds_the_threshold.rst,ALM-12186 CGroup Task Usage Exceeds the Threshold,en-us_image_0000001971659200.png,icon,partial,0.72,"The image is a small chevron/down-arrow icon, consistent with a 'view details' or 'expand' button in a table row. | The RST states 'click |image1| in the row containing the alarm' which matches a clickable chevron icon in an alarm list table. | The icon is a generic UI element, not specific to the CGroup alarm topic, but is correctly placed in the handling procedure. | The icon is low-resolution and small, but clearly identifiable as a downward chevron symbol.","The icon is very small and low-resolution, making it difficult to confirm exact styling or context within the full MRS Manager UI. | No surrounding UI context is visible to confirm it is specifically in an alarm table row."
umn/source/mrs_manager_operation_guide_applicable_to_3.x/alarm_reference_applicable_to_mrs_3.x/alm-12186_cgroup_task_usage_exceeds_the_threshold.rst,ALM-12186 CGroup Task Usage Exceeds the Threshold,en-us_image_0000001971818972.png,icon,partial,0.72,"The image is a small pencil/edit icon, consistent with a 'modify settings' or 'edit parameters' button. | The RST states 'Click |image2| in the upper right corner, and set Start Date and End Date' which matches an edit/modify icon for adjusting log collection parameters. | The icon is a generic UI element used in the log collection procedure, relevant to the handling steps but not specific to the CGroup alarm topic. | The icon is low-resolution but clearly identifiable as a pencil/edit symbol.","The icon is very small and low-resolution, making it difficult to confirm exact styling within the full MRS Manager UI. | No surrounding UI context is visible to confirm it is specifically in the upper right corner of a log download page."
umn/source/mrs_manager_operation_guide_applicable_to_3.x/alarm_reference_applicable_to_mrs_3.x/alm-12187_failed_to_expand_disk_partition_capacity.rst,ALM-12187 Failed to Expand Disk Partition Capacity,en-us_image_0000002008258969.png,screenshot,pass,1.00,"Terminal screenshot showing lsblk command output with disk and partition information. | Displays /dev/vdb and /dev/vdb1 with mount point /srv/BigData/data1, matching the RST example in step 5. | Columns NAME, MAJ:MIN, RM, SIZE, RO, TYPE, MOUNTPOINT are clearly visible. | Directly corresponds to the 'Run the disk partition expansion command' section step 5.",
umn/source/mrs_manager_operation_guide_applicable_to_3.x/alarm_reference_applicable_to_mrs_3.x/alm-12187_failed_to_expand_disk_partition_capacity.rst,ALM-12187 Failed to Expand Disk Partition Capacity,en-us_image_0000001971659208.png,screenshot,pass,1.00,Terminal screenshot showing the growpart /dev/vdb 1 command and its output. | Output line 'CHANGED: partition=1 start=2048 old: size=... new: size=...' confirms successful partition expansion. | Matches the RST step 6 description of running growpart to expand the partition. | Command and output format align with the documented example.,
umn/source/mrs_manager_operation_guide_applicable_to_3.x/alarm_reference_applicable_to_mrs_3.x/alm-12187_failed_to_expand_disk_partition_capacity.rst,ALM-12187 Failed to Expand Disk Partition Capacity,en-us_image_0000001971818980.png,screenshot,pass,1.00,"Terminal screenshot showing resize2fs /dev/vdb1 command and its output. | Output confirms on-line resizing of filesystem mounted on /srv/BigData/data1. | Shows old_desc_blocks=75, new_desc_blocks=82 and final size 170393339 (4k) blocks. | Directly matches RST step 7 about expanding the file system size of the disk partition.",
umn/source/mrs_manager_operation_guide_applicable_to_3.x/alarm_reference_applicable_to_mrs_3.x/alm-12188_diskmgt_disk_monitoring_unavailable.rst,ALM-12188 diskmgt Disk Monitoring Unavailable,en-us_image_0000002008258977.png,screenshot,pass,1.00,"The image is a terminal screenshot showing the output of `systemctl status diskmgt`, which directly matches the command in step 5 of the Handling Procedure. | The output displays `active (running)` for the diskmgt.service, consistent with the RST statement that such information indicates the service started successfully. | The image is referenced as |image1| in the Handling Procedure section, making it topically and sectionally relevant to ALM-12188. | No contradiction between the visible terminal output and the document's description of a successful service start.","The image does not show the MRS Manager UI steps (O&M > Alarm > Alarms) referenced elsewhere in the procedure, but those are not part of this image's purpose. | The exact timestamp and host context are not required by the RST, so no further evidence is needed."
umn/source/mrs_manager_operation_guide_applicable_to_3.x/alarm_reference_applicable_to_mrs_3.x/alm-13000_zookeeper_service_unavailable.rst,ALM-13000 ZooKeeper Service Unavailable,en-us_image_0000001582807793.png,icon,partial,0.72,"The image is a small pencil/edit icon, consistent with its use in step 25 as a clickable UI element to set date parameters for log download. | The icon is a generic edit symbol and does not contain ZooKeeper-specific or alarm-specific visual content, limiting topic specificity. | The RST references the icon in the 'Collect fault information' procedure step, and the icon's role as a UI action symbol aligns with that context. | No contradiction is observed between the icon and the surrounding text; the icon plausibly represents a 'set' or 'edit' button in the MRS Manager portal.","The icon does not display any label, tooltip, or surrounding UI context that would confirm it is specifically the date-range setter button described in step 25. | No surrounding interface elements are visible to verify the icon's exact placement in the upper-right corner of the log download page."
umn/source/mrs_manager_operation_guide_applicable_to_3.x/alarm_reference_applicable_to_mrs_3.x/alm-13001_available_zookeeper_connections_are_insufficient.rst,ALM-13001 Available ZooKeeper Connections Are Insufficient,en-us_image_0000001582927785.png,icon,partial,0.77,"The image is a small pencil/edit icon, matching the |image1| reference used in step 17 of the procedure. | The RST instructs the user to click this icon in the upper right corner to set Start Date and End Date for log collection, which is consistent with an edit-style icon. | The icon is placed within the Procedure section for collecting ZooKeeper fault logs, so it is contextually relevant. | The visual clearly shows a recognizable pencil symbol, providing clear visual evidence of an edit action. | No contradiction between the icon and the described action of editing date ranges.","The image does not show the surrounding MRS Manager log-download interface, so the exact button label or position cannot be confirmed. | No text or tooltip is visible in the icon to confirm it specifically opens a date-range editor."
umn/source/mrs_manager_operation_guide_applicable_to_3.x/alarm_reference_applicable_to_mrs_3.x/alm-13002_zookeeper_direct_memory_usage_exceeds_the_threshold.rst,ALM-13002 ZooKeeper Direct Memory Usage Exceeds the Threshold,en-us_image_0000001582807869.png,icon,partial,0.77,"The image is a small isolated pencil/edit icon, matching the 'icon' classification. | In the RST, |image1| is referenced in step 10 of the Procedure as the control to click for setting Start/End Date during log collection, so the icon is semantically tied to that step. | The icon is a generic edit symbol and does not depict ZooKeeper memory or the alarm itself, limiting topic and detail match. | The image is clearly visible and unambiguous as a pencil icon, supporting high visual evidence. | No element of the image contradicts the surrounding RST text.","The image does not show the surrounding UI context (e.g., the log download page or the upper-right corner placement) described in the RST. | No label or tooltip is visible to confirm the icon's exact function (date-range setting). | The icon's color and exact glyph cannot be verified against a specific MRS Manager UI element from the image alone."
umn/source/mrs_manager_operation_guide_applicable_to_3.x/alarm_reference_applicable_to_mrs_3.x/alm-13003_gc_duration_of_the_zookeeper_process_exceeds_the_threshold.rst,ALM-13003 GC Duration of the ZooKeeper Process Exceeds the Threshold,en-us_image_0000001532927350.png,icon,partial,0.77,"The image is a small pencil/edit icon, matching the RST reference |image1| used in step 10 of the Procedure. | The RST instructs to 'Click |image1| in the upper right corner, and set Start Date and End Date', which is consistent with an edit icon used to open a date-setting dialog. | The icon is placed within the Procedure section for collecting fault information, so it is contextually relevant to the alarm handling steps. | The visual content (a pencil symbol) is clearly visible and unambiguous.","The image is an isolated symbol; the surrounding UI (the log download page, the upper-right corner context) is not shown. | No label or tooltip is visible to confirm the icon's exact function beyond the RST description."
umn/source/mrs_manager_operation_guide_applicable_to_3.x/alarm_reference_applicable_to_mrs_3.x/alm-13004_zookeeper_heap_memory_usage_exceeds_the_threshold.rst,ALM-13004 ZooKeeper Heap Memory Usage Exceeds the Threshold,en-us_image_0000001583127253.png,icon,pass,0.83,"The image is a small pencil/edit pictogram, matching the 'icon' classification. | In the RST, |image1| is referenced in step 9 of the Procedure ('Collect fault information') as the control to click in the upper right corner to set Start Date and End Date for log download. | A pencil/edit icon is semantically consistent with an action to edit or configure a date range, aligning with the described step. | The icon is a generic UI symbol and not specific to ZooKeeper or the alarm, so topic match is moderate. | No contradiction between the icon and the surrounding text.","The image shows only the icon without surrounding UI context, so the exact button label or function cannot be confirmed visually. | No visible text or tooltip in the image to confirm it corresponds to the date-range setting action."
umn/source/mrs_manager_operation_guide_applicable_to_3.x/alarm_reference_applicable_to_mrs_3.x/alm-13005_failed_to_set_the_quota_of_top_directories_of_zookeeper_components.rst,ALM-13005 Failed to Set the Quota of Top Directories of ZooKeeper Components,en-us_image_0000001532927422.png,icon,partial,0.72,"The image is a small pencil/edit icon, consistent with a UI button symbol used in the MRS Manager log collection procedure. | The RST references this icon in step 9 as the control to click for setting Start Date and End Date before downloading logs. | The icon is a generic edit/pencil symbol; it does not depict ZooKeeper, quotas, or the alarm itself, so topic match is partial. | No contradiction between the icon and the surrounding text; a pencil icon plausibly represents an edit or parameter-setting action.","The icon is small and slightly blurry, making it hard to confirm exact UI context (e.g., whether it is specifically a date-picker or edit button). | No surrounding UI is shown, so the exact placement ('upper right corner') cannot be visually verified."
umn/source/mrs_manager_operation_guide_applicable_to_3.x/alarm_reference_applicable_to_mrs_3.x/alm-13006_znode_number_or_capacity_exceeds_the_threshold.rst,ALM-13006 Znode Number or Capacity Exceeds the Threshold,en-us_image_0000002278171933.png,icon,partial,0.72,"Small gauge/speedometer icon used as a UI navigation element in step 4 of the procedure | Referenced as |image1| for choosing 'By Znode quantity' in the Used Resources table | The icon is a generic UI symbol, not a screenshot showing Znode data or threshold details | Matches the context of navigating to threshold configuration in the ZooKeeper service interface",No actual Znode data or threshold values visible | No interface context showing where this icon appears in the MRS Manager UI | The icon is too small to determine exact UI placement or surrounding elements
umn/source/mrs_manager_operation_guide_applicable_to_3.x/alarm_reference_applicable_to_mrs_3.x/alm-13006_znode_number_or_capacity_exceeds_the_threshold.rst,ALM-13006 Znode Number or Capacity Exceeds the Threshold,en-us_image_0000002278292689.png,icon,partial,0.72,"Small gauge/speedometer icon used as a UI navigation element in step 5 of the procedure | Referenced as |image2| for choosing 'By capacity' in the Used Resources table | The icon is a generic UI symbol, not a screenshot showing capacity data or threshold details | Matches the context of navigating to capacity threshold settings in the ZooKeeper service interface",No actual capacity data or threshold values visible | No interface context showing where this icon appears in the MRS Manager UI | The icon is too small to determine exact UI placement or surrounding elements
umn/source/mrs_manager_operation_guide_applicable_to_3.x/alarm_reference_applicable_to_mrs_3.x/alm-13006_znode_number_or_capacity_exceeds_the_threshold.rst,ALM-13006 Znode Number or Capacity Exceeds the Threshold,en-us_image_0000001583087513.png,icon,partial,0.72,Small pencil/edit icon used as a UI action element in step 9 of the procedure | Referenced as |image3| for clicking in the upper right corner to set Start Date and End Date for log collection | The icon represents an edit/modify action consistent with setting date parameters | Matches the context of the log download page in MRS Manager O&M section,No actual log download interface visible | No date fields or log collection UI shown | The icon is too small to determine exact UI placement or surrounding elements
umn/source/mrs_manager_operation_guide_applicable_to_3.x/alarm_reference_applicable_to_mrs_3.x/alm-13007_available_zookeeper_client_connections_are_insufficient.rst,ALM-13007 Available ZooKeeper Client Connections Are Insufficient,en-us_image_0000002243257660.png,icon,pass,0.83,"The image is a small gauge/speedometer icon, consistent with its use as a clickable UI symbol in the Procedure section. | The RST instructs the user to click this icon in 'Number of Connections (by Client IP Address)' to enter the Thresholds page, which aligns with a gauge/metric indicator icon. | The icon is directly relevant to the alarm's resolution step of modifying the maxClientCnxns threshold. | The visual clearly shows a circular gauge with a needle, a standard representation for metrics or thresholds.",The icon is generic (gauge) and not specific to ZooKeeper or MRS Manager branding. | No surrounding UI context is visible to confirm the exact placement in the 'Number of Connections' panel.
umn/source/mrs_manager_operation_guide_applicable_to_3.x/alarm_reference_applicable_to_mrs_3.x/alm-13007_available_zookeeper_client_connections_are_insufficient.rst,ALM-13007 Available ZooKeeper Client Connections Are Insufficient,en-us_image_0000001532927402.png,icon,partial,0.73,"The image is a small pencil/edit icon, a generic UI symbol for modifying or setting parameters. | The RST instructs the user to click this icon in the upper right corner to set Start Date and End Date for log collection, which is consistent with an edit/modify icon. | The icon is used in the 'Collect fault information' subsection of the Procedure, making it relevant to the alarm resolution workflow. | The visual clearly shows a pencil icon, a standard representation for editing or configuring settings.",The icon is a generic edit/pencil symbol with no ZooKeeper or MRS-specific branding. | No surrounding UI context is visible to confirm the exact placement in the log download interface.
umn/source/mrs_manager_operation_guide_applicable_to_3.x/alarm_reference_applicable_to_mrs_3.x/alm-13008_zookeeper_znode_usage_exceeds_the_threshold.rst,ALM-13008 ZooKeeper Znode Usage Exceeds the Threshold,en-us_image_0000001582807765.png,icon,partial,0.77,"The image is a small isolated pencil/edit pictogram, matching the 'icon' classification. | In the RST, |image1| is referenced in Procedure step 8 as the control to click in the upper right corner to set Start Date and End Date for log collection, so the icon is semantically tied to the procedure. | The pencil/edit symbol is a plausible representation of an edit/settings action used to configure the date range, consistent with the surrounding text. | The icon is clearly visible and unambiguous as an edit/pencil symbol, providing strong visual evidence. | No element in the image contradicts the RST description of clicking a control to set date parameters.","The image is a generic edit icon without surrounding UI context, so it cannot be confirmed to be the exact 'upper right corner' control described. | No label or text in the image identifies it specifically as the date-range/settings button for log collection."
umn/source/mrs_manager_operation_guide_applicable_to_3.x/alarm_reference_applicable_to_mrs_3.x/alm-13009_zookeeper_znode_capacity_usage_exceeds_the_threshold.rst,ALM-13009 ZooKeeper Znode Capacity Usage Exceeds the Threshold,en-us_image_0000001583127345.png,icon,pass,0.83,"The image is a small pencil/edit pictogram, matching the inline reference |image1| used in step 10 of the Procedure. | The RST instructs the user to click this icon in the upper right corner to set Start Date and End Date for log collection, which is consistent with an edit/date-range control symbol. | The icon is placed within the Procedure section (log collection steps), so it is topically relevant to the alarm handling workflow. | The visual content clearly shows a pencil icon, providing direct visual evidence of the referenced control symbol. | No contradiction between the icon and the surrounding RST text.","The image is an isolated icon without surrounding UI context, so the exact button label or function cannot be confirmed visually. | The RST does not describe the icon's appearance, so the match relies on semantic role (edit/date-range control) rather than explicit textual description."
umn/source/mrs_manager_operation_guide_applicable_to_3.x/alarm_reference_applicable_to_mrs_3.x/alm-13010_znode_usage_of_a_directory_with_quota_configured_exceeds_the_threshold.rst,ALM-13010 Znode Usage of a Directory with Quota Configured Exceeds the Threshold,en-us_image_0000001583087329.png,icon,partial,0.77,"The image is a small pencil/edit icon, matching the RST reference |image1| used in step 9 of the Procedure. | The RST instructs to 'Click |image1| in the upper right corner' to set Start Date and End Date for log collection, consistent with an edit-style icon. | The icon is an isolated UI symbol, not a full screenshot, so it is classified as an icon. | No contradiction between the icon and the surrounding log-collection procedure text.","The image does not show the surrounding MRS Manager log-download UI, so the 'upper right corner' placement cannot be visually confirmed. | No label or tooltip is visible on the icon to confirm its exact function (edit vs. other action)."
umn/source/mrs_manager_operation_guide_applicable_to_3.x/alarm_reference_applicable_to_mrs_3.x/alm-14000_hdfs_service_unavailable.rst,ALM-14000 HDFS Service Unavailable,en-us_image_0000001532927342.png,icon,partial,0.72,"The image is a small pencil/edit icon, consistent with a UI symbol used to open a settings or date-range dialog. | The RST references this icon in step 9 of the Procedure: 'Click |image1| in the upper right corner, and set Start Date and End Date for log collection', which aligns with an edit/parameter-setting action. | The icon is generic (pencil) and not specific to HDFS or the alarm, so topic match is moderate. | No contradiction between the icon and the surrounding text; a pencil icon plausibly represents the action of setting/editing date parameters.","The image is low-resolution and slightly blurry, making it difficult to confirm exact UI context (e.g., whether it appears in the upper-right corner of a log-download page). | No surrounding UI elements are visible to confirm the icon's placement or label within the MRS Manager portal."
umn/source/mrs_manager_operation_guide_applicable_to_3.x/alarm_reference_applicable_to_mrs_3.x/alm-14001_hdfs_disk_usage_exceeds_the_threshold.rst,ALM-14001 HDFS Disk Usage Exceeds the Threshold,en-us_image_0000001532927434.png,icon,partial,0.55,"The image is a small pencil/edit icon, a generic UI symbol, not specific to HDFS disk usage or the ALM-14001 alarm. | The RST references this icon in step 13 for setting Start Date and End Date during log collection; a pencil icon plausibly represents an edit/modify action for date fields. | The icon appears in the Procedure section under 'Collect fault information,' which is part of the alarm resolution workflow. | The image clearly shows a pencil pictogram with a blue outline and orange/brown body, consistent with an edit icon. | No contradiction between the RST description and the image content.",The image does not show the surrounding UI context (upper-right corner of the log download page) to confirm placement. | No label or text accompanies the icon to confirm it specifically triggers date-setting for log collection.
umn/source/mrs_manager_operation_guide_applicable_to_3.x/alarm_reference_applicable_to_mrs_3.x/alm-14002_datanode_disk_usage_exceeds_the_threshold.rst,ALM-14002 DataNode Disk Usage Exceeds the Threshold,en-us_image_0000001532927350.png,icon,pass,0.83,"The image is a small pencil/edit icon, matching the RST reference |image1| used in step 13 of the Procedure. | The RST instructs the user to click this icon in the upper right corner to set Start Date and End Date for log collection, which aligns with an edit/modify symbol. | The icon is placed within the Procedure section for collecting fault information, so it is contextually relevant. | The visual content (a pencil pictogram) is clearly visible and unambiguous. | No contradiction between the icon and the surrounding text.",The icon is generic (pencil) and does not itself depict the date-range dialog or the log collection UI it is meant to open. | No surrounding UI context is shown to confirm the exact placement in the upper right corner.
umn/source/mrs_manager_operation_guide_applicable_to_3.x/alarm_reference_applicable_to_mrs_3.x/alm-14003_number_of_lost_hdfs_blocks_exceeds_the_threshold.rst,ALM-14003 Number of Lost HDFS Blocks Exceeds the Threshold,en-us_image_0000001582807649.png,icon,pass,1.00,"The image is a small pencil/edit pictogram, matching the |image1| reference used in step 13 of the Procedure. | The RST instructs to click this icon in the upper right corner to set Start Date and End Date for log collection, consistent with an edit/settings symbol. | The icon is placed within the Procedure section for collecting fault information, so it is topically and sectionally relevant. | The visual content (a pencil icon) is clearly visible and unambiguous.","The image is an isolated symbol without surrounding UI context, so the exact button label or tooltip is not visible. | No surrounding interface is shown to confirm the icon's position in the upper right corner."
umn/source/mrs_manager_operation_guide_applicable_to_3.x/alarm_reference_applicable_to_mrs_3.x/alm-14006_number_of_hdfs_files_exceeds_the_threshold.rst,ALM-14006 Number of HDFS Files Exceeds the Threshold,en-us_image_0000001532927350.png,icon,partial,0.77,"The image is a small pencil/edit icon, matching the |image1| substitution used in step 11 of the Procedure. | The RST instructs the user to 'Click |image1| in the upper right corner' to set Start Date and End Date for log collection, which is consistent with an edit icon. | The icon is placed in the Procedure section for collecting HDFS log information, relevant to the alarm troubleshooting workflow. | The visual clearly shows a pencil pictogram, providing direct visual evidence of an edit control symbol. | No contradiction between the icon and the surrounding text.","The image does not show the surrounding MRS Manager log-download UI, so the exact button context (upper right corner) cannot be visually confirmed. | No label or tooltip is visible on the icon to confirm its specific function (date-range editing)."
umn/source/mrs_manager_operation_guide_applicable_to_3.x/alarm_reference_applicable_to_mrs_3.x/alm-14007_namenode_heap_memory_usage_exceeds_the_threshold.rst,ALM-14007 NameNode Heap Memory Usage Exceeds the Threshold,en-us_image_0000001532607958.png,icon,partial,0.67,"The image is a small isolated pencil/edit pictogram, matching the |image1| reference used in step 13 of the Procedure. | The RST instructs to 'Click |image1| in the upper right corner' to set Start Date and End Date, which is consistent with an edit icon. | The icon is generic and not specific to the NameNode heap memory alarm topic, limiting topic relevance. | No contradiction between the icon and its described use as a clickable edit control.",The image does not show the surrounding UI (upper-right corner context) referenced in the text. | No label or text on the icon to confirm it specifically opens the date-range editor.
umn/source/mrs_manager_operation_guide_applicable_to_3.x/alarm_reference_applicable_to_mrs_3.x/alm-14008_datanode_heap_memory_usage_exceeds_the_threshold.rst,ALM-14008 DataNode Heap Memory Usage Exceeds the Threshold,en-us_image_0000001532607878.png,icon,pass,0.83,"The image is a small pencil/edit icon, matching the RST reference |image1| used in step 13 of the Procedure. | The RST instructs the user to click this icon in the upper right corner to set Start Date and End Date for log collection, which is consistent with an edit/pencil symbol. | The icon is placed in the 'Collect fault information' procedure section, directly relevant to the alarm handling steps. | The visual content (a pencil pictogram) is clearly visible and unambiguous. | No contradiction between the icon and the surrounding RST text.","The image is an isolated icon without surrounding UI context, so the exact button label or position (upper right corner) cannot be visually confirmed. | No text or tooltip is visible in the image to confirm it specifically opens a date-range editor."
umn/source/mrs_manager_operation_guide_applicable_to_3.x/alarm_reference_applicable_to_mrs_3.x/alm-14009_number_of_dead_datanodes_exceeds_the_threshold.rst,ALM-14009 Number of Dead DataNodes Exceeds the Threshold,en-us_image_0000001532767590.png,icon,pass,0.83,"The image is a small pencil/edit pictogram, matching the |image1| reference used in step 18 of the Procedure. | The RST instructs to click this icon in the upper right corner to set Start Date and End Date for log collection, which is consistent with an edit/settings symbol. | The icon is placed in the Procedure section (log collection step), so it is relevant to that section. | The visual content (a pencil icon) is clearly visible and unambiguous. | No contradiction between the icon and the surrounding text.",The image is a generic edit icon and does not itself show the date fields or the upper-right corner context described in the text. | No label or tooltip is visible to confirm the exact function (setting Start/End Date).
umn/source/mrs_manager_operation_guide_applicable_to_3.x/alarm_reference_applicable_to_mrs_3.x/alm-14010_nameservice_service_is_abnormal.rst,ALM-14010 NameService Service Is Abnormal,en-us_image_0000001582927713.png,icon,partial,0.77,"The image is a small pencil/edit pictogram, matching the |image1| reference used in step 26 to open the date-range setting dialog. | It is an isolated symbolic graphic (icon), not a full UI screenshot. | The edit/pencil symbol is semantically consistent with the action of setting Start Date and End Date for log collection. | No contradiction between the icon and the surrounding RST text.","The image does not show the surrounding MRS Manager log-download page, so the exact placement in the upper right corner cannot be verified. | No label or tooltip is visible to confirm the icon's specific function beyond an edit/set action."
umn/source/mrs_manager_operation_guide_applicable_to_3.x/alarm_reference_applicable_to_mrs_3.x/alm-14011_datanode_data_directory_is_not_configured_properly.rst,ALM-14011 DataNode Data Directory Is Not Configured Properly,en-us_image_0000001583087537.png,icon,partial,0.67,"The image is a small isolated pencil/edit pictogram, so it is classified as an icon rather than a screenshot. | The RST references this image as |image1| in Procedure step 28, instructing the user to click it in the upper right corner to set Start Date and End Date for log collection. | A pencil/edit icon is a plausible representation of an edit control for adjusting date ranges, supporting the step's intent. | The icon is a generic UI symbol and is not specific to the ALM-14011 DataNode data directory alarm topic, limiting topic relevance. | The visible pencil graphic clearly matches the description of a clickable icon, with no contradiction to the text.","No surrounding portal UI is visible, so it cannot be confirmed that this icon is specifically the date-range edit control in the upper right corner. | The image contains no text or label to identify its exact function. | No color or styling context is available to verify it matches the MRS Manager portal's actual icon."
umn/source/mrs_manager_operation_guide_applicable_to_3.x/alarm_reference_applicable_to_mrs_3.x/alm-14012_journalnode_is_out_of_synchronization.rst,ALM-14012 JournalNode Is Out of Synchronization,en-us_image_0000001532607650.png,icon,partial,0.77,"The image is a small pencil/edit icon, matching the RST reference |image1| used in step 17 of the Procedure. | The RST instructs the user to click this icon in the upper right corner to set Start Date and End Date for log collection, which is consistent with an edit/pencil control. | The icon is placed within the log-collection procedure for the ALM-14012 alarm, so it is topically relevant to the section. | The visual content clearly shows a pencil symbol, providing direct visual evidence of the referenced control.","The image is an isolated icon without surrounding UI context, so the exact button label or position (upper right corner) cannot be verified from the image alone. | No screenshot of the log-download page is provided to confirm the icon's placement or function."
umn/source/mrs_manager_operation_guide_applicable_to_3.x/alarm_reference_applicable_to_mrs_3.x/alm-14013_failed_to_update_the_namenode_fsimage_file.rst,ALM-14013 Failed to Update the NameNode FsImage File,en-us_image_0000001582927789.png,icon,partial,0.77,"The image is a small pencil/edit pictogram, matching the |image1| reference in step 32 of the Procedure. | Step 32 instructs to click the icon in the upper right corner to set Start Date and End Date for log collection, which is consistent with an edit/date-range control symbol. | The icon is placed within the 'Collect fault information' procedure of the ALM-14013 alarm handling guide, so it is topically relevant. | The visual content (a pencil icon) is clearly visible and unambiguous.","The image is an isolated icon without surrounding UI context, so the exact button label or function cannot be confirmed from the image alone. | No text or tooltip is visible in the image to verify it specifically opens a date-range editor."
umn/source/mrs_manager_operation_guide_applicable_to_3.x/alarm_reference_applicable_to_mrs_3.x/alm-14014_namenode_gc_time_exceeds_the_threshold.rst,ALM-14014 NameNode GC Time Exceeds the Threshold,en-us_image_0000001582927705.png,icon,partial,0.62,"The image is a small pencil/edit icon, a generic UI symbol, not specific to the NameNode GC alarm topic. | The RST step 9 instructs the user to click this icon to set Start Date and End Date for log collection; a pencil icon is a plausible representation of an edit/set control. | The icon appears in the Procedure section for log download, which is relevant to the troubleshooting workflow. | The image clearly shows a pencil-shaped icon, providing visual evidence of an edit-type control. | No contradiction between the icon and its described usage in the RST.","The image does not show the surrounding UI context (e.g., the log download page or date fields) that would confirm the exact placement described as 'upper right corner'. | No label or tooltip is visible on the icon to confirm its specific function (set date range vs. general edit)."
umn/source/mrs_manager_operation_guide_applicable_to_3.x/alarm_reference_applicable_to_mrs_3.x/alm-14015_datanode_gc_time_exceeds_the_threshold.rst,ALM-14015 DataNode GC Time Exceeds the Threshold,en-us_image_0000001532767406.png,icon,pass,0.83,"The image is a small pencil/edit pictogram, matching the 'icon' classification. | In step 9 the RST instructs to 'Click |image1| in the upper right corner' to set Start/End Date for log collection, and an edit (pencil) icon is consistent with that action. | The image is placed within the Procedure section, directly supporting the log-download steps. | The visual clearly shows a pencil/edit symbol, providing clear visual evidence. | No contradiction between the icon and the surrounding RST text.",The image is an isolated symbol; the surrounding UI (the log download page and the upper-right corner context) is not visible. | No label or tooltip is shown to confirm the icon's exact function beyond the RST description.
umn/source/mrs_manager_operation_guide_applicable_to_3.x/alarm_reference_applicable_to_mrs_3.x/alm-14016_datanode_direct_memory_usage_exceeds_the_threshold.rst,ALM-14016 DataNode Direct Memory Usage Exceeds the Threshold,en-us_image_0000001582927713.png,icon,pass,0.83,"The image is a small pencil/edit icon, matching the |image1| reference used in step 10 of the Procedure. | The RST instructs to 'Click |image1| in the upper right corner' to set the log collection date range, consistent with an edit icon. | The icon is placed within the Procedure section, directly supporting the log-collection steps. | The visual clearly shows an isolated pencil symbol, confirming it is an icon rather than a screenshot.","The image does not show the surrounding UI context (e.g., the log download page or the upper-right corner placement). | No label or tooltip is visible to confirm the icon's exact function beyond the RST description."
umn/source/mrs_manager_operation_guide_applicable_to_3.x/alarm_reference_applicable_to_mrs_3.x/alm-14017_namenode_direct_memory_usage_exceeds_the_threshold.rst,ALM-14017 NameNode Direct Memory Usage Exceeds the Threshold,en-us_image_0000001532927522.png,icon,partial,0.77,"The image is a small pencil/edit icon, consistent with a UI symbol used to open a settings or edit dialog. | In the RST, the icon is referenced in step 10 of the Procedure: 'Click |image1| in the upper right corner, and set Start Date and End Date for log collection', which aligns with an edit/parameter-setting action. | The icon is generic (pencil) and not specific to the NameNode direct memory alarm topic, so topic match is moderate. | The visual content clearly shows a pencil icon with an orange/brown body and blue outline, providing clear visual evidence. | No contradictions between the image and the RST text.","The image does not show the surrounding UI context (e.g., the log download page or the upper-right corner placement) to fully confirm the exact button location described in the RST. | No label or tooltip is visible on the icon to confirm it specifically triggers the date-range setting dialog."
umn/source/mrs_manager_operation_guide_applicable_to_3.x/alarm_reference_applicable_to_mrs_3.x/alm-14018_namenode_non-heap_memory_usage_exceeds_the_threshold.rst,ALM-14018 NameNode Non-heap Memory Usage Exceeds the Threshold,en-us_image_0000001583087625.png,icon,partial,0.62,"The image is a small isolated pencil/edit pictogram, so it is classified as an icon rather than a screenshot. | It is referenced in step 14 of the Procedure as the control to click in the upper right corner to set the Start Date and End Date for log collection, which is consistent with an edit-style icon. | The icon is a generic UI symbol and does not itself convey information about the NameNode non-heap memory alarm, so topic match is low. | No clear contradiction exists between the icon and the surrounding text describing a clickable control.","No surrounding UI context is visible to confirm the icon is specifically the date-range edit control. | The image is low resolution and slightly blurry, limiting detailed visual verification."
umn/source/mrs_manager_operation_guide_applicable_to_3.x/alarm_reference_applicable_to_mrs_3.x/alm-14019_datanode_non-heap_memory_usage_exceeds_the_threshold.rst,ALM-14019 DataNode Non-heap Memory Usage Exceeds the Threshold,en-us_image_0000001532607902.png,icon,partial,0.77,"The image is a small pencil/edit pictogram, matching the |image1| reference used in step 14 of the procedure. | The RST instructs the user to click this icon in the upper right corner to set Start Date and End Date for log collection, which is consistent with an edit/parameter-setting symbol. | The icon is semantically relevant to the 'Collect fault information' procedure section of the alarm reference. | The visual clearly shows a recognizable pencil/edit symbol, providing clear visual evidence of its purpose.","The image is an isolated icon without surrounding UI context, so the exact button label or tooltip is not visible. | No surrounding interface is shown to confirm the icon's placement in the upper right corner of the log download page."
umn/source/mrs_manager_operation_guide_applicable_to_3.x/alarm_reference_applicable_to_mrs_3.x/alm-14020_number_of_entries_in_the_hdfs_directory_exceeds_the_threshold.rst,ALM-14020 Number of Entries in the HDFS Directory Exceeds the Threshold,en-us_image_0000001582807729.png,icon,partial,0.77,"The image is a small pencil/edit pictogram, matching the |image1| reference used in step 11 to indicate the control for setting date ranges. | The RST instructs the user to click this icon in the upper right corner to set Start Date and End Date, which is consistent with an edit/modify symbol. | The icon appears in the Procedure section for log collection, semantically aligned with the action of editing parameters. | The visual content clearly shows a pencil icon, providing direct visual evidence of the referenced symbol. | No contradiction between the icon and the surrounding text.","The image is an isolated symbol without surrounding UI context, so the exact button label or position cannot be verified. | No text or tooltip is visible in the image to confirm it specifically opens a date-range editor."
umn/source/mrs_manager_operation_guide_applicable_to_3.x/alarm_reference_applicable_to_mrs_3.x/alm-14021_namenode_average_rpc_processing_time_exceeds_the_threshold.rst,ALM-14021 NameNode Average RPC Processing Time Exceeds the Threshold,en-us_image_0000001582807617.png,icon,pass,0.83,"The image is a small pencil/edit icon, matching the RST reference |image1| used in step 22 to click and set the log collection date range. | It is an isolated symbolic UI graphic (icon), not a full screenshot or page interface. | The icon is semantically consistent with an 'edit/modify' action for setting Start Date and End Date in the log download procedure. | No contradiction between the icon and the surrounding procedure text.","The image does not show the surrounding log-download UI, so the exact button label or context cannot be visually confirmed. | No visible interactive control state (hover/active) is present since it is an isolated icon."
umn/source/mrs_manager_operation_guide_applicable_to_3.x/alarm_reference_applicable_to_mrs_3.x/alm-14022_namenode_average_rpc_queuing_time_exceeds_the_threshold.rst,ALM-14022 NameNode Average RPC Queuing Time Exceeds the Threshold,en-us_image_0000001582807777.png,icon,partial,0.72,"The image is a small diagonal expand/zoom icon (two arrows pointing outward diagonally), consistent with a UI symbol for opening a details view. | In the RST, step 21 instructs 'Click |image1|. The Details page is displayed,' which aligns with an expand/zoom icon used on a monitoring chart. | The icon is a generic UI element, not specific to the NameNode RPC queuing topic, but it is used in the correct procedural context (viewing monitoring details). | No contradictions between the icon's appearance and its described function in the document.","The icon is very small and low-resolution, making it difficult to confirm exact visual details beyond the general expand/zoom shape. | No surrounding UI context is visible to confirm it belongs to the MRS Manager monitoring page."
umn/source/mrs_manager_operation_guide_applicable_to_3.x/alarm_reference_applicable_to_mrs_3.x/alm-14022_namenode_average_rpc_queuing_time_exceeds_the_threshold.rst,ALM-14022 NameNode Average RPC Queuing Time Exceeds the Threshold,en-us_image_0000001532767570.png,icon,partial,0.72,"The image is a small pencil/edit icon, a common UI symbol for modifying or editing settings. | In the RST, step 29 instructs 'Click |image2| in the upper right corner, and set Start Date and End Date for log collection,' which aligns with an edit icon used to modify date parameters. | The icon is a generic UI element, not specific to the NameNode RPC queuing topic, but it is used in the correct procedural context (collecting fault logs). | No contradictions between the icon's appearance and its described function in the document.","The icon is very small and low-resolution, making it difficult to confirm exact visual details beyond the general pencil shape. | No surrounding UI context is visible to confirm it belongs to the MRS Manager log download page."
umn/source/mrs_manager_operation_guide_applicable_to_3.x/alarm_reference_applicable_to_mrs_3.x/alm-14023_percentage_of_total_reserved_disk_space_for_replicas_exceeds_the_threshold.rst,ALM-14023 Percentage of Total Reserved Disk Space for Replicas Exceeds the Threshold,en-us_image_0000001532448202.png,icon,pass,0.83,"The image is a small pencil/edit pictogram, matching the RST reference |image1| used in step 11 of the Procedure. | The RST instructs the user to 'Click |image1| in the upper right corner' to set Start Date and End Date, which is consistent with an edit/modify icon. | The icon is placed in the log-collection procedure section, so it is topically relevant to the alarm handling steps. | The visual clearly shows a pencil symbol, providing direct visual evidence of an edit control.","The icon alone does not show the date fields or the upper-right corner context described in the RST. | No surrounding UI (buttons, labels, date pickers) is visible to confirm the exact edit action."
umn/source/mrs_manager_operation_guide_applicable_to_3.x/alarm_reference_applicable_to_mrs_3.x/alm-14024_tenant_space_usage_exceeds_the_threshold.rst,ALM-14024 Tenant Space Usage Exceeds the Threshold,en-us_image_0000001583127441.png,icon,partial,0.70,"The image is a small isolated pencil/edit pictogram, matching the 'icon' classification. | In the RST it is referenced as |image1| in Procedure step 10 ('Click |image1| in the upper right corner...'), so it represents a clickable control used to set the log collection time range. | The icon is semantically tied to the log-collection procedure of the ALM-14024 alarm handling, giving moderate topic and section relevance. | The image clearly and unambiguously shows a pencil symbol, providing strong visual evidence of an icon. | No element of the image contradicts the surrounding RST text.","The icon does not display any label, date fields, or surrounding UI context, so its exact function (e.g., 'set time range') cannot be confirmed from the image alone. | No screenshot of the MRS Manager log page is provided to verify the icon's placement in the upper right corner."
umn/source/mrs_manager_operation_guide_applicable_to_3.x/alarm_reference_applicable_to_mrs_3.x/alm-14025_tenant_file_object_usage_exceeds_the_threshold.rst,ALM-14025 Tenant File Object Usage Exceeds the Threshold,en-us_image_0000001532927474.png,icon,pass,0.83,"The image is a small pencil/edit icon, matching the isolated UI symbol definition of 'icon'. | The RST references |image1| in Procedure step 10 as the control to click for setting Start/End Date during log collection, so the icon is semantically tied to that step. | A pencil icon is a plausible representation of an edit/settings action, consistent with 'set Start Date and End Date'. | The image clearly and unambiguously shows a pencil pictogram, providing strong visual evidence. | No contradiction between the icon and the surrounding procedure text.","The image is an isolated icon without surrounding UI context, so it cannot be confirmed to be located in the 'upper right corner' as the text states. | No label or tooltip is visible to confirm the icon's exact function (edit vs. settings). | The icon is generic and not specific to the ALM-14025 alarm topic."
umn/source/mrs_manager_operation_guide_applicable_to_3.x/alarm_reference_applicable_to_mrs_3.x/alm-14026_blocks_on_datanode_exceed_the_threshold.rst,ALM-14026 Blocks on DataNode Exceed the Threshold,en-us_image_0000001532767582.png,icon,pass,0.83,"The image is a small pencil/edit pictogram, matching the |image1| reference used in step 12 of the Procedure. | The RST instructs the user to 'Click |image1| in the upper right corner' to set Start Date and End Date, consistent with an editable/clickable icon. | The icon is directly relevant to the Procedure section where log collection is performed. | The visual content (a pencil symbol) is clearly legible and consistent with an edit/click control. | No contradiction between the image and the surrounding RST text.","The image is a generic pencil icon and does not show the surrounding MRS Manager log-download UI, so its exact placement in the upper-right corner cannot be visually confirmed. | No label or tooltip is visible in the image to confirm its specific function beyond 'edit/click'."
umn/source/mrs_manager_operation_guide_applicable_to_3.x/alarm_reference_applicable_to_mrs_3.x/alm-14027_datanode_disk_fault.rst,ALM-14027 DataNode Disk Fault,en-us_image_0000001532767582.png,icon,partial,0.67,"The image is a small pencil/edit pictogram, classified as an icon rather than a screenshot. | In the RST it is referenced as |image1| in step 10 of the Procedure, where the user clicks it in the upper right corner to set Start Date and End Date for log collection. | A pencil/edit icon is plausibly consistent with an edit/date-setting control, matching the described action. | The icon is generic and not specific to the DataNode Disk Fault topic, so topic match is low. | No contradiction between the icon and the surrounding text.","The image is an isolated symbol with no surrounding UI, so the exact control it represents (e.g., a date-range editor) cannot be confirmed visually. | No label or tooltip is visible to confirm the icon's function."
umn/source/mrs_manager_operation_guide_applicable_to_3.x/alarm_reference_applicable_to_mrs_3.x/alm-14028_number_of_blocks_to_be_supplemented_exceeds_the_threshold.rst,ALM-14028 Number of Blocks to Be Supplemented Exceeds the Threshold,en-us_image_0000001532448206.png,icon,partial,0.72,"The image is a small pencil/edit icon, consistent with a UI button symbol used in the MRS Manager interface. | The RST references this icon in step 11 of the Procedure: 'Click |image1| in the upper right corner' to set date ranges for log collection. | A pencil icon is a common representation for an edit or modify action, which aligns with setting Start Date and End Date fields. | The icon is generic and not specific to the ALM-14028 alarm topic, but it is functionally relevant to the log collection procedure.","The image does not show the surrounding UI context (e.g., the log download page or the upper-right corner placement). | No label or tooltip is visible on the icon to confirm its exact function beyond a generic edit symbol."
umn/source/mrs_manager_operation_guide_applicable_to_3.x/alarm_reference_applicable_to_mrs_3.x/alm-14029_number_of_blocks_in_a_replica_exceeds_the_threshold.rst,ALM-14029 Number of Blocks in a Replica Exceeds the Threshold,en-us_image_0000001532607654.png,icon,partial,0.77,"The image is a small pencil/edit icon, a generic UI symbol used to represent an edit or modify action. | It is referenced in step 9 of the Procedure as the button to click for setting Start Date and End Date during log download. | The icon is not specific to the ALM-14029 alarm topic but is a standard UI element used in the MRS Manager log collection workflow. | No contradiction between the image and the RST text; the pencil icon plausibly represents the edit/modify control for date fields.","The icon is very small and low-resolution, limiting detail verification. | No surrounding UI context is visible to confirm its placement in the upper-right corner of the log download page. | No label or tooltip is visible to confirm the exact function of the icon."
umn/source/mrs_manager_operation_guide_applicable_to_3.x/alarm_reference_applicable_to_mrs_3.x/alm-14030_hdfs_allows_write_of_single-replica_data.rst,ALM-14030 HDFS Allows Write of Single-Replica Data,en-us_image_0000001582807773.png,icon,partial,0.77,"The image is a small pencil/edit pictogram, matching the |image1| reference in step 6 of the Procedure. | It is used to indicate the control clicked in the upper right corner to set log collection date ranges. | The icon is an isolated UI symbol, not a full screenshot, so it is classified as an icon. | No contradiction between the icon and the surrounding RST text.","The image does not show the surrounding UI context (e.g., the log download page or the upper-right corner placement). | The exact label or tooltip of the button represented by the icon is not visible."
umn/source/mrs_manager_operation_guide_applicable_to_3.x/alarm_reference_applicable_to_mrs_3.x/alm-14039_slow_datanodes_exist_in_the_cluster.rst,ALM-14039 Slow DataNodes Exist in the Cluster,en-us_image_0000002380470068.png,screenshot,pass,1.00,"Image shows a terminal log output with entries containing the keyword 'slow' (e.g., 'Slow manageWriterOsCache'), matching step 5b instruction to search for 'slow' in the DataNode log. | Red boxes highlight volume paths (file:/srv/BigData/hadoop/data7/dn/) and block IDs, consistent with identifying the disk where slow operations occur. | The log format (timestamp, WARN level, DataXceiver, BlockReceiver) is consistent with HDFS DataNode run logs referenced in the RST. | Image is placed in the Handling Procedure section at step 5b, which is exactly where the RST references |image1|.","The full log line text is partially truncated on the right side, but the key 'slow' keyword and disk path are clearly visible."
umn/source/mrs_manager_operation_guide_applicable_to_3.x/alarm_reference_applicable_to_mrs_3.x/alm-14039_slow_datanodes_exist_in_the_cluster.rst,ALM-14039 Slow DataNodes Exist in the Cluster,en-us_image_0000002414069433.png,screenshot,pass,1.00,"Image shows a terminal log entry with 'Slow BlockReceiver write packet to mirror took 1945ms (threshold=300ms)', matching step 10 instruction to identify upstream and downstream nodes where slow operations occur. | A red box highlights the 'downstream DNs=[52...12:25009, 52...13:25009]' portion, directly illustrating how to identify downstream nodes as described in the RST. | The log format (timestamp, WARN, DataXceiver, BlockReceiver) is consistent with HDFS DataNode run logs referenced in the RST. | Image is placed in the Handling Procedure section at step 10, which is exactly where the RST references |image2|.","The full IP addresses of the downstream DNs are partially obscured, but the structure (IP:port) is clearly visible and consistent with the RST description."
umn/source/mrs_manager_operation_guide_applicable_to_3.x/alarm_reference_applicable_to_mrs_3.x/alm-16000_percentage_of_sessions_connected_to_the_hiveserver_to_maximum_number_allowed_exceeds_the_threshold.rst,ALM-16000 Percentage of Sessions Connected to the HiveServer to Maximum Number Allowed Exceeds the Threshold,en-us_image_0000001583127377.png,icon,pass,0.83,"The image is a small pencil/edit pictogram, matching the RST reference |image1| used in step 6 of the Procedure. | The RST instructs to 'Click |image1| in the upper right corner' to set Start/End Date for log collection, consistent with an edit/settings icon. | The icon is placed in the Procedure section and supports the log-collection step, so it is section-relevant. | The visual clearly shows a pencil symbol, providing direct visual evidence of the referenced control. | No contradiction between the icon and the surrounding text.","The image is an isolated icon, so the surrounding UI (upper-right corner context, log download page) is not visible. | The exact label or tooltip of the button is not shown, only the pencil glyph."
umn/source/mrs_manager_operation_guide_applicable_to_3.x/alarm_reference_applicable_to_mrs_3.x/alm-16001_hive_warehouse_space_usage_exceeds_the_threshold.rst,ALM-16001 Hive Warehouse Space Usage Exceeds the Threshold,en-us_image_0000001532927578.png,icon,pass,0.83,"The image is a small pencil/edit icon, matching the RST reference |image1| used in step 11 of the Procedure. | The RST instructs the user to click this icon in the upper right corner to set Start Date and End Date for log collection, which is consistent with an edit/settings icon. | The icon is placed within the Procedure section and is directly relevant to the log-collection step. | The visual content clearly shows a pencil symbol, providing clear visual evidence of an edit-type control. | No contradiction between the icon and the surrounding RST text.",The icon is generic (pencil) and does not itself indicate the specific log-collection dialog or date fields it opens. | No surrounding UI context is visible to confirm the exact placement in the upper right corner.
umn/source/mrs_manager_operation_guide_applicable_to_3.x/alarm_reference_applicable_to_mrs_3.x/alm-16002_hive_sql_execution_success_rate_is_lower_than_the_threshold.rst,ALM-16002 Hive SQL Execution Success Rate Is Lower Than the Threshold,en-us_image_0000001532607850.png,icon,pass,0.83,"The image is a small pencil/edit pictogram, matching the inline image |image1| referenced in step 15 of the Procedure. | The RST instructs the user to click this icon in the upper right corner to set Start Date and End Date for log collection, so the icon semantically represents an edit/settings control. | The icon is placed within the Procedure section and directly supports the log-download step, making it section-relevant. | The visual content (a pencil symbol) is clearly visible and unambiguous. | No contradiction between the icon and the surrounding text.","The image is an isolated icon, so the surrounding UI context (upper-right corner placement, date fields) is not visible. | No label or tooltip is shown to confirm the icon's exact function beyond the RST description."
umn/source/mrs_manager_operation_guide_applicable_to_3.x/alarm_reference_applicable_to_mrs_3.x/alm-16003_background_thread_usage_exceeds_the_threshold.rst,ALM-16003 Background Thread Usage Exceeds the Threshold,en-us_image_0000001583087477.png,icon,pass,0.83,"The image is a small pencil/edit pictogram, matching the inline reference |image1| used in step 11 of the Procedure. | The RST instructs the user to click this icon in the upper right corner to set Start Date and End Date for log collection, which is consistent with an edit/settings symbol. | The icon is placed within the Procedure section, directly supporting the log-collection step. | The visual content (a pencil icon) is clearly visible and unambiguous.","The image is an isolated icon without surrounding UI context, so the exact button label or position cannot be verified. | No text or tooltip is visible in the image to confirm it specifically opens a date-range editor."
umn/source/mrs_manager_operation_guide_applicable_to_3.x/alarm_reference_applicable_to_mrs_3.x/alm-16004_hive_service_unavailable.rst,ALM-16004 Hive Service Unavailable,en-us_image_0000001532927286.png,icon,pass,0.83,"The image is a small pencil/edit pictogram, matching the inline reference |image1| used in step 27 of the Procedure. | The RST instructs the user to click this icon in the upper right corner to set Start Date and End Date for log collection, which is consistent with an edit-style icon. | The icon is placed within the Procedure section (log collection step), so it is topically relevant to the alarm troubleshooting flow. | The visual content clearly shows a diagonal pencil/edit symbol, providing clear visual evidence of an edit control. | No contradiction between the icon and the surrounding text.","The image is an isolated symbol without surrounding UI context, so the exact button label or position (upper right corner) cannot be visually confirmed. | No text or tooltip is visible in the icon to confirm it specifically opens a date-range dialog."
umn/source/mrs_manager_operation_guide_applicable_to_3.x/alarm_reference_applicable_to_mrs_3.x/alm-16005_the_heap_memory_usage_of_the_hive_process_exceeds_the_threshold.rst,ALM-16005 The Heap Memory Usage of the Hive Process Exceeds the Threshold,en-us_image_0000001582927709.png,icon,pass,0.83,"The image is a small pencil/edit pictogram, matching the |image1| reference used in step 9 of the Procedure. | The RST instructs the user to click this icon in the upper right corner to set Start Date and End Date for log collection, which is consistent with an edit/modify icon. | The icon is placed within the Procedure section and directly supports the log-collection step for alarm 16005. | The visual content (a pencil symbol) is clearly visible and unambiguous.",The icon is generic (pencil) and does not itself depict the date-range dialog or the log download UI described in the text. | No surrounding UI context is shown to confirm the exact button location in the upper right corner.
umn/source/mrs_manager_operation_guide_applicable_to_3.x/alarm_reference_applicable_to_mrs_3.x/alm-16006_the_direct_memory_usage_of_the_hive_process_exceeds_the_threshold.rst,ALM-16006 The Direct Memory Usage of the Hive Process Exceeds the Threshold,en-us_image_0000001532767550.png,icon,partial,0.77,"The image is a small pencil/edit pictogram, matching the inline reference |image1| used in step 9 of the Procedure. | The RST instructs the user to click this icon in the upper right corner to set Start Date and End Date for log collection, which is consistent with an edit/set-dates control symbol. | The icon is placed within the Procedure section and is semantically tied to the log-download step of the ALM-16006 troubleshooting flow. | The visual content (a pencil icon) is clearly visible and unambiguous.","The image is an isolated icon without surrounding UI context, so the exact button label or function cannot be confirmed from the image alone. | No surrounding interface is shown to verify that this icon corresponds to the date-range setting control described in the text."
umn/source/mrs_manager_operation_guide_applicable_to_3.x/alarm_reference_applicable_to_mrs_3.x/alm-16007_hive_gc_time_exceeds_the_threshold.rst,ALM-16007 Hive GC Time Exceeds the Threshold,en-us_image_0000001583127545.png,icon,pass,0.83,"The image is a small pencil/edit pictogram, matching the inline image |image1| referenced in step 9 of the Procedure. | The RST instructs the user to click this icon in the upper right corner to set Start Date and End Date for log collection, consistent with an edit-style icon. | The icon is placed within the Procedure section, directly relevant to the log-collection steps for alarm 16007. | The visual content (a pencil symbol) is clearly visible and unambiguous.","The image is an isolated icon without surrounding UI, so the exact button label or context (e.g., 'Edit' or date-range control) is not visible. | No surrounding interface is shown to confirm the icon's position in the upper right corner of the log download page."
umn/source/mrs_manager_operation_guide_applicable_to_3.x/alarm_reference_applicable_to_mrs_3.x/alm-16008_non-heap_memory_usage_of_the_hive_process_exceeds_the_threshold.rst,ALM-16008 Non-Heap Memory Usage of the Hive Process Exceeds the Threshold,en-us_image_0000001583087385.png,icon,partial,0.67,"The image is a small isolated pencil/edit pictogram, matching the |image1| reference used in step 9 of the Procedure. | The RST instructs the user to click this icon in the upper right corner to set Start Date and End Date for log collection, which is consistent with an edit/modify icon. | The icon is generic and not specific to the ALM-16008 Hive non-heap memory alarm topic, so topic match is limited. | No contradiction between the icon and the surrounding text.","The image does not show the surrounding log-download UI, so the exact button label or context cannot be verified. | No text or label is visible on the icon to confirm its specific function."
umn/source/mrs_manager_operation_guide_applicable_to_3.x/alarm_reference_applicable_to_mrs_3.x/alm-16009_map_number_exceeds_the_threshold.rst,ALM-16009 Map Number Exceeds the Threshold,en-us_image_0000001532927586.png,icon,partial,0.77,"The image is a small pencil/edit pictogram, matching the |image1| reference used in step 6 of the Procedure. | The RST instructs to 'Click |image1| in the upper right corner' to set log collection dates, consistent with an edit/settings icon. | The icon is placed within the Procedure section for collecting fault information, so it is contextually relevant. | The visual content (a pencil symbol) is clearly visible and unambiguous.","The image is an isolated icon, so the surrounding MRS Manager UI (upper-right corner, date fields, Download button) is not visible to confirm exact placement. | No label or tooltip is shown to confirm the icon's exact function (edit vs. settings)."
umn/source/mrs_manager_operation_guide_applicable_to_3.x/alarm_reference_applicable_to_mrs_3.x/alm-16047_hiveserver_has_been_deregistered_from_zookeeper.rst,ALM-16047 HiveServer Has Been Deregistered from ZooKeeper,en-us_image_0000001583127385.png,icon,partial,0.77,"The image is a small isolated pencil/edit pictogram, matching the 'icon' classification. | In the RST it is referenced as |image1| in Procedure step 6 ('Click |image1| in the upper right corner... set Start Date and End Date'), so it serves as a clickable UI symbol within the procedure. | The icon is generic (pencil) and not specific to the ALM-16047 HiveServer/ZooKeeper alarm topic, giving only moderate topic relevance. | The visual content (a pencil icon) is clearly and unambiguously visible, supporting strong visual evidence. | No contradiction between the icon and the surrounding text; a pencil icon plausibly denotes an edit/settings action for date ranges.","The image does not show the surrounding MRS Manager UI, so the exact button label or function cannot be confirmed from the image alone. | No text or tooltip in the image confirms that the pencil icon specifically opens the date-range (Start Date/End Date) control."
umn/source/mrs_manager_operation_guide_applicable_to_3.x/alarm_reference_applicable_to_mrs_3.x/alm-17004_oozie_heap_memory_usage_exceeds_the_threshold.rst,ALM-17004 Oozie Heap Memory Usage Exceeds the Threshold,en-us_image_0000001532607918.png,icon,partial,0.77,"The image is a small pencil/edit pictogram, i.e., an isolated UI symbol, so it is classified as an icon. | In the RST, |image1| is referenced in Procedure step 8 as the control to click in the upper right corner to set Start Date and End Date for log collection, which is consistent with an edit/settings icon. | The icon is a generic UI control and is not specific to the Oozie heap memory alarm topic, so topic match is moderate. | The image clearly shows a recognizable pencil icon, providing clear visual evidence of the referenced control. | No contradiction between the image and the surrounding RST text.","The image does not show the surrounding log-download page or the date fields, so the exact function of the icon (edit vs. options) cannot be confirmed from the image alone. | No label or tooltip is visible on the icon to confirm it corresponds to setting Start/End Date."
umn/source/mrs_manager_operation_guide_applicable_to_3.x/alarm_reference_applicable_to_mrs_3.x/alm-17005_oozie_non_heap_memory_usage_exceeds_the_threshold.rst,ALM-17005 Oozie Non Heap Memory Usage Exceeds the Threshold,en-us_image_0000001532607978.png,icon,partial,0.77,"The image is a small pencil/edit pictogram, matching the |image1| reference used in step 8 of the Procedure. | The RST instructs to 'Click |image1| in the upper right corner, and set Start Date and End Date', which is consistent with an edit/settings icon. | The icon is placed within the log-collection procedure, so it is contextually relevant to the alarm troubleshooting steps. | The visual content (a pencil icon) is clear and unambiguous.","The image is an isolated icon without surrounding UI, so the exact button label or tooltip is not visible. | No screenshot context is provided to confirm the icon's position in the upper right corner of the log download page."
umn/source/mrs_manager_operation_guide_applicable_to_3.x/alarm_reference_applicable_to_mrs_3.x/alm-17006_oozie_direct_memory_usage_exceeds_the_threshold.rst,ALM-17006 Oozie Direct Memory Usage Exceeds the Threshold,en-us_image_0000001532767602.png,icon,partial,0.77,"The image is a small pencil/edit pictogram, matching the icon referenced as |image1| in step 8 of the Procedure. | Step 8 instructs the user to click this icon in the upper right corner to set Start Date and End Date for log collection, consistent with an edit/modify control. | The icon is placed within the Procedure section and supports the log-collection action described for the Oozie alarm. | The visual content (a pencil symbol) is clearly visible and unambiguous.","The image is an isolated icon without surrounding UI context, so the exact button label or position cannot be confirmed from the image alone. | No text or tooltip is visible in the image to confirm its function beyond the RST description."
umn/source/mrs_manager_operation_guide_applicable_to_3.x/alarm_reference_applicable_to_mrs_3.x/alm-17007_garbage_collection_gc_time_of_the_oozie_process_exceeds_the_threshold.rst,ALM-17007 Garbage Collection (GC) Time of the Oozie Process Exceeds the Threshold,en-us_image_0000001582927857.png,icon,partial,0.77,"The image is a small pencil/edit pictogram, i.e., an isolated UI symbol, so it is classified as an icon. | In the RST, |image1| is referenced in step 8 of the Procedure ('Collect fault information') as the control to click in the upper right corner to set Start Date and End Date for log collection. | The pencil icon is a generic edit/settings symbol that plausibly represents the click action described, but it is not specific to the Oozie GC alarm topic. | The image is clearly visible and unambiguous as a pencil icon, providing strong visual evidence. | No element of the image contradicts the surrounding RST text.","The image does not show the surrounding log-download UI, so the exact button label or function cannot be confirmed from the image alone. | No text or tooltip is visible in the icon to confirm it corresponds to the date-range setting action."
umn/source/mrs_manager_operation_guide_applicable_to_3.x/alarm_reference_applicable_to_mrs_3.x/alm-17008_abnormal_connection_between_oozie_and_zookeeper.rst,ALM-17008 Abnormal Connection Between Oozie and ZooKeeper,en-us_image_0000002415853277.png,icon,partial,0.77,"The image is a small pencil/edit pictogram, matching the 'icon' classification. | In the RST it is referenced as |image1| in step 8 of the Handling Procedure, where the user clicks a control in the upper right corner to set Start Date and End Date for log collection. | A pencil/edit icon is a plausible representation of a settings/edit control used to configure the date range, so it is semantically consistent with the procedure. | The icon is clearly visible and unambiguous as a pencil symbol, providing strong visual evidence. | No element in the image contradicts the surrounding text.","The image is an isolated icon without surrounding UI context, so it cannot be confirmed that it is the exact control shown in the MRS Manager log-download dialog. | No label or tooltip is visible to confirm the icon's function (e.g., 'edit date range')."
umn/source/mrs_manager_operation_guide_applicable_to_3.x/alarm_reference_applicable_to_mrs_3.x/alm-17009_abnormal_connection_between_oozie_and_dbservice.rst,ALM-17009 Abnormal Connection Between Oozie and DBService,en-us_image_0000002382453800.png,icon,partial,0.72,"The image is a small pencil/edit icon, consistent with a UI control for opening a date-range picker or editing fields. | The RST step 8 instructs the user to click this icon in the upper right corner to set Start Date and End Date for log collection, which aligns with an edit/pencil icon. | The icon is a generic UI symbol and not specific to the Oozie/DBService alarm topic, limiting topic specificity. | No contradiction between the icon and the surrounding text; a pencil icon is a plausible control for setting date parameters.","The image does not show the surrounding MRS Manager UI context (e.g., the log download dialog or the upper-right corner placement). | No label or tooltip is visible on the icon to confirm its exact function (date picker vs. general edit)."
umn/source/mrs_manager_operation_guide_applicable_to_3.x/alarm_reference_applicable_to_mrs_3.x/alm-17010_abnormal_connection_between_oozie_and_hdfs.rst,ALM-17010 Abnormal Connection Between Oozie and HDFS,en-us_image_0000002416013105.png,icon,partial,0.77,"The image is a small pencil/edit pictogram, an isolated UI symbol, so it is classified as an icon. | In the RST it is referenced as |image1| in step 8 of the Handling Procedure, where the user clicks it to set the Start Date and End Date for log collection. | The icon is a generic UI control symbol and is not specific to the Oozie/HDFS alarm topic, giving a moderate topic match. | The visual content (a pencil icon) is clearly legible and consistent with a clickable edit/date-setting control described in the text. | No contradiction between the icon and the surrounding procedure text.",No surrounding UI context is shown to confirm the exact function of the icon. | The image contains no label or text identifying the control.
umn/source/mrs_manager_operation_guide_applicable_to_3.x/alarm_reference_applicable_to_mrs_3.x/alm-17011_abnormal_connection_between_oozie_and_yarn.rst,ALM-17011 Abnormal Connection Between Oozie and YARN,en-us_image_0000002382293908.png,icon,partial,0.72,"The image is a small pencil/edit pictogram, i.e., an isolated UI symbol, so it is classified as an icon. | In the RST it is referenced as |image1| in step 8 of the Handling Procedure ('Click |image1| in the upper right corner, and set Start Date and End Date...'), so it is a UI control icon used in the log-collection workflow. | The icon is a generic edit symbol and is not specific to the ALM-17011 Oozie/YARN alarm topic, giving only moderate topic relevance. | The icon is consistent with the described action of clicking a control to set a date range, so there is no clear contradiction.","No surrounding MRS Manager interface is shown, so the exact function of the icon cannot be confirmed from the image alone. | The image contains no text or label identifying the control."
umn/source/mrs_manager_operation_guide_applicable_to_3.x/alarm_reference_applicable_to_mrs_3.x/alm-18000_yarn_service_unavailable.rst,ALM-18000 Yarn Service Unavailable,en-us_image_0000001583127409.png,icon,partial,0.67,"The image is a small isolated pencil/edit pictogram, matching the 'icon' classification. | In the RST it is referenced as |image1| in step 12 of the Procedure, where the user clicks it in the upper right corner to set the log collection date range. | The icon is a generic UI symbol and not specific to the Yarn service topic, limiting topic match. | It is consistent with the surrounding instruction to click an icon, so no contradiction is present.","The image does not show the surrounding UI context (e.g., the log download page or the upper-right corner placement). | No label or tooltip is visible to confirm the exact function of the icon beyond the RST description."
umn/source/mrs_manager_operation_guide_applicable_to_3.x/alarm_reference_applicable_to_mrs_3.x/alm-18002_nodemanager_heartbeat_lost.rst,ALM-18002 NodeManager Heartbeat Lost,en-us_image_0000001532767534.png,icon,partial,0.67,"The image is a small downward chevron/expand icon, a standard UI control for revealing additional information. | The RST instructs the user to 'Click |image1| before the alarm and obtain lost nodes in Additional Information,' which is consistent with an expand/collapse chevron. | The icon is a generic UI element and does not specifically depict NodeManager, heartbeat, or alarm details. | The image is very small and low-resolution, providing minimal visual detail beyond the basic chevron shape.","No surrounding UI context (alarm list, MRS Manager interface) is visible in the image. | The image does not show the 'Additional Information' panel or lost node details it is meant to reveal."
umn/source/mrs_manager_operation_guide_applicable_to_3.x/alarm_reference_applicable_to_mrs_3.x/alm-18002_nodemanager_heartbeat_lost.rst,ALM-18002 NodeManager Heartbeat Lost,en-us_image_0000001532448310.png,icon,partial,0.67,"The image is a small pencil/edit icon, a standard UI control for modifying settings or parameters. | The RST instructs the user to 'Click |image2| in the upper right corner, and set Start Date and End Date for log collection,' which is consistent with an edit/modify icon. | The icon is a generic UI element and does not specifically depict log collection, Yarn service, or the MRS Manager interface. | The image is very small and low-resolution, providing minimal visual detail beyond the basic pencil shape.","No surrounding UI context (log download page, date fields, MRS Manager interface) is visible in the image. | The image does not show the log collection dialog or date-setting controls it is meant to trigger."
umn/source/mrs_manager_operation_guide_applicable_to_3.x/alarm_reference_applicable_to_mrs_3.x/alm-18003_nodemanager_unhealthy.rst,ALM-18003 NodeManager Unhealthy,en-us_image_0000001532927430.png,icon,pass,0.88,"The image is a small downward chevron/arrow icon, consistent with an expand/collapse control in a table row. | The RST references this icon in step 1 of the Procedure: 'Click |image1| before the alarm and obtain unhealthy nodes in Additional Information,' which matches an expand action to reveal alarm details. | The icon is semantically appropriate for the MRS Manager alarm list context described in the document. | The image is very small and pixelated, limiting the level of visual detail that can be confirmed.",The image is too small and blurry to confirm exact styling or surrounding UI context. | No surrounding table or alarm list is visible to confirm the exact placement of the icon.
umn/source/mrs_manager_operation_guide_applicable_to_3.x/alarm_reference_applicable_to_mrs_3.x/alm-18003_nodemanager_unhealthy.rst,ALM-18003 NodeManager Unhealthy,en-us_image_0000001532607758.png,icon,pass,0.88,"The image is a small pencil/edit icon, a common UI symbol for modifying or setting parameters. | The RST references this icon in step 13 of the Procedure: 'Click |image2| in the upper right corner, and set Start Date and End Date for log collection,' which is consistent with an edit action to configure date ranges. | The icon is semantically appropriate for the log collection workflow in MRS Manager described in the document. | The image is very small and pixelated, limiting the level of visual detail that can be confirmed.",The image is too small and blurry to confirm exact styling or surrounding UI context. | No surrounding log collection panel or date fields are visible to confirm the exact placement of the icon.
umn/source/mrs_manager_operation_guide_applicable_to_3.x/alarm_reference_applicable_to_mrs_3.x/alm-18008_heap_memory_usage_of_resourcemanager_exceeds_the_threshold.rst,ALM-18008 Heap Memory Usage of ResourceManager Exceeds the Threshold,en-us_image_0000001583087317.png,icon,partial,0.72,"The image is a small pencil/edit icon, matching the RST reference |image1| used in step 8 of the Procedure. | The RST instructs the user to click this icon in the upper right corner to set Start Date and End Date for log collection, which is consistent with an edit-style icon. | The icon is relevant to the Procedure section but is not directly tied to the heap-memory alarm topic itself. | No contradiction between the icon and the surrounding text.","The image is an isolated icon without surrounding UI context, so the exact button label or tooltip cannot be verified. | No screenshot of the log download page is provided to confirm the icon's placement in the upper right corner."
umn/source/mrs_manager_operation_guide_applicable_to_3.x/alarm_reference_applicable_to_mrs_3.x/alm-18009_heap_memory_usage_of_jobhistoryserver_exceeds_the_threshold.rst,ALM-18009 Heap Memory Usage of JobHistoryServer Exceeds the Threshold,en-us_image_0000001582927825.png,icon,partial,0.77,"The image is a small pencil/edit pictogram, matching the RST reference |image1| used in step 8 of the Procedure. | The RST instructs to 'Click |image1| in the upper right corner' for log collection, consistent with an edit/configure icon. | The icon is placed within the Procedure section, supporting the log-download workflow. | The visual clearly shows a pencil symbol, providing unambiguous visual evidence of an icon. | No contradiction between the icon and the surrounding RST text.","The image does not show the surrounding UI context (e.g., the log download page) to confirm the exact button location. | No label or tooltip is visible to confirm the icon's specific function beyond an edit/configure action."
umn/source/mrs_manager_operation_guide_applicable_to_3.x/alarm_reference_applicable_to_mrs_3.x/alm-18010_resourcemanager_gc_time_exceeds_the_threshold.rst,ALM-18010 ResourceManager GC Time Exceeds the Threshold,en-us_image_0000001583087505.png,icon,partial,0.62,"The image is a small pencil/edit icon, a generic UI symbol used to indicate an edit or modify action. | The RST references this icon in step 9 of the Procedure section: 'Click |image1| in the upper right corner, and set Start Date and End Date for log collection.' | The pencil icon is a common convention for editing or modifying fields, which aligns with the action of setting date ranges. | The icon is not specific to the ResourceManager GC alarm topic; it is a generic UI element. | No contradiction exists between the icon and the surrounding text.","The icon does not show any surrounding UI context (e.g., the log download page or date fields), so its exact placement cannot be visually confirmed. | The icon is very small and low-resolution, making it difficult to discern fine details."
umn/source/mrs_manager_operation_guide_applicable_to_3.x/alarm_reference_applicable_to_mrs_3.x/alm-18011_nodemanager_gc_time_exceeds_the_threshold.rst,ALM-18011 NodeManager GC Time Exceeds the Threshold,en-us_image_0000001532927650.png,icon,pass,0.83,"The image is a small pencil/edit icon, matching the isolated UI symbol definition of an icon. | It is referenced in step 9 of the Procedure as the control to click for setting log collection dates, so it is topically relevant to the alarm troubleshooting flow. | The icon's edit/pencil semantics align with the action of opening a date-setting dialog described in the text. | The image clearly and unambiguously shows a pencil icon, providing strong visual evidence. | No element of the image contradicts the surrounding reStructuredText content.","The image is an isolated icon without surrounding UI context, so its exact placement (upper right corner) cannot be visually confirmed. | No label or tooltip is visible to confirm the icon's function beyond the textual description."
umn/source/mrs_manager_operation_guide_applicable_to_3.x/alarm_reference_applicable_to_mrs_3.x/alm-18012_jobhistoryserver_gc_time_exceeds_the_threshold.rst,ALM-18012 JobHistoryServer GC Time Exceeds the Threshold,en-us_image_0000001532448166.png,icon,partial,0.72,"The image is a small pencil/edit icon, consistent with a UI symbol used to open a settings or edit dialog. | In the RST, step 9 instructs the user to 'Click |image1| in the upper right corner' to set Start Date and End Date for log collection, which aligns with an edit/set icon. | The icon is generic (pencil) and not specific to the ALM-18012 alarm or JobHistoryServer GC topic, limiting topic specificity. | No contradiction between the icon and its described usage in the procedure.","The image does not show the surrounding UI context (e.g., the log download page) to confirm the exact placement in the upper right corner. | No label or tooltip is visible on the icon to confirm it specifically opens a date-range setting dialog."
umn/source/mrs_manager_operation_guide_applicable_to_3.x/alarm_reference_applicable_to_mrs_3.x/alm-18013_resourcemanager_direct_memory_usage_exceeds_the_threshold.rst,ALM-18013 ResourceManager Direct Memory Usage Exceeds the Threshold,en-us_image_0000001582807685.png,icon,partial,0.72,"The image is a small pencil/edit icon, consistent with a UI symbol used to modify or edit parameters. | In the RST, |image1| is referenced in step 11 of the Procedure: 'Click |image1| in the upper right corner, and set Start Date and End Date for log collection', which aligns with an edit/modify icon. | The icon is a generic edit symbol and does not specifically depict the alarm or log-collection interface, limiting topic specificity. | No contradiction between the icon and its described usage in the procedure.","The image does not show the surrounding UI context (e.g., the log download page or date fields) that would confirm the exact placement described as 'upper right corner'. | The icon is small and slightly blurry, making it difficult to confirm fine details of the symbol."
umn/source/mrs_manager_operation_guide_applicable_to_3.x/alarm_reference_applicable_to_mrs_3.x/alm-18014_nodemanager_direct_memory_usage_exceeds_the_threshold.rst,ALM-18014 NodeManager Direct Memory Usage Exceeds the Threshold,en-us_image_0000001532607910.png,icon,partial,0.72,"The image is a small pencil/edit icon, consistent with its use in step 11 where the user clicks it to set Start Date and End Date for log collection. | The icon is a generic edit symbol, not specific to the NodeManager direct memory alarm topic, but it is semantically appropriate for the 'set dates' action described in the RST. | The RST explicitly references |image1| at this position, and the pencil icon matches the expected UI element for modifying date fields. | No contradiction between the image content and the surrounding text.","The image is very small and slightly blurry, making it difficult to confirm fine details of the icon. | No surrounding UI context is visible to confirm the exact placement in the upper-right corner of the log download panel."
umn/source/mrs_manager_operation_guide_applicable_to_3.x/alarm_reference_applicable_to_mrs_3.x/alm-18015_jobhistoryserver_direct_memory_usage_exceeds_the_threshold.rst,ALM-18015 JobHistoryServer Direct Memory Usage Exceeds the Threshold,en-us_image_0000001582927673.png,icon,partial,0.72,"The image is a small pencil/edit icon, consistent with its use in step 11 as a clickable element in the upper-right corner of the log download dialog. | The RST instructs the user to 'Click |image1| in the upper right corner' to set date ranges; the icon visually matches a typical edit/modify button used in such UI contexts. | The icon is generic (pencil) and not specific to the ALM-18015 alarm or MapReduce service, so topic match is moderate. | No contradiction between the RST description and the image content.","The image does not show the surrounding UI context (log download dialog, date fields) that would confirm the exact placement described in the RST. | No label or tooltip is visible on the icon to confirm its specific function (e.g., 'Edit' or 'Set Date Range')."
umn/source/mrs_manager_operation_guide_applicable_to_3.x/alarm_reference_applicable_to_mrs_3.x/alm-18016_non_heap_memory_usage_of_resourcemanager_exceeds_the_threshold.rst,ALM-18016 Non Heap Memory Usage of ResourceManager Exceeds the Threshold,en-us_image_0000001582927689.png,icon,pass,0.83,"The image is a small pencil/edit icon, matching the RST reference |image1| used in step 8 of the Procedure. | The RST instructs the user to click this icon in the upper right corner to set Start Date and End Date for log collection, which is consistent with an edit/pencil control. | The icon is placed in the Procedure section and is directly relevant to the log-download step. | The visual content (a pencil symbol) is clearly visible and unambiguous. | No contradiction between the icon and the surrounding text.","The image is an isolated icon without surrounding UI context, so the exact button label or tooltip is not visible. | The icon does not show the date-range fields it is supposed to open, so the full interaction cannot be verified from the image alone."
umn/source/mrs_manager_operation_guide_applicable_to_3.x/alarm_reference_applicable_to_mrs_3.x/alm-18017_non_heap_memory_usage_of_nodemanager_exceeds_the_threshold.rst,ALM-18017 Non Heap Memory Usage of NodeManager Exceeds the Threshold,en-us_image_0000001532927326.png,icon,partial,0.77,"The image is a small pencil/edit icon, matching the isolated-symbol definition of an icon. | In the RST, |image1| is referenced in step 8 of the Procedure: 'Click |image1| in the upper right corner, and set Start Date and End Date for log collection', which is consistent with an edit/pencil control used to modify date fields. | The icon is placed within the log-collection procedure of the ALM-18017 alarm handling section, so it is topically relevant to the document. | The visual content (a pencil glyph) is clearly visible and unambiguous.",The image does not show the surrounding UI (the log download page or the upper-right corner context) that the RST describes. | No label or tooltip is visible to confirm the icon's exact function (edit vs. other action).
umn/source/mrs_manager_operation_guide_applicable_to_3.x/alarm_reference_applicable_to_mrs_3.x/alm-18018_nodemanager_heap_memory_usage_exceeds_the_threshold.rst,ALM-18018 NodeManager Heap Memory Usage Exceeds the Threshold,en-us_image_0000001532927458.png,icon,partial,0.72,"The image is a small pencil/edit icon, consistent with its use as a clickable UI symbol in step 8 of the procedure. | The RST instructs the user to 'Click |image1| in the upper right corner' to set Start Date and End Date for log collection; a pencil icon is a common symbol for editing or configuring parameters. | The icon is generic (pencil) and not specific to the NodeManager heap memory alarm topic, but it is semantically appropriate for the 'set parameters' action described. | No contradiction between the image content and the surrounding text.","The image does not show the surrounding UI context (e.g., the log download page or the upper-right corner placement) that would confirm the exact button location described in the text. | No label or tooltip is visible on the icon to confirm it specifically triggers the date-setting dialog."
umn/source/mrs_manager_operation_guide_applicable_to_3.x/alarm_reference_applicable_to_mrs_3.x/alm-18019_non_heap_memory_usage_of_jobhistoryserver_exceeds_the_threshold.rst,ALM-18019 Non Heap Memory Usage of JobHistoryServer Exceeds the Threshold,en-us_image_0000001583127313.png,icon,partial,0.77,"The image is a small pencil/edit pictogram, matching the RST reference |image1| used in step 8 of the Procedure. | The RST instructs to 'Click |image1| in the upper right corner' to set Start Date and End Date for log collection, consistent with an edit/settings icon. | The icon is semantically relevant to the log-collection step within the alarm handling procedure. | No contradiction between the icon and the surrounding text.","The icon alone does not show the surrounding UI context (e.g., the log download page or the upper-right corner placement). | No label or tooltip is visible to confirm the exact function of the icon beyond the RST description."
umn/source/mrs_manager_operation_guide_applicable_to_3.x/alarm_reference_applicable_to_mrs_3.x/alm-18020_yarn_task_execution_timeout.rst,ALM-18020 Yarn Task Execution Timeout,en-us_image_0000001582927573.png,screenshot,pass,1.00,"Image shows the Yarn Scheduler 'Application Queues' page exactly as described in step 5 of the RST. | The queue tree (root, root.lost_and_found, root.default) and expanded queue details match the RST instruction to 'find the corresponding queue name and expand the queue details'. | Used Resources and Max Resources fields are highlighted with red boxes, directly corresponding to step 6's instruction to compare these values. | The page title 'Application Queues' matches the RST reference to the 'Applications Queues' page.",
umn/source/mrs_manager_operation_guide_applicable_to_3.x/alarm_reference_applicable_to_mrs_3.x/alm-18020_yarn_task_execution_timeout.rst,ALM-18020 Yarn Task Execution Timeout,en-us_image_0000001583127321.png,screenshot,pass,1.00,"Image shows the Hadoop job tracking page (Job Overview) as described in step 7 after navigating via Tracking URL:ApplicationMaster. | Left navigation shows Job > Overview, Counters, Configuration, Map tasks, Reduce tasks, AM Logs, matching the RST's reference to choosing 'Job > Map tasks' or 'Job > Reduce tasks' in step 8. | The Task Type table with Map and Reduce rows and columns (Progress, Total, Pending, Running, Complete) supports the data skew check described in step 8. | Job details (Job Name, Queue Name, State, Started, Elapsed) are visible, consistent with the native Yarn job page context.",
umn/source/mrs_manager_operation_guide_applicable_to_3.x/alarm_reference_applicable_to_mrs_3.x/alm-18020_yarn_task_execution_timeout.rst,ALM-18020 Yarn Task Execution Timeout,en-us_image_0000001532448194.png,icon,partial,0.78,"Image is a small pencil/edit icon, consistent with its use in step 12 as a clickable button reference ('Click |image3| in the upper right corner'). | The icon is directly referenced in the RST for the log download procedure, making it relevant to the section. | As a small icon, it provides minimal visual detail beyond identifying the button to click. | The icon is a generic edit symbol; it does not show the surrounding UI context (date fields, Download button) mentioned in the same step.","The surrounding log download UI (Start Date, End Date fields, Download button) is not visible in this icon-only image. | The exact position ('upper right corner') cannot be verified from the isolated icon."
umn/source/mrs_manager_operation_guide_applicable_to_3.x/alarm_reference_applicable_to_mrs_3.x/alm-18021_mapreduce_service_unavailable.rst,ALM-18021 Mapreduce Service Unavailable,en-us_image_0000001582807805.png,icon,pass,0.83,"The image is a small pencil/edit pictogram, matching the isolated UI symbol definition of an icon. | It is referenced in step 13 of the Procedure as the control to click in the upper right corner for log collection, so it is semantically relevant to the alarm troubleshooting steps. | The visual content (a pencil icon) is consistent with a clickable edit/configure control described in the text. | No contradiction between the image and the RST description.","The image shows only the isolated icon without surrounding UI context, so its exact placement (upper right corner) cannot be visually confirmed. | No label or tooltip is visible to confirm the icon's function beyond the textual description."
umn/source/mrs_manager_operation_guide_applicable_to_3.x/alarm_reference_applicable_to_mrs_3.x/alm-18022_insufficient_yarn_queue_resources.rst,ALM-18022 Insufficient Yarn Queue Resources,en-us_image_0000001532927482.png,icon,pass,0.83,"The image is a small pencil/edit pictogram, matching the |image1| reference used in step 11 of the Procedure. | The RST instructs the user to click this icon in the upper right corner to set Start Date and End Date for log collection, which is consistent with an edit-style icon. | The icon is placed within the Procedure section and directly supports the log-collection step. | The visual content (a pencil symbol) is clearly visible and unambiguous.","The image does not show the surrounding UI (e.g., the upper-right corner or date fields), so its exact placement cannot be verified from the image alone. | No label or tooltip is visible to confirm the icon's specific function beyond an edit action."
umn/source/mrs_manager_operation_guide_applicable_to_3.x/alarm_reference_applicable_to_mrs_3.x/alm-18023_number_of_pending_yarn_tasks_exceeds_the_threshold.rst,ALM-18023 Number of Pending Yarn Tasks Exceeds the Threshold,en-us_image_0000001583087333.png,icon,partial,0.67,"The image is an isolated pencil/edit pictogram, not a UI screenshot, so it is classified as an icon. | In the RST the image (|image1|) is referenced in Procedure step 10 as the control to click in order to set Start Date and End Date for log collection, which is consistent with an edit/settings icon. | The icon is a generic UI symbol and is not specific to the ALM-18023 Yarn pending-task alarm topic, limiting topic match. | The pencil icon plausibly represents the 'click to edit/set date' action described in the text, with no clear contradiction.","The image does not show the surrounding MRS Manager log-download UI, so the exact button label or context cannot be confirmed. | No text or label is visible on the icon to verify it specifically opens the date-range setting dialog."
umn/source/mrs_manager_operation_guide_applicable_to_3.x/alarm_reference_applicable_to_mrs_3.x/alm-18024_pending_yarn_memory_usage_exceeds_the_threshold.rst,ALM-18024 Pending Yarn Memory Usage Exceeds the Threshold,en-us_image_0000001583087421.png,icon,partial,0.72,"The image is a small pencil/edit icon, consistent with a generic 'modify' or 'edit' action symbol. | The RST references this icon in step 10 for setting Start Date and End Date during log collection, which aligns with an edit/modify action. | The icon is a standard UI pictogram (pencil) and does not contain any alarm-specific or Yarn-specific visual elements. | No contradiction exists between the icon and the surrounding procedure text.","The icon is small and slightly blurry, making it difficult to confirm exact styling or whether it includes a label. | No surrounding UI context (e.g., a button border or tooltip) is visible to confirm the exact interaction the icon represents."
umn/source/mrs_manager_operation_guide_applicable_to_3.x/alarm_reference_applicable_to_mrs_3.x/alm-18025_number_of_terminated_yarn_tasks_exceeds_the_threshold.rst,ALM-18025 Number of Terminated Yarn Tasks Exceeds the Threshold,en-us_image_0000001583087357.png,icon,partial,0.77,"The image is a small isolated pencil/edit icon, matching the 'icon' classification. | In the RST, |image1| is referenced in step 9 of the Procedure to set Start Date and End Date for log collection, so the icon is semantically tied to the alarm troubleshooting workflow. | The icon plausibly represents the edit/settings control used to open the date-range dialog, consistent with the surrounding text. | The visual content (a pencil symbol) is clearly legible and unambiguous.","The image is an isolated icon without surrounding UI context, so the exact button label or target dialog is not visible. | No screenshot shows the 'upper right corner' placement or the date fields the icon is meant to open."
umn/source/mrs_manager_operation_guide_applicable_to_3.x/alarm_reference_applicable_to_mrs_3.x/alm-18026_number_of_failed_yarn_tasks_exceeds_the_threshold.rst,ALM-18026 Number of Failed Yarn Tasks Exceeds the Threshold,en-us_image_0000001583087481.png,icon,partial,0.77,"The image is a small isolated pencil/edit pictogram, matching the 'icon' classification. | In the RST it is referenced as |image1| in Procedure step 9 ('Click |image1| in the upper right corner'), consistent with a clickable UI symbol for setting the date range. | The icon is a generic UI control symbol rather than a screenshot of the alarm or Yarn task failure, so its topical tie to ALM-18026 is indirect. | No visible interactive controls or UI layout are present, only the standalone symbol.","The image does not show the surrounding log-download UI, so the exact control it represents (e.g., date picker vs. edit) cannot be confirmed visually. | No label or context in the image ties it specifically to the Yarn failed-task alarm topic."
umn/source/mrs_manager_operation_guide_applicable_to_3.x/alarm_reference_applicable_to_mrs_3.x/alm-19000_hbase_service_unavailable.rst,ALM-19000 HBase Service Unavailable,en-us_image_0000001532448266.png,screenshot,pass,1.00,"Image shows the HBase WebUI 'Tables' page with 'System Tables' tab selected, matching Figure 1 caption. | The three tables hbase:acl, hbase:meta, and hbase:namespace are visible and highlighted with red boxes, exactly as described in step 17. | The 'Table Name' and 'Description' columns match the RST description. | Directly referenced in step 17 of the procedure.",
umn/source/mrs_manager_operation_guide_applicable_to_3.x/alarm_reference_applicable_to_mrs_3.x/alm-19000_hbase_service_unavailable.rst,ALM-19000 HBase Service Unavailable,en-us_image_0000001532767490.png,screenshot,pass,1.00,"Image shows the HMaster WebUI 'Tasks' section with 'Show non-RPC Tasks' tab selected, matching Figure 2 caption 'HMaster is being started'. | The State column shows 'RUNNING (since 1 sec ago)' highlighted in red, exactly as described in step 19. | Description column shows 'Master startup' and Status shows 'Initializing master service threads', consistent with HMaster startup. | Directly referenced in step 19 of the procedure.",
umn/source/mrs_manager_operation_guide_applicable_to_3.x/alarm_reference_applicable_to_mrs_3.x/alm-19000_hbase_service_unavailable.rst,ALM-19000 HBase Service Unavailable,en-us_image_0000001583087409.png,screenshot,pass,1.00,"Image shows the HMaster WebUI 'Tasks' section with 'Show non-RPC Tasks' tab selected, matching Figure 3 caption 'HMaster is started'. | The State column shows 'COMPLETE (since 59sec ago)' highlighted in red, exactly as described in step 19. | Description column shows 'Master startup' and Status shows 'Calling postStartMaster coprocessors', consistent with HMaster completion. | Directly referenced in step 19 of the procedure.",
umn/source/mrs_manager_operation_guide_applicable_to_3.x/alarm_reference_applicable_to_mrs_3.x/alm-19000_hbase_service_unavailable.rst,ALM-19000 HBase Service Unavailable,en-us_image_0000001582927649.png,screenshot,pass,1.00,"Image shows the 'Regions in Transition' section of the HMaster WebUI, matching Figure 4 caption. | The table shows hbase:meta region in PENDING_OPEN state, highlighted in blue, with the row highlighted in red. | Summary lines show 'Total number of Regions in Transition for more than 60000 milliseconds: 0' and 'Total number of Regions in Transition: 1'. | Directly referenced in step 20 of the procedure for checking hbase:meta in Region in Transition state.",
umn/source/mrs_manager_operation_guide_applicable_to_3.x/alarm_reference_applicable_to_mrs_3.x/alm-19000_hbase_service_unavailable.rst,ALM-19000 HBase Service Unavailable,en-us_image_0000001582807697.png,icon,partial,0.78,"Image is a small pencil/edit icon, referenced as |image1| in step 31 for clicking to set Start Date and End Date. | A pencil icon is a standard UI symbol for edit/modify actions, consistent with the described action of setting date parameters. | Directly referenced in step 31 of the log collection procedure. | The icon is small and slightly blurry, making fine details hard to discern.","The icon does not show the date fields or the surrounding UI context where it would appear in the upper right corner. | The image resolution is low, making it difficult to confirm exact icon design details."
umn/source/mrs_manager_operation_guide_applicable_to_3.x/alarm_reference_applicable_to_mrs_3.x/alm-19006_hbase_replication_sync_failed.rst,ALM-19006 HBase Replication Sync Failed,en-us_image_0000001532607922.png,icon,pass,0.83,"The image is a small pencil/edit pictogram, matching the inline reference |image1| used in step 22 of the Procedure. | The RST instructs the user to click this icon in the upper right corner to set Start Date and End Date for log collection, which is consistent with an edit/settings icon. | The icon is placed within the Procedure section and directly supports the log-collection step, so it is section-relevant. | The visual content (a pencil symbol) is clearly visible and unambiguous. | No contradiction between the icon and the surrounding text.",The icon is generic and does not itself show the date-picker or log-download UI it is meant to open. | No surrounding UI context is visible to confirm the exact control the icon represents.
umn/source/mrs_manager_operation_guide_applicable_to_3.x/alarm_reference_applicable_to_mrs_3.x/alm-19007_hbase_gc_time_exceeds_the_threshold.rst,ALM-19007 HBase GC Time Exceeds the Threshold,en-us_image_0000001582927717.png,icon,pass,0.83,"The image is a small pencil/edit icon, matching the |image1| reference used in step 8 of the Procedure. | The RST instructs the user to click this icon in the upper right corner to set Start Date and End Date for log collection, which is consistent with an edit/parameter-setting symbol. | The icon is placed within the Procedure section and is semantically relevant to the log-collection step. | The visual content (a pencil pictogram) is clearly visible and unambiguous.","The image is an isolated symbol without surrounding UI context, so its exact placement in the upper right corner cannot be verified from the image alone. | No label or tooltip is visible to confirm the icon's specific function beyond the RST description."
umn/source/mrs_manager_operation_guide_applicable_to_3.x/alarm_reference_applicable_to_mrs_3.x/alm-19008_heap_memory_usage_of_the_hbase_process_exceeds_the_threshold.rst,ALM-19008 Heap Memory Usage of the HBase Process Exceeds the Threshold,en-us_image_0000001532927606.png,icon,partial,0.67,"The image is a small pencil/edit pictogram, an isolated UI symbol, not a screenshot or page. | The RST references |image1| in step 8 as a control to click in the upper right corner to set Start/End Date for log collection, which is consistent with an edit icon. | The icon is generic and does not depict HBase, heap memory, or the alarm 19008, so topic relevance is weak. | The visual content (a pencil) is clearly and unambiguously visible.","No surrounding UI context is shown to confirm the icon's exact function (e.g., date-range editor). | No label or tooltip is visible to verify it corresponds to the log-collection edit action described in the RST."
umn/source/mrs_manager_operation_guide_applicable_to_3.x/alarm_reference_applicable_to_mrs_3.x/alm-19009_direct_memory_usage_of_the_hbase_process_exceeds_the_threshold.rst,ALM-19009 Direct Memory Usage of the HBase Process Exceeds the Threshold,en-us_image_0000001583087501.png,icon,pass,0.83,"The image is a small pencil/edit pictogram, matching the RST reference |image1| used in step 10 of the Procedure. | It is an isolated symbolic icon, not a UI screenshot, so it is classified as 'icon'. | The icon is consistent with a clickable control described in the log-collection step ('Click |image1| in the upper right corner'). | No contradiction between the icon and the surrounding RST text.","The image alone does not show the surrounding MRS Manager log-download UI, so its exact placement cannot be verified. | No label or tooltip is visible on the icon to confirm its function beyond the RST description."
umn/source/mrs_manager_operation_guide_applicable_to_3.x/alarm_reference_applicable_to_mrs_3.x/alm-19011_regionserver_region_number_exceeds_the_threshold.rst,ALM-19011 RegionServer Region Number Exceeds the Threshold,en-us_image_0000001532927346.png,screenshot,pass,1.00,"Image shows the HBase WebUI Region Servers page with a table listing ServerName, Start time, Last contact, Version, Requests Per Second, and Num. Regions columns | The Num. Regions column is highlighted with a red box, directly illustrating the region count metric central to ALM-19011 | Three RegionServer entries are shown with region counts of 8, 4, and 4 (total 16), demonstrating the region distribution check described in step 2 | The RST caption reads 'Figure 1 WebUI of HBase instance' which matches the displayed content exactly | Tabs (Base Stats, Memory, Requests, Storefiles, Compactions, Replications) are visible as interactive controls",The image does not show the MRS Manager navigation path (Cluster > Services > HBase > HMaster(Active)) that precedes this WebUI view | No alarm threshold value (2000) is visible in the screenshot
umn/source/mrs_manager_operation_guide_applicable_to_3.x/alarm_reference_applicable_to_mrs_3.x/alm-19011_regionserver_region_number_exceeds_the_threshold.rst,ALM-19011 RegionServer Region Number Exceeds the Threshold,en-us_image_0000001582927569.png,icon,partial,0.72,"The image is a small pencil/edit icon used as a UI button reference in step 23 of the procedure | The RST states 'Click |image1| in the upper right corner' for log collection, and this pencil icon serves as that clickable element | The icon is relevant to the 'Collect fault information' subsection where the user downloads HBase logs | The icon is small and simple, providing minimal visual detail beyond identifying it as an edit/click action symbol","The icon does not show the surrounding UI context (upper right corner placement, log collection dialog) | No text label is visible on the icon to confirm its specific function beyond a generic edit/click action"
umn/source/mrs_manager_operation_guide_applicable_to_3.x/alarm_reference_applicable_to_mrs_3.x/alm-19012_hbase_system_table_directory_or_file_lost.rst,ALM-19012 HBase System Table Directory or File Lost,en-us_image_0000001532927334.png,icon,pass,0.93,"The image is a small pencil/edit pictogram, matching the RST reference |image1| used in step 6 of the Procedure. | The RST instructs the user to click this icon in the upper right corner to set Start Date and End Date for log collection, which is consistent with an edit/date-range control symbol. | The icon is placed within the Procedure section and is semantically relevant to the log-collection step. | The visual content (a pencil icon) is clearly visible and unambiguous.","The icon is generic and does not itself display date fields or a calendar, so the exact control it represents is inferred from the RST text. | No surrounding UI context is shown to confirm the icon's position in the upper right corner."
umn/source/mrs_manager_operation_guide_applicable_to_3.x/alarm_reference_applicable_to_mrs_3.x/alm-19013_duration_of_regions_in_transaction_state_exceeds_the_threshold.rst,ALM-19013 Duration of Regions in transaction State Exceeds the Threshold,en-us_image_0000001532607834.png,icon,partial,0.77,"The image is a small isolated pencil/edit pictogram, matching the 'icon' classification. | In the RST, |image1| is referenced in step 9 of the Procedure as the control to click in the upper right corner to set the log collection date range, so the icon is semantically tied to the log-collection step. | The icon is consistent with a clickable edit/settings symbol used in the MRS Manager log download UI described in the document. | No contradiction between the icon and the surrounding text.","The image shows only the icon in isolation, without the surrounding log-download UI, so the exact button label or context cannot be verified. | No visible text or interface elements confirm the specific function (date-range editing) beyond the RST description."
umn/source/mrs_manager_operation_guide_applicable_to_3.x/alarm_reference_applicable_to_mrs_3.x/alm-19014_capacity_quota_usage_on_zookeeper_exceeds_the_threshold_severely.rst,ALM-19014 Capacity Quota Usage on ZooKeeper Exceeds the Threshold Severely,en-us_image_0000001583127465.png,screenshot,pass,1.00,"Image shows a ZooKeeper client terminal session with the 'listquota /hbase' command output, directly matching step 3 of the procedure. | The red box highlights 'bytes=10240' which corresponds to the RST description: 'The marked area in the following figure shows the capacity configuration of the root ZNode of the HBase service.' | The output shows 'absolute path is /zookeeper/quota/hbase' and quota values (count=1500000, bytes=10240), consistent with checking ZNode capacity quota. | The terminal prompt shows a connected ZooKeeper session on port 24002, consistent with the hbase zkcli login described in the RST.",
umn/source/mrs_manager_operation_guide_applicable_to_3.x/alarm_reference_applicable_to_mrs_3.x/alm-19014_capacity_quota_usage_on_zookeeper_exceeds_the_threshold_severely.rst,ALM-19014 Capacity Quota Usage on ZooKeeper Exceeds the Threshold Severely,en-us_image_0000001532448342.png,icon,partial,0.72,"Image is a small pencil/edit icon, consistent with the RST reference in step 11: 'Click |image2| in the upper right corner' for setting date ranges during log collection. | The icon is a generic UI symbol (pencil) used to represent an edit or configure action in the MRS Manager interface. | It is indirectly related to the alarm topic as part of the log collection procedure for fault information gathering. | No contradiction with the RST text; the icon is described as a clickable element in the upper right corner of the log download page.","The icon is very small and low-resolution, making it difficult to confirm exact UI context. | The surrounding MRS Manager interface (log download page, date fields) is not visible in the image."
umn/source/mrs_manager_operation_guide_applicable_to_3.x/alarm_reference_applicable_to_mrs_3.x/alm-19015_quantity_quota_usage_on_zookeeper_exceeds_the_threshold.rst,ALM-19015 Quantity Quota Usage on ZooKeeper Exceeds the Threshold,en-us_image_0000001582927609.png,screenshot,pass,1.00,"Image shows a ZooKeeper client terminal session with the listquota /hbase command output, directly matching step 3 of the procedure. | The red box highlights the count=15000000 quota value, corresponding to the text's reference to 'the marked area...shows the quantity quota configuration of the root ZNode of the HBase service.' | The output includes both the quota (count=15000000,bytes=10240) and the stat (count=59,bytes=1902), consistent with checking ZNode quantity quota and usage. | Terminal interface is clearly visible with command prompt and output lines.",
umn/source/mrs_manager_operation_guide_applicable_to_3.x/alarm_reference_applicable_to_mrs_3.x/alm-19016_quantity_quota_usage_on_zookeeper_exceeds_the_threshold_severely.rst,ALM-19016 Quantity Quota Usage on ZooKeeper Exceeds the Threshold Severely,en-us_image_0000001532927362.png,screenshot,pass,1.00,"Shows the ZooKeeper client terminal output of the 'listquota /hbase' command exactly as described in step 3 of the procedure | The marked area (count=1500000) is highlighted in red, matching the RST description of 'the marked area in the following figure shows the quantity configuration of the root ZNode' | Displays both the quota output (count=1500000, bytes=10240) and the stat output (count=59, bytes=1902) as expected | The command prompt shows the ZK connection at port 24002, consistent with a ZooKeeper client session",
umn/source/mrs_manager_operation_guide_applicable_to_3.x/alarm_reference_applicable_to_mrs_3.x/alm-19016_quantity_quota_usage_on_zookeeper_exceeds_the_threshold_severely.rst,ALM-19016 Quantity Quota Usage on ZooKeeper Exceeds the Threshold Severely,en-us_image_0000001532767426.png,icon,partial,0.78,"Small pencil/edit icon referenced in step 11 as the button to click in the upper right corner for setting log collection dates | The icon is consistent with a UI edit/modify action button in the MRS Manager interface | Directly referenced in the RST procedure for log collection (step 11) | The icon is small and low-resolution, making it difficult to verify specific UI context","The full MRS Manager UI context is not visible, only the isolated icon | Cannot confirm the exact position (upper right corner) from the icon alone | No surrounding UI elements visible to confirm it is part of the Log > Download page"
umn/source/mrs_manager_operation_guide_applicable_to_3.x/alarm_reference_applicable_to_mrs_3.x/alm-19017_capacity_quota_usage_on_zookeeper_exceeds_the_threshold.rst,ALM-19017 Capacity Quota Usage on ZooKeeper Exceeds the Threshold,en-us_image_0000001582807761.png,screenshot,pass,1.00,"Image shows terminal output of the 'listquota /hbase' command exactly as described in step 3 of the procedure | The red box highlights 'bytes=10240' which corresponds to the 'marked area' mentioned in the RST showing the quantity configuration of the root ZNode | Output shows quota count=1500000 and bytes=10240, matching the expected ZooKeeper quota information for HBase | The command prompt shows the ZooKeeper client session (zk: ... CONNECTED) consistent with the hbase zkcli login described in the RST",
umn/source/mrs_manager_operation_guide_applicable_to_3.x/alarm_reference_applicable_to_mrs_3.x/alm-19018_hbase_compaction_queue_size_exceeds_the_threshold.rst,ALM-19018 HBase Compaction Queue Size Exceeds the Threshold,en-us_image_0000001532767650.png,icon,partial,0.77,"The image is a small isolated pencil/edit pictogram, matching the 'icon' classification. | In the RST it is referenced as |image1| in step 6 of the Procedure, where the user clicks it in the upper right corner to set Start Date and End Date for log collection. | A pencil/edit icon is a plausible symbol for an editable date-range control, consistent with the surrounding instruction. | The icon is a clickable UI control symbol, so an interactive control is represented.","The image is a generic pencil icon without surrounding UI context, so its exact label or function cannot be confirmed beyond the RST description. | No text or button label is visible in the image to verify it specifically opens a date-range dialog."
umn/source/mrs_manager_operation_guide_applicable_to_3.x/alarm_reference_applicable_to_mrs_3.x/alm-19019_number_of_hbase_hfiles_to_be_synchronized_exceeds_the_threshold.rst,ALM-19019 Number of HBase HFiles to Be Synchronized Exceeds the Threshold,en-us_image_0000001583127561.png,icon,pass,0.83,"The image is a small pencil/edit pictogram, matching the |image1| reference used in step 17 of the Procedure. | The RST instructs the user to click this icon in the upper right corner to set Start Date and End Date for log collection, consistent with an edit/settings control. | The icon is placed within the Procedure section for ALM-19019, directly supporting the log-download troubleshooting step. | The visual content (a pencil symbol) is clearly visible and unambiguous.","The image shows only the isolated icon, not the surrounding MRS Manager log-download page, so the exact UI context (upper-right placement, date fields) cannot be verified from the image alone. | No label or tooltip is visible on the icon to confirm its specific function beyond a generic edit symbol."
umn/source/mrs_manager_operation_guide_applicable_to_3.x/alarm_reference_applicable_to_mrs_3.x/alm-19020_number_of_hbase_wal_files_to_be_synchronized_exceeds_the_threshold.rst,ALM-19020 Number of HBase WAL Files to Be Synchronized Exceeds the Threshold,en-us_image_0000001583127517.png,icon,partial,0.77,"The image is a small pencil/edit pictogram, matching the |image1| reference used in step 17 of the Procedure. | The RST instructs to 'Click |image1| in the upper right corner' to set Start Date and End Date, consistent with an edit icon. | The icon is placed within the log-collection procedure, so it is topically relevant to the alarm troubleshooting steps. | The visual content (a pencil symbol) is clearly visible and unambiguous.","The image shows only the icon in isolation, without the surrounding UI context (e.g., the log download page or the upper-right corner placement). | No label or tooltip is visible to confirm the icon's exact function beyond the RST description."
umn/source/mrs_manager_operation_guide_applicable_to_3.x/alarm_reference_applicable_to_mrs_3.x/alm-19021_handler_usage_of_regionserver_exceeds_the_threshold.rst,ALM-19021 Handler Usage of RegionServer Exceeds the Threshold,en-us_image_0000001532448374.png,screenshot,pass,1.00,"Shows the HBase HMaster WebUI 'Region Servers' area with the 'Requests' tab active, matching step 5 of the procedure. | The 'Filtered Read Request Count' and 'Write Request Count' columns are highlighted with red boxes, exactly as the RST instructs to check for even distribution. | Column headers and tab names (Base Stats, Memory, Requests, Storefiles, Compactions, Replications) align with the documented HBase WebUI.","ServerName values are redacted, so specific host identification is not visible."
umn/source/mrs_manager_operation_guide_applicable_to_3.x/alarm_reference_applicable_to_mrs_3.x/alm-19021_handler_usage_of_regionserver_exceeds_the_threshold.rst,ALM-19021 Handler Usage of RegionServer Exceeds the Threshold,en-us_image_0000001583087517.png,screenshot,pass,1.00,"Shows the HBase HMaster WebUI 'Region Servers' area with the 'Base Stats' tab active, matching step 6 of the procedure. | The 'Num. Regions' column is highlighted with a red box, matching the RST instruction to check whether regions are evenly distributed. | Visible columns (Start time, Last contact, Version, Requests Per Second, Num. Regions) and the 'Total:4' row are consistent with the HBase WebUI.","ServerName and Version values are redacted, so specific node identification is not visible."
umn/source/mrs_manager_operation_guide_applicable_to_3.x/alarm_reference_applicable_to_mrs_3.x/alm-19021_handler_usage_of_regionserver_exceeds_the_threshold.rst,ALM-19021 Handler Usage of RegionServer Exceeds the Threshold,en-us_image_0000001532927534.png,icon,partial,0.78,"A small pencil/edit icon, consistent with the RST step 15 instruction to 'Click |image3| in the upper right corner' for log collection. | It is an isolated symbolic graphic (pencil), classifying it as an icon rather than a full UI screenshot. | The icon is generic and not specific to HBase, so topic and detail match are moderate.","No surrounding UI context is shown, so the exact button label or location cannot be confirmed from the image alone."
umn/source/mrs_manager_operation_guide_applicable_to_3.x/alarm_reference_applicable_to_mrs_3.x/alm-19032_number_of_tasks_in_the_regionserver_rpc_write_queue_exceeds_the_threshold.rst,ALM-19032 Number of Tasks in the RegionServer RPC Write Queue Exceeds the Threshold,en-us_image_0000002415993313.png,screenshot,pass,1.00,"The image shows the HBase web UI 'Region Servers' page with the 'Base Stats' tab selected, exactly as described in step 15 of the handling procedure. | The 'Num.Regions' column is highlighted with a red box, matching the instruction to check whether the number of regions in the Num.Regions column is even. | The displayed values (1, 0, 4, total 5) illustrate an uneven region distribution, consistent with the 'no' branch that directs the user to step 16 (enable load balancing). | The screenshot is a UI page with visible tabs and table controls, so it is classified as a screenshot with interactive controls.","The image does not show the MRS Manager navigation path (Cluster > Services > HBase) referenced in the text, only the HBase web UI itself. | No explicit annotation indicates which branch (yes/no) the example corresponds to, though the uneven values imply the 'no' path."
umn/source/mrs_manager_operation_guide_applicable_to_3.x/alarm_reference_applicable_to_mrs_3.x/alm-19033_number_of_tasks_in_the_regionserver_rpc_read_queue_exceeds_the_threshold.rst,ALM-19033 Number of Tasks in the RegionServer RPC Read Queue Exceeds the Threshold,en-us_image_0000002382434022.png,screenshot,pass,1.00,"Image shows the HBase Table Schema UI with properties for column families cf1 and cf2 | BLOCKCACHE row is highlighted with a red box showing value 'true' for cf1 | Directly corresponds to step 11 which instructs checking BLOCKCACHE value in the Table Schema area | The image is placed exactly where the RST references |image1| in step 11 | Shows the expected UI elements: Property/Column Family Name header, BLOOMFILTER, IN_MEMORY, VERSIONS, KEEP_DELETED_CELLS, DATA_BLOCK_ENCODING, COMPRESSION, TTL, MIN_VERSIONS, BLOCKCACHE, BLOCKSIZE, REPLICATION_SCOPE","The image shows BLOCKCACHE as 'true' which means the user would proceed to step 14 (not step 12), but the RST does not explicitly state which scenario the image illustrates"
umn/source/mrs_manager_operation_guide_applicable_to_3.x/alarm_reference_applicable_to_mrs_3.x/alm-19033_number_of_tasks_in_the_regionserver_rpc_read_queue_exceeds_the_threshold.rst,ALM-19033 Number of Tasks in the RegionServer RPC Read Queue Exceeds the Threshold,en-us_image_0000002382274158.png,screenshot,pass,1.00,"Image shows the HBase Region Servers UI with Base Stats tab selected | Num.Regions column is highlighted with a red box showing values 1, 0, 4 (total 5) | Directly corresponds to step 14 which instructs checking region distribution in the Num.Regions column | The image is placed exactly where the RST references |image2| in step 14 | Shows uneven distribution (1, 0, 4) which is the scenario the user is checking for | Tabs visible: Base Stats, Memory, Requests, Storefiles, Compactions, Replications matching the HBase web UI described in the RST",Some server names and version values are partially obscured/blurred in the image
umn/source/mrs_manager_operation_guide_applicable_to_3.x/alarm_reference_applicable_to_mrs_3.x/alm-19035_size_of_the_regionserver_call_queue_exceeds_the_threshold.rst,ALM-19035 Size of the RegionServer Call Queue Exceeds the Threshold,en-us_image_0000002415833501.png,screenshot,pass,1.00,"The image shows the HBase HMaster Web UI 'Region Servers' area with the 'Base Stats' tab selected, exactly as described in step 15 of the handling procedure. | The 'Num. Regions' column is highlighted with a red box, matching the instruction to check whether the number of regions in the Num.Regions column is even. | The displayed values (1, 0, 4, 5) illustrate an uneven region distribution, consistent with the hotspotting/uneven distribution cause discussed in the alarm. | The screenshot is a UI table with selectable tabs (Base Stats, Memory, Requests, etc.), confirming it is a screenshot with interactive controls.",No additional information is missing; the image directly supports the referenced step.
umn/source/mrs_manager_operation_guide_applicable_to_3.x/alarm_reference_applicable_to_mrs_3.x/alm-20002_hue_service_unavailable.rst,ALM-20002 Hue Service Unavailable,en-us_image_0000001532448414.png,icon,pass,0.83,"The image is a small pencil/edit icon, matching the RST reference |image1| used in step 15 of the Procedure. | The RST instructs to click this icon in the upper right corner to set Start Date and End Date for log collection, consistent with an edit action. | The icon is placed within the log-collection procedure of the Hue Service Unavailable alarm troubleshooting, so it is section-relevant. | The visual content (a pencil symbol) clearly corresponds to an edit/modify control, providing direct visual evidence.","The image is an isolated icon without surrounding UI context, so the exact button label or position cannot be verified. | No text or tooltip is visible in the image to confirm it specifically opens the date-range editor."
umn/source/mrs_manager_operation_guide_applicable_to_3.x/alarm_reference_applicable_to_mrs_3.x/alm-23001_loader_service_unavailable.rst,ALM-23001 Loader Service Unavailable,en-us_image_0000001583087489.png,icon,partial,0.77,"The image is a small pencil/edit pictogram, matching the |image1| reference in step 28 of the Procedure. | Step 28 instructs to click the icon in the upper right corner to set Start Date and End Date for log collection, which is consistent with an edit/pencil control. | The icon is semantically relevant to the log-collection sub-step within the alarm troubleshooting procedure. | The visual content (a pencil icon) is clearly visible and unambiguous.","The image is an isolated icon without surrounding UI context, so its exact placement in the upper-right corner cannot be verified. | No label or tooltip is visible to confirm the icon's specific function (date-range editing)."
umn/source/mrs_manager_operation_guide_applicable_to_3.x/alarm_reference_applicable_to_mrs_3.x/alm-23003_loader_task_execution_failure.rst,ALM-23003 Loader Task Execution Failure,en-us_image_0000001532607822.png,icon,pass,0.83,"The image is a small pencil/edit pictogram, matching the |image1| reference used in step 12 of the Procedure. | It is an isolated UI symbol (icon), not a full application screenshot. | The RST instructs to 'Click |image1| in the upper right corner' to set log collection dates, consistent with an edit/pen icon. | No contradiction between the icon and the surrounding text.","The image does not show the surrounding log-download UI, so the exact button label/context is not visible. | No text or tooltip is present in the icon to confirm its function beyond the RST description."
umn/source/mrs_manager_operation_guide_applicable_to_3.x/alarm_reference_applicable_to_mrs_3.x/alm-23004_loader_heap_memory_usage_exceeds_the_threshold.rst,ALM-23004 Loader Heap Memory Usage Exceeds the Threshold,en-us_image_0000001532927550.png,icon,pass,0.93,"The image is a small pencil/edit pictogram, matching the inline image |image1| referenced in step 8 of the Procedure. | The RST instructs the user to click this icon in the upper right corner to set Start Date and End Date for log collection, so the icon is semantically tied to that action. | The icon is an isolated symbolic graphic with no surrounding UI, so it is classified as an icon rather than a screenshot. | No visible interactive controls or buttons are present in the image itself, only the symbol.","The icon is a generic edit/pencil symbol and does not visually indicate a date-range or calendar function, so the exact control it represents is inferred from the RST text rather than the image. | No surrounding UI context (e.g., the log download page) is shown to confirm the icon's placement in the upper right corner."
umn/source/mrs_manager_operation_guide_applicable_to_3.x/alarm_reference_applicable_to_mrs_3.x/alm-23005_loader_non-heap_memory_usage_exceeds_the_threshold.rst,ALM-23005 Loader Non-Heap Memory Usage Exceeds the Threshold,en-us_image_0000001532767722.png,icon,partial,0.72,"The image is a small pencil/edit icon, consistent with a UI symbol used to modify or set parameters. | The RST references this icon in step 8 of the Procedure: 'Click |image1| in the upper right corner, and set Start Date and End Date for log collection', which aligns with an edit/modify action. | The icon is a generic edit symbol, not specific to the Loader non-heap memory alarm topic, but it is contextually appropriate for the log collection procedure. | No contradiction between the icon's meaning (edit/modify) and the described action (setting date ranges).","The image does not show the surrounding UI context (upper-right corner of the log download page), so its exact placement cannot be visually confirmed. | The icon is very small and low-resolution, making it difficult to confirm fine details of the symbol."
umn/source/mrs_manager_operation_guide_applicable_to_3.x/alarm_reference_applicable_to_mrs_3.x/alm-23006_loader_direct_memory_usage_exceeds_the_threshold.rst,ALM-23006 Loader Direct Memory Usage Exceeds the Threshold,en-us_image_0000001532767578.png,icon,partial,0.77,"The image is a small isolated pencil/edit pictogram, classifying it as an icon rather than a screenshot. | In the RST, |image1| is referenced in Procedure step 8 as a control to click in the upper right corner to set Start Date and End Date for log collection, so the icon is semantically tied to that action. | The icon is a generic edit/settings symbol and does not depict the Loader direct memory alarm, the MRS Manager portal, or any memory chart, so topic and detail match are only partial. | The image appears in the Procedure section, which is where the click action is described, giving it reasonable section relevance. | The visual content (a pencil icon) is clearly and unambiguously visible, supporting high visual evidence. | No element of the image contradicts the surrounding RST text.","The image does not show the surrounding UI (upper-right corner, date fields, Download button) that the RST describes, so the exact control it represents cannot be confirmed visually. | No label or tooltip is visible on the icon to confirm it is the date-range/edit control referenced in step 8."
umn/source/mrs_manager_operation_guide_applicable_to_3.x/alarm_reference_applicable_to_mrs_3.x/alm-23007_garbage_collection_gc_time_of_the_loader_process_exceeds_the_threshold.rst,ALM-23007 Garbage Collection (GC) Time of the Loader Process Exceeds the Threshold,en-us_image_0000001582807565.png,icon,pass,0.83,"The image is a small pencil/edit pictogram, matching the |image1| substitution referenced in step 8 of the Procedure. | The RST instructs to 'Click |image1| in the upper right corner' to set Start/End Date for log collection, consistent with an edit/settings button icon. | The icon is placed in the Procedure section and directly supports the log-collection step. | The visual clearly shows an isolated pencil symbol, confirming it is an icon rather than a screenshot.","The image does not show the surrounding log-download UI, so the exact button label or context is not visible. | No text or tooltip is present in the icon to confirm its function beyond the RST description."
umn/source/mrs_manager_operation_guide_applicable_to_3.x/alarm_reference_applicable_to_mrs_3.x/alm-24000_flume_service_unavailable.rst,ALM-24000 Flume Service Unavailable,en-us_image_0000001532767398.png,icon,partial,0.77,"The image is a small pencil/edit pictogram, matching the RST reference |image1| used as a clickable control in step 5 of the Procedure. | It is an isolated UI symbol (icon), not a full application or page screenshot. | The icon is semantically consistent with the instruction to click it to set Start Date and End Date for log collection. | No contradiction between the image and the surrounding RST text.","The image alone does not show the surrounding MRS Manager log-download UI, so the exact button label/context is not visible. | No text or tooltip is present in the image to confirm its function beyond the RST description."
umn/source/mrs_manager_operation_guide_applicable_to_3.x/alarm_reference_applicable_to_mrs_3.x/alm-24001_flume_agent_exception.rst,ALM-24001 Flume Agent Exception,en-us_image_0000001583127505.png,icon,partial,0.72,"The image is a small pencil/edit icon, consistent with its use in step 25 where the user is instructed to click it to set Start Date and End Date for log collection. | The icon is a generic UI symbol (pencil/edit) and does not directly depict Flume or the alarm topic, but it is semantically appropriate for an 'edit settings' action in the log download workflow. | The RST references the image as |image1| in the Procedure section, step 25, for setting date parameters on MRS Manager's Log Download page. | No contradiction between the image content and the surrounding RST text; a pencil icon is a reasonable representation of an edit/configure button.","The image is small and slightly blurry, making it difficult to confirm exact styling or whether it matches the actual MRS Manager UI button. | No surrounding UI context is visible to confirm the icon's placement in the upper-right corner of the log download page."
umn/source/mrs_manager_operation_guide_applicable_to_3.x/alarm_reference_applicable_to_mrs_3.x/alm-24003_flume_client_connection_interrupted.rst,ALM-24003 Flume Client Connection Interrupted,en-us_image_0000001532767398.png,icon,partial,0.72,"The image is a small pencil/edit icon, a generic UI symbol used to represent an edit or modify action. | In the RST it is referenced as |image1| in step 13 of the Procedure, where the user clicks it to set Start Date and End Date for log collection in MRS Manager. | The pencil icon semantically aligns with the 'set/modify date' action described in the text. | The icon is not specific to Flume or the ALM-24003 alarm; it is a generic MRS Manager UI element. | No contradiction between the icon and the surrounding text is evident.","The icon is small and slightly blurry, limiting confirmation of exact UI context. | No surrounding interface elements are visible to verify it appears in the 'upper right corner' of the log download page. | No label or tooltip is visible on the icon to confirm its exact function."
umn/source/mrs_manager_operation_guide_applicable_to_3.x/alarm_reference_applicable_to_mrs_3.x/alm-24004_exception_occurs_when_flume_reads_data.rst,ALM-24004 Exception Occurs When Flume Reads Data,en-us_image_0000001532927554.png,icon,partial,0.62,"The image is a small isolated pencil/edit pictogram, matching the |image1| reference used in step 13 of the Procedure. | The RST instructs the user to click this icon in the upper right corner to set Start Date and End Date for log download, which is consistent with an edit-style control. | The icon is a generic UI symbol and does not itself convey Flume alarm or data-reading content, so topic relevance is limited. | No contradiction between the icon and the surrounding text is visible.","The image does not show the surrounding MRS Manager log-download UI, so the exact placement ('upper right corner') cannot be verified. | No label or tooltip is visible to confirm the icon's function as a date-range editor."
umn/source/mrs_manager_operation_guide_applicable_to_3.x/alarm_reference_applicable_to_mrs_3.x/alm-24005_exception_occurs_when_flume_transmits_data.rst,ALM-24005 Exception Occurs When Flume Transmits Data,en-us_image_0000001532767398.png,icon,pass,0.83,"The image is a small pencil/edit pictogram, matching the inline image |image1| referenced in step 15 of the Procedure. | The RST instructs the user to click this icon in the upper right corner to set Start Date and End Date for log download, which is consistent with an edit/settings icon. | The icon is placed within the Procedure section for collecting Flume logs, so it is topically relevant to the alarm handling workflow. | The visual content (a pencil symbol) is clearly visible and unambiguous.","The image is an isolated icon without surrounding UI context, so the exact button label or position (upper right corner) cannot be visually confirmed. | No text or tooltip is visible in the icon to confirm it specifically opens a date-range editor."
umn/source/mrs_manager_operation_guide_applicable_to_3.x/alarm_reference_applicable_to_mrs_3.x/alm-24006_heap_memory_usage_of_flume_server_exceeds_the_threshold.rst,ALM-24006 Heap Memory Usage of Flume Server Exceeds the Threshold,en-us_image_0000001532767398.png,icon,partial,0.60,"The image is a small isolated pencil/edit pictogram, not a UI screenshot, so it is classified as an icon. | In the RST it is referenced as |image1| in Procedure step 8 ('Click |image1| in the upper right corner... set Start Date and End Date'), i.e., a clickable control within the log-download flow. | The icon is a generic edit symbol and does not depict Flume, heap memory, or the alarm itself, so its topical relevance to ALM-24006 is weak. | A pencil icon is a plausible but not exact match for a 'set date range' action, so detail alignment is partial. | The image is clearly visible and unambiguous as a pencil icon, providing strong visual evidence of its content. | No element of the image contradicts the surrounding RST text.","The image does not show the surrounding MRS Manager log-download page, so the exact button it represents cannot be confirmed from the image alone. | No label or tooltip is visible to confirm that the pencil icon corresponds to the date-range setting action described in step 8."
umn/source/mrs_manager_operation_guide_applicable_to_3.x/alarm_reference_applicable_to_mrs_3.x/alm-24007_flume_server_direct_memory_usage_exceeds_the_threshold.rst,ALM-24007 Flume Server Direct Memory Usage Exceeds the Threshold,en-us_image_0000001532767398.png,icon,partial,0.72,"The image is a small pencil/edit pictogram, an isolated UI symbol, so it is classified as an icon. | In the RST it is referenced as |image1| in Procedure step 8: 'Click |image1| in the upper right corner, and set Start Date and End Date for log collection', indicating it is a clickable control icon. | The icon is a generic edit/settings symbol, semantically consistent with a control used to open a date-range setting, but it carries no Flume- or memory-specific content. | No contradiction between the icon and the surrounding text; a pencil icon plausibly denotes an edit/settings action.","The image does not show the surrounding MRS Manager log-download UI, so the exact button label or function cannot be confirmed visually. | No text or tooltip in the image identifies it as the date-range/settings control described in step 8."
umn/source/mrs_manager_operation_guide_applicable_to_3.x/alarm_reference_applicable_to_mrs_3.x/alm-24008_flume_server_non_heap_memory_usage_exceeds_the_threshold.rst,ALM-24008 Flume Server Non Heap Memory Usage Exceeds the Threshold,en-us_image_0000001532767398.png,icon,partial,0.77,"The image is a small pencil/edit pictogram, an isolated UI symbol, so it is classified as an icon. | In the RST it is referenced as |image1| in Procedure step 8: 'Click |image1| in the upper right corner, and set Start Date and End Date for log collection', which matches an edit/settings control icon. | The icon is used within the log-collection procedure of the ALM-24008 alarm, so it is relevant to the Procedure section. | The visual content (a pencil/edit glyph) is clearly visible and unambiguous. | No contradiction between the icon and the surrounding text is evident.","The image does not show the surrounding MRS Manager log-download UI, so the exact button label or function cannot be confirmed from the image alone. | No text or tooltip is visible in the icon to confirm it specifically opens the date-range setting dialog."
umn/source/mrs_manager_operation_guide_applicable_to_3.x/alarm_reference_applicable_to_mrs_3.x/alm-24009_flume_server_garbage_collection_gc_time_exceeds_the_threshold.rst,ALM-24009 Flume Server Garbage Collection (GC) Time Exceeds the Threshold,en-us_image_0000001532767398.png,icon,partial,0.77,"The image is a small pencil/edit icon, an isolated UI symbol, matching the |image1| reference in step 8 of the Procedure. | The RST instructs to 'Click |image1| in the upper right corner' to set Start Date and End Date, consistent with an edit/pencil control. | The icon is placed within the Procedure section for collecting fault information, so it is contextually relevant. | The visual clearly shows a diagonal pencil/edit glyph, providing clear visual evidence of an edit control. | No contradiction between the icon and the surrounding text.","The image does not show the surrounding MRS Manager log-download page, so the exact button label or tooltip is not visible. | No indication of the date-range dialog that the icon opens is present in the image."
umn/source/mrs_manager_operation_guide_applicable_to_3.x/alarm_reference_applicable_to_mrs_3.x/alm-24010_flume_certificate_file_is_invalid_or_damaged.rst,ALM-24010 Flume Certificate File Is Invalid or Damaged,en-us_image_0000001532607646.png,icon,partial,0.77,"The image is a small pencil/edit pictogram, matching the RST reference |image1| used in step 11 of the Procedure. | The RST instructs to 'Click |image1| in the upper right corner' to set Start/End Date for log collection, consistent with an edit-style control icon. | The icon is part of the log-collection procedure for the ALM-24010 alarm, so it is semantically relevant to the section. | The visual clearly shows an isolated pencil symbol, confirming the icon classification.","The image is an isolated icon without surrounding UI context, so the exact button label or position cannot be verified. | No text or tooltip is visible in the image to confirm it specifically opens the date-range editor."
umn/source/mrs_manager_operation_guide_applicable_to_3.x/alarm_reference_applicable_to_mrs_3.x/alm-24011_flume_certificate_file_is_about_to_expire.rst,ALM-24011 Flume Certificate File Is About to Expire,en-us_image_0000001582807709.png,icon,partial,0.62,"The image is a small pencil/edit icon, classified as an icon rather than a screenshot. | The RST references this icon in step 12 as a button to click in the upper-right corner for log collection, which is part of the fault-information collection procedure. | The icon is a generic UI symbol (pencil) and is not specific to the Flume certificate alarm topic. | No contradiction between the icon and the surrounding text; a pencil icon can plausibly represent an edit or configure action for setting date ranges.","The image does not show the surrounding MRS Manager UI context (e.g., the Log > Download page) that would confirm the icon's exact function. | No label or tooltip is visible on the icon to confirm it corresponds to the date-setting action described in the RST."
umn/source/mrs_manager_operation_guide_applicable_to_3.x/alarm_reference_applicable_to_mrs_3.x/alm-24012_flume_certificate_file_has_expired.rst,ALM-24012 Flume Certificate File Has Expired,en-us_image_0000001583127261.png,icon,partial,0.77,"The image is a small pencil/edit icon, consistent with a UI symbol used to trigger a parameter-setting action. | The RST step 11 instructs the user to click this icon to set Start Date and End Date for log collection, which aligns with an edit/modify icon. | The icon is generic (pencil) and not specific to Flume or certificate topics, so topic match is moderate. | The visual content clearly shows a pencil icon with a blue outline and orange body, matching the expected edit symbol.","The surrounding UI context (e.g., the log download page) is not visible, so the exact placement in the upper-right corner cannot be confirmed from the image alone. | No label or tooltip is visible on the icon to confirm its exact function beyond a generic edit action."
umn/source/mrs_manager_operation_guide_applicable_to_3.x/alarm_reference_applicable_to_mrs_3.x/alm-24013_flume_monitorserver_certificate_file_is_invalid_or_damaged.rst,ALM-24013 Flume MonitorServer Certificate File Is Invalid or Damaged,en-us_image_0000001583087565.png,icon,partial,0.77,"The image is a small pencil/edit pictogram, matching the isolated UI symbol definition for an icon. | In step 11 the RST instructs to 'Click |image1| in the upper right corner' to set Start/End Date, which is consistent with an edit icon used to modify parameters. | The icon is placed within the Procedure section's log-collection steps, so it is contextually relevant to the alarm handling workflow. | The visual content (a pencil symbol) is clearly visible and unambiguous.","The image shows only the icon without surrounding UI, so the exact button label or tooltip cannot be confirmed. | No screenshot context is provided to verify the icon's position in the upper right corner of the log download page."
umn/source/mrs_manager_operation_guide_applicable_to_3.x/alarm_reference_applicable_to_mrs_3.x/alm-24014_flume_monitorserver_certificate_is_about_to_expire.rst,ALM-24014 Flume MonitorServer Certificate Is About to Expire,en-us_image_0000001532767606.png,icon,partial,0.77,"The image is a small pencil/edit pictogram, an isolated UI symbol rather than a full screenshot. | It is referenced in step 12 of the Procedure as the control to click in the upper right corner to set the log collection time range. | The icon is semantically consistent with an 'edit/set' action used in the MRS Manager log download UI. | No contradiction between the icon and the surrounding rst text.","The image does not show the surrounding MRS Manager log download page, so its exact placement in the upper right corner cannot be visually confirmed. | No label or tooltip is visible on the icon to confirm its specific function (e.g., set time range)."
umn/source/mrs_manager_operation_guide_applicable_to_3.x/alarm_reference_applicable_to_mrs_3.x/alm-24015_flume_monitorserver_certificate_file_has_expired.rst,ALM-24015 Flume MonitorServer Certificate File Has Expired,en-us_image_0000001532448470.png,icon,partial,0.72,"The image is a small pencil/edit icon, consistent with a UI symbol for modifying or setting parameters. | The RST references this icon in step 11 as the button to click for setting Start Date and End Date during log collection. | A pencil icon is a common convention for 'edit' or 'set parameters' actions, matching the described action of setting date ranges. | The icon is generic and not specific to the Flume certificate alarm topic, but it is contextually appropriate for the log-download procedure.","The image is very small and slightly blurry, making fine details of the icon hard to discern. | No surrounding UI context is visible to confirm the exact button label or placement in the MRS Manager log download page."
umn/source/mrs_manager_operation_guide_applicable_to_3.x/alarm_reference_applicable_to_mrs_3.x/alm-25000_ldapserver_service_unavailable.rst,ALM-25000 LdapServer Service Unavailable,en-us_image_0000001532448278.png,icon,pass,0.83,"The image is a small pencil/edit pictogram, matching the RST's use of |image1| as a clickable control in step 12. | It is placed in the Procedure section where the user clicks the icon to set Start Date and End Date for log collection. | The edit/pencil symbol is semantically consistent with an action to modify or set parameters (date range). | No contradiction between the icon and the surrounding text.",The icon is generic and does not visually confirm it is the specific 'set date range' control on the MRS Manager log download page. | No surrounding UI context is shown to verify the exact button location (upper right corner).
umn/source/mrs_manager_operation_guide_applicable_to_3.x/alarm_reference_applicable_to_mrs_3.x/alm-25004_abnormal_ldapserver_data_synchronization.rst,ALM-25004 Abnormal LdapServer Data Synchronization,en-us_image_0000001532448478.png,icon,partial,0.72,"The image is a small pencil/edit icon, a generic UI symbol used to represent a modify or edit action. | It is referenced in step 17 of the Procedure as the button to click for setting Start Date and End Date during log collection. | The icon is generic and not specific to LdapServer or the ALM-25004 alarm topic, limiting topic specificity. | No contradiction exists between the icon and the surrounding RST text; a pencil icon plausibly represents a modify-settings control.","No surrounding UI context is visible to confirm the icon's placement in the upper-right corner of the log download page. | No label or tooltip is visible to confirm the icon specifically triggers date-range modification rather than a generic edit action. | The icon is low-resolution and small, making fine details (e.g., exact glyph style) hard to verify."
umn/source/mrs_manager_operation_guide_applicable_to_3.x/alarm_reference_applicable_to_mrs_3.x/alm-25005_nscd_service_exception.rst,ALM-25005 nscd Service Exception,en-us_image_0000001532767398.png,icon,pass,0.83,"The image is a small pencil/edit pictogram, matching the RST reference |image1| used in step 17 of the Procedure. | The RST instructs to click this icon in the upper right corner to set Start Date and End Date for log collection, consistent with an edit/settings icon. | The icon appears in the Procedure section, directly relevant to the log-collection steps for the nscd alarm. | The visual content (a pencil symbol) is clearly visible and unambiguous.","The image is an isolated icon without surrounding UI context, so its exact label or function cannot be confirmed from the image alone. | No text or tooltip is visible in the image to verify it corresponds to the date-setting control described in the RST."
umn/source/mrs_manager_operation_guide_applicable_to_3.x/alarm_reference_applicable_to_mrs_3.x/alm-25006_sssd_service_exception.rst,ALM-25006 Sssd Service Exception,en-us_image_0000001532767598.png,icon,partial,0.67,"The image is a small pencil/edit pictogram, matching the RST's use of |image1| as a clickable control in step 15. | It is referenced in the Procedure section for setting Start Date and End Date during log collection, which is consistent with an edit icon. | The icon is generic and not specific to the sssd service exception alarm topic. | No contradiction between the icon and the surrounding text.",The icon does not show the actual MRS Manager UI context (upper-right corner button) it represents. | No label or text in the image confirms it is the date-range edit control.
umn/source/mrs_manager_operation_guide_applicable_to_3.x/alarm_reference_applicable_to_mrs_3.x/alm-25007_number_of_slapdserver_connections_exceeds_the_threshold.rst,ALM-25007 Number of SlapdServer Connections Exceeds the Threshold,en-us_image_0000001971659216.png,screenshot,pass,1.00,"The image is a monitoring dashboard chart titled 'SlapdServer Service Connectio...' showing time-series connection data, directly matching the alarm topic about SlapdServer connections. | The chart displays connection counts over time (14:25–15:20) with two lines, consistent with the RST instruction to 'observe the SlapdServer process connections' on the LdapServer dashboard. | The figure is placed in step 2 of the Handling Procedure, exactly where the RST references it as 'Figure 1 SlapdServer process connections'. | The visual content (line chart with Y-axis 0–100, time X-axis, two data series) provides clear evidence of a SlapdServer connection monitoring view.","The chart title is truncated ('Connectio...'), so the full label is not visible. | The specific threshold line (1000) is not visible on the chart, as the Y-axis only goes to 100."
umn/source/mrs_manager_operation_guide_applicable_to_3.x/alarm_reference_applicable_to_mrs_3.x/alm-25007_number_of_slapdserver_connections_exceeds_the_threshold.rst,ALM-25007 Number of SlapdServer Connections Exceeds the Threshold,en-us_image_0000001971818984.png,icon,partial,0.67,"The image is a small pencil/edit icon, a generic UI symbol used as a clickable button in the MRS Manager interface. | The RST references it in step 10 as 'Click |image1| in the upper right corner' to initiate log collection parameter settings, which is consistent with an edit/configure icon. | The icon is a generic UI element not specific to the SlapdServer alarm topic; it serves a procedural function in the log collection step. | The visual clearly shows a pencil icon, confirming it is an isolated UI symbol (icon) rather than a screenshot.","The icon is very small and low-resolution, making it difficult to confirm exact styling or context within the full UI. | No surrounding UI context is visible to confirm its exact placement in the upper-right corner of the log collection page."
umn/source/mrs_manager_operation_guide_applicable_to_3.x/alarm_reference_applicable_to_mrs_3.x/alm-25008_slapdserver_cpu_usage_exceeds_the_threshold.rst,ALM-25008 SlapdServer CPU Usage Exceeds the Threshold,en-us_image_0000002008258989.png,icon,pass,0.83,"The image is a small pencil/edit pictogram, matching the |image1| reference used in step 11 of the Handling Procedure. | It is an isolated UI symbol (icon), not a full application or page screenshot. | The RST instructs the user to click this icon in the upper right corner to set Start Date and End Date for log collection, so the icon is semantically relevant to that step. | The visual content (a pencil icon) is clearly visible and consistent with an edit/date-setting control. | No contradiction between the image and the surrounding RST text.","The image does not show the surrounding MRS Manager log-download UI, so the exact button label or context is not visible. | No text or tooltip is present in the image to confirm its specific function beyond the RST description."
umn/source/mrs_manager_operation_guide_applicable_to_3.x/alarm_reference_applicable_to_mrs_3.x/alm-25500_krbserver_service_unavailable.rst,ALM-25500 KrbServer Service Unavailable,en-us_image_0000001532448298.png,icon,pass,0.83,"The image is a small pencil/edit pictogram, matching the 'icon' classification. | In the RST it is referenced as |image1| in step 11 of the Procedure, where the user clicks it to set Start Date and End Date for log collection. | The pencil/edit symbol is consistent with a settings or edit control used to configure log collection parameters. | The icon is placed in the Procedure section, directly relevant to the troubleshooting steps for ALM-25500. | No contradiction between the icon and the surrounding text.","The image is an isolated icon without surrounding UI context, so the exact button label or function cannot be confirmed visually. | No text or tooltip is visible in the image to confirm it corresponds to the log-collection settings control."
umn/source/mrs_manager_operation_guide_applicable_to_3.x/alarm_reference_applicable_to_mrs_3.x/alm-26051_storm_service_unavailable.rst,ALM-26051 Storm Service Unavailable,en-us_image_0000001583087601.png,icon,pass,0.83,"The image is a small pencil/edit pictogram, matching the 'icon' classification. | In the RST it is referenced as |image1| in step 15 of the Procedure, where the user clicks it to set Start Date and End Date for log collection. | The icon is semantically consistent with an edit/settings control used to configure the date range for log download. | It is placed within the 'Collecting Fault Information' part of the Procedure, which is directly relevant to the alarm handling steps. | No contradiction between the icon and the surrounding text.","The icon is isolated, so the surrounding UI context (e.g., the log download page layout) is not visible. | The exact label or tooltip of the button is not shown, only the pencil symbol."
umn/source/mrs_manager_operation_guide_applicable_to_3.x/alarm_reference_applicable_to_mrs_3.x/alm-26052_number_of_available_supervisors_of_the_storm_service_is_less_than_the_threshold.rst,ALM-26052 Number of Available Supervisors of the Storm Service Is Less Than the Threshold,en-us_image_0000001583127329.png,icon,partial,0.77,"The image is a small pencil/edit pictogram, matching the 'icon' classification. | The RST references |image1| in step 7 of the Procedure as a control to click for setting Start Date and End Date during log download. | A pencil/edit icon is a plausible symbol for an edit or settings action, consistent with the described use. | The image is used within the Procedure section, so it is topically relevant to the alarm handling steps.","The image shows only an isolated pencil icon without surrounding UI context, so its exact function (edit vs. settings) cannot be confirmed visually. | No label or tooltip is visible in the image to verify it corresponds to the date-range setting control described in the text."
umn/source/mrs_manager_operation_guide_applicable_to_3.x/alarm_reference_applicable_to_mrs_3.x/alm-26053_storm_slot_usage_exceeds_the_threshold.rst,ALM-26053 Storm Slot Usage Exceeds the Threshold,en-us_image_0000001583127341.png,icon,pass,0.83,"The image is a small pencil/edit pictogram, matching the inline reference |image1| used in step 12 of the Procedure. | The RST instructs to 'Click |image1| in the upper right corner' to set Start Date and End Date, which aligns with an edit-style icon. | The icon is placed within the log-collection procedure section, so it is contextually relevant to the alarm troubleshooting steps. | The visual content (a pencil symbol) is clearly visible and unambiguous.","The image does not show the surrounding UI (upper-right corner, date fields), so the exact placement cannot be verified from the image alone. | No label or tooltip is visible to confirm the icon's specific function beyond an edit/set action."
umn/source/mrs_manager_operation_guide_applicable_to_3.x/alarm_reference_applicable_to_mrs_3.x/alm-26054_nimbus_heap_memory_usage_exceeds_the_threshold.rst,ALM-26054 Nimbus Heap Memory Usage Exceeds the Threshold,en-us_image_0000001532767486.png,icon,partial,0.72,"The image is a small pencil/edit icon, consistent with a UI symbol used to open a dialog or edit settings. | In the RST, |image1| is referenced in step 8 of the Procedure as the button to click in the upper right corner to set Start Date and End Date for log collection. | A pencil icon is a common convention for 'edit' or 'modify' actions, which aligns with setting date parameters. | The icon is generic and not specific to the Nimbus heap memory alarm topic, but it is contextually appropriate for the log-download procedure.","The image does not show the surrounding UI context (e.g., the log download page or the upper-right corner placement) to confirm exact placement. | No label or tooltip is visible on the icon to explicitly confirm its function as a date-setting control."
umn/source/mrs_manager_operation_guide_applicable_to_3.x/alarm_reference_applicable_to_mrs_3.x/alm-27001_dbservice_service_unavailable.rst,ALM-27001 DBService Service Unavailable,en-us_image_0000001583127425.png,icon,pass,0.83,"The image is a small pencil/edit pictogram, matching the inline reference |image1| used in step 21 of the Procedure. | The RST instructs the user to 'Click |image1| in the upper right corner' to set Start Date and End Date for log collection, which is consistent with an edit/pen icon. | The icon is placed within the Procedure section and directly supports the log-collection step, so it is section-relevant. | The visual content (a pencil symbol) is clearly visible and unambiguous.","The image is a generic pencil icon without surrounding UI context, so its exact placement in the MRS Manager interface cannot be verified. | No label or tooltip is visible to confirm it specifically opens the date-range editor."
umn/source/mrs_manager_operation_guide_applicable_to_3.x/alarm_reference_applicable_to_mrs_3.x/alm-27003_dbservice_heartbeat_interruption_between_the_active_and_standby_nodes.rst,ALM-27003 DBService Heartbeat Interruption Between the Active and Standby Nodes,en-us_image_0000001532767394.png,icon,pass,1.00,"The image is a small chevron/arrow icon used as a UI element to expand a row in the alarm list. | The RST references this icon in step 1 of the Procedure: 'click |image1| in the row where the alarm is located in the real-time alarm list and view the standby DBService server address.' | A downward chevron is a standard UI symbol for expanding/collapsing table rows, which matches the described action of viewing details. | The icon is directly relevant to the alarm troubleshooting procedure described in the document.","The image is very small and low-resolution, making it difficult to confirm exact styling details. | No surrounding UI context is visible to confirm it is specifically from MRS Manager's alarm list."
umn/source/mrs_manager_operation_guide_applicable_to_3.x/alarm_reference_applicable_to_mrs_3.x/alm-27003_dbservice_heartbeat_interruption_between_the_active_and_standby_nodes.rst,ALM-27003 DBService Heartbeat Interruption Between the Active and Standby Nodes,en-us_image_0000001532927330.png,icon,pass,1.00,"The image is a small pencil/edit icon used as a UI element for modifying settings. | The RST references this icon in step 8 of the Procedure: 'Click |image2| in the upper right corner, and set Start Date and End Date for log collection.' | A pencil icon is a standard UI symbol for editing or opening a settings dialog, which matches the described action of setting date parameters. | The icon is directly relevant to the log collection procedure described in the document.","The image is very small and low-resolution, making it difficult to confirm exact styling details. | No surrounding UI context is visible to confirm it is specifically from the MRS Manager log download page."
umn/source/mrs_manager_operation_guide_applicable_to_3.x/alarm_reference_applicable_to_mrs_3.x/alm-27004_data_inconsistency_between_active_and_standby_dbservices.rst,ALM-27004 Data Inconsistency Between Active and Standby DBServices,en-us_image_0000001532927470.png,icon,partial,0.72,"The image is a small pencil/edit icon, consistent with a UI symbol used to open a date-range setting dialog. | The RST step 18 instructs the user to click this icon in the upper right corner to set Start Date and End Date for log collection, which aligns with an edit/configure icon. | The icon is generic (pencil) and not specific to the ALM-27004 alarm topic, but it is semantically appropriate for the 'set parameters' action described. | No contradiction between the icon and the surrounding text; a pencil icon is a common representation for editing or configuring values.","The image does not show the surrounding UI context (e.g., the log download page or the upper-right corner placement), so the exact placement cannot be visually confirmed. | No label or tooltip is visible on the icon to confirm its specific function beyond a generic edit action."
umn/source/mrs_manager_operation_guide_applicable_to_3.x/alarm_reference_applicable_to_mrs_3.x/alm-27005_database_connections_usage_exceeds_the_threshold.rst,ALM-27005 Database Connections Usage Exceeds the Threshold,en-us_image_0000001532767514.png,screenshot,pass,1.00,"Image shows a monitoring chart titled 'Connections Used by Databas...' with a green line at value 2 over a time axis, matching Figure 1 caption 'Number of connections used by database users'. | The chart directly illustrates the database connections usage metric described in the alarm's Procedure step 2. | The visual content aligns with the RST instruction to observe the number of connections used by the database user.","The full title is truncated ('Databas...'), but context makes it clear it refers to database connections."
umn/source/mrs_manager_operation_guide_applicable_to_3.x/alarm_reference_applicable_to_mrs_3.x/alm-27005_database_connections_usage_exceeds_the_threshold.rst,ALM-27005 Database Connections Usage Exceeds the Threshold,en-us_image_0000001532448290.png,screenshot,pass,1.00,"Image shows the DBService Configurations page with 'All Configurations' tab selected, displaying parameter 'dbservice.database.max.connections' with value 600. | This directly matches Figure 2 caption 'Setting the maximum number of database connections' and the RST step 4 instruction. | The left panel shows DBService > DBServer > DataBase hierarchy, consistent with the navigation path described in the RST.","The Save button and dialog box mentioned in the RST are not visible in this particular screenshot, but the main configuration parameter is clearly shown."
umn/source/mrs_manager_operation_guide_applicable_to_3.x/alarm_reference_applicable_to_mrs_3.x/alm-27005_database_connections_usage_exceeds_the_threshold.rst,ALM-27005 Database Connections Usage Exceeds the Threshold,en-us_image_0000001532607774.png,screenshot,pass,1.00,"Image shows 'Database Connections Usage (DBServer)' panel with Alarm ID 27005, Alarm Name 'Database Connections Usage Exceeds the Threshold', Trigger Count 5 with a pencil icon, and Check Period 30s. | This matches Figure 3 caption 'Setting alarm trigger count' and the RST step 7 instruction to click the pencil icon next to Trigger Count. | The table below shows the rule with Threshold Type 'Max value' and threshold '1%', consistent with the alarm configuration context.",The dialog box for changing the trigger count is not shown; only the main panel with the pencil icon is visible.
umn/source/mrs_manager_operation_guide_applicable_to_3.x/alarm_reference_applicable_to_mrs_3.x/alm-27005_database_connections_usage_exceeds_the_threshold.rst,ALM-27005 Database Connections Usage Exceeds the Threshold,en-us_image_0000001583087433.png,screenshot,pass,1.00,"Image shows a 'Thresholds > Modify Rule' dialog with Rule Name 'default', Severity 'Major', Threshold Type 'Max value', Date 'Daily', and Threshold value 90. | This matches Figure 4 caption 'Set alarm threshold' and the RST step 7 instruction to modify parameters in the Modify Rule dialog box. | The threshold value of 90 aligns with the RST description of the default usage threshold being 90%.","The OK button mentioned in the RST is not visible in the screenshot, but the form fields are clearly shown."
umn/source/mrs_manager_operation_guide_applicable_to_3.x/alarm_reference_applicable_to_mrs_3.x/alm-27005_database_connections_usage_exceeds_the_threshold.rst,ALM-27005 Database Connections Usage Exceeds the Threshold,en-us_image_0000001532927446.png,icon,partial,0.72,"Image is a small pencil/edit icon used as an inline reference (|image1|) in step 12 of the log collection procedure. | The RST instructs to 'Click |image1| in the upper right corner' to set date ranges for log download, which is a generic UI action not specific to the database connections alarm. | The icon is a standard edit symbol, consistent with its use as a button to modify date parameters.","The icon is very small and low-resolution, making it difficult to confirm exact visual details. | The surrounding UI context (upper right corner of the log download page) is not visible in this isolated icon image."
umn/source/mrs_manager_operation_guide_applicable_to_3.x/alarm_reference_applicable_to_mrs_3.x/alm-27006_disk_space_usage_of_the_data_directory_exceeds_the_threshold.rst,ALM-27006 Disk Space Usage of the Data Directory Exceeds the Threshold,en-us_image_0000001582807605.png,icon,partial,0.77,"The image is a small isolated pencil/edit pictogram, matching the 'icon' classification. | In the RST, |image1| is referenced in the Procedure step instructing the user to click it to set Start Date and End Date for log collection, so the icon is semantically tied to that action. | The pencil/edit symbol is a plausible representation of an edit/settings control used to configure date ranges. | The image is clearly visible and unambiguous as a pencil icon, providing strong visual evidence. | No element of the image contradicts the surrounding RST text.","The image is a generic edit icon without surrounding UI context, so it cannot be confirmed to be the exact control shown in the MRS Manager log-download page. | No label or text accompanies the icon to confirm its specific function (e.g., 'edit dates')."
umn/source/mrs_manager_operation_guide_applicable_to_3.x/alarm_reference_applicable_to_mrs_3.x/alm-27007_database_enters_the_read-only_mode.rst,ALM-27007 Database Enters the Read-Only Mode,en-us_image_0000001532767666.png,icon,pass,0.83,"The image is a small pencil/edit pictogram, matching the inline reference |image1| used in step 16 of the Procedure. | The RST instructs the user to click this icon in the upper right corner to set Start Date and End Date for log collection, so the icon is semantically relevant to that action. | The icon is placed within the Procedure section, directly supporting the log-collection steps for ALM-27007. | The visual content (a pencil symbol) is clearly visible and consistent with an edit/settings control.","The image is a generic pencil icon without surrounding UI context, so its exact label or function cannot be confirmed from the image alone. | No text or tooltip is visible in the icon to verify it specifically opens the date-range dialog."
umn/source/mrs_manager_operation_guide_applicable_to_3.x/alarm_reference_applicable_to_mrs_3.x/alm-29010_number_of_queries_being_submitted_by_impalad_exceeds_the_threshold.rst,ALM-29010 Number of Queries Being Submitted by Impalad Exceeds the Threshold,en-us_image_0000001971010166.png,other,fail,0.00,Local color check detected #3298ff.,
umn/source/mrs_manager_operation_guide_applicable_to_3.x/alarm_reference_applicable_to_mrs_3.x/alm-29010_number_of_queries_being_submitted_by_impalad_exceeds_the_threshold.rst,ALM-29010 Number of Queries Being Submitted by Impalad Exceeds the Threshold,en-us_image_0000002007649989.png,screenshot,pass,1.00,"Image shows the MRS Manager threshold page titled 'Total number of Queries Being Submitted (Impalad)', matching step 1 of the handling procedure. | Alarm ID 29010 and Alarm Name 'Total number of queries being submitted to Impalad Exceeds the Threshold' match the RST alarm title and ID. | Check Period (s) 60 matches the RST statement that the system checks every 60 seconds. | Threshold value 150 (highlighted) matches the RST default threshold of 150. | Table columns (Rule Name, Effective, Date, Threshold Type, Threshold, Operation) are consistent with the threshold configuration described.","No cluster/service/role/host location fields are visible in this view, though the RST lists them as alarm parameters."
umn/source/mrs_manager_operation_guide_applicable_to_3.x/alarm_reference_applicable_to_mrs_3.x/alm-29010_number_of_queries_being_submitted_by_impalad_exceeds_the_threshold.rst,ALM-29010 Number of Queries Being Submitted by Impalad Exceeds the Threshold,en-us_image_0000001971169950.png,screenshot,pass,1.00,"Image shows the 'Thresholds > Modify Rule' form, matching step 2 'Change the threshold.' | Alarm Severity 'Major' matches the RST alarm attributes table (Severity: Major). | Threshold Type 'Max value' and Date 'Daily' are consistent with the threshold configuration shown in the related threshold page. | The Threshold input field (highlighted) demonstrates editing the threshold value, which is the action described in the procedure. | OK and Cancel buttons provide the interactive controls for saving the change.","The specific new threshold value being entered is shown as '1', which is not explicitly stated in the RST; the RST only says to change the threshold."
umn/source/mrs_manager_operation_guide_applicable_to_3.x/alarm_reference_applicable_to_mrs_3.x/alm-29011_number_of_queries_being_executed_by_impalad_exceeds_the_threshold.rst,ALM-29011 Number of Queries Being Executed by Impalad Exceeds the Threshold,en-us_image_0000001971169958.png,other,fail,0.00,Local color check detected #3298ff.,
umn/source/mrs_manager_operation_guide_applicable_to_3.x/alarm_reference_applicable_to_mrs_3.x/alm-29011_number_of_queries_being_executed_by_impalad_exceeds_the_threshold.rst,ALM-29011 Number of Queries Being Executed by Impalad Exceeds the Threshold,en-us_image_0000002007530501.png,screenshot,pass,1.00,"Image shows the MRS Manager threshold configuration page for 'Total number of Queries Being Executed (Impalad)' | Alarm ID 29011 and Check Period 60s match the RST description | Threshold value 150 is highlighted in a red box, matching the default threshold mentioned in the RST | Directly corresponds to step 1 of the Handling Procedure: checking the threshold | Table shows rule name 'default', effective 'Yes', date 'Daily', threshold type 'Max value'",
umn/source/mrs_manager_operation_guide_applicable_to_3.x/alarm_reference_applicable_to_mrs_3.x/alm-29011_number_of_queries_being_executed_by_impalad_exceeds_the_threshold.rst,ALM-29011 Number of Queries Being Executed by Impalad Exceeds the Threshold,en-us_image_0000002007649997.png,screenshot,pass,1.00,"Image shows the 'Thresholds > Modify Rule' form for changing the alarm threshold | Alarm Severity is set to 'Major' matching the RST alarm attributes | Threshold Type 'Max value' is selected, consistent with the alarm configuration | Threshold field shows value 1 highlighted in a red box, indicating the user is modifying the threshold | Directly corresponds to step 2 of the Handling Procedure: changing the threshold | OK and Cancel buttons are visible for confirming or discarding changes",
umn/source/mrs_manager_operation_guide_applicable_to_3.x/alarm_reference_applicable_to_mrs_3.x/alm-29012_number_of_queries_being_waited_by_impalad_exceeds_the_threshold.rst,ALM-29012 Number of Queries Being Waited by Impalad Exceeds the Threshold,en-us_image_0000002007650001.png,other,fail,0.00,Local color check detected #3298ff.,
umn/source/mrs_manager_operation_guide_applicable_to_3.x/alarm_reference_applicable_to_mrs_3.x/alm-29012_number_of_queries_being_waited_by_impalad_exceeds_the_threshold.rst,ALM-29012 Number of Queries Being Waited by Impalad Exceeds the Threshold,en-us_image_0000001971010174.png,screenshot,pass,1.00,"Image shows the 'Total number of Waiting Queries (Impalad)' threshold page, matching step 1 of the handling procedure. | Alarm ID 29012, check period 60 s, and default threshold 150 are all visible and consistent with the RST alarm description and attributes. | The threshold value 150 is highlighted, aligning with the documented default threshold of 150. | Interactive controls (Switch, Create Rule button, Modify/Cancel links) are visible.",
umn/source/mrs_manager_operation_guide_applicable_to_3.x/alarm_reference_applicable_to_mrs_3.x/alm-29012_number_of_queries_being_waited_by_impalad_exceeds_the_threshold.rst,ALM-29012 Number of Queries Being Waited by Impalad Exceeds the Threshold,en-us_image_0000002007530505.png,screenshot,pass,1.00,"Image shows the 'Thresholds > Modify Rule' form, matching step 2 'Change the threshold.' | Fields such as Rule Name, Alarm Severity (Major), Threshold Type (Max value), Date (Daily), and Thresholds are visible and consistent with the alarm attributes in the RST. | The Threshold input field is highlighted, indicating the value to be modified. | Interactive controls (radio buttons, OK/Cancel buttons) are visible.",
umn/source/mrs_manager_operation_guide_applicable_to_3.x/alarm_reference_applicable_to_mrs_3.x/alm-29013_impalad_fgc_time_exceeds_the_threshold.rst,ALM-29013 Impalad FGC Time Exceeds the Threshold,en-us_image_0000001971169962.png,screenshot,pass,1.00,"The image is a UI screenshot of the 'Process FGCT of Impalad (Impalad)' threshold configuration page, matching the topic of ALM-29013. | Alarm ID 29013, Alarm Name 'The FGCT of Impalad Exceeds the Threshold', Trigger Count 5, and Check Period 60 s all align with the RST alarm description and attributes. | The threshold value 12000 ms (highlighted) corresponds to the 12 s default threshold stated in step 1 of the Handling Procedure. | The image is referenced as |image1| in step 1, where the user is instructed to check the threshold, so it is directly relevant to that section. | No visible element contradicts the RST content.","The image does not show the navigation path (O&M > Alarm > Thresholds > Impala > Process FGCT) described in the RST, only the resulting panel. | The 'Create Rule' button and Modify/Cancel links are visible but their behavior is not described in the RST."
umn/source/mrs_manager_operation_guide_applicable_to_3.x/alarm_reference_applicable_to_mrs_3.x/alm-29014_catalog_fgc_time_exceeds_the_threshold.rst,ALM-29014 Catalog FGC Time Exceeds the Threshold,en-us_image_0000001971010178.png,screenshot,pass,1.00,"The screenshot shows the 'Process FGCT of Catalog (Catalog)' threshold configuration page, matching the RST step that navigates to Impala > Process FGCT > Process FGCT of Catalog (Catalog). | Alarm ID 29014 and Alarm Name 'The FGCT of Catalog Exceeds the Threshold' are visible, consistent with the alarm reference title and ID. | The threshold value 12000ms (highlighted) corresponds to the 12s default threshold stated in the RST. | Trigger Count 5 and Check Period 60s align with the RST description of five consecutive checks every 60 seconds. | The image is a UI screenshot with interactive controls (switch, Create Rule button, Modify/Cancel links, edit icon).",The cluster name and the O&M > Alarm > Thresholds navigation path are not visible in the cropped screenshot.
umn/source/mrs_manager_operation_guide_applicable_to_3.x/alarm_reference_applicable_to_mrs_3.x/alm-29016_impalad_instance_in_the_sub-healthy_state.rst,ALM-29016 Impalad Instance in the Sub-healthy State,en-us_image_0000002007530509.png,icon,pass,0.83,"The image is a small pencil/edit icon, matching the |image1| reference used in step 7 of the Handling Procedure. | The RST instructs to click this icon to set Start Date and End Date for log collection, which aligns with an edit-style control. | The icon is placed within the log-download steps of the alarm handling procedure, so it is section-relevant. | The visual clearly shows an isolated edit/pencil symbol with no surrounding UI, consistent with an icon classification. | No contradiction between the icon and the surrounding text.","The image is an isolated icon without surrounding UI context, so the exact button label or position (upper right corner) cannot be visually confirmed. | No text or tooltip is visible in the image to confirm it specifically opens a date-range editor."
umn/source/mrs_manager_operation_guide_applicable_to_3.x/alarm_reference_applicable_to_mrs_3.x/alm-38000_kafka_service_unavailable.rst,ALM-38000 Kafka Service Unavailable,en-us_image_0000001532927366.png,icon,partial,0.70,"The image is a small isolated pencil/edit pictogram, classifying it as an icon rather than a screenshot. | In the RST, |image1| is referenced in Procedure step 15 as a control to click for setting Start Date and End Date during log collection, so it is topically tied to this alarm's procedure. | The icon is a generic edit/pencil symbol and does not visually depict a date-range or calendar control, so it only weakly matches the described action. | The image is clearly legible as a pencil icon, providing strong visual evidence of its content. | No clear contradiction exists between the icon and the surrounding text; a pencil can plausibly represent an edit action.","No surrounding UI context is shown, so the icon's exact function (date setting vs. generic edit) cannot be confirmed from the image alone. | The RST does not describe the icon's appearance, so the match to a date-range control is inferred only from the step text."
umn/source/mrs_manager_operation_guide_applicable_to_3.x/alarm_reference_applicable_to_mrs_3.x/alm-38001_insufficient_kafka_disk_capacity.rst,ALM-38001 Insufficient Kafka Disk Capacity,en-us_image_0000001532607862.png,icon,partial,0.77,"The image is a small pencil/edit pictogram, matching the |image1| reference used in step 24 to set date ranges. | It is a generic UI edit icon, not specific to the Kafka disk capacity alarm topic. | The icon's edit semantics align with the RST instruction to click it and set Start/End Date. | The image clearly shows a pencil symbol, providing clear visual evidence. | No contradiction between the icon and the surrounding RST text.","The image does not show the surrounding MRS Manager log-download UI context (date fields, Download button). | No label or tooltip is visible to confirm the icon's exact function."
umn/source/mrs_manager_operation_guide_applicable_to_3.x/alarm_reference_applicable_to_mrs_3.x/alm-38002_kafka_heap_memory_usage_exceeds_the_threshold.rst,ALM-38002 Kafka Heap Memory Usage Exceeds the Threshold,en-us_image_0000001583127365.png,icon,partial,0.77,"The image is a small pencil/edit pictogram, i.e., an isolated UI symbol, so it is classified as an icon. | In the RST the image is referenced as |image1| in Procedure step 8 ('Click |image1| in the upper right corner...'), consistent with a small clickable symbol used to open a date-range/edit control. | The icon is a generic UI element and not specific to the Kafka heap memory alarm topic, so topic match is moderate. | The image clearly and unambiguously shows a pencil icon, providing strong visual evidence. | No element in the image contradicts the surrounding RST text.","The icon has no text label, so its exact function (e.g., date-range editor) cannot be confirmed from the image alone. | No surrounding UI context is visible to verify it is the control described in step 8."
umn/source/mrs_manager_operation_guide_applicable_to_3.x/alarm_reference_applicable_to_mrs_3.x/alm-38004_kafka_direct_memory_usage_exceeds_the_threshold.rst,ALM-38004 Kafka Direct Memory Usage Exceeds the Threshold,en-us_image_0000001583087461.png,icon,partial,0.72,"The image is a small pencil/edit pictogram, matching the RST reference |image1| used in step 9 of the Procedure. | The RST instructs to 'Click |image1| in the upper right corner' to set Start/End Date for log collection, consistent with an edit/settings icon. | The icon is generic and not specific to Kafka direct memory, so topic relevance is moderate. | No contradiction between the icon and the surrounding text.","The image does not show the surrounding MRS Manager log-download UI, so the exact button label/context is not visible. | No text or tooltip in the image confirms the icon's function beyond a generic edit symbol."
umn/source/mrs_manager_operation_guide_applicable_to_3.x/alarm_reference_applicable_to_mrs_3.x/alm-38005_gc_duration_of_the_broker_process_exceeds_the_threshold.rst,ALM-38005 GC Duration of the Broker Process Exceeds the Threshold,en-us_image_0000001583087269.png,icon,partial,0.72,"The image is a small pencil/edit icon, consistent with its use in step 9 as a clickable symbol for setting date parameters during log collection. | The icon is an isolated UI symbol (pencil), not a full screenshot, so it is classified as an icon. | The RST references the image in the Procedure section (step 9) for log download, which is relevant to the alarm troubleshooting workflow. | The icon is small and slightly blurry but clearly identifiable as a pencil/edit symbol, matching the context of modifying date settings.","The image does not show the surrounding UI context (e.g., the log download page or the upper-right corner placement) to confirm exact placement. | No label or tooltip is visible on the icon to confirm its specific function beyond a generic edit/modify action."
umn/source/mrs_manager_operation_guide_applicable_to_3.x/alarm_reference_applicable_to_mrs_3.x/alm-38006_percentage_of_kafka_partitions_that_are_not_completely_synchronized_exceeds_the_threshold.rst,ALM-38006 Percentage of Kafka Partitions That Are Not Completely Synchronized Exceeds the Threshold,en-us_image_0000001582927557.png,icon,partial,0.78,"The image is a small pencil/edit pictogram, an isolated UI symbol, so it is classified as an icon. | In the RST it is referenced as |image1| in Procedure step 10: 'Click |image1| in the upper right corner, and set Start Date and End Date for log collection', matching an edit/settings control. | The icon is placed within the Procedure section and is directly relevant to that section's log-collection steps. | The pencil graphic provides clear visual evidence of the control the user is instructed to click. | No contradiction between the image and the surrounding RST text.","The image is a generic pencil icon and does not show the surrounding log-download UI, so the exact button label or context is not visible. | No text or tooltip in the image confirms it specifically opens the date-range (Start Date/End Date) dialog."
umn/source/mrs_manager_operation_guide_applicable_to_3.x/alarm_reference_applicable_to_mrs_3.x/alm-38007_status_of_kafka_default_user_is_abnormal.rst,ALM-38007 Status of Kafka Default User Is Abnormal,en-us_image_0000001582807621.png,icon,partial,0.77,"The image is a small pencil/edit pictogram, matching the RST reference |image1| used in step 11 of the Procedure. | The RST instructs to 'Click |image1| in the upper right corner, and set Start Date and End Date', which is consistent with an edit icon used to open a date-range editor. | The icon is generic and not specific to Kafka or the ALM-38007 alarm, so topic match is partial. | The image clearly shows a pencil symbol, providing strong visual evidence of an edit control.",No surrounding UI context is visible to confirm the icon's exact placement in the upper right corner of the log download page. | The icon does not itself display the Start Date / End Date fields it is said to open.
umn/source/mrs_manager_operation_guide_applicable_to_3.x/alarm_reference_applicable_to_mrs_3.x/alm-38008_abnormal_kafka_data_directory_status.rst,ALM-38008 Abnormal Kafka Data Directory Status,en-us_image_0000001582807601.png,icon,partial,0.77,"The image is a small pencil/edit pictogram, matching the RST reference |image1| used in step 10 of the Procedure. | The RST instructs the user to 'Click |image1| in the upper right corner' to set Start Date and End Date for log collection, consistent with an edit/settings icon. | The icon is part of the log-collection troubleshooting procedure for the Kafka alarm, so it is relevant to the document's Procedure section. | The visual content (a pencil/edit symbol) is clearly visible and unambiguous.","The image is an isolated icon without surrounding UI context, so the exact button label or function cannot be confirmed from the image alone. | No text or tooltip is visible in the image to verify it specifically opens the date-range settings for log download."
umn/source/mrs_manager_operation_guide_applicable_to_3.x/alarm_reference_applicable_to_mrs_3.x/alm-38010_topics_with_single_replica.rst,ALM-38010 Topics with Single Replica,en-us_image_0000001532448170.png,icon,partial,0.72,"The image is a small chevron/arrow icon used in the Procedure step 1 to indicate clicking on an alarm to view its TopicName list. | It is a generic UI expand/view symbol, not specific to Kafka topics or single-replica alarms, but it is contextually placed in the alarm-handling procedure. | The RST states 'click |image1| of this alarm, and view the TopicName list in Location', which aligns with a small expand/chevron icon in an alarm table row. | The image is very small and low-resolution but clearly identifiable as a downward chevron.","The image does not show the surrounding alarm table or MRS Manager interface, so the full context of where the chevron appears is not visible. | No text or labels are visible in the image to confirm it is specifically the 'view details' control for an alarm row."
umn/source/mrs_manager_operation_guide_applicable_to_3.x/alarm_reference_applicable_to_mrs_3.x/alm-38010_topics_with_single_replica.rst,ALM-38010 Topics with Single Replica,en-us_image_0000001582927549.png,icon,partial,0.72,"The image is a small pencil/edit icon used in Procedure step 9 for the log collection workflow. | The RST states 'Click |image2| in the upper right corner, and set Start Date and End Date for log collection', which is consistent with an edit/configure icon. | It is a generic UI symbol (pencil) and not specific to Kafka or the single-replica alarm topic, but it is placed in the fault-information-collection procedure. | The image is very small and low-resolution but clearly identifiable as a pencil icon.","The image does not show the surrounding log-download page or MRS Manager interface, so the full context of where the pencil icon appears is not visible. | No text or labels are visible in the image to confirm it is specifically the 'edit date range' control for log collection."
umn/source/mrs_manager_operation_guide_applicable_to_3.x/alarm_reference_applicable_to_mrs_3.x/alm-38011_user_connection_usage_on_broker_exceeds_the_threshold.rst,ALM-38011 User Connection Usage on Broker Exceeds the Threshold,en-us_image_0000001583127485.png,icon,partial,0.72,"The image is a small pencil/edit icon used in step 17 of the procedure to set Start Date and End Date for log collection. | The icon is a generic UI symbol (pencil) representing an edit or parameter-setting action, consistent with the RST instruction to click it and set date ranges. | The icon appears in the 'Collect the fault information' subsection of the Procedure, which is part of the ALM-38011 alarm troubleshooting workflow. | No contradiction between the image content and the RST description; the pencil icon logically represents editing/setting parameters.","The image does not show the surrounding UI context (e.g., the log download page, date fields, or Download button) that would confirm the exact placement described in the RST. | The icon is very small and low-resolution, making it difficult to confirm fine details of the symbol."
umn/source/mrs_manager_operation_guide_applicable_to_3.x/alarm_reference_applicable_to_mrs_3.x/alm-38012_number_of_broker_partitions_exceeds_the_threshold.rst,ALM-38012 Number of Broker Partitions Exceeds the Threshold,en-us_image_0000002380310204.png,screenshot,pass,1.00,"The image is a UI screenshot of the MRS Manager Kafka service Chart page, matching the alarm topic of Kafka Broker partition distribution. | It shows the 'Partition' item selected in the Chart Category area and the 'Number of Partitions-All Instances' popup with the 'Distribution' view active, exactly as described in Handling Procedure step 2. | The bar chart displays an uneven distribution (one high red bar vs. a low green bar), consistent with the figure caption 'Example of uneven partition distribution on Broker'. | A table of instance values and interactive controls (Trend, Distribution, time-range, Export) are visible, providing clear visual evidence. | No element in the image contradicts the RST description.","The exact cluster/service/role/host names are partially blurred, so specific instance identities cannot be verified."
umn/source/mrs_manager_operation_guide_applicable_to_3.x/alarm_reference_applicable_to_mrs_3.x/alm-38013_produce_request_latency_in_the_request_queue_exceeds_the_threshold.rst,ALM-38013 Produce Request Latency in the Request Queue Exceeds the Threshold,en-us_image_0000002413949605.png,screenshot,pass,1.00,"The screenshot shows the MRS Manager Kafka Chart page with 'Partition' selected in the Chart Category panel, matching step 10 of the handling procedure. | The open dialog is titled 'Number of Partitions-All Instances' with the 'Distribution' tab active, exactly as described in the RST for checking partition distribution. | The bar chart displays an uneven distribution (one low green bar and one high red bar), consistent with the figure caption 'Example of uneven partition distribution on Broker'. | A detail table lists per-instance Minimum/Maximum/Average values, supporting the instruction to inspect the unevenly distributed instance. | No element in the image contradicts the RST description of this figure.","Instance names in the table are partially redacted (node-group with blurred suffix), so the exact host/node name cannot be verified. | The image does not show the alarm details page referenced in step 5, so the link between the specific alarm host and the uneven instance is not directly visible."
umn/source/mrs_manager_operation_guide_applicable_to_3.x/alarm_reference_applicable_to_mrs_3.x/alm-38014_total_produce_request_latency_exceeds_the_threshold.rst,ALM-38014 Total Produce Request Latency Exceeds the Threshold,en-us_image_0000002447402305.png,screenshot,pass,1.00,"The image is a screenshot of the MRS Manager Kafka service Chart page, matching the figure referenced in step 10. | It shows the 'Partition' category selected in the Chart Category panel and the 'Number of Partitions-All Instances' dialog with the 'Distribution' tab active, exactly as described in the RST. | The bar chart displays an uneven distribution (one low green bar and one high red bar), consistent with the caption 'Example of uneven partition distribution on Broker'. | A detail table with Instance Name, Minimum/Maximum/Average Value columns is visible, supporting the instruction to inspect unevenly distributed instances. | No contradiction between the image content and the RST description of checking partition distribution.","The specific host name obtained in step 5 is not clearly visible (partially blurred), so it cannot be confirmed whether it appears among the unevenly distributed instances. | The exact threshold or alarm context is not shown in the image, only the partition distribution chart."
umn/source/mrs_manager_operation_guide_applicable_to_3.x/alarm_reference_applicable_to_mrs_3.x/alm-38015_fetch_request_latency_in_the_request_queue_exceeds_the_threshold.rst,ALM-38015 Fetch Request Latency in the Request Queue Exceeds the Threshold,en-us_image_0000002413843108.png,screenshot,pass,1.00,"The image is a screenshot of the MRS Manager Kafka Chart page, matching the UI context described in step 10. | The left 'Chart Category' panel shows 'Partition' selected, exactly as the RST instructs. | The modal titled 'Number of Partitions-All Instances' has the 'Distribution' tab active, matching the instruction to click Distribution. | The bar chart displays an uneven distribution (a low green bar and a high red bar), consistent with the figure caption 'Example of uneven partition distribution on Broker'. | A detail table with Instance Name, Minimum/Maximum/Average Value columns supports the partition distribution inspection.","Instance names are partially blurred, so specific node identities cannot be verified, but this does not affect the relevance of the figure."
umn/source/mrs_manager_operation_guide_applicable_to_3.x/alarm_reference_applicable_to_mrs_3.x/alm-38016_total_fetch_request_latency_exceeds_the_threshold.rst,ALM-38016 Total Fetch Request Latency Exceeds the Threshold,en-us_image_0000002447362249.png,screenshot,pass,1.00,"The image is a UI screenshot of the MRS Manager Kafka service Chart page, matching the document's handling procedure for ALM-38016. | The left 'Chart Category' panel shows 'Partition' selected, consistent with step 10's instruction to select Partition. | The open dialog is titled 'Number of Partitions-All Instances' with the 'Distribution' tab active, exactly as described in the RST. | The bar chart displays an uneven distribution (one low green bar and one high red bar), illustrating the 'uneven partition distribution on Broker' shown in Figure 1. | A detail table lists per-instance Minimum/Maximum/Average values, supporting the check for unevenly distributed instances.","The exact 'zoom in' interaction on the upper-right chart is not directly visible, only the resulting dialog. | Specific node names are partially blurred, so the exact host from step 5 cannot be confirmed in the table."
umn/source/mrs_manager_operation_guide_applicable_to_3.x/alarm_reference_applicable_to_mrs_3.x/alm-38017_partition_reassignment_duration_exceeds_the_threshold.rst,ALM-38017 Partition Reassignment Duration Exceeds the Threshold,en-us_image_0000002380470088.png,screenshot,pass,1.00,"Image shows the 'Current Reassign Status' page in the Kafka web UI, exactly as described in step 2 of the handling procedure. | The table displays Topic, Partition, Source Replicas, Target Replicas, Partition Size, and Status columns matching the partition reassignment context. | The Status column is highlighted with a red rectangle, drawing attention to migration progress as the RST instructs the user to check. | Buttons 'Modify Reassignment Throttle' and 'Cancel' are visible, consistent with the RST's reference to clicking 'Modify Reassignment Throttle' in step 3. | Pagination and 'Total Records: 24' indicate a real operational UI view.",
umn/source/mrs_manager_operation_guide_applicable_to_3.x/alarm_reference_applicable_to_mrs_3.x/alm-38017_partition_reassignment_duration_exceeds_the_threshold.rst,ALM-38017 Partition Reassignment Duration Exceeds the Threshold,en-us_image_0000002414069445.png,screenshot,pass,1.00,"Image shows the 'Modify Reassignment Throttle' dialog, exactly as referenced in step 3 of the handling procedure. | The Throttle field displays a value of 50 with unit B/s, matching the RST's instruction to check whether the Throttle parameter is too small. | OK and Cancel buttons are present, consistent with the RST's instruction to 'click OK to accelerate the migration'. | The dialog is a standard UI modal with a close (X) button, typical of the Kafka web UI interface.",
umn/source/mrs_manager_operation_guide_applicable_to_3.x/alarm_reference_applicable_to_mrs_3.x/alm-43001_spark2x_service_unavailable.rst,ALM-43001 Spark2x Service Unavailable,en-us_image_0000001583087465.png,icon,partial,0.77,"The image is a small pencil/edit pictogram, an isolated UI symbol, so it is classified as an icon. | In the RST, |image1| is referenced in Procedure step 6 as the control to click in the upper right corner to set Start Date and End Date for log collection, matching an edit/set button icon. | The icon is semantically relevant to the log-collection sub-step of the Spark2x alarm troubleshooting procedure. | The visual content (a pencil icon) is clearly visible and unambiguous.","The image does not show the surrounding MRS Manager log-download UI, so the exact button label or position cannot be confirmed from the image alone. | No text or tooltip is visible in the icon to confirm it specifically opens the date-range setting dialog."
umn/source/mrs_manager_operation_guide_applicable_to_3.x/alarm_reference_applicable_to_mrs_3.x/alm-43006_heap_memory_usage_of_the_jobhistory2x_process_exceeds_the_threshold.rst,ALM-43006 Heap Memory Usage of the JobHistory2x Process Exceeds the Threshold,en-us_image_0000001532448178.png,icon,pass,1.00,"The image is a small pencil/edit pictogram, matching the |image1| reference used in step 9 of the Procedure. | The RST instructs to click this icon in the upper right corner to set Start Date and End Date for log collection, consistent with an edit/settings symbol. | The icon is placed within the Procedure section and directly supports the log-collection step. | The visual clearly shows a pencil icon, providing clear visual evidence. | No contradiction between the icon and the surrounding RST text.",The image is a generic edit icon; the specific UI context (upper-right corner of the log download page) is not visible in the image itself.
umn/source/mrs_manager_operation_guide_applicable_to_3.x/alarm_reference_applicable_to_mrs_3.x/alm-43007_non-heap_memory_usage_of_the_jobhistory2x_process_exceeds_the_threshold.rst,ALM-43007 Non-Heap Memory Usage of the JobHistory2x Process Exceeds the Threshold,en-us_image_0000001582927593.png,icon,partial,0.77,"The image is a small pencil/edit pictogram, an isolated UI symbol, so it is classified as an icon. | In the RST, |image1| is referenced in Procedure step 9 as the control to click in the upper right corner to set Start/End Date for log collection, which is consistent with an edit/settings icon. | The icon is a generic UI element used in the procedure and is not specific to the ALM-43007 alarm topic itself. | No contradiction between the icon and the surrounding text is visible.","The image does not show the surrounding log-download UI, so the exact button label or function cannot be confirmed from the image alone. | No text or tooltip is visible in the icon to confirm its precise purpose."
umn/source/mrs_manager_operation_guide_applicable_to_3.x/alarm_reference_applicable_to_mrs_3.x/alm-43008_the_direct_memory_usage_of_the_jobhistory2x_process_exceeds_the_threshold.rst,ALM-43008 The Direct Memory Usage of the JobHistory2x Process Exceeds the Threshold,en-us_image_0000001583087597.png,icon,partial,0.77,"The image is a small pencil/edit icon, an isolated UI symbol, so it is classified as an icon. | The RST references |image1| in step 9 of the Procedure: 'Click |image1| in the upper right corner, and set Start Date and End Date for log collection', which matches an edit/pen icon used to open a date-setting control. | The icon is a generic edit symbol, not specific to the JobHistory2x memory alarm topic, limiting topic specificity. | The image clearly and unambiguously shows a pencil icon, providing strong visual evidence. | No contradiction between the icon and its described use in the log-download procedure.","The image is a standalone icon without surrounding UI context, so the exact button label or target control is not visible. | No text or tooltip in the image confirms it specifically opens the date-range selector."
umn/source/mrs_manager_operation_guide_applicable_to_3.x/alarm_reference_applicable_to_mrs_3.x/alm-43009_jobhistory2x_process_gc_time_exceeds_the_threshold.rst,ALM-43009 JobHistory2x Process GC Time Exceeds the Threshold,en-us_image_0000001532927602.png,icon,partial,0.77,"The image is a small isolated pencil/edit pictogram, matching the 'icon' classification. | In the RST, |image1| is referenced in Procedure step 8 as a control to click in the upper right corner to set Start/End Date for log collection, so the icon is semantically tied to that action. | The icon is a generic UI symbol (edit/settings) rather than a screenshot of the MRS Manager log-download page, so it only loosely matches the alarm topic. | No visible interactive controls or full interface are present in the image itself, only the symbol.","The image does not show the surrounding log-download UI, date fields, or Download button described in step 8. | It is not visually explicit that the pencil icon corresponds to the date-range setting action; this is inferred only from the RST text."
umn/source/mrs_manager_operation_guide_applicable_to_3.x/alarm_reference_applicable_to_mrs_3.x/alm-43010_heap_memory_usage_of_the_jdbcserver2x_process_exceeds_the_threshold.rst,ALM-43010 Heap Memory Usage of the JDBCServer2x Process Exceeds the Threshold,en-us_image_0000001532607830.png,icon,partial,0.77,"The image is a small pencil/edit pictogram, matching the isolated UI symbol definition of an icon. | In the RST, |image1| is referenced in step 9 of the Procedure ('Collect fault information') as the control to click in order to set Start Date and End Date for log collection. | A pencil/edit icon is a conventional symbol for an edit/set action, consistent with the described 'set Start Date and End Date' operation. | The icon is a generic UI element and is only indirectly related to the ALM-43010 heap-memory alarm topic, hence moderate topic match. | No contradiction between the icon and the surrounding text is visible.","The image shows only the icon in isolation, without the surrounding log-download UI, so the exact button label or context cannot be confirmed. | No visible text or tooltip in the image confirms that it specifically opens the date-range setting dialog."
umn/source/mrs_manager_operation_guide_applicable_to_3.x/alarm_reference_applicable_to_mrs_3.x/alm-43011_non-heap_memory_usage_of_the_jdbcserver2x_process_exceeds_the_threshold.rst,ALM-43011 Non-Heap Memory Usage of the JDBCServer2x Process Exceeds the Threshold,en-us_image_0000001583087413.png,icon,partial,0.72,"The image is a small pencil/edit pictogram, an isolated UI symbol, so it is classified as an icon. | In the RST, |image1| is referenced in Procedure step 9 as the control to click in the upper right corner to set Start Date and End Date for log collection, which matches an edit/set icon. | The icon is semantically tied to the log-collection procedure of the ALM-43011 alarm, giving moderate topic and section relevance. | The visual content (a pencil symbol) is consistent with the textual instruction to click an icon, with no contradiction.","The image shows only the icon without surrounding UI context, so the exact button label or function cannot be confirmed from the image alone. | No text or tooltip is visible in the image to verify the precise action (e.g., 'Set' vs 'Edit')."
umn/source/mrs_manager_operation_guide_applicable_to_3.x/alarm_reference_applicable_to_mrs_3.x/alm-43012_direct_heap_memory_usage_of_the_jdbcserver2x_process_exceeds_the_threshold.rst,ALM-43012 Direct Heap Memory Usage of the JDBCServer2x Process Exceeds the Threshold,en-us_image_0000001532927454.png,icon,partial,0.77,"The image is a small isolated pencil/edit pictogram, so it is classified as an icon rather than a screenshot. | In the RST it is referenced as |image1| in Procedure step 9, where the user clicks it in the upper right corner to set Start Date and End Date for log collection. | The icon's edit/settings semantics are consistent with the described action of configuring the log collection date range. | The image is clearly visible as a pencil symbol, providing strong visual evidence of an icon.","No surrounding UI context is shown, so the exact button label or function cannot be confirmed from the image alone. | The icon is low-resolution, making it difficult to verify fine details of the symbol."
umn/source/mrs_manager_operation_guide_applicable_to_3.x/alarm_reference_applicable_to_mrs_3.x/alm-43013_jdbcserver2x_process_gc_time_exceeds_the_threshold.rst,ALM-43013 JDBCServer2x Process GC Time Exceeds the Threshold,en-us_image_0000001532767654.png,icon,partial,0.77,"The image is a small isolated pencil/edit pictogram, matching the 'icon' classification. | In the RST it is referenced as |image1| in Procedure step 8 ('Click |image1| in the upper right corner'), consistent with a clickable UI symbol for setting the date range. | The icon is a generic UI element and not specific to the GC-time alarm topic, so topic match is moderate. | The visual content (a pencil symbol) is clearly visible and unambiguous. | No contradiction between the image and the surrounding RST text.","The image alone does not show the surrounding log-download UI, so the exact control it represents (e.g., date-range editor) is inferred from the RST text. | No label or tooltip is visible in the icon to confirm its function."
umn/source/mrs_manager_operation_guide_applicable_to_3.x/alarm_reference_applicable_to_mrs_3.x/alm-43017_jdbcserver2x_process_full_gc_number_exceeds_the_threshold.rst,ALM-43017 JDBCServer2x Process Full GC Number Exceeds the Threshold,en-us_image_0000001782333252.png,icon,partial,0.77,"The image is a small isolated pencil/edit pictogram, matching the 'icon' classification. | In the RST it is referenced as |image1| in Procedure step 8, where the user clicks it to open a dialog for setting Start Date and End Date. | The pencil/edit symbol is semantically consistent with an 'edit/set' action that opens a configuration dialog. | The icon is a generic UI element and not specific to the JDBCServer2x Full GC alarm topic itself. | No contradiction between the icon and the surrounding text is evident.","The image does not show the surrounding UI context (e.g., the upper-right corner of the log download page) to confirm exact placement. | No label or tooltip is visible to confirm the icon's exact function (edit vs. set time range). | The dialog box mentioned in the text is not shown in the image."
umn/source/mrs_manager_operation_guide_applicable_to_3.x/alarm_reference_applicable_to_mrs_3.x/alm-43018_jobhistory2x_process_full_gc_number_exceeds_the_threshold.rst,ALM-43018 JobHistory2x Process Full GC Number Exceeds the Threshold,en-us_image_0000001782496978.png,icon,partial,0.72,"The image is a small isolated pencil/edit icon, matching the 'icon' classification. | In the RST, |image1| is referenced in Procedure step 8 as the control to click in the upper right corner of the log download page to open the date dialog. | The icon is semantically consistent with an edit/open-dialog action used to set Start Date and End Date for log collection. | The icon is part of the fault-information collection procedure, which is relevant to the alarm troubleshooting section. | No contradiction between the icon and the surrounding text.","The image shows only the icon in isolation, without the surrounding UI context (upper-right corner, dialog box) described in the text. | The exact function of the pencil icon (edit vs. download) is not visually labeled, so the mapping to 'set Start Date and End Date' relies on the RST text."
umn/source/mrs_manager_operation_guide_applicable_to_3.x/alarm_reference_applicable_to_mrs_3.x/alm-43019_heap_memory_usage_of_the_indexserver2x_process_exceeds_the_threshold.rst,ALM-43019 Heap Memory Usage of the IndexServer2x Process Exceeds the Threshold,en-us_image_0000001532607898.png,icon,partial,0.67,"The image is a small pencil/edit pictogram, matching the RST reference |image1| used in step 9 to set Start/End Date for log collection. | It is a generic UI symbol (edit icon) rather than a screenshot of the alarm or memory dashboard, so its direct relevance to the ALM-43019 heap-memory topic is limited. | The icon plausibly represents the edit control described in the procedure, supporting the step's instruction to click it in the upper right corner. | The image clearly and unambiguously shows a pencil icon, providing strong visual evidence of its content. | No element of the image contradicts the surrounding RST text.","The image does not show the surrounding log-download UI, so the exact button label or context cannot be confirmed. | No text or tooltip is visible in the icon to verify it specifically opens the date-range editor."
umn/source/mrs_manager_operation_guide_applicable_to_3.x/alarm_reference_applicable_to_mrs_3.x/alm-43020_non-heap_memory_usage_of_the_indexserver2x_process_exceeds_the_threshold.rst,ALM-43020 Non-Heap Memory Usage of the IndexServer2x Process Exceeds the Threshold,en-us_image_0000001532927518.png,icon,partial,0.77,"The image is a small isolated pencil/edit icon, matching the 'icon' classification. | In the RST it is referenced as |image1| in Procedure step 9 ('Click |image1| in the upper right corner'), consistent with a clickable UI control. | The icon is a generic edit symbol, so it is only loosely tied to the ALM-43020 alarm topic rather than depicting alarm-specific content. | The visual clearly shows a pencil glyph, providing strong visual evidence of an edit/set control. | No element in the image contradicts the surrounding procedure text.","The icon is generic and does not show the surrounding log-download UI, so its exact function (setting Start/End Date) cannot be confirmed from the image alone. | No label or tooltip is visible to verify the control's purpose."
umn/source/mrs_manager_operation_guide_applicable_to_3.x/alarm_reference_applicable_to_mrs_3.x/alm-43021_direct_memory_usage_of_the_indexserver2x_process_exceeds_the_threshold.rst,ALM-43021 Direct Memory Usage of the IndexServer2x Process Exceeds the Threshold,en-us_image_0000001532607882.png,icon,partial,0.77,"The image is a small pencil/edit icon, matching the |image1| reference in step 9 of the Procedure. | The RST instructs to click this icon in the upper right corner to set Start Date and End Date for log collection, consistent with an edit control. | The icon is placed within the 'Collect fault information' procedure for the ALM-43021 alarm, so it is topically relevant. | The visual clearly shows an isolated pencil symbol, confirming the icon classification.","The image does not show the surrounding UI (date fields or button label), so the exact control it represents is inferred from context. | No text or label is visible in the icon to confirm its function beyond a generic edit symbol."
umn/source/mrs_manager_operation_guide_applicable_to_3.x/alarm_reference_applicable_to_mrs_3.x/alm-43022_indexserver2x_process_gc_time_exceeds_the_threshold.rst,ALM-43022 IndexServer2x Process GC Time Exceeds the Threshold,en-us_image_0000001532607946.png,icon,partial,0.67,"The image is a small isolated pencil/edit pictogram on a white background, matching the 'icon' classification. | In the RST, |image1| is referenced in Procedure step 8 as a control to click in the upper right corner to set Start/End dates for log collection, consistent with an edit-style icon. | The icon is a generic UI symbol and not specific to the ALM-43022 GC-time alarm topic, limiting topic match. | The pencil icon plausibly represents the edit/modify control described, supporting detail and section relevance. | The visual content (a pencil) is clearly and unambiguously visible.","No surrounding UI context is shown, so the exact button label or function cannot be confirmed from the image alone. | The image does not depict the log-collection dialog or date fields mentioned in the step."
umn/source/mrs_manager_operation_guide_applicable_to_3.x/alarm_reference_applicable_to_mrs_3.x/alm-43023_indexserver2x_process_full_gc_number_exceeds_the_threshold.rst,ALM-43023 IndexServer2x Process Full GC Number Exceeds the Threshold,en-us_image_0000001532607846.png,icon,partial,0.67,"The image is a small pencil/edit icon, an isolated UI symbol, not a full screenshot. | In the RST it is referenced as |image1| in step 8 of the Procedure, where the user clicks it to set Start Date and End Date for log collection. | A pencil/edit icon is semantically consistent with an 'edit/set values' action for date ranges. | The icon is generic and not specific to the ALM-43023 Full GC alarm topic itself.",No surrounding UI context is visible to confirm the exact button label or location. | The image does not show the log download page or date fields it is associated with.
umn/source/mrs_manager_operation_guide_applicable_to_3.x/alarm_reference_applicable_to_mrs_3.x/alm-43028_jdbcserver_session_overflow.rst,ALM-43028 JDBCServer Session Overflow,en-us_image_0000002381622762.png,icon,partial,0.72,"The image is a small pencil/edit pictogram, i.e., an isolated UI symbol, so it is classified as an icon. | In the RST, |image1| is referenced in step 7 of the Handling Procedure as a control to click in the upper right corner to set Start Date and End Date for log collection. | The pencil icon plausibly represents the edit/date-range button described, so it is semantically relevant to the procedure. | The icon is a clickable control, so interactive buttons are considered present. | No contradiction between the icon and the surrounding text is evident.","The image shows only the icon without surrounding UI context, so the exact button label or function cannot be confirmed visually. | No text or tooltip in the image confirms it is specifically the date-range/edit control referenced in step 7."
umn/source/mrs_manager_operation_guide_applicable_to_3.x/alarm_reference_applicable_to_mrs_3.x/alm-45000_hetuengine_service_unavailable.rst,ALM-45000 HetuEngine Service Unavailable,en-us_image_0000001532767734.png,icon,partial,0.72,"The image is a small chevron/arrow icon, consistent with a table-row expand or detail-view button in an alarm list. | The RST step 6 instructs the user to 'click |image1| in the row that contains the Process Fault alarm', which matches a small expand/detail icon in a table row. | The icon is used in the 'Check the ZooKeeper service status' section, directly relevant to the alarm troubleshooting procedure. | The visual content (a small downward chevron) is semantically consistent with a row-expansion or detail-view control in a UI table.","The image is very small and low-resolution, making it difficult to confirm exact styling or context beyond a generic chevron shape. | No surrounding UI context is visible to confirm it belongs specifically to the MRS Manager alarm list."
umn/source/mrs_manager_operation_guide_applicable_to_3.x/alarm_reference_applicable_to_mrs_3.x/alm-45000_hetuengine_service_unavailable.rst,ALM-45000 HetuEngine Service Unavailable,en-us_image_0000001532927662.png,icon,partial,0.72,"The image is a small pencil/edit icon, consistent with a modify or set-parameters button in a UI. | The RST step 33 instructs the user to 'Click |image2| in the upper right corner, and set Start Date and End Date for log collection', which matches an edit/modify icon used to configure date ranges. | The icon is used in the 'Collect fault information' section, directly relevant to the log-collection procedure for the HetuEngine alarm. | The visual content (a small pencil symbol) is semantically consistent with an edit or parameter-setting control in a UI.","The image is very small and low-resolution, making it difficult to confirm exact styling beyond a generic pencil shape. | No surrounding UI context is visible to confirm it belongs specifically to the MRS Manager log download page."
umn/source/mrs_manager_operation_guide_applicable_to_3.x/alarm_reference_applicable_to_mrs_3.x/alm-45001_faulty_hetuengine_compute_instances.rst,ALM-45001 Faulty HetuEngine Compute Instances,en-us_image_0000001583127265.png,icon,pass,0.83,"The image is a small pencil/edit pictogram, matching the RST reference |image1| used in step 18 of the Procedure. | The RST instructs to click this icon in the upper right corner to set Start Date and End Date, which is consistent with an edit-style control. | The icon is placed within the log-collection procedure for ALM-45001, so it is relevant to the section. | The visual content (a pencil icon) is clearly visible and unambiguous. | No contradiction between the icon and the surrounding text.","The image is an isolated icon and does not show the surrounding log-download UI, date fields, or the upper-right-corner placement described in the text. | No label or tooltip is visible to confirm the icon's exact function (e.g., edit dates)."
umn/source/mrs_manager_operation_guide_applicable_to_3.x/alarm_reference_applicable_to_mrs_3.x/alm-45175_average_time_for_calling_obs_metadata_apis_is_greater_than_the_threshold.rst,ALM-45175 Average Time for Calling OBS Metadata APIs Is Greater than the Threshold,en-us_image_0000001582807905.png,icon,partial,0.77,"The image is a small pencil/edit icon, consistent with a generic UI symbol used to trigger an edit or settings action. | In the RST, |image1| is referenced in step 7 of the Procedure as the control to click in the upper right corner to set Start Date and End Date for log collection, which aligns with an edit/modify icon. | The icon is clearly visible and identifiable as a pencil, providing strong visual evidence. | No contradiction between the icon and its described usage in the procedure.","The icon is generic and does not show any specific MRS Manager UI context, so its exact placement in the interface cannot be verified from the image alone. | No label or tooltip is visible on the icon to confirm it corresponds to the date-setting action described in the RST."
umn/source/mrs_manager_operation_guide_applicable_to_3.x/alarm_reference_applicable_to_mrs_3.x/alm-45176_success_rate_of_calling_obs_metadata_apis_is_lower_than_the_threshold.rst,ALM-45176 Success Rate of Calling OBS Metadata APIs Is Lower than the Threshold,en-us_image_0000001532927530.png,icon,pass,0.83,"The image is a small isolated pencil/edit pictogram on a white background, matching the 'icon' classification. | In the RST, |image1| is referenced in Procedure step 7 as the control to click in order to set Start Date and End Date for log collection, so an edit/pencil icon is semantically consistent with that action. | The icon appears in the Procedure section, directly supporting the log-collection step described in the alarm handling guide. | The visual content (a tan/brown pencil symbol) is clearly legible and unambiguous. | No element of the icon contradicts the surrounding text.",The image is a generic edit icon and does not itself show the date-picker dialog or the 'upper right corner' UI context described in the text. | No label or tooltip is visible on the icon to confirm it specifically opens the date-range setting dialog.
umn/source/mrs_manager_operation_guide_applicable_to_3.x/alarm_reference_applicable_to_mrs_3.x/alm-45177_success_rate_of_calling_obs_data_read_apis_is_lower_than_the_threshold.rst,ALM-45177 Success Rate of Calling OBS Data Read APIs Is Lower than the Threshold,en-us_image_0000001532607942.png,icon,partial,0.77,"The image is a small pencil/edit pictogram, matching the 'icon' classification. | In the RST it is referenced as |image1| in Procedure step 7, where the user clicks it in the upper right corner to set Start Date and End Date for log collection. | A pencil icon semantically aligns with an edit/modify control used to adjust log collection parameters. | The image is an isolated symbol without a surrounding UI, so no interactive controls are visible within the image itself. | No contradiction between the icon and the surrounding procedure text.","The image does not show the surrounding log-download UI, so the exact button label or function cannot be confirmed visually. | No tooltip or text in the image confirms that the pencil icon specifically opens the date-setting dialog."
umn/source/mrs_manager_operation_guide_applicable_to_3.x/alarm_reference_applicable_to_mrs_3.x/alm-45178_success_rate_of_calling_obs_data_write_apis_is_lower_than_the_threshold.rst,ALM-45178 Success Rate of Calling OBS Data Write APIs Is Lower Than the Threshold,en-us_image_0000001582927769.png,icon,pass,0.83,"The image is a small pencil/edit glyph, i.e., an isolated UI symbol (icon). | In the RST it is referenced as |image1| in Procedure step 7: 'Click |image1| in the upper right corner, and set Start Date and End Date for log collection'. | A pencil/edit icon semantically matches the action of editing/setting the date range described in the step. | The icon is placed within the Procedure section, directly supporting the log-collection instructions.","No surrounding UI context (toolbar, dialog, or page) is visible in the image. | No text label or tooltip is shown on the icon to confirm its exact function."
umn/source/mrs_manager_operation_guide_applicable_to_3.x/alarm_reference_applicable_to_mrs_3.x/alm-45179_number_of_failed_obs_readfully_api_calls_exceeds_the_threshold.rst,ALM-45179 Number of Failed OBS readFully API Calls Exceeds the Threshold,en-us_image_0000001582807641.png,screenshot,pass,1.00,"The image shows a chart titled 'Number of failed calls to the OBS readFully interf...' which directly matches the chart name referenced in step 4 of the Procedure. | The tooltip displays the host name 'node-ana-corevpeO0...' which matches the example host name 'node-ana-corevpeO003' given in the RST. | The maximum value is highlighted in red, consistent with the instruction to 'view the host name of the instance that has the maximum number of failed OBS readFully API calls.' | The chart is a UI screenshot with a time axis and data points, consistent with a monitoring chart in MRS Manager.","The full host name is truncated in the tooltip (node-ana-corevpeO0...), so the exact match to 'node-ana-corevpeO003' cannot be fully confirmed visually."
umn/source/mrs_manager_operation_guide_applicable_to_3.x/alarm_reference_applicable_to_mrs_3.x/alm-45179_number_of_failed_obs_readfully_api_calls_exceeds_the_threshold.rst,ALM-45179 Number of Failed OBS readFully API Calls Exceeds the Threshold,en-us_image_0000001532448210.png,icon,partial,0.78,"The image is a small pencil/edit icon, which is a generic UI symbol used as a clickable button. | The RST references this icon in step 7: 'Click |image2| in the upper right corner, and set Start Date and End Date for log collection,' which is consistent with an edit/configure icon. | The icon is directly relevant to the Procedure section where it is referenced for setting log collection date ranges. | The icon is small and somewhat blurry, making it difficult to confirm exact visual details beyond its pencil shape.","The icon is very small and low-resolution, making it hard to confirm whether it is specifically a pencil or another similar editing symbol. | No surrounding UI context is visible to confirm its placement in the upper right corner of the log download page."
umn/source/mrs_manager_operation_guide_applicable_to_3.x/alarm_reference_applicable_to_mrs_3.x/alm-45180_number_of_failed_obs_read_api_calls_exceeds_the_threshold.rst,ALM-45180 Number of Failed OBS read API Calls Exceeds the Threshold,en-us_image_0000001532607950.png,screenshot,pass,1.00,Image shows the 'Number of failed calls to the OBS read interface' chart as described in step 4 of the procedure | Tooltip displays host name 'node-ana-corevpeO0...' matching the example 'node-ana-corevpeO003' in the RST text | Chart includes time axis and value axis consistent with a monitoring interface | The 'Maximum value' entry in the tooltip corresponds to identifying the instance with maximum failed calls as described in the text,The full chart title is truncated in the image (shows '...') | The full host name is truncated in the tooltip
umn/source/mrs_manager_operation_guide_applicable_to_3.x/alarm_reference_applicable_to_mrs_3.x/alm-45180_number_of_failed_obs_read_api_calls_exceeds_the_threshold.rst,ALM-45180 Number of Failed OBS read API Calls Exceeds the Threshold,en-us_image_0000001582927841.png,icon,partial,0.72,"Image is a small pencil/edit icon referenced in step 7 as a button to click for log collection settings | The icon is a generic UI element (pencil) used to open a configuration dialog for date range selection | It is part of the alarm handling procedure for collecting fault information | The icon is small and somewhat blurry, making it difficult to confirm exact UI context","No surrounding UI context visible to confirm this is specifically the log collection button | The icon is very small and low resolution, limiting visual detail assessment"
umn/source/mrs_manager_operation_guide_applicable_to_3.x/alarm_reference_applicable_to_mrs_3.x/alm-45181_number_of_failed_obs_write_api_calls_exceeds_the_threshold.rst,ALM-45181 Number of Failed OBS write API Calls Exceeds the Threshold,en-us_image_0000001532927622.png,screenshot,pass,1.00,"Image shows the 'Number of failed calls to the OBS write interface' chart as described in step 4 of the Procedure section | Tooltip displays host name 'node-ana-corevpeO0...' matching the example 'node-ana-corevpeO003' in the RST text | Chart title, time axis, and tooltip content all align with the documented procedure for identifying the instance with maximum failed calls | The chart is in the context of the meta service OBS data write operation monitoring",The full host name is truncated in the tooltip (node-ana-corevpeO0... vs node-ana-corevpeO003) | The chart title is also truncated with ellipsis
umn/source/mrs_manager_operation_guide_applicable_to_3.x/alarm_reference_applicable_to_mrs_3.x/alm-45181_number_of_failed_obs_write_api_calls_exceeds_the_threshold.rst,ALM-45181 Number of Failed OBS write API Calls Exceeds the Threshold,en-us_image_0000001583087609.png,icon,partial,0.67,"Image shows a small pencil/edit icon, which is a common UI element for configuring or editing settings | The RST references this icon in step 7 as a button to click in the upper right corner to set Start Date and End Date for log collection | The icon is very small and low resolution, making it difficult to confirm exact UI context | A pencil icon is a reasonable representation for an edit/configure action in a log download interface",The icon is too small and blurry to confirm the exact UI context or surrounding interface elements | Cannot verify the exact position (upper right corner) or the dialog it opens from this isolated icon image
umn/source/mrs_manager_operation_guide_applicable_to_3.x/alarm_reference_applicable_to_mrs_3.x/alm-45182_number_of_throttled_obs_operations_exceeds_the_threshold.rst,ALM-45182 Number of Throttled OBS Operations Exceeds the Threshold,en-us_image_0000001583087453.png,screenshot,pass,1.00,The image shows a chart titled 'Number of Throttled OBS Operations-...' which directly matches the chart name referenced in step 4 of the Procedure. | The tooltip displays host names including 'node-ana-coreUQqJ00...' which matches the example host name 'node-ana-coreUQqJ0002' given in the RST. | The chart displays a time-series line graph with a time axis (08:52 to 09:52) consistent with a monitoring dashboard in MRS Manager. | The image is placed in the RST at the exact location (step 4) where the user is instructed to view this chart.,"The chart shows all values at 0, which is a normal state; the RST describes viewing the host with the maximum number of throttled operations, but the example shown has no throttling."
umn/source/mrs_manager_operation_guide_applicable_to_3.x/alarm_reference_applicable_to_mrs_3.x/alm-45182_number_of_throttled_obs_operations_exceeds_the_threshold.rst,ALM-45182 Number of Throttled OBS Operations Exceeds the Threshold,en-us_image_0000001532607802.png,icon,partial,0.72,"The image is a small pencil/edit icon, which is a generic UI symbol used to represent a configuration or edit action. | The RST references this icon in step 7: 'Click |image2| in the upper right corner, and set Start Date and End Date for log collection...', indicating it is a button to open a date-range dialog. | The icon is consistent with a common UI pattern where a pencil icon represents editing or configuring parameters. | The icon is small and isolated, fitting the definition of an icon rather than a screenshot.","The icon is very small and low-resolution, making it difficult to confirm the exact UI context in which it appears. | The RST does not provide additional context about what the pencil icon specifically opens (e.g., a date picker dialog)."
umn/source/mrs_manager_operation_guide_applicable_to_3.x/alarm_reference_applicable_to_mrs_3.x/alm-45275_ranger_service_unavailable.rst,ALM-45275 Ranger Service Unavailable,en-us_image_0000001532767366.png,icon,partial,0.72,"The image is a small isolated pencil/edit pictogram, matching the 'icon' classification. | In the RST it is referenced as |image1| in step 7 of the Procedure, where the user clicks it to set Start Date and End Date for log collection. | A pencil/edit symbol is semantically consistent with an action to open or edit a date-range setting. | The icon is generic and not specific to the Ranger service alarm, so topic relevance is moderate.","The image shows only the icon without surrounding UI, so its exact label or function cannot be confirmed visually. | No text or tooltip in the image confirms it corresponds to the date-range setting control described in the RST."
umn/source/mrs_manager_operation_guide_applicable_to_3.x/alarm_reference_applicable_to_mrs_3.x/alm-45276_abnormal_rangeradmin_status.rst,ALM-45276 Abnormal RangerAdmin Status,en-us_image_0000001532927302.png,icon,partial,0.72,"The image is a small downward chevron/arrow icon, consistent with a UI element for expanding or viewing details. | The RST references it in step 1 of the Procedure: 'click |image1| to view the name of the host for which the alarm is generated.' | The icon is a generic UI symbol (chevron) used in the MRS Manager alarm list context, which is semantically appropriate for a 'view details' action. | No contradiction between the icon's appearance and its described function in the document.","The icon is very small and low-resolution, making it difficult to confirm exact UI context (e.g., whether it is specifically a 'view host' button or a generic expand arrow). | No surrounding UI elements are visible to confirm it belongs to the MRS Manager alarm list interface."
umn/source/mrs_manager_operation_guide_applicable_to_3.x/alarm_reference_applicable_to_mrs_3.x/alm-45276_abnormal_rangeradmin_status.rst,ALM-45276 Abnormal RangerAdmin Status,en-us_image_0000001583087289.png,icon,partial,0.72,"The image is a small pencil/edit icon, consistent with a UI element for modifying or setting parameters. | The RST references it in step 6 of the Procedure: 'Click |image2| in the upper right corner, and set Start Date and End Date for log collection.' | A pencil icon is semantically appropriate for an action that opens a dialog to edit date range parameters. | No contradiction between the icon's appearance and its described function in the document.","The icon is very small and low-resolution, making it difficult to confirm exact UI context. | No surrounding UI elements are visible to confirm it belongs to the MRS Manager log download interface."
umn/source/mrs_manager_operation_guide_applicable_to_3.x/alarm_reference_applicable_to_mrs_3.x/alm-45277_rangeradmin_heap_memory_usage_exceeds_the_threshold.rst,ALM-45277 RangerAdmin Heap Memory Usage Exceeds the Threshold,en-us_image_0000001582927529.png,icon,partial,0.77,"The image is a small pencil/edit pictogram, matching the icon classification. | It is referenced in step 8 of the Procedure as the control to click in the upper right corner to set log collection dates. | The edit icon is semantically consistent with opening a date-range editor for log download. | No contradiction between the icon and the surrounding RST text.","The image is an isolated symbol without surrounding UI context, so the exact button label or target panel is not visible. | No text or tooltip in the image confirms it specifically opens the date-range editor."
umn/source/mrs_manager_operation_guide_applicable_to_3.x/alarm_reference_applicable_to_mrs_3.x/alm-45278_rangeradmin_direct_memory_usage_exceeds_the_threshold.rst,ALM-45278 RangerAdmin Direct Memory Usage Exceeds the Threshold,en-us_image_0000001582807585.png,icon,partial,0.77,"The image is a small pencil/edit pictogram, an isolated UI symbol, so it is classified as an icon. | In the RST it is referenced as |image1| in step 8 of the Procedure, where the user is told to click it to set Start Date and End Date for log collection. | The edit/pencil glyph is consistent with an 'edit/set values' control, matching the described action of configuring date ranges. | The icon is a generic UI element rather than a depiction of the RangerAdmin direct-memory alarm itself, so topic and detail match are moderate. | No contradiction exists between the image and the surrounding text.","The image does not show the surrounding log-download UI, so the exact button label or context cannot be confirmed visually. | No text or tooltip is visible in the icon to confirm its specific function beyond an edit action."
umn/source/mrs_manager_operation_guide_applicable_to_3.x/alarm_reference_applicable_to_mrs_3.x/alm-45279_rangeradmin_non_heap_memory_usage_exceeds_the_threshold.rst,ALM-45279 RangerAdmin Non Heap Memory Usage Exceeds the Threshold,en-us_image_0000001582807581.png,icon,partial,0.67,"The image is a small isolated pencil/edit pictogram, classifying it as an icon rather than a screenshot. | In the RST, |image1| is referenced in Procedure step 8 as a control to click in the upper right corner to set Start Date and End Date for log collection, so the icon functions as a clickable UI control. | The pencil/edit symbol is semantically consistent with an 'edit/settings' action used to adjust the date range, matching the surrounding instruction. | The icon is generic and not specific to the ALM-45279 RangerAdmin non-heap memory alarm topic, limiting topic relevance. | No contradiction between the image and the RST text is evident.","The image does not show the surrounding MRS Manager log-download UI, so the exact button label or context cannot be confirmed. | No text or tooltip is visible in the icon to confirm it specifically opens the date-range editor."
umn/source/mrs_manager_operation_guide_applicable_to_3.x/alarm_reference_applicable_to_mrs_3.x/alm-45280_rangeradmin_gc_duration_exceeds_the_threshold.rst,ALM-45280 RangerAdmin GC Duration Exceeds the Threshold,en-us_image_0000001532767378.png,icon,partial,0.77,"The image is a small isolated pencil/edit pictogram, matching the 'icon' classification. | In the RST, |image1| is referenced in Procedure step 8 as the control to click in the upper right corner to set Start/End Date for log collection, so the icon is semantically tied to the procedure. | A pencil/edit icon is a plausible symbol for an edit/settings action used to adjust the date range. | The image clearly and unambiguously shows a pencil icon, providing strong visual evidence. | No element of the image contradicts the surrounding RST text.","The image is a generic edit icon without any label or surrounding UI, so its exact function (date-range editor) is inferred from the RST rather than visible in the image. | No surrounding interface context is shown to confirm the icon's placement in the upper right corner of the log download page."
umn/source/mrs_manager_operation_guide_applicable_to_3.x/alarm_reference_applicable_to_mrs_3.x/alm-45281_usersync_heap_memory_usage_exceeds_the_threshold.rst,ALM-45281 UserSync Heap Memory Usage Exceeds the Threshold,en-us_image_0000001532767382.png,icon,partial,0.77,"The image is a small pencil/edit pictogram, classified as an icon rather than a screenshot. | In the RST it is referenced as |image1| in Procedure step 8, where the user clicks it in the upper right corner to set log collection dates. | The icon is a generic UI symbol consistent with an edit/settings control, matching the textual instruction to click it. | No contradiction between the icon and the surrounding procedure text.","The image is an isolated icon, so the surrounding MRS Manager log-download UI context is not visible. | No label or tooltip is shown to confirm the exact function of the button beyond the RST description."
umn/source/mrs_manager_operation_guide_applicable_to_3.x/alarm_reference_applicable_to_mrs_3.x/alm-45282_usersync_direct_memory_usage_exceeds_the_threshold.rst,ALM-45282 UserSync Direct Memory Usage Exceeds the Threshold,en-us_image_0000001532448142.png,icon,partial,0.77,"The image is a small pencil/edit pictogram, an isolated UI symbol, so it is classified as an icon. | In the RST, |image1| is referenced in step 8 of the Procedure: 'Click |image1| in the upper right corner, and set Start Date and End Date for log collection', which is consistent with an edit/set control icon. | The icon is a generic edit symbol and does not depict the MRS Manager log-download page, so its topical and detail match is moderate rather than exact. | The image is placed within the Procedure section for collecting fault information, making it section-relevant. | The visual content (a pencil icon) is clearly visible and unambiguous. | No element of the image contradicts the surrounding RST text.","The image does not show the surrounding MRS Manager log-download interface, so the exact button location ('upper right corner') cannot be visually confirmed. | No label or tooltip is visible on the icon to confirm it specifically triggers the date-range setting action."
umn/source/mrs_manager_operation_guide_applicable_to_3.x/alarm_reference_applicable_to_mrs_3.x/alm-45283_usersync_non_heap_memory_usage_exceeds_the_threshold.rst,ALM-45283 UserSync Non Heap Memory Usage Exceeds the Threshold,en-us_image_0000001532448146.png,icon,pass,0.83,"The image is a small pencil/edit pictogram, matching the isolated UI symbol definition of an icon. | In the RST, |image1| is referenced in Procedure step 8 as the control to click in the upper right corner to set Start Date and End Date for log download, so the icon is semantically tied to that action. | The icon appears within the Procedure section, directly supporting the log-collection steps for the ALM-45283 alarm. | The visual content (a pencil with a blue outline) is clearly visible and unambiguous. | No element of the image contradicts the surrounding RST text.","The image is a generic pencil icon without surrounding UI context, so it cannot be confirmed to be the exact date-picker/edit button shown in the MRS Manager log download page. | No label or tooltip is visible in the image to confirm its specific function."
umn/source/mrs_manager_operation_guide_applicable_to_3.x/alarm_reference_applicable_to_mrs_3.x/alm-45284_usersync_garbage_collection_gc_time_exceeds_the_threshold.rst,ALM-45284 UserSync Garbage Collection (GC) Time Exceeds the Threshold,en-us_image_0000001582807577.png,icon,partial,0.60,"The image is a small pencil/edit pictogram, an isolated UI symbol, so it is classified as an icon. | It is referenced as |image1| in Procedure step 8, where the user clicks it in the upper right corner to set the log collection date range. | The icon is a generic edit symbol and does not depict the ALM-45284 alarm, GC duration, or the log download interface, so its topical and detail relevance to the alarm content is weak. | The image is clearly visible and unambiguous as a pencil icon, providing strong visual evidence of the referenced control symbol. | No element of the image contradicts the surrounding reStructuredText content.","The image does not show the surrounding log download UI, so the exact button label or function (date-range setting) cannot be confirmed from the icon alone. | No text or tooltip is visible in the icon to confirm its specific action."
umn/source/mrs_manager_operation_guide_applicable_to_3.x/alarm_reference_applicable_to_mrs_3.x/alm-45285_tagsync_heap_memory_usage_exceeds_the_threshold.rst,ALM-45285 TagSync Heap Memory Usage Exceeds the Threshold,en-us_image_0000001583087281.png,icon,pass,0.83,"The image is a small pencil/edit pictogram, matching the RST reference |image1| used in step 8 of the Procedure. | The RST instructs to 'Click |image1| in the upper right corner' to set Start Date and End Date, consistent with an edit-style icon. | The icon is placed within the Procedure section for log collection, so it is contextually relevant. | The visual content (a pencil symbol) is clearly visible and unambiguous. | No contradiction between the icon and the surrounding text.","The image is an isolated icon, so the surrounding UI (the upper-right corner button placement) is not visible to confirm exact context. | No label or tooltip is shown to confirm the icon's specific function beyond the RST description."
umn/source/mrs_manager_operation_guide_applicable_to_3.x/alarm_reference_applicable_to_mrs_3.x/alm-45286_tagsync_direct_memory_usage_exceeds_the_threshold.rst,ALM-45286 TagSync Direct Memory Usage Exceeds the Threshold,en-us_image_0000001583087277.png,icon,partial,0.77,"The image is a small pencil/edit icon, consistent with a UI control symbol rather than a screenshot. | In the RST, |image1| is referenced in step 8 of the Procedure as the button to click in the upper right corner to set Start Date and End Date for log collection. | A pencil icon is a common representation of an 'edit' or 'set' action, which aligns semantically with configuring date parameters. | The icon is clearly visible and identifiable as a pencil symbol. | No contradiction between the icon and the surrounding text; the icon plausibly represents the control described.","The icon does not show any surrounding UI context (e.g., the log download page), so its exact placement in the interface cannot be verified. | The label or tooltip of the button is not visible, so the exact function (edit vs. set) is inferred rather than confirmed."
umn/source/mrs_manager_operation_guide_applicable_to_3.x/alarm_reference_applicable_to_mrs_3.x/alm-45287_tagsync_non_heap_memory_usage_exceeds_the_threshold.rst,ALM-45287 TagSync Non Heap Memory Usage Exceeds the Threshold,en-us_image_0000001532767358.png,icon,partial,0.72,"The image is a small pencil/edit icon, consistent with a UI symbol used to open a settings or edit dialog. | The RST references this icon in step 8 of the Procedure: 'Click |image1| in the upper right corner, and set Start Date and End Date for log collection', which aligns with an edit/pen icon used to configure parameters. | The icon is generic (pencil) and not specific to the TagSync non-heap memory alarm topic, limiting topic_match. | The image is small and slightly blurry, but the pencil shape is clearly identifiable. | No contradiction between the icon and the surrounding text; a pencil icon is a reasonable representation for a 'set/edit' action in a log-download panel.","The image does not show the surrounding UI context (e.g., the log download panel or the upper-right corner placement) to confirm exact placement. | No label or tooltip is visible on the icon to confirm it specifically opens a date-range editor."
umn/source/mrs_manager_operation_guide_applicable_to_3.x/alarm_reference_applicable_to_mrs_3.x/alm-45288_tagsync_garbage_collection_gc_time_exceeds_the_threshold.rst,ALM-45288 TagSync Garbage Collection (GC) Time Exceeds the Threshold,en-us_image_0000001583087293.png,icon,pass,0.83,"The image is a small pencil/edit pictogram, consistent with an isolated UI symbol (icon). | In the RST, |image1| is referenced in step 8 of the Procedure: 'Click |image1| in the upper right corner, and set Start Date and End Date for log collection', so the icon is meant to mark a clickable control for configuring the date range. | The icon is placed in the Procedure section and is directly relevant to the log-collection step. | The visual content (a pencil symbol) is clearly visible and unambiguous. | No contradiction between the icon and the surrounding text; a pencil/edit symbol is a plausible affordance for 'set/edit' the date range.","The image does not show the surrounding UI (no button label, no date fields), so the exact control it represents cannot be confirmed visually. | A pencil icon is not the most typical symbol for setting a date range (a calendar icon would be more common), so the precise mapping is inferred from context rather than shown."
umn/source/mrs_manager_operation_guide_applicable_to_3.x/alarm_reference_applicable_to_mrs_3.x/alm-45425_clickhouse_service_unavailable.rst,ALM-45425 ClickHouse Service Unavailable,en-us_image_0000001532448422.png,icon,partial,0.77,"The image is a small pencil/edit pictogram, matching the RST reference |image1| used in step 12 of the Procedure. | The RST instructs to 'Click |image1| in the upper right corner' to set Start Date and End Date, which is consistent with an edit icon. | The icon is a generic UI symbol, not specific to the ClickHouse alarm topic, so topic match is moderate. | The image clearly shows a pencil/edit icon, providing clear visual evidence of its content. | No contradiction between the icon and its described use in the document.","The image is an isolated icon without surrounding UI context, so its exact placement (upper right corner) cannot be verified visually. | No label or text accompanies the icon to confirm it specifically opens a date-range editor."
umn/source/mrs_manager_operation_guide_applicable_to_3.x/alarm_reference_applicable_to_mrs_3.x/alm-45426_clickhouse_service_quantity_quota_usage_in_zookeeper_exceeds_the_threshold.rst,ALM-45426 ClickHouse Service Quantity Quota Usage in ZooKeeper Exceeds the Threshold,en-us_image_0000001583127525.png,icon,partial,0.72,"The image is a small pencil/edit icon, consistent with its use in step 11 where the user clicks it to set Start Date and End Date for log collection. | The icon is a generic edit symbol, not specific to the ClickHouse/ZooKeeper alarm topic, but it is semantically appropriate for the 'set dates' action described in the RST. | The RST references the image as a clickable element in the upper-right corner of the log download page; a pencil icon is a common UI symbol for editing or configuring parameters such as date ranges. | No contradiction exists between the icon and the surrounding text; the icon plausibly represents the edit/modify control for date selection.","The image is a standalone icon without surrounding UI context, so it is not possible to confirm it appears in the 'upper right corner' of the log download page as described. | No label or tooltip is visible on the icon to confirm its exact function (e.g., 'Edit dates' vs. a generic edit action)."
umn/source/mrs_manager_operation_guide_applicable_to_3.x/alarm_reference_applicable_to_mrs_3.x/alm-45427_clickhouse_service_capacity_quota_usage_in_zookeeper_exceeds_the_threshold.rst,ALM-45427 ClickHouse Service Capacity Quota Usage in ZooKeeper Exceeds the Threshold,en-us_image_0000001532767414.png,icon,partial,0.72,"The image is a small pencil/edit icon, consistent with its use in step 11 where the user clicks it to set Start Date and End Date for log collection. | The icon is a generic edit symbol, not specific to the ClickHouse/ZooKeeper alarm topic, but it is semantically appropriate for the 'set parameters' action described in the RST. | The RST references the image as |image1| in the Procedure section (step 11) for log download configuration, and the pencil icon aligns with an edit/modify action. | No contradiction between the image content and the RST description; a pencil icon is a standard UI symbol for editing or configuring values.","The image is a generic pencil icon with no text or context-specific labeling, so it cannot be uniquely tied to the MRS Manager log-download UI without the surrounding interface. | No surrounding UI elements are visible to confirm the exact button location ('upper right corner') mentioned in the RST."
umn/source/mrs_manager_operation_guide_applicable_to_3.x/alarm_reference_applicable_to_mrs_3.x/alm-45428_clickhouse_disk_i_o_exception.rst,ALM-45428 ClickHouse Disk I/O Exception,en-us_image_0000001582807689.png,screenshot,pass,1.00,"The image shows smartctl terminal output with 'SMART Health Status: OK' highlighted, exactly matching the RST description in step 4. | The 'Elements in grown defect list: 0' value confirms a healthy disk as stated in the document. | The image is placed in the Procedure section where disk health verification via smartctl is described. | All visible data (temperature, cycle counts, defect list) are consistent with a healthy disk scenario.",
umn/source/mrs_manager_operation_guide_applicable_to_3.x/alarm_reference_applicable_to_mrs_3.x/alm-45428_clickhouse_disk_i_o_exception.rst,ALM-45428 ClickHouse Disk I/O Exception,en-us_image_0000001583127381.png,screenshot,pass,1.00,"The image shows 'SMART Health Status: FAILURE PREDICTION THRESHOLD EXCEEDED' highlighted, matching the RST description of a failing disk. | The 'Elements in grown defect list: 5344' value is non-zero, consistent with the RST statement about bad sectors. | The image is placed in the Procedure section step 4 where problematic disk identification is described. | Both highlighted elements (FAILURE status and non-zero defect list) align precisely with the document's warning criteria.",
umn/source/mrs_manager_operation_guide_applicable_to_3.x/alarm_reference_applicable_to_mrs_3.x/alm-45428_clickhouse_disk_i_o_exception.rst,ALM-45428 ClickHouse Disk I/O Exception,en-us_image_0000001582927637.png,icon,partial,0.77,"The image is a small pencil/edit icon, consistent with the RST instruction to 'Click |image3| in the upper right corner' to modify log collection date settings. | The icon is a generic edit symbol, not specific to ClickHouse or disk I/O, so topic match is moderate. | It appears in the Procedure section for collecting fault information (log download), which is relevant to the alarm troubleshooting workflow. | The icon clearly depicts a pencil, which is a standard UI symbol for editing/modifying parameters such as date ranges.","The icon is isolated without surrounding UI context, so it is not possible to confirm it appears in the upper right corner of the Log Download page. | No label or tooltip is visible to confirm the exact function of the icon within the MRS Manager interface."
umn/source/mrs_manager_operation_guide_applicable_to_3.x/alarm_reference_applicable_to_mrs_3.x/alm-45429_table_metadata_synchronization_failed_on_the_added_clickhouse_node.rst,ALM-45429 Table Metadata Synchronization Failed on the Added ClickHouse Node,en-us_image_0000001582927545.png,icon,partial,0.55,"The image is a small isolated pencil/edit pictogram on a white background, matching the 'icon' classification. | In the RST it is referenced as |image1| in Procedure step 13 ('Click |image1| in the upper right corner'), consistent with a generic edit/settings control in the log-download UI. | The icon is a generic UI symbol and does not depict the ClickHouse alarm or the log-collection interface described in the document, so topic and detail match are weak. | It is placed within the Procedure section as a clickable control reference, giving it moderate section relevance. | The pencil glyph is clearly rendered and unambiguous as an edit-type icon, providing clear visual evidence of the symbol itself. | No element of the image contradicts the surrounding RST text.","The image does not show the surrounding MRS Manager log-download UI, the upper-right-corner placement, or the Start/End Date fields mentioned in step 13. | No label or tooltip is visible to confirm the icon's exact function (e.g., edit vs. settings). | No alarm-specific or ClickHouse-specific content is present in the icon."
umn/source/mrs_manager_operation_guide_applicable_to_3.x/alarm_reference_applicable_to_mrs_3.x/alm-45430_permission_metadata_synchronization_failed_on_the_added_clickhouse_node.rst,ALM-45430 Permission Metadata Synchronization Failed on the Added ClickHouse Node,en-us_image_0000001532448154.png,icon,partial,0.77,"The image is a small isolated pencil/edit pictogram, matching the 'icon' classification. | In the RST, |image1| is referenced in Procedure step 13 as a control to click in the upper right corner to set log collection dates, consistent with an edit/parameter icon. | The icon is a generic UI symbol rather than content specific to the ClickHouse alarm, so topic and detail match are moderate. | The visual clearly shows a recognizable pencil icon, providing strong visual evidence of an isolated UI symbol. | No element of the image contradicts the surrounding procedure text.","The image does not show the surrounding dialog or button label, so the exact function (edit vs. set dates) is inferred from the RST text. | No tooltip or text label is visible in the icon to confirm its purpose."
umn/source/mrs_manager_operation_guide_applicable_to_3.x/alarm_reference_applicable_to_mrs_3.x/alm-45432_clickhouse_user_synchronization_process_fails.rst,ALM-45432 ClickHouse User Synchronization Process Fails,en-us_image_0000001532607798.png,icon,pass,0.83,"The image is a small pencil/edit pictogram, matching the RST reference |image1| used in step 11 of the Procedure. | The RST instructs to click this icon in the upper right corner to set Start Date and End Date, which is consistent with an edit/modify action symbol. | The icon is placed within the Procedure section for log collection, so it is contextually relevant to that section. | The visual content (a pencil icon) is clearly visible and unambiguous. | No contradiction between the icon and the surrounding RST text.","The image is an isolated icon without surrounding UI, so the exact button label or tooltip is not visible. | No screenshot context is provided to confirm the icon's position in the upper right corner of the log download page."
umn/source/mrs_manager_operation_guide_applicable_to_3.x/alarm_reference_applicable_to_mrs_3.x/alm-45433_clickhouse_az_topology_exception.rst,ALM-45433 ClickHouse AZ Topology Exception,en-us_image_0000001582927881.png,icon,partial,0.67,"The image is a small pencil/edit pictogram, an isolated UI symbol, so it is classified as an icon. | In the RST it is referenced as |image1| in Procedure step 13, the control to click in the upper right corner to set the log collection Start/End Date. | The icon is a generic edit symbol and is not specific to the ClickHouse AZ topology alarm topic. | The pencil icon is consistent with an edit/modify action for date fields, matching the step's intent. | No contradiction between the image and the surrounding RST text.",No surrounding UI context is visible to confirm the icon's exact function or placement. | The image contains no text or label identifying the control.
umn/source/mrs_manager_operation_guide_applicable_to_3.x/alarm_reference_applicable_to_mrs_3.x/alm-45434_a_single_replica_exists_in_the_clickhouse_data_table.rst,ALM-45434 A Single Replica Exists in the ClickHouse Data Table,en-us_image_0000001583087573.png,icon,partial,0.67,"The image is a small chevron/arrow icon used in the MRS Manager UI | It is referenced in step 1 of the Procedure as the element to click to view host name details | The icon is a generic UI symbol (dropdown/expand arrow) consistent with the described action | The image is very small and low-resolution, making precise identification difficult",The image is too small and blurry to confirm the exact icon type with certainty | No surrounding UI context is visible to confirm it belongs to the alarm list row
umn/source/mrs_manager_operation_guide_applicable_to_3.x/alarm_reference_applicable_to_mrs_3.x/alm-45434_a_single_replica_exists_in_the_clickhouse_data_table.rst,ALM-45434 A Single Replica Exists in the ClickHouse Data Table,en-us_image_0000001582927813.png,icon,partial,0.67,"The image is a small pencil/edit icon used in the MRS Manager UI | It is referenced in step 7 of the Procedure as the element to click to set Start Date and End Date for log collection | A pencil icon is a common symbol for editing or configuring settings, consistent with the described action | The image is very small and low-resolution, making precise identification difficult",The image is too small and blurry to confirm the exact icon type with certainty | No surrounding UI context is visible to confirm it belongs to the log download page
umn/source/mrs_manager_operation_guide_applicable_to_3.x/alarm_reference_applicable_to_mrs_3.x/alm-45446_mutation_task_of_clickhouse_is_not_complete_for_a_long_time.rst,ALM-45446 Mutation Task of ClickHouse Is Not Complete for a Long Time,en-us_image_0000002415261981.png,screenshot,pass,1.00,"Image shows a ClickHouse system.mutations query result table with columns database, table, mutation_id, command, parts_to_do_names, and parts_to_do. | The parts_to_do column is highlighted with a red box showing value 4, matching step 4's instruction to check whether parts_to_do decreases. | Content is directly relevant to the ALM-45446 mutation task handling procedure. | No visible interactive controls; it is a terminal/table output capture.","No surrounding terminal prompt or query statement is visible, only the result table row."
umn/source/mrs_manager_operation_guide_applicable_to_3.x/alarm_reference_applicable_to_mrs_3.x/alm-45446_mutation_task_of_clickhouse_is_not_complete_for_a_long_time.rst,ALM-45446 Mutation Task of ClickHouse Is Not Complete for a Long Time,en-us_image_0000002415342137.png,screenshot,pass,1.00,"Image shows a terminal session running a SELECT query on system.mutations and a KILL MUTATION statement. | The KILL MUTATION command (database='default', table='test123_local', mutation_id='0000000016') is highlighted in a red box, matching step 5's instruction to stop the mutation task. | The follow-up result table shows kill_status 'waiting', consistent with verifying the mutation task state. | Content is directly relevant to the ALM-45446 handling procedure; no interactive buttons present.","Some columns in the result table are truncated at the right edge (e.g., is_done column partially cut off)."
umn/source/mrs_manager_operation_guide_applicable_to_3.x/alarm_reference_applicable_to_mrs_3.x/alm-45447_clickhouse_table_read-only.rst,ALM-45447 ClickHouse Table Read-Only,en-us_image_0000002381782666.png,screenshot,partial,0.77,"The image is a CLI/terminal-style table output showing ClickHouse query result columns (database, table, mutation_id, command, parts_to_do_names, parts_to_do), consistent with the ClickHouse handling procedure in the RST. | It is placed in step 7 of the handling procedure, which deals with dropping/recreating a read-only table and verifying table state, so the topic is semantically related. | The highlighted 'parts_to_do' value (4) provides visual evidence of a table state check, matching the procedure's intent to verify table conditions. | No interactive UI controls are visible; it is a plain text table output.",The exact SQL query that produced this table is not stated in the RST; the RST step 3 uses a different query (system.replicas where is_readonly = 1). | The relationship between 'parts_to_do' and the read-only state is not explicitly explained in the RST. | No prompt or command line is visible to confirm the exact client context.
umn/source/mrs_manager_operation_guide_applicable_to_3.x/alarm_reference_applicable_to_mrs_3.x/alm-45477_failed_to_restore_data_after_a_disk_of_kudu_is_replaced.rst,ALM-45477 Failed to Restore Data After a Disk of Kudu Is Replaced,en-us_image_0000002415262005.png,screenshot,pass,1.00,"The image is a UI screenshot of the MRS Manager 'Download' page with a 'Service' selection dialog open. | The 'NodeAgent' checkbox under the OMS group is highlighted with a red box, matching the figure caption 'Collecting NodeAgent logs'. | This aligns with the Handling Procedure note instructing to collect NodeAgent logs after disk replacement. | Interactive controls (Download, OK, Cancel buttons, checkboxes, search field) are visible.","The background 'Service' field is empty, so the target cluster/service (Kudu) selection is not visible in the screenshot. | Start Date / End Date fields mentioned in the procedure are not shown in this dialog view."
umn/source/mrs_manager_operation_guide_applicable_to_3.x/alarm_reference_applicable_to_mrs_3.x/alm-45585_iotdb_service_unavailable.rst,ALM-45585 IoTDB Service Unavailable,en-us_image_0000001582927517.png,icon,pass,0.83,"The image is a small isolated pencil/edit pictogram on a white background, matching the 'icon' classification. | In the RST, |image1| is referenced in Procedure step 9 as a control in the upper right corner used to set Start Date and End Date for log collection, so the icon is semantically tied to the log-download procedure. | The icon appears in the Procedure section, which is the relevant section for the alarm troubleshooting steps. | The visual content (a pencil symbol) is clearly visible and unambiguous. | No element of the image contradicts the surrounding RST text.","The image shows only the icon without surrounding UI context, so it cannot be confirmed that it is specifically the date-range edit button described in step 9. | No label or button border is visible to confirm its exact function."
umn/source/mrs_manager_operation_guide_applicable_to_3.x/alarm_reference_applicable_to_mrs_3.x/alm-45586_iotdbserver_heap_memory_usage_exceeds_the_threshold.rst,ALM-45586 IoTDBServer Heap Memory Usage Exceeds the Threshold,en-us_image_0000001582927541.png,icon,partial,0.77,"The image is a small pencil/edit pictogram, so it is classified as an icon rather than a screenshot. | In the RST it is referenced as |image1| in Procedure step 7, where the user is told to click it to set Start Date and End Date for log collection. | A pencil/edit icon is semantically consistent with an edit or settings control used to adjust a date range in the log download UI. | The icon is clearly visible and unambiguous as a pencil symbol, providing strong visual evidence. | No contradiction between the icon and the surrounding procedure text.","No surrounding UI context is visible, so the exact button location (upper right corner) cannot be confirmed from the image alone. | The icon has no text label, so its precise function (edit vs. settings) is inferred from context rather than shown."
umn/source/mrs_manager_operation_guide_applicable_to_3.x/alarm_reference_applicable_to_mrs_3.x/alm-45587_iotdbserver_gc_duration_exceeds_the_threshold.rst,ALM-45587 IoTDBServer GC Duration Exceeds the Threshold,en-us_image_0000001532448186.png,icon,pass,0.83,"The image is a small pencil/edit pictogram, matching the |image1| reference in step 7 of the Procedure. | The RST instructs to click this icon in the upper right corner to set Start Date and End Date, consistent with an edit-style icon. | The icon is placed within the log-collection procedure, so it is relevant to the section. | The visual clearly shows a pencil symbol, providing direct visual evidence of an edit control. | No contradiction between the icon and the surrounding text.","The image is an isolated icon without surrounding UI context, so the exact button label or tooltip is not visible. | No screenshot of the log download page is provided to confirm the icon's position in the upper right corner."
umn/source/mrs_manager_operation_guide_applicable_to_3.x/alarm_reference_applicable_to_mrs_3.x/alm-45588_iotdbserver_direct_memory_usage_exceeds_the_threshold.rst,ALM-45588 IoTDBServer Direct Memory Usage Exceeds the Threshold,en-us_image_0000001583087653.png,icon,pass,0.83,"The image is a small pencil/edit pictogram, an isolated UI symbol, so it is classified as an icon. | In the RST it is referenced as |image1| in Procedure step 8: 'Click |image1| in the upper right corner, and set Start Date and End Date for log collection', which matches an edit/modify control. | The icon is placed within the Procedure section and is semantically consistent with the action of editing date ranges for log download. | The visual content (a pencil glyph) is clearly legible and unambiguous.","The image does not show the surrounding MRS Manager log-download UI, so the exact button label or context cannot be confirmed from the image alone. | No text or tooltip is visible in the icon to confirm it specifically opens a date-range editor."
umn/source/mrs_manager_operation_guide_applicable_to_3.x/alarm_reference_applicable_to_mrs_3.x/alm-45589_confignode_heap_memory_usage_exceeds_the_threshold.rst,ALM-45589 ConfigNode Heap Memory Usage Exceeds the Threshold,en-us_image_0000001582807589.png,icon,pass,1.00,"The image is a small downward chevron/arrow icon, consistent with an expand or view-details indicator in a table/list UI. | The RST references this icon in step 1 of the Procedure: 'click |image1| in front of this alarm and view the role name and instance IP address in Location', which matches an expand/view action in an alarm list. | The icon is semantically appropriate for the MRS Manager alarm list context described in the document. | No contradictions between the image content and the RST description.",The full UI context (alarm list row) is not visible; only the isolated icon is shown.
umn/source/mrs_manager_operation_guide_applicable_to_3.x/alarm_reference_applicable_to_mrs_3.x/alm-45589_confignode_heap_memory_usage_exceeds_the_threshold.rst,ALM-45589 ConfigNode Heap Memory Usage Exceeds the Threshold,en-us_image_0000001532607642.png,icon,pass,1.00,"The image is a small pencil/edit icon, consistent with an edit or modify action button in a UI. | The RST references this icon in step 9 of the Procedure: 'Click |image2| in the upper right corner, and set Start Date and End Date for log collection', which matches an edit action to configure date parameters. | The icon is semantically appropriate for the log download configuration context described in the document. | No contradictions between the image content and the RST description.",The full UI context (log download panel with date fields) is not visible; only the isolated icon is shown.
umn/source/mrs_manager_operation_guide_applicable_to_3.x/alarm_reference_applicable_to_mrs_3.x/alm-45590_confignode_gc_duration_exceeds_the_threshold.rst,ALM-45590 ConfigNode GC Duration Exceeds the Threshold,en-us_image_0000001532448138.png,icon,partial,0.72,Small downward chevron/arrow icon used as an expand or view-details control in a table row | RST step 1 instructs to click this icon in the alarm row to view role name and instance IP in Location | The icon is a generic UI symbol consistent with expanding a table row to reveal details | Used in the Procedure section of the ALM-45590 alarm troubleshooting guide,No visible text or label on the icon to confirm its exact function beyond a generic expand indicator | Cannot verify the specific MRS Manager UI context from the icon alone
umn/source/mrs_manager_operation_guide_applicable_to_3.x/alarm_reference_applicable_to_mrs_3.x/alm-45590_confignode_gc_duration_exceeds_the_threshold.rst,ALM-45590 ConfigNode GC Duration Exceeds the Threshold,en-us_image_0000001582807569.png,icon,partial,0.72,Small pencil/edit icon used as a clickable control in the upper right corner of a dialog | RST step 9 instructs to click this icon to set Start Date and End Date for log collection | The pencil icon is consistent with an edit or modify action for date parameters | Used in the Collect fault information subsection of the ALM-45590 procedure,No visible text or label on the icon to confirm its exact function beyond a generic edit indicator | Cannot verify the specific MRS Manager log download UI context from the icon alone
umn/source/mrs_manager_operation_guide_applicable_to_3.x/alarm_reference_applicable_to_mrs_3.x/alm-45591_confignode_direct_memory_usage_exceeds_the_threshold.rst,ALM-45591 ConfigNode Direct Memory Usage Exceeds the Threshold,en-us_image_0000001583127501.png,icon,partial,0.72,"The image is a small downward chevron/arrow icon, consistent with an expand or detail-view control in a list. | The RST references this icon in step 1 of the Procedure: 'click |image1| in front of this alarm and view the role name and instance IP address in Location.' | The icon is a generic UI symbol (expand/collapse indicator) rather than something specific to the ALM-45591 alarm topic. | The icon is used in the Procedure section to guide the user to expand alarm details, which is relevant to the troubleshooting workflow.",The icon is very small and low-resolution; the exact UI context (alarm list row) is not visible. | No surrounding interface elements are shown to confirm it is specifically in the MRS Manager alarm list.
umn/source/mrs_manager_operation_guide_applicable_to_3.x/alarm_reference_applicable_to_mrs_3.x/alm-45591_confignode_direct_memory_usage_exceeds_the_threshold.rst,ALM-45591 ConfigNode Direct Memory Usage Exceeds the Threshold,en-us_image_0000001582807809.png,icon,partial,0.72,"The image is a small pencil/edit icon, a common symbol for modifying or setting parameters. | The RST references this icon in step 8 of the Procedure: 'Click |image2| in the upper right corner, and set Start Date and End Date for log collection.' | The icon is a generic edit symbol rather than something specific to the ALM-45591 alarm or IoTDB ConfigNode topic. | The icon is used in the 'Collect fault information' subsection of the Procedure, relevant to the log-download workflow.",The icon is very small and low-resolution; the surrounding log-download dialog is not visible. | No surrounding interface elements are shown to confirm it is specifically in the MRS Manager log download page.
umn/source/mrs_manager_operation_guide_applicable_to_3.x/alarm_reference_applicable_to_mrs_3.x/alm-45592_iotdbserver_rpc_execution_duration_exceeds_the_threshold.rst,ALM-45592 IoTDBServer RPC Execution Duration Exceeds the Threshold,en-us_image_0000001583087297.png,icon,pass,1.00,"The image is a small downward chevron/arrow icon, consistent with an expand or view-details button in an alarm list UI. | The RST references this icon in step 1 of the Procedure: 'click |image1| in front of this alarm and view the role name and instance IP address in Location.' | The icon is semantically appropriate for expanding alarm details in the MRS Manager alarm list. | No contradictions between the image and the document context.",The full alarm list UI context is not visible; only the isolated icon is shown.
umn/source/mrs_manager_operation_guide_applicable_to_3.x/alarm_reference_applicable_to_mrs_3.x/alm-45592_iotdbserver_rpc_execution_duration_exceeds_the_threshold.rst,ALM-45592 IoTDBServer RPC Execution Duration Exceeds the Threshold,en-us_image_0000001532448158.png,icon,pass,1.00,"The image is a small pencil/edit icon, consistent with a button used to modify or set parameters in a UI. | The RST references this icon in step 5 of the Procedure: 'Click |image2| in the upper right corner, and set Start Date and End Date for log collection...' | The pencil icon is semantically appropriate for editing or setting date parameters in the log download dialog. | No contradictions between the image and the document context.",The full log download dialog UI context is not visible; only the isolated icon is shown.
umn/source/mrs_manager_operation_guide_applicable_to_3.x/alarm_reference_applicable_to_mrs_3.x/alm-45593_iotdbserver_flush_execution_duration_exceeds_the_threshold.rst,ALM-45593 IoTDBServer Flush Execution Duration Exceeds the Threshold,en-us_image_0000001532607638.png,icon,partial,0.72,"Small chevron/arrow icon used as an inline reference in the Procedure section | The RST states 'click |image1| in front of this alarm and view the role name and instance IP address in Location' | The icon is a generic expand/detail indicator consistent with a clickable element in an alarm list | It is a small symbolic graphic, not a full UI screenshot","No surrounding UI context visible to confirm it is specifically the alarm detail expand button | The icon is very small and low-resolution, making precise identification difficult"
umn/source/mrs_manager_operation_guide_applicable_to_3.x/alarm_reference_applicable_to_mrs_3.x/alm-45593_iotdbserver_flush_execution_duration_exceeds_the_threshold.rst,ALM-45593 IoTDBServer Flush Execution Duration Exceeds the Threshold,en-us_image_0000001532767370.png,icon,partial,0.72,"Small pencil/edit icon used as an inline reference in the Procedure section | The RST states 'Click |image2| in the upper right corner, and set Start Date and End Date for log collection' | A pencil icon is consistent with an edit or configure action for setting date parameters | It is a small symbolic graphic, not a full UI screenshot","No surrounding UI context visible to confirm it is specifically the log download configuration button | The icon is very small and low-resolution, making precise identification difficult"
umn/source/mrs_manager_operation_guide_applicable_to_3.x/alarm_reference_applicable_to_mrs_3.x/alm-45594_iotdbserver_intra-space_merge_duration_exceeds_the_threshold.rst,ALM-45594 IoTDBServer Intra-Space Merge Duration Exceeds the Threshold,en-us_image_0000001583087629.png,icon,partial,0.72,"The image is a small downward chevron/arrow icon, consistent with an expand/collapse control in a UI list. | The RST references this icon in step 1 of the Procedure: 'click |image1| in front of this alarm and view the role name and instance IP address in Location.' | The icon is a generic UI element (expand arrow) rather than something specific to the IoTDB alarm topic. | The icon is used in the Procedure section to indicate where to click to expand alarm details.","The image is very small and low-resolution, making it difficult to confirm exact styling or context. | No surrounding UI context is visible to confirm it appears in an alarm list."
umn/source/mrs_manager_operation_guide_applicable_to_3.x/alarm_reference_applicable_to_mrs_3.x/alm-45594_iotdbserver_intra-space_merge_duration_exceeds_the_threshold.rst,ALM-45594 IoTDBServer Intra-Space Merge Duration Exceeds the Threshold,en-us_image_0000001532927642.png,icon,partial,0.72,"The image is a small pencil/edit icon, commonly used to represent a configure or edit action in UI. | The RST references this icon in step 5 of the Procedure: 'Click |image2| in the upper right corner, and set Start Date and End Date for log collection.' | A pencil icon is a reasonable representation for a 'configure parameters' or 'edit settings' action, aligning with setting date ranges. | The icon is used in the Procedure section for the log download workflow.","The image is very small and low-resolution, making it difficult to confirm exact styling. | No surrounding UI context is visible to confirm it appears in the upper right corner of a log download page."
umn/source/mrs_manager_operation_guide_applicable_to_3.x/alarm_reference_applicable_to_mrs_3.x/alm-45595_iotdbserver_cross-space_merge_duration_exceeds_the_threshold.rst,ALM-45595 IoTDBServer Cross-Space Merge Duration Exceeds the Threshold,en-us_image_0000001583127317.png,icon,partial,0.77,"The image is a small downward-pointing chevron/arrow icon, consistent with a 'view details' or 'expand' UI element. | The RST references this icon in step 1 of the Procedure: 'click |image1| in front of this alarm and view the role name and instance IP address in Location.' | A downward chevron is a standard UI symbol for expanding or revealing additional information, matching the described action. | The icon is generic and not specific to IoTDB or cross-space merge, but it is contextually appropriate for the alarm management interface.","The icon is very small and low-resolution, making it difficult to confirm exact styling or context within the full UI. | No surrounding UI context is visible to confirm it appears 'in front of this alarm' as described."
umn/source/mrs_manager_operation_guide_applicable_to_3.x/alarm_reference_applicable_to_mrs_3.x/alm-45595_iotdbserver_cross-space_merge_duration_exceeds_the_threshold.rst,ALM-45595 IoTDBServer Cross-Space Merge Duration Exceeds the Threshold,en-us_image_0000001532448190.png,icon,partial,0.77,"The image is a small pencil/edit icon, a standard UI symbol for modifying or setting parameters. | The RST references this icon in step 5 of the Procedure: 'Click |image2| in the upper right corner, and set Start Date and End Date for log collection...' | A pencil icon is consistent with an 'edit' or 'configure' action for setting date parameters in a log download dialog. | The icon is generic and not specific to IoTDB or cross-space merge, but it is contextually appropriate for the log download interface.","The icon is very small and low-resolution, making it difficult to confirm exact styling. | No surrounding UI context is visible to confirm it appears 'in the upper right corner' of the log download page."
umn/source/mrs_manager_operation_guide_applicable_to_3.x/alarm_reference_applicable_to_mrs_3.x/alm-45615_cdl_service_unavailable.rst,ALM-45615 CDL Service Unavailable,en-us_image_0000001532767706.png,icon,pass,0.83,"The image is a small isolated pencil/edit pictogram, matching the 'icon' classification. | In the RST, |image1| is referenced in Procedure step 9 as a control to click in the upper right corner to set Start/End Date for log download, so the icon is semantically tied to the CDL alarm troubleshooting procedure. | The icon is a generic edit/pencil symbol rather than a CDL- or Kafka-specific graphic, so topic match is partial. | A pencil icon plausibly represents an 'edit/modify parameters' action for setting date ranges, consistent with the step's intent. | The image is clearly visible and unambiguous as a pencil icon, providing strong visual evidence. | No element in the image contradicts the surrounding RST text.","The image does not show the surrounding MRS Manager log-download UI, so the exact button label or position cannot be confirmed. | No text or tooltip is visible on the icon to confirm it specifically triggers date-range editing."
umn/source/mrs_manager_operation_guide_applicable_to_3.x/alarm_reference_applicable_to_mrs_3.x/alm-45616_cdl_job_execution_exception.rst,ALM-45616 CDL Job Execution Exception,en-us_image_0000001582807901.png,screenshot,pass,1.00,"Image is a 'Task Details' UI screenshot showing Basic Information, Source information, and Sink information sections. | app-status is shown as KILLED, matching the RST statement that Figure 1 shows a task on Yarn that was manually killed. | Corresponds to Figure 1 (CDL job exception) referenced in Procedure step 5. | No interactive buttons are visible, only data fields and a status table.","Job name field is redacted/blurred, so the specific job cannot be confirmed."
umn/source/mrs_manager_operation_guide_applicable_to_3.x/alarm_reference_applicable_to_mrs_3.x/alm-45616_cdl_job_execution_exception.rst,ALM-45616 CDL Job Execution Exception,en-us_image_0000001532927626.png,screenshot,pass,1.00,"Image is a 'Task Details' UI screenshot showing a task row with state FAILED and a trace column containing a java.lang.RuntimeException (org.apache.kafka.connect.errors...). | This matches Figure 2 (Trace error information) referenced in Procedure step 5, which describes viewing the failure cause/trace. | An 'OK' button is visible at the bottom, indicating an interactive control. | Consistent with the RST description of viewing error/trace information for a failed CDL job.",The full exception message is truncated in the trace column. | Job name and source-connector-name are redacted.
umn/source/mrs_manager_operation_guide_applicable_to_3.x/alarm_reference_applicable_to_mrs_3.x/alm-45616_cdl_job_execution_exception.rst,ALM-45616 CDL Job Execution Exception,en-us_image_0000001582927849.png,icon,partial,0.78,"Image is a small isolated downward chevron/arrow symbol, i.e., an icon rather than a full UI screenshot. | It corresponds to |image1| used in Procedure step 2 ('click |image1| in the row where Alarm ID is 45616'), representing a clickable expand/detail control in the alarm list. | The icon is generic and does not itself convey CDL-specific content, so topic/detail match is moderate. | No full interactive control set is visible, only a single symbol.","No surrounding UI context is shown, so the exact control it represents cannot be fully verified from the image alone."
umn/source/mrs_manager_operation_guide_applicable_to_3.x/alarm_reference_applicable_to_mrs_3.x/alm-45616_cdl_job_execution_exception.rst,ALM-45616 CDL Job Execution Exception,en-us_image_0000001532767690.png,screenshot,pass,1.00,"Image is a UI table screenshot with columns Name, Created, Status, Type. | The Status column shows 'Abnormal running' highlighted with a red box, matching Procedure step 4 ('click Abnormal running or Failed in the Status column'). | The Type column shows a pgsq1 ---> kafka ---> hudi pipeline, consistent with a CDL job. | Corresponds to |image2| referenced in step 4; no distinct button control is visible, only a status link.",The Created column value is redacted.
umn/source/mrs_manager_operation_guide_applicable_to_3.x/alarm_reference_applicable_to_mrs_3.x/alm-45616_cdl_job_execution_exception.rst,ALM-45616 CDL Job Execution Exception,en-us_image_0000001583127597.png,icon,partial,0.78,"Image is a small isolated pencil/edit symbol, i.e., an icon rather than a full UI screenshot. | It corresponds to |image3| used in Procedure step 9 ('Click |image3| in the upper right corner, and set Start Date and End Date for log collection'), representing an edit/settings control. | The icon is generic and does not itself convey CDL-specific content, so topic/detail match is moderate. | No full interactive control set is visible, only a single symbol.","No surrounding UI context is shown, so the exact control it represents cannot be fully verified from the image alone."
umn/source/mrs_manager_operation_guide_applicable_to_3.x/alarm_reference_applicable_to_mrs_3.x/alm-45617_data_queued_in_the_cdl_replication_slot_exceeds_the_threshold.rst,ALM-45617 Data Queued in the CDL Replication Slot Exceeds the Threshold,en-us_image_0000001582927521.png,icon,pass,0.83,"The image is a small downward chevron/arrow symbol, consistent with an isolated UI icon. | In the RST it is referenced as |image1| in step 2 of the Procedure, where the user clicks it in the alarm row to view the job name in Location. | A chevron/expand symbol is a plausible control for revealing row details in an alarm list. | The icon is clearly visible and matches the described click action context.","The surrounding alarm list UI is not shown, so the exact function of the chevron (expand vs. view) cannot be confirmed. | No label or tooltip is visible to confirm the icon's purpose."
umn/source/mrs_manager_operation_guide_applicable_to_3.x/alarm_reference_applicable_to_mrs_3.x/alm-45617_data_queued_in_the_cdl_replication_slot_exceeds_the_threshold.rst,ALM-45617 Data Queued in the CDL Replication Slot Exceeds the Threshold,en-us_image_0000001582807573.png,icon,pass,0.83,"The image is a small pencil/edit symbol, consistent with an isolated UI icon. | In the RST it is referenced as |image2| in step 9 of the Procedure, where the user clicks it in the upper right corner to set Start Date and End Date for log collection. | An edit/pencil icon is a plausible control for opening a parameter-setting dialog. | The icon is clearly visible and aligns with the described click action.","The surrounding log-download page UI is not shown, so the exact dialog opened by the pencil icon cannot be confirmed. | No label or tooltip is visible to confirm the icon's purpose."
umn/source/mrs_manager_operation_guide_applicable_to_3.x/alarm_reference_applicable_to_mrs_3.x/alm-45635_flinkserver_job_execution_failure.rst,ALM-45635 FlinkServer Job Execution Failure,en-us_image_0000001583127393.png,screenshot,pass,1.00,"Image shows a Yarn ResourceManager WebUI table with columns ID, User, Name, Application Type, Queue | A red box highlights the application ID 'application_1_..._1_0009' matching the RST caption 'Application ID of a job' | Application Type column shows 'Apache Flink', consistent with the FlinkServer job context | Directly corresponds to step 3 of the procedure where the user locates the failed job and records its application ID",
umn/source/mrs_manager_operation_guide_applicable_to_3.x/alarm_reference_applicable_to_mrs_3.x/alm-45635_flinkserver_job_execution_failure.rst,ALM-45635 FlinkServer Job Execution Failure,en-us_image_0000001582807701.png,screenshot,pass,1.00,"Image shows a table with columns Attempt ID, Started, Node, Logs | A red box highlights the 'Logs' link in the Logs column, matching the RST caption 'Clicking Logs' | The Attempt ID value 'appattempt_1_..._0009_000001' is visible | Directly corresponds to step 4a where the user clicks Logs to view JobManager logs",
umn/source/mrs_manager_operation_guide_applicable_to_3.x/alarm_reference_applicable_to_mrs_3.x/alm-45635_flinkserver_job_execution_failure.rst,ALM-45635 FlinkServer Job Execution Failure,en-us_image_0000001583127389.png,screenshot,pass,1.00,"Image shows a table with columns Attempt ID, Started, Node, Logs | A red box highlights the Attempt ID value 'appattempt_1_..._1_0009_000001', matching the RST caption 'Clicking the ID in the Attempt ID column' | The table structure is consistent with the Yarn job page described in the procedure | Directly corresponds to step 4b where the user clicks the ID in the Attempt ID column",
umn/source/mrs_manager_operation_guide_applicable_to_3.x/alarm_reference_applicable_to_mrs_3.x/alm-45635_flinkserver_job_execution_failure.rst,ALM-45635 FlinkServer Job Execution Failure,en-us_image_0000001532927426.png,screenshot,pass,1.00,"Image shows a table with columns Container ID, Node, Container Exit Status, Logs | A red box highlights the 'Logs' link in the Logs column, matching the RST caption 'Clicking Logs' | Two container entries are visible with container IDs starting with 'container_..._0009_01_000002' and 'container_..._0009_01_000001' | Directly corresponds to step 4b where the user clicks Logs to view TaskManager logs after clicking the Attempt ID",
umn/source/mrs_manager_operation_guide_applicable_to_3.x/alarm_reference_applicable_to_mrs_3.x/alm-45636_flink_job_checkpoints_keep_failing.rst,ALM-45636 Flink Job Checkpoints Keep Failing,en-us_image_0000001583127445.png,screenshot,pass,1.00,"Image shows a Yarn ResourceManager WebUI table with columns ID, User, Name, Application Type, Queue | A red box highlights the application ID 'application_1_..._1_0009' matching the RST caption 'Application ID of a job' | Application Type column shows 'Apache Flink', consistent with the Flink job context | Directly corresponds to step 3 of the procedure where the user locates the failed job and records the application ID",
umn/source/mrs_manager_operation_guide_applicable_to_3.x/alarm_reference_applicable_to_mrs_3.x/alm-45636_flink_job_checkpoints_keep_failing.rst,ALM-45636 Flink Job Checkpoints Keep Failing,en-us_image_0000001532448322.png,screenshot,pass,1.00,"Image shows a table with Attempt ID, Started, Node, and Logs columns | A red box highlights the 'Logs' link in the Logs column, matching the RST caption 'Clicking Logs' | The Attempt ID 'appattempt_1_..._0009_000001' is visible, consistent with the job context | Directly corresponds to step 4a where the user clicks Logs to view JobManager logs",
umn/source/mrs_manager_operation_guide_applicable_to_3.x/alarm_reference_applicable_to_mrs_3.x/alm-45636_flink_job_checkpoints_keep_failing.rst,ALM-45636 Flink Job Checkpoints Keep Failing,en-us_image_0000001582807753.png,screenshot,pass,1.00,"Image shows a table with Attempt ID, Started, Node, and Logs columns | A red box highlights the Attempt ID 'appattempt_1_..._0009_000001', matching the RST caption 'Clicking the ID in the Attempt ID column' | The highlighted ID is a clickable link, consistent with the instruction to click it | Directly corresponds to step 4b where the user clicks the ID in the Attempt ID column to view TaskManager logs",
umn/source/mrs_manager_operation_guide_applicable_to_3.x/alarm_reference_applicable_to_mrs_3.x/alm-45636_flink_job_checkpoints_keep_failing.rst,ALM-45636 Flink Job Checkpoints Keep Failing,en-us_image_0000001532767546.png,screenshot,pass,1.00,"Image shows a table with Container ID, Node, Container Exit Status, and Logs columns | A red box highlights the 'Logs' link in the Logs column, matching the RST caption 'Clicking Logs' | Two container entries are visible with container IDs, consistent with TaskManager log viewing | Directly corresponds to step 4b where the user clicks Logs to view TaskManager logs after clicking the Attempt ID",
umn/source/mrs_manager_operation_guide_applicable_to_3.x/alarm_reference_applicable_to_mrs_3.x/alm-45636_flinkserver_job_checkpoints_keep_failing.rst,ALM-45636 FlinkServer Job Checkpoints Keep Failing,en-us_image_0000001583127393.png,screenshot,pass,1.00,"Image shows a Yarn ResourceManager WebUI table with columns ID, User, Name, Application Type, Queue, matching the RST step 3 description. | The application ID 'application_1..._0009' is highlighted with a red box, consistent with the instruction to 'search for and record the application ID of the failed job'. | Application Type column shows 'Apache Flink', confirming this is a FlinkServer job as described in the alarm context. | Caption 'Figure 1 Application ID of a job' matches the visual content exactly.",
umn/source/mrs_manager_operation_guide_applicable_to_3.x/alarm_reference_applicable_to_mrs_3.x/alm-45636_flinkserver_job_checkpoints_keep_failing.rst,ALM-45636 FlinkServer Job Checkpoints Keep Failing,en-us_image_0000001582807701.png,screenshot,pass,1.00,"Image shows a table with Attempt ID, Started, Node, and Logs columns, matching the job page described in step 4a. | The 'Logs' link is highlighted with a red box, consistent with the instruction 'Click Logs in the Logs column to view JobManager logs'. | The Attempt ID 'appattempt_1..._0009_000001' and timestamp are visible, providing context for the job. | Caption 'Figure 2 Clicking Logs' matches the visual content.",
umn/source/mrs_manager_operation_guide_applicable_to_3.x/alarm_reference_applicable_to_mrs_3.x/alm-45636_flinkserver_job_checkpoints_keep_failing.rst,ALM-45636 FlinkServer Job Checkpoints Keep Failing,en-us_image_0000001583127389.png,screenshot,pass,1.00,"Image shows the same table structure as Figure 2 with Attempt ID, Started, Node, Logs columns. | The Attempt ID 'appattempt_1..._0009_000001' is highlighted with a red box, matching the instruction 'Click the ID in the Attempt ID column'. | This is the first part of step 4b before clicking the ID to navigate to the TaskManager page. | Caption 'Figure 3 Clicking the ID in the Attempt ID column' matches the visual content.",
umn/source/mrs_manager_operation_guide_applicable_to_3.x/alarm_reference_applicable_to_mrs_3.x/alm-45636_flinkserver_job_checkpoints_keep_failing.rst,ALM-45636 FlinkServer Job Checkpoints Keep Failing,en-us_image_0000001532927426.png,screenshot,pass,1.00,"Image shows a table with Container ID, Node, Container Exit Status, and Logs columns, matching the TaskManager page described in step 4b. | The 'Logs' link in the second row is highlighted with a red box, consistent with 'click Logs in the Logs column to view TaskManager logs'. | Two container entries are visible, showing the TaskManager container list. | Caption 'Figure 4 Clicking Logs' matches the visual content of clicking the Logs link for TaskManager.",
umn/source/mrs_manager_operation_guide_applicable_to_3.x/alarm_reference_applicable_to_mrs_3.x/alm-45637_flinkserver_task_is_continuously_under_back_pressure.rst,ALM-45637 FlinkServer Task Is Continuously Under Back Pressure,en-us_image_0000001583127393.png,screenshot,pass,0.88,"Image shows a Yarn ResourceManager WebUI table with an application ID (application_1_..._1_0009) highlighted in a red box, matching Figure 1 caption 'Application ID of a job'. | The Application Type column shows 'Apache Flink', consistent with the FlinkServer context of the alarm. | The RST step 3 mentions locating the job by 'Location' column, but the image shows the 'ID' column highlighted; the column name differs slightly from the RST text. | The image clearly demonstrates recording the application ID as described in the procedure.","The RST references a 'Location' column for the job name, but the visible columns are ID, User, Name, Application Type, Queue; no 'Location' column is visible. | The job name in the Name column is partially redacted, making it hard to confirm it matches a specific failed job."
umn/source/mrs_manager_operation_guide_applicable_to_3.x/alarm_reference_applicable_to_mrs_3.x/alm-45637_flinkserver_task_is_continuously_under_back_pressure.rst,ALM-45637 FlinkServer Task Is Continuously Under Back Pressure,en-us_image_0000001582807701.png,screenshot,pass,1.00,"Image shows a table with Attempt ID, Started, Node, and Logs columns, with the 'Logs' link highlighted in a red box, matching Figure 2 caption 'Clicking Logs'. | The RST step 4a instructs to 'Click Logs in the Logs column to view JobManager logs', which is exactly what the image illustrates. | The Attempt ID shown (appattempt_1_..._0009_000001) is consistent with the application ID from Figure 1. | No contradictions between the image content and the RST description.","The Node column URL is partially redacted, but this does not affect the instructional purpose of the image."
umn/source/mrs_manager_operation_guide_applicable_to_3.x/alarm_reference_applicable_to_mrs_3.x/alm-45637_flinkserver_task_is_continuously_under_back_pressure.rst,ALM-45637 FlinkServer Task Is Continuously Under Back Pressure,en-us_image_0000001583127389.png,screenshot,pass,1.00,"Image shows a table with the Attempt ID 'appattempt_1_..._0009_000001' highlighted in a red box, matching Figure 3 caption 'Clicking the ID in the Attempt ID column'. | The RST step 4b instructs to 'Click the ID in the Attempt ID column', which is exactly what the image illustrates. | The table structure (Attempt ID, Started, Node, Logs) is consistent with the Yarn job page described in the RST. | No contradictions between the image and the RST text.","The Node column URL is partially redacted, but this does not affect the instructional purpose."
umn/source/mrs_manager_operation_guide_applicable_to_3.x/alarm_reference_applicable_to_mrs_3.x/alm-45637_flinkserver_task_is_continuously_under_back_pressure.rst,ALM-45637 FlinkServer Task Is Continuously Under Back Pressure,en-us_image_0000001532927426.png,screenshot,pass,1.00,"Image shows a table with Container ID, Node, Container Exit Status, and Logs columns, with the 'Logs' link in the first row highlighted in a red box, matching Figure 4 caption 'Clicking Logs'. | The RST step 4b instructs to 'click Logs in the Logs column to view TaskManager logs', which is exactly what the image illustrates. | Two container entries are visible (container_..._0009_01_000002 and container_..._0009_01_000001), consistent with TaskManager containers. | No contradictions between the image and the RST text.","The Node column URLs are partially redacted, but this does not affect the instructional purpose of the image."
umn/source/mrs_manager_operation_guide_applicable_to_3.x/alarm_reference_applicable_to_mrs_3.x/alm-45638_number_of_restarts_after_flink_job_failures_exceeds_the_threshold.rst,ALM-45638 Number of Restarts After Flink Job Failures Exceeds the Threshold,en-us_image_0000001532767354.png,screenshot,pass,1.00,"Image shows a Yarn ResourceManager WebUI table with columns ID, User, Name, Application Type, Queue. | The application ID 'application_1..._0009' is highlighted with a red box, matching the RST instruction to 'record the application ID of the failed job'. | Application Type column shows 'Apache Flink', confirming this is a Flink job as described in the alarm context. | Figure caption in RST is 'Application ID of a job' which matches the content exactly.",
umn/source/mrs_manager_operation_guide_applicable_to_3.x/alarm_reference_applicable_to_mrs_3.x/alm-45638_number_of_restarts_after_flink_job_failures_exceeds_the_threshold.rst,ALM-45638 Number of Restarts After Flink Job Failures Exceeds the Threshold,en-us_image_0000001532927290.png,screenshot,pass,1.00,"Image shows a table with Attempt ID, Started, Node, and Logs columns, consistent with the Yarn job page for JobManager. | The 'Logs' link in the Logs column is highlighted with a red box, matching the RST instruction 'Click Logs in the Logs column to view JobManager logs'. | Figure caption in RST is 'Clicking Logs' which matches the highlighted element. | The Attempt ID format 'appattempt_1..._0009_000001' is consistent with a Flink application attempt.",
umn/source/mrs_manager_operation_guide_applicable_to_3.x/alarm_reference_applicable_to_mrs_3.x/alm-45638_number_of_restarts_after_flink_job_failures_exceeds_the_threshold.rst,ALM-45638 Number of Restarts After Flink Job Failures Exceeds the Threshold,en-us_image_0000001532607622.png,screenshot,pass,1.00,Image shows the same table structure as Figure 2 but with the Attempt ID 'appattempt_1..._0009_000001' highlighted with a red box. | This matches the RST instruction 'Click the ID in the Attempt ID column' for viewing TaskManager logs. | Figure caption in RST is 'Clicking the ID in the Attempt ID column' which matches the highlighted element exactly. | The Started timestamp and Node URL are consistent with a Yarn job attempt page.,
umn/source/mrs_manager_operation_guide_applicable_to_3.x/alarm_reference_applicable_to_mrs_3.x/alm-45638_number_of_restarts_after_flink_job_failures_exceeds_the_threshold.rst,ALM-45638 Number of Restarts After Flink Job Failures Exceeds the Threshold,en-us_image_0000001583087273.png,screenshot,pass,1.00,"Image shows a container-level table with Container ID, Node, Container Exit Status, and Logs columns. | Two container entries are visible (container_..._0009_01_000002 and container_..._0009_01_000001), representing TaskManager containers. | The 'Logs' link is highlighted with a red box on the first row, matching the RST instruction to 'click Logs in the Logs column to view TaskManager logs'. | Figure caption in RST is 'Clicking Logs' which matches the highlighted element. | The container ID format is consistent with Yarn container identifiers for a Flink application.",
umn/source/mrs_manager_operation_guide_applicable_to_3.x/alarm_reference_applicable_to_mrs_3.x/alm-45638_number_of_restarts_after_flinkserver_job_failures_exceeds_the_threshold.rst,ALM-45638 Number of Restarts After FlinkServer Job Failures Exceeds the Threshold,en-us_image_0000001583127393.png,screenshot,pass,1.00,"Image shows a Yarn ResourceManager WebUI table with columns ID, User, Name, Application Type, Queue | A red box highlights the application ID 'application_1_..._1_0009' matching the RST caption 'Application ID of a job' | Application Type column shows 'Apache Flink', consistent with the FlinkServer context | Directly corresponds to step 3 of the procedure where the user locates the failed job and records the application ID",
umn/source/mrs_manager_operation_guide_applicable_to_3.x/alarm_reference_applicable_to_mrs_3.x/alm-45638_number_of_restarts_after_flinkserver_job_failures_exceeds_the_threshold.rst,ALM-45638 Number of Restarts After FlinkServer Job Failures Exceeds the Threshold,en-us_image_0000001582807701.png,screenshot,pass,1.00,"Image shows a table with Attempt ID, Started, Node, and Logs columns | A red box highlights the 'Logs' link in the Logs column, matching the RST caption 'Clicking Logs' | Corresponds to step 4a where the user clicks Logs to view JobManager logs | The table structure and highlighted element are consistent with the RST description",
umn/source/mrs_manager_operation_guide_applicable_to_3.x/alarm_reference_applicable_to_mrs_3.x/alm-45638_number_of_restarts_after_flinkserver_job_failures_exceeds_the_threshold.rst,ALM-45638 Number of Restarts After FlinkServer Job Failures Exceeds the Threshold,en-us_image_0000001583127389.png,screenshot,pass,1.00,"Image shows a table with Attempt ID, Started, Node, and Logs columns | A red box highlights the Attempt ID value 'appattempt_1_..._1_0009_000001', matching the RST caption 'Clicking the ID in the Attempt ID column' | Corresponds to step 4b where the user clicks the ID in the Attempt ID column | The highlighted element and table structure are consistent with the RST description",
umn/source/mrs_manager_operation_guide_applicable_to_3.x/alarm_reference_applicable_to_mrs_3.x/alm-45638_number_of_restarts_after_flinkserver_job_failures_exceeds_the_threshold.rst,ALM-45638 Number of Restarts After FlinkServer Job Failures Exceeds the Threshold,en-us_image_0000001532927426.png,screenshot,pass,1.00,"Image shows a table with Container ID, Node, Container Exit Status, and Logs columns | A red box highlights the 'Logs' link in the Logs column, matching the RST caption 'Clicking Logs' | Corresponds to step 4b where the user clicks Logs to view TaskManager logs after clicking the Attempt ID | Two container entries are visible, consistent with TaskManager log viewing context",
umn/source/mrs_manager_operation_guide_applicable_to_3.x/alarm_reference_applicable_to_mrs_3.x/alm-45639_checkpointing_of_a_flink_job_times_out.rst,ALM-45639 Checkpointing of a Flink Job Times Out,en-us_image_0000001532448466.png,screenshot,pass,1.00,"Image shows a Yarn table with an ID column whose value begins with 'application_', matching Figure 1 'Application ID of a job'. | The red box highlights the application ID, consistent with step 4 instructing to record the application ID of the job. | Columns (ID, User, QueueUser, Name) are consistent with the Yarn ResourceManager WebUI described in the procedure.","The full application ID value is partially obscured/redacted, but the 'application_' prefix is visible."
umn/source/mrs_manager_operation_guide_applicable_to_3.x/alarm_reference_applicable_to_mrs_3.x/alm-45639_checkpointing_of_a_flink_job_times_out.rst,ALM-45639 Checkpointing of a Flink Job Times Out,en-us_image_0000001583127589.png,screenshot,pass,1.00,"Image shows a table with Attempt ID, Started, Node, and Logs columns, matching the job page context. | The red box highlights the 'Logs' link in the Logs column, consistent with Figure 2 'Clicking Logs' and step 5a (view JobManager logs). | The visible 'Logs' hyperlink is an interactive control.","The Node URL is partially redacted, but the Logs link is clearly visible."
umn/source/mrs_manager_operation_guide_applicable_to_3.x/alarm_reference_applicable_to_mrs_3.x/alm-45639_checkpointing_of_a_flink_job_times_out.rst,ALM-45639 Checkpointing of a Flink Job Times Out,en-us_image_0000001582927845.png,screenshot,pass,1.00,"Image shows a table with an Attempt ID column whose value (appattempt_..._0009_000001) is highlighted by a red box, matching Figure 3 'Clicking the ID in the Attempt ID column'. | This aligns with step 5b instructing to click the ID in the Attempt ID column to view TaskManager logs. | A 'Logs' hyperlink is present in the row, an interactive control.","Part of the Attempt ID value is redacted, but the highlighted ID cell is clearly shown."
umn/source/mrs_manager_operation_guide_applicable_to_3.x/alarm_reference_applicable_to_mrs_3.x/alm-45639_checkpointing_of_a_flink_job_times_out.rst,ALM-45639 Checkpointing of a Flink Job Times Out,en-us_image_0000001583087613.png,screenshot,pass,1.00,"Image shows a table with Container ID, Node, Container Exit Status, and Logs columns, matching the TaskManager/container log view. | The red box highlights the 'Logs' link, consistent with Figure 4 'Clicking Logs' and step 5b (view TaskManager logs). | The 'Logs' hyperlink is an interactive control.","Container ID and Node values are partially redacted, but the highlighted Logs link is clearly visible."
umn/source/mrs_manager_operation_guide_applicable_to_3.x/alarm_reference_applicable_to_mrs_3.x/alm-45640_flinkserver_heartbeat_interruption_between_the_active_and_standby_nodes.rst,ALM-45640 FlinkServer Heartbeat Interruption Between the Active and Standby Nodes,en-us_image_0000001583127285.png,icon,partial,0.77,"The image is a small pencil/edit pictogram, an isolated UI symbol, so it is classified as an icon. | In the RST it is referenced as |image1| in step 15 of the Procedure, where the user clicks it to set Start Date and End Date for log collection. | A pencil/edit icon is semantically consistent with the action of editing/setting date parameters in the log download dialog. | The icon is generic and not specific to the FlinkServer heartbeat alarm topic, so topic match is moderate. | No contradiction between the icon and the surrounding text.","The image shows only the icon without surrounding UI context, so the exact button label or dialog it belongs to is not visible. | No text or tooltip in the image confirms it is the date-range edit control."
umn/source/mrs_manager_operation_guide_applicable_to_3.x/alarm_reference_applicable_to_mrs_3.x/alm-45641_data_synchronization_exception_between_the_active_and_standby_flinkserver_nodes.rst,ALM-45641 Data Synchronization Exception Between the Active and Standby FlinkServer Nodes,en-us_image_0000001532767430.png,screenshot,pass,1.00,"The image shows terminal log output with timestamps (2021-03-22 14:03:35) containing INFO, NOTICE, and ERROR entries related to FlinkServer synchronization tasks. | The log explicitly shows 'open sync failed: /opt/Bigdata/apache-tomcat-7.0.78/conf/security/tomcat.conf. Permission denied', which directly matches the RST statement that 'the directory permission is required'. | The image is referenced as |image1| in step 12b of the Procedure, where the RST instructs to check error information in the HA run log file. | The error messages (Create_Travel_Frame_Open, ImigrateListFail, SendTask_Failed, TaskEnd_Failed) are consistent with a synchronization failure scenario described in the alarm. | The log format and content align with the described FlinkServer HA run log path (/var/log/Bigdata/flink/flinkserver/ha/runlog).",The image does not show the full file name or path of the log file being viewed. | The terminal prompt or command used to display the log is not visible.
umn/source/mrs_manager_operation_guide_applicable_to_3.x/alarm_reference_applicable_to_mrs_3.x/alm-45641_data_synchronization_exception_between_the_active_and_standby_flinkserver_nodes.rst,ALM-45641 Data Synchronization Exception Between the Active and Standby FlinkServer Nodes,en-us_image_0000001583127333.png,icon,partial,0.77,"The image is a small pencil/edit icon, a standard UI symbol for configuring or editing parameters. | The RST references |image2| in step 17 as a button to click in the upper right corner to set Start Date and End Date for log collection. | A pencil icon is a common representation for an edit/configure action in UI interfaces, which is semantically consistent with setting date parameters. | The icon is isolated and small, consistent with a UI button symbol rather than a full screenshot.","The icon does not show any surrounding UI context (e.g., the log collection dialog or date fields) that would confirm its exact placement. | No label or tooltip is visible to confirm the specific function (date range configuration)."
umn/source/mrs_manager_operation_guide_applicable_to_3.x/alarm_reference_applicable_to_mrs_3.x/alm-45642_rocksdb_continuously_triggers_write_traffic_limiting.rst,ALM-45642 RocksDB Continuously Triggers Write Traffic Limiting,en-us_image_0000001971808406.png,screenshot,pass,1.00,"Image shows a Yarn UI table with columns ID, User, QueueUser, Name, matching Figure 1 'Application ID of a job' | The red box highlights the 'application_' prefix in the ID column, consistent with step 15 instructing to record the application ID | The table structure and content align with the Yarn ResourceManager WebUI described in the handling procedure | No contradictions between the image content and the RST description",The full application ID value is partially obscured/redacted in the image
umn/source/mrs_manager_operation_guide_applicable_to_3.x/alarm_reference_applicable_to_mrs_3.x/alm-45642_rocksdb_continuously_triggers_write_traffic_limiting.rst,ALM-45642 RocksDB Continuously Triggers Write Traffic Limiting,en-us_image_0000002008248417.png,screenshot,pass,1.00,"Image shows a table with Attempt ID, Started, Node, and Logs columns, matching Figure 2 'Clicking Logs' | The red box highlights the 'Logs' link in the Logs column, consistent with step 16a instructing to click Logs to view JobManager logs | The Attempt ID format (appattempt_1..._0009_000001) is consistent with Yarn application attempt identifiers | No contradictions between the image and the RST handling procedure",The full Attempt ID value is partially redacted
umn/source/mrs_manager_operation_guide_applicable_to_3.x/alarm_reference_applicable_to_mrs_3.x/alm-45642_rocksdb_continuously_triggers_write_traffic_limiting.rst,ALM-45642 RocksDB Continuously Triggers Write Traffic Limiting,en-us_image_0000001971648670.png,screenshot,pass,1.00,"Image shows a table with Attempt ID, Started, Node, and Logs columns, matching Figure 3 'Clicking the ID in the Attempt ID column' | The red box highlights the Attempt ID value (appattempt_1..._0009_000001), consistent with step 16b instructing to click the ID in the Attempt ID column | The table structure is consistent with the Yarn UI described in the handling procedure | No contradictions between the image and the RST description",The full Attempt ID value is partially redacted
umn/source/mrs_manager_operation_guide_applicable_to_3.x/alarm_reference_applicable_to_mrs_3.x/alm-45642_rocksdb_continuously_triggers_write_traffic_limiting.rst,ALM-45642 RocksDB Continuously Triggers Write Traffic Limiting,en-us_image_0000002008128989.png,screenshot,pass,1.00,"Image shows a table with Container ID, Node, Container Exit Status, and Logs columns, matching Figure 4 'Clicking Logs' | The red box highlights the 'Logs' link, consistent with step 16b instructing to click Logs to view and save TaskManager logs | Two container entries are visible (container_..._0009_01_000002 and container_..._0009_01_000001), consistent with TaskManager containers | No contradictions between the image and the RST handling procedure",The full Container ID values are partially redacted
umn/source/mrs_manager_operation_guide_applicable_to_3.x/alarm_reference_applicable_to_mrs_3.x/alm-45643_memtable_size_of_rocksdb_continuously_exceeds_the_threshold.rst,ALM-45643 MemTable Size of RocksDB Continuously Exceeds the Threshold,en-us_image_0000001971808442.png,screenshot,pass,1.00,"Image is a Yarn ResourceManager WebUI table with ID, User, QueueUser, Name columns, matching Figure 1 'Application ID of a job'. | A red box highlights the 'application_' value in the ID column, consistent with the RST step to record the application ID of the job. | The screenshot aligns with the Handling Procedure step 4 about locating the abnormal task and recording the application ID.","The full application ID value is partially obscured/redacted, so the exact ID cannot be verified."
umn/source/mrs_manager_operation_guide_applicable_to_3.x/alarm_reference_applicable_to_mrs_3.x/alm-45643_memtable_size_of_rocksdb_continuously_exceeds_the_threshold.rst,ALM-45643 MemTable Size of RocksDB Continuously Exceeds the Threshold,en-us_image_0000002008248449.png,screenshot,pass,1.00,"Image shows a Yarn table with Attempt ID, Started, Node, Logs columns, matching Figure 2 'Clicking Logs'. | A red box highlights the 'Logs' link, consistent with RST step 5a to click Logs to view JobManager logs. | The visible 'Logs' link is an interactive control relevant to the procedure.",The Attempt ID and Node URL values are partially redacted.
umn/source/mrs_manager_operation_guide_applicable_to_3.x/alarm_reference_applicable_to_mrs_3.x/alm-45643_memtable_size_of_rocksdb_continuously_exceeds_the_threshold.rst,ALM-45643 MemTable Size of RocksDB Continuously Exceeds the Threshold,en-us_image_0000001971648702.png,screenshot,pass,1.00,"Image shows a Yarn table with Attempt ID, Started, Node, Logs columns, matching Figure 3 'Clicking the ID in the Attempt ID column'. | A red box highlights the Attempt ID value, consistent with RST step 5b to click the ID in the Attempt ID column. | The 'Logs' link is also visible as an interactive control.",The full Attempt ID value is partially redacted.
umn/source/mrs_manager_operation_guide_applicable_to_3.x/alarm_reference_applicable_to_mrs_3.x/alm-45643_memtable_size_of_rocksdb_continuously_exceeds_the_threshold.rst,ALM-45643 MemTable Size of RocksDB Continuously Exceeds the Threshold,en-us_image_0000002008129021.png,screenshot,pass,1.00,"Image shows a Yarn container table with Container ID, Node, Container Exit Status, Logs columns, matching Figure 4 'Clicking Logs'. | A red box highlights the 'Logs' link, consistent with RST step 5b to click Logs to view and save TaskManager logs. | The visible 'Logs' link is an interactive control relevant to the procedure.",The Container ID and Node URL values are partially redacted.
umn/source/mrs_manager_operation_guide_applicable_to_3.x/alarm_reference_applicable_to_mrs_3.x/alm-45644_number_of_sst_files_at_level_0_of_rocksdb_continuously_exceeds_the_threshold.rst,ALM-45644 Number of SST Files at Level 0 of RocksDB Continuously Exceeds the Threshold,en-us_image_0000001971808474.png,screenshot,pass,1.00,"Image shows a Yarn ResourceManager WebUI table with ID, User, QueueUser, Name columns, matching Figure 1 'Application ID of a job'. | A red box highlights the application_... ID in the ID column, consistent with step 11 about recording the application ID. | The screenshot directly supports the Handling Procedure step of locating the job's application ID.",The full application ID value is partially obscured/redacted in the highlighted cell.
umn/source/mrs_manager_operation_guide_applicable_to_3.x/alarm_reference_applicable_to_mrs_3.x/alm-45644_number_of_sst_files_at_level_0_of_rocksdb_continuously_exceeds_the_threshold.rst,ALM-45644 Number of SST Files at Level 0 of RocksDB Continuously Exceeds the Threshold,en-us_image_0000002008248489.png,screenshot,pass,1.00,"Image shows a table with Attempt ID, Started, Node, Logs columns, matching Figure 2 'Clicking Logs'. | A red box highlights the 'Logs' link, consistent with step 12a about clicking Logs to view JobManager logs. | The screenshot supports the procedure for viewing logs on the Yarn page.",The Node URL is partially obscured in the image.
umn/source/mrs_manager_operation_guide_applicable_to_3.x/alarm_reference_applicable_to_mrs_3.x/alm-45644_number_of_sst_files_at_level_0_of_rocksdb_continuously_exceeds_the_threshold.rst,ALM-45644 Number of SST Files at Level 0 of RocksDB Continuously Exceeds the Threshold,en-us_image_0000001971648738.png,screenshot,pass,1.00,"Image shows a table with Attempt ID, Started, Node, Logs columns, matching Figure 3 'Clicking the ID in the Attempt ID column'. | A red box highlights the appattempt_... ID in the Attempt ID column, consistent with step 12b about clicking the ID in the Attempt ID column. | The screenshot supports the procedure for navigating to TaskManager logs.",The full Attempt ID value is partially obscured in the highlighted cell.
umn/source/mrs_manager_operation_guide_applicable_to_3.x/alarm_reference_applicable_to_mrs_3.x/alm-45644_number_of_sst_files_at_level_0_of_rocksdb_continuously_exceeds_the_threshold.rst,ALM-45644 Number of SST Files at Level 0 of RocksDB Continuously Exceeds the Threshold,en-us_image_0000002008129057.png,screenshot,pass,1.00,"Image shows a table with Container ID, Node, Container Exit Status, Logs columns, matching Figure 4 'Clicking Logs'. | A red box highlights the 'Logs' link, consistent with step 12b about clicking Logs to view and save TaskManager logs. | The screenshot supports the procedure for accessing TaskManager logs.",The Node URLs are partially obscured in the image.
umn/source/mrs_manager_operation_guide_applicable_to_3.x/alarm_reference_applicable_to_mrs_3.x/alm-45645_pending_flush_size_of_rocksdb_continuously_exceeds_the_threshold.rst,ALM-45645 Pending Flush Size of RocksDB Continuously Exceeds the Threshold,en-us_image_0000001971808510.png,screenshot,pass,1.00,"Image is a Yarn ResourceManager WebUI table with ID, User, QueueUser, Name columns, matching Figure 1 'Application ID of a job'. | A red box highlights the 'application_' value in the ID column, consistent with step 4 instructing to record the application ID of the job. | The screenshot shows a real UI page with a clickable ID field, supporting the handling procedure.","The full application ID value is partially obscured/redacted, so the exact ID cannot be read."
umn/source/mrs_manager_operation_guide_applicable_to_3.x/alarm_reference_applicable_to_mrs_3.x/alm-45645_pending_flush_size_of_rocksdb_continuously_exceeds_the_threshold.rst,ALM-45645 Pending Flush Size of RocksDB Continuously Exceeds the Threshold,en-us_image_0000002008248521.png,screenshot,pass,1.00,"Image shows a Yarn attempt table with Attempt ID, Started, Node, Logs columns, matching Figure 2 'Clicking Logs'. | A red box highlights the 'Logs' link, consistent with step 5a instructing to click Logs to view logs. | The screenshot is a UI page with a clickable Logs control, supporting the procedure.","The node URL and attempt ID are partially redacted, so exact values are not readable."
umn/source/mrs_manager_operation_guide_applicable_to_3.x/alarm_reference_applicable_to_mrs_3.x/alm-45645_pending_flush_size_of_rocksdb_continuously_exceeds_the_threshold.rst,ALM-45645 Pending Flush Size of RocksDB Continuously Exceeds the Threshold,en-us_image_0000001971648770.png,screenshot,pass,1.00,"Image shows a Yarn attempt table with Attempt ID, Started, Node, Logs columns, matching Figure 3 'Clicking the ID in the Attempt ID column'. | A red box highlights the Attempt ID value, consistent with step 5b instructing to click the ID in the Attempt ID column. | The screenshot is a UI page with a clickable Attempt ID, supporting the procedure.","The full Attempt ID and node URL are partially redacted, so exact values are not readable."
umn/source/mrs_manager_operation_guide_applicable_to_3.x/alarm_reference_applicable_to_mrs_3.x/alm-45645_pending_flush_size_of_rocksdb_continuously_exceeds_the_threshold.rst,ALM-45645 Pending Flush Size of RocksDB Continuously Exceeds the Threshold,en-us_image_0000002008129089.png,screenshot,pass,1.00,"Image shows a Yarn container table with Container ID, Node, Container Exit Status, Logs columns, matching Figure 4 'Clicking Logs'. | A red box highlights the 'Logs' link, consistent with step 5b instructing to click Logs to view and save TaskManager logs. | The screenshot is a UI page with a clickable Logs control, supporting the procedure.","The container IDs and node URLs are partially redacted, so exact values are not readable."
umn/source/mrs_manager_operation_guide_applicable_to_3.x/alarm_reference_applicable_to_mrs_3.x/alm-45646_pending_compaction_size_of_rocksdb_continuously_exceeds_the_threshold.rst,ALM-45646 Pending Compaction Size of RocksDB Continuously Exceeds the Threshold,en-us_image_0000001971808542.png,screenshot,pass,1.00,"Image is a Yarn ResourceManager WebUI table with ID, User, QueueUser, Name columns, matching Figure 1 'Application ID of a job'. | Red box highlights the 'application_' value in the ID column, consistent with step 4 instructing to record the application ID. | Directly supports the handling procedure step of locating the abnormal task and recording its application ID.","The full application ID value is partially obscured/redacted, but the highlighted prefix 'application_' is visible."
umn/source/mrs_manager_operation_guide_applicable_to_3.x/alarm_reference_applicable_to_mrs_3.x/alm-45646_pending_compaction_size_of_rocksdb_continuously_exceeds_the_threshold.rst,ALM-45646 Pending Compaction Size of RocksDB Continuously Exceeds the Threshold,en-us_image_0000002008248553.png,screenshot,pass,1.00,"Image shows a table with Attempt ID, Started, Node, Logs columns, matching Figure 2 'Clicking Logs'. | Red box highlights the 'Logs' link in the Logs column, consistent with step 5a 'Click Logs in the Logs column to view JobManager logs'. | Supports the procedure of viewing JobManager logs on the job page.","The Node URL is partially redacted, but the highlighted Logs control is clearly visible."
umn/source/mrs_manager_operation_guide_applicable_to_3.x/alarm_reference_applicable_to_mrs_3.x/alm-45646_pending_compaction_size_of_rocksdb_continuously_exceeds_the_threshold.rst,ALM-45646 Pending Compaction Size of RocksDB Continuously Exceeds the Threshold,en-us_image_0000001971648806.png,screenshot,pass,1.00,"Image shows a table with Attempt ID, Started, Node, Logs columns, matching Figure 3 'Clicking the ID in the Attempt ID column'. | Red box highlights the Attempt ID value (appattempt_..._0009_000001), consistent with step 5b 'Click the ID in the Attempt ID column'. | Supports the procedure of selecting the attempt to then view TaskManager logs.","The full Attempt ID string is partially redacted, but the highlighted ID cell is clearly visible."
umn/source/mrs_manager_operation_guide_applicable_to_3.x/alarm_reference_applicable_to_mrs_3.x/alm-45646_pending_compaction_size_of_rocksdb_continuously_exceeds_the_threshold.rst,ALM-45646 Pending Compaction Size of RocksDB Continuously Exceeds the Threshold,en-us_image_0000002008129121.png,screenshot,pass,1.00,"Image shows a table with Container ID, Node, Container Exit Status, Logs columns, matching Figure 4 'Clicking Logs'. | Red box highlights the 'Logs' link in the Logs column, consistent with step 5b 'click Logs in the Logs column to view and save TaskManager logs'. | Supports the procedure of viewing and saving TaskManager logs.","The Node URLs are partially redacted, but the highlighted Logs control is clearly visible."
umn/source/mrs_manager_operation_guide_applicable_to_3.x/alarm_reference_applicable_to_mrs_3.x/alm-45647_estimated_pending_compaction_size_of_rocksdb_continuously_exceeds_the_threshold.rst,ALM-45647 Estimated Pending Compaction Size of RocksDB Continuously Exceeds the Threshold,en-us_image_0000001971808574.png,screenshot,pass,1.00,"Image shows a Yarn ResourceManager WebUI table with ID, User, QueueUser, Name columns, matching Figure 1 'Application ID of a job'. | A red box highlights the 'application_' value in the ID column, consistent with step 4 instructing to record the application ID of the job. | The screenshot directly illustrates the handling procedure step for locating the abnormal task on the Yarn page.","The full application ID value is partially obscured/redacted, but the highlighted prefix is sufficient to identify the field."
umn/source/mrs_manager_operation_guide_applicable_to_3.x/alarm_reference_applicable_to_mrs_3.x/alm-45647_estimated_pending_compaction_size_of_rocksdb_continuously_exceeds_the_threshold.rst,ALM-45647 Estimated Pending Compaction Size of RocksDB Continuously Exceeds the Threshold,en-us_image_0000001971648822.png,screenshot,pass,1.00,"Image shows a Yarn job page table with Attempt ID, Started, Node, Logs columns, matching Figure 2 'Clicking Logs'. | A red box highlights the 'Logs' link in the Logs column, consistent with step 5a instructing to click Logs to view JobManager logs. | The screenshot illustrates the log-viewing action described in the handling procedure.","The actual log content is not shown, only the Logs link is highlighted."
umn/source/mrs_manager_operation_guide_applicable_to_3.x/alarm_reference_applicable_to_mrs_3.x/alm-45647_estimated_pending_compaction_size_of_rocksdb_continuously_exceeds_the_threshold.rst,ALM-45647 Estimated Pending Compaction Size of RocksDB Continuously Exceeds the Threshold,en-us_image_0000002008129137.png,screenshot,pass,1.00,"Image shows a Yarn job page table with Attempt ID, Started, Node, Logs columns, matching Figure 3 'Clicking the ID in the Attempt ID column'. | A red box highlights the Attempt ID value (appattempt_..._0009_000001), consistent with step 5b instructing to click the ID in the Attempt ID column. | The screenshot illustrates the action of selecting the attempt to access TaskManager logs.","The full Attempt ID is partially redacted, but the highlighted field is identifiable."
umn/source/mrs_manager_operation_guide_applicable_to_3.x/alarm_reference_applicable_to_mrs_3.x/alm-45647_estimated_pending_compaction_size_of_rocksdb_continuously_exceeds_the_threshold.rst,ALM-45647 Estimated Pending Compaction Size of RocksDB Continuously Exceeds the Threshold,en-us_image_0000001971808582.png,screenshot,pass,1.00,"Image shows a Yarn container page table with Container ID, Node, Container Exit Status, Logs columns, matching Figure 4 'Clicking Logs'. | A red box highlights the 'Logs' link in the Logs column, consistent with step 5b instructing to click Logs to view and save TaskManager logs. | The screenshot illustrates the final log-access action in the handling procedure.","The actual log content is not shown, only the Logs link is highlighted."
umn/source/mrs_manager_operation_guide_applicable_to_3.x/alarm_reference_applicable_to_mrs_3.x/alm-45648_rocksdb_frequently_encounters_write-stopped.rst,ALM-45648 RocksDB Frequently Encounters Write-Stopped,en-us_image_0000002008248585.png,screenshot,pass,1.00,"Image shows a Yarn ResourceManager table with ID, User, QueueUser, Name columns, matching Figure 1 'Application ID of a job' | The application_ prefix in the ID column is highlighted with a red box, consistent with step 15 instructing to record the application ID | The table layout and column headers are consistent with the Yarn native page described in the RST | No contradictions between the image content and the RST description","The full application ID value is partially obscured/redacted, but the prefix 'application_' is clearly visible"
umn/source/mrs_manager_operation_guide_applicable_to_3.x/alarm_reference_applicable_to_mrs_3.x/alm-45648_rocksdb_frequently_encounters_write-stopped.rst,ALM-45648 RocksDB Frequently Encounters Write-Stopped,en-us_image_0000001971648826.png,screenshot,pass,1.00,"Image shows a table with Attempt ID, Started, Node, Logs columns, matching Figure 2 'Clicking Logs' | The 'Logs' link is highlighted with a red box, consistent with step 16a instructing to click Logs to view JobManager logs | The Attempt ID format (appattempt_1..._0009_000001) is consistent with Yarn application attempt identifiers | No contradictions between the image and the RST handling procedure",The full Attempt ID value is partially redacted but the format is clearly visible
umn/source/mrs_manager_operation_guide_applicable_to_3.x/alarm_reference_applicable_to_mrs_3.x/alm-45648_rocksdb_frequently_encounters_write-stopped.rst,ALM-45648 RocksDB Frequently Encounters Write-Stopped,en-us_image_0000002008129141.png,screenshot,pass,1.00,"Image shows a table with Attempt ID, Started, Node, Logs columns, matching Figure 3 'Clicking the ID in the Attempt ID column' | The Attempt ID value (appattempt_1..._0009_000001) is highlighted with a red box, consistent with step 16b instructing to click the ID in the Attempt ID column | The table structure is consistent with the Yarn page described in the RST | No contradictions between the image and the RST handling procedure",The full Attempt ID value is partially redacted but the format and highlighting are clearly visible
umn/source/mrs_manager_operation_guide_applicable_to_3.x/alarm_reference_applicable_to_mrs_3.x/alm-45648_rocksdb_frequently_encounters_write-stopped.rst,ALM-45648 RocksDB Frequently Encounters Write-Stopped,en-us_image_0000001971808590.png,screenshot,pass,1.00,"Image shows a table with Container ID, Node, Container Exit Status, Logs columns, matching Figure 4 'Clicking Logs' | The 'Logs' link in the first row is highlighted with a red box, consistent with step 16b instructing to click Logs to view TaskManager logs | Two container entries are visible (container_..._0009_01_000002 and container_..._0009_01_000001), consistent with TaskManager containers | No contradictions between the image and the RST handling procedure",The full Container ID values are partially redacted but the format and the highlighted Logs link are clearly visible
umn/source/mrs_manager_operation_guide_applicable_to_3.x/alarm_reference_applicable_to_mrs_3.x/alm-45649_p95_latency_of_rocksdb_get_requests_continuously_exceeds_the_threshold.rst,ALM-45649 P95 Latency of RocksDB Get Requests Continuously Exceeds the Threshold,en-us_image_0000002008248597.png,screenshot,pass,1.00,"Image shows a Yarn web UI table with ID, User, QueueUser, Name columns, matching Figure 1 'Application ID of a job'. | A red box highlights the 'application_' prefix in the ID column, consistent with step 8 about recording the application ID of the job. | The screenshot aligns with the handling procedure section describing locating the abnormal task and recording the application ID.",The full application ID value is partially obscured/redacted in the image.
umn/source/mrs_manager_operation_guide_applicable_to_3.x/alarm_reference_applicable_to_mrs_3.x/alm-45649_p95_latency_of_rocksdb_get_requests_continuously_exceeds_the_threshold.rst,ALM-45649 P95 Latency of RocksDB Get Requests Continuously Exceeds the Threshold,en-us_image_0000001971648838.png,screenshot,pass,1.00,"Image shows a table with Attempt ID, Started, Node, Logs columns, matching Figure 2 'Clicking Logs'. | A red box highlights the 'Logs' link, consistent with step 9a about clicking Logs to view JobManager logs. | The screenshot aligns with the handling procedure for viewing JobManager logs.",The full Attempt ID and Node URL values are partially redacted.
umn/source/mrs_manager_operation_guide_applicable_to_3.x/alarm_reference_applicable_to_mrs_3.x/alm-45649_p95_latency_of_rocksdb_get_requests_continuously_exceeds_the_threshold.rst,ALM-45649 P95 Latency of RocksDB Get Requests Continuously Exceeds the Threshold,en-us_image_0000002008129145.png,screenshot,pass,1.00,"Image shows a table with Attempt ID, Started, Node, Logs columns, matching Figure 3 'Clicking the ID in the Attempt ID column'. | A red box highlights the Attempt ID value, consistent with step 9b about clicking the ID in the Attempt ID column. | The screenshot aligns with the handling procedure for navigating to TaskManager logs.",The full Attempt ID and Node URL values are partially redacted.
umn/source/mrs_manager_operation_guide_applicable_to_3.x/alarm_reference_applicable_to_mrs_3.x/alm-45649_p95_latency_of_rocksdb_get_requests_continuously_exceeds_the_threshold.rst,ALM-45649 P95 Latency of RocksDB Get Requests Continuously Exceeds the Threshold,en-us_image_0000001971808602.png,screenshot,pass,1.00,"Image shows a table with Container ID, Node, Container Exit Status, Logs columns, matching Figure 4 'Clicking Logs'. | A red box highlights the 'Logs' link, consistent with step 9b about clicking Logs to view and save TaskManager logs. | The screenshot aligns with the handling procedure for viewing TaskManager logs.",The full Container ID and Node URL values are partially redacted.
umn/source/mrs_manager_operation_guide_applicable_to_3.x/alarm_reference_applicable_to_mrs_3.x/alm-45650_p95_latency_of_rocksdb_write_requests_continuously_exceeds_the_threshold.rst,ALM-45650 P95 Latency of RocksDB Write Requests Continuously Exceeds the Threshold,en-us_image_0000002008248601.png,screenshot,pass,1.00,"Image is a Yarn web UI table with ID, User, QueueUser, Name columns, matching Figure 1 'Application ID of a job'. | A red box highlights the 'application_' value in the ID column, consistent with step 15 instructing to record the application ID. | Appears in the Handling Procedure section under 'Collect fault information', directly relevant to the alarm workflow.",The full application ID value is partially obscured/redacted in the screenshot.
umn/source/mrs_manager_operation_guide_applicable_to_3.x/alarm_reference_applicable_to_mrs_3.x/alm-45650_p95_latency_of_rocksdb_write_requests_continuously_exceeds_the_threshold.rst,ALM-45650 P95 Latency of RocksDB Write Requests Continuously Exceeds the Threshold,en-us_image_0000001971648850.png,screenshot,pass,1.00,"Image shows a table with Attempt ID, Started, Node, Logs columns, matching Figure 2 'Clicking Logs'. | A red box highlights the 'Logs' link, consistent with step 16a to click Logs to view JobManager logs. | Located in the Handling Procedure section, directly supporting the log-collection steps.",The Node URL is partially redacted in the screenshot.
umn/source/mrs_manager_operation_guide_applicable_to_3.x/alarm_reference_applicable_to_mrs_3.x/alm-45650_p95_latency_of_rocksdb_write_requests_continuously_exceeds_the_threshold.rst,ALM-45650 P95 Latency of RocksDB Write Requests Continuously Exceeds the Threshold,en-us_image_0000002008129157.png,screenshot,pass,1.00,"Image shows a table with Attempt ID, Started, Node, Logs columns, matching Figure 3 'Clicking the ID in the Attempt ID column'. | A red box highlights the Attempt ID value, consistent with step 16b to click the ID in the Attempt ID column. | Appears in the Handling Procedure section, supporting the TaskManager log retrieval steps.",The full Attempt ID value is partially redacted in the screenshot.
umn/source/mrs_manager_operation_guide_applicable_to_3.x/alarm_reference_applicable_to_mrs_3.x/alm-45650_p95_latency_of_rocksdb_write_requests_continuously_exceeds_the_threshold.rst,ALM-45650 P95 Latency of RocksDB Write Requests Continuously Exceeds the Threshold,en-us_image_0000001971808618.png,screenshot,pass,1.00,"Image shows a container table with Container ID, Node, Container Exit Status, Logs columns, matching Figure 4 'Clicking Logs'. | A red box highlights the 'Logs' link, consistent with step 16b to click Logs to view and save TaskManager logs. | Located in the Handling Procedure section, directly supporting the log-collection workflow.",The Node URLs and full Container IDs are partially redacted in the screenshot.
umn/source/mrs_manager_operation_guide_applicable_to_3.x/alarm_reference_applicable_to_mrs_3.x/alm-45652_flink_service_unavailable.rst,ALM-45652 Flink Service Unavailable,en-us_image_0000002008248613.png,icon,pass,0.83,"The image is a small pencil/edit pictogram, matching the |image1| reference used in step 23 of the handling procedure. | The RST instructs the user to 'Click |image1| in the upper right corner' to set Start Date and End Date, which is consistent with an edit/modify icon. | The icon is placed within the Handling Procedure section, directly supporting the log-collection step. | The visual content (a pencil symbol) is clearly visible and unambiguous. | No contradiction between the icon and the surrounding text.","The image is a generic edit icon without surrounding UI context, so its exact placement in the MRS Manager interface cannot be verified. | No label or tooltip is visible to confirm it specifically opens the date-range editor."
umn/source/mrs_manager_operation_guide_applicable_to_3.x/alarm_reference_applicable_to_mrs_3.x/alm-45653_invalid_flink_ha_certificate_file.rst,ALM-45653 Invalid Flink HA Certificate File,en-us_image_0000001971648854.png,icon,partial,0.77,"The image is a small pencil/edit pictogram, matching the RST reference |image1| used in step 11 of the Handling Procedure. | The RST instructs to 'Click |image1| in the upper right corner, and set Start Date and End Date', which is consistent with an edit icon used to open a date-range editor. | The icon is part of the log-collection sub-step, so it is relevant to the procedure but not directly to the Flink HA certificate alarm topic itself. | The visual clearly shows a recognizable edit/pencil symbol, providing clear visual evidence of its purpose.","The image is an isolated icon without surrounding UI context, so the exact button label or location (upper right corner) cannot be visually confirmed. | No text or date fields are visible in the image to confirm the Start Date / End Date editing behavior."
umn/source/mrs_manager_operation_guide_applicable_to_3.x/alarm_reference_applicable_to_mrs_3.x/alm-45654_flink_ha_certificate_is_about_to_expire.rst,ALM-45654 Flink HA Certificate Is About to Expire,en-us_image_0000002008129165.png,icon,partial,0.77,"The image is a small pencil/edit pictogram, matching the |image1| reference used in step 12 of the handling procedure. | In the RST, |image1| is described as a control clicked in the upper right corner to set Start Date and End Date for log collection, which is consistent with an edit/pencil icon. | The icon is placed within the 'Collect fault information' part of the Handling Procedure, so it is contextually relevant to the alarm handling steps. | The visual content (a pencil symbol) is clearly visible and unambiguous.","The image is an isolated icon without surrounding UI context, so its exact placement in the upper right corner cannot be verified from the image alone. | No label or button frame is visible, so the icon's function as a date-setting control is inferred from the RST text rather than the image itself."
umn/source/mrs_manager_operation_guide_applicable_to_3.x/alarm_reference_applicable_to_mrs_3.x/alm-45655_flink_ha_certificate_file_has_expired.rst,ALM-45655 Flink HA Certificate File Has Expired,en-us_image_0000001971808622.png,icon,partial,0.62,"The image is a small pencil/edit pictogram, an isolated UI symbol, matching the 'icon' classification. | In the RST it is referenced as |image1| in step 11 of the Handling Procedure, where the user clicks it to set Start Date and End Date for log collection. | The icon is a generic edit/settings control, not specific to the Flink HA certificate alarm topic, so topic match is limited. | The pencil icon is a plausible representation of a clickable control for configuring the date range, consistent with the surrounding text. | No contradiction between the icon and the RST description of clicking a control in the upper right corner.","The image does not show the surrounding MRS Manager log-download UI, so the exact button label or position cannot be confirmed. | No text or tooltip is visible in the icon to confirm it specifically opens the date-range settings."
umn/source/mrs_manager_operation_guide_applicable_to_3.x/alarm_reference_applicable_to_mrs_3.x/alm-45736_guardian_service_unavailable.rst,ALM-45736 Guardian Service Unavailable,en-us_image_0000002008102449.png,icon,pass,0.83,"The image is a small pencil/edit pictogram, matching the |image1| reference used in step 7 of the Handling Procedure. | The RST instructs to click this icon in the upper right corner to set Start Date and End Date for log collection, consistent with an edit/settings icon. | The icon is placed within the log-collection steps of the alarm handling procedure, so it is section-relevant. | The visual content (a pencil symbol) is clearly visible and unambiguous.","The image is an isolated icon, so the surrounding UI context (upper-right corner placement, date fields) is not visible. | No label or tooltip is shown to confirm the exact function of the icon beyond the RST description."
umn/source/mrs_manager_operation_guide_applicable_to_3.x/alarm_reference_applicable_to_mrs_3.x/alm-45737_tokenserver_heap_memory_usage_exceeds_the_threshold.rst,ALM-45737 TokenServer Heap Memory Usage Exceeds the Threshold,en-us_image_0000001971622178.png,icon,pass,0.83,"The image is a small pencil/edit pictogram, matching the RST placeholder |image1| used in step 8 of the handling procedure. | The RST instructs to 'Click |image1| in the upper right corner, and set Start Date and End Date', which is consistent with an edit/modify icon used to open a date-range selector. | The icon appears in the 'Collect fault information' part of the Handling Procedure, directly relevant to the alarm's troubleshooting steps. | The visual content (a pencil symbol) is clearly visible and unambiguous.","The image is an isolated icon without surrounding UI context, so the exact button label or target dialog cannot be confirmed from the image alone. | No screenshot of the log download page is provided to verify the icon's placement in the upper right corner."
umn/source/mrs_manager_operation_guide_applicable_to_3.x/alarm_reference_applicable_to_mrs_3.x/alm-45738_tokenserver_direct_memory_usage_exceeds_the_threshold.rst,ALM-45738 TokenServer Direct Memory Usage Exceeds the Threshold,en-us_image_0000002008102489.png,icon,pass,0.83,"The image is a small pencil/edit icon, matching the RST reference |image1| used in step 8 of the Handling Procedure. | The RST instructs to click this icon in the upper right corner to set Start Date and End Date for log collection, which is consistent with an edit/date-picker control. | The icon is placed within the Handling Procedure section, directly relevant to the alarm's log-collection steps. | The visual clearly shows an isolated edit (pencil) pictogram with no surrounding UI.",No surrounding UI context is visible to confirm the exact button label or function. | The icon is generic and not specific to the TokenServer alarm topic.
umn/source/mrs_manager_operation_guide_applicable_to_3.x/alarm_reference_applicable_to_mrs_3.x/alm-45739_tokenserver_non-heap_memory_usage_exceeds_the_threshold.rst,ALM-45739 TokenServer Non-Heap Memory Usage Exceeds the Threshold,en-us_image_0000001971622210.png,icon,partial,0.72,"The image is a small pencil/edit icon, consistent with a UI symbol for modifying or setting values. | In the RST, the icon is referenced in step 8 of the Handling Procedure where the user clicks it to set Start Date and End Date for log collection. | The pencil icon semantically matches an 'edit' or 'configure' action for date fields in a log download dialog. | The icon is generic and not specific to the TokenServer alarm topic, but it is correctly placed in the log-collection sub-step. | No contradiction between the icon and the surrounding text; a pencil/edit symbol is a standard convention for opening a date-range editor.","The image is an isolated icon without surrounding UI context, so the exact button label or tooltip is not visible. | The full log-download dialog that the icon belongs to is not shown, so the placement 'in the upper right corner' cannot be visually confirmed."
umn/source/mrs_manager_operation_guide_applicable_to_3.x/alarm_reference_applicable_to_mrs_3.x/alm-45740_tokenserver_gc_duration_exceeds_the_threshold.rst,ALM-45740 TokenServer GC Duration Exceeds the Threshold,en-us_image_0000002008102517.png,icon,partial,0.77,"The image is a small pencil/edit icon, consistent with an isolated UI symbol rather than a screenshot. | In the RST, |image1| is referenced in step 8 of the handling procedure where the user clicks an icon in the upper right corner to set Start Date and End Date for log collection; a pencil/edit icon is semantically appropriate for editing date parameters. | The icon is placed within the log-collection sub-procedure of the alarm handling section, so it is topically relevant to the document. | The visual content (a pencil with a blue outline) is clearly visible and unambiguous.","The image does not show the surrounding UI context (e.g., the log download page or the upper-right corner placement) described in the RST. | No label or tooltip is visible to confirm the icon's exact function beyond the textual description."
umn/source/mrs_manager_operation_guide_applicable_to_3.x/alarm_reference_applicable_to_mrs_3.x/alm-45741_failed_to_call_the_ecs_securitykey_api.rst,ALM-45741 Failed to Call the ECS securitykey API,en-us_image_0000001971781990.png,icon,pass,0.83,"The image is a small pencil/edit icon, an isolated UI symbol rather than a full screenshot. | It is referenced as |image1| in step 6 of the Handling Procedure, where the user clicks it to set Start Date and End Date for log collection. | A pencil/edit icon is semantically consistent with an edit action for configuring date ranges in the MRS Manager log download UI. | No visible interactive control structure (button border, label) is present, only the symbol itself.","No surrounding UI context is visible to confirm the icon is the date-setting control in the upper right corner. | The icon is low-resolution and slightly blurry, limiting detail verification."
umn/source/mrs_manager_operation_guide_applicable_to_3.x/alarm_reference_applicable_to_mrs_3.x/alm-45742_failed_to_call_the_ecs_metadata_api.rst,ALM-45742 Failed to Call the ECS Metadata API,en-us_image_0000001971622238.png,icon,partial,0.77,"The image is a small pencil/edit icon, consistent with a UI button symbol used in the handling procedure. | The RST references |image1| as a clickable element in the upper right corner for setting date ranges, which aligns with an edit icon. | The icon is a generic edit symbol, not specific to the ECS Metadata API alarm topic, limiting topic specificity. | No contradiction between the icon and its described usage in the procedure.","The icon does not show surrounding UI context (e.g., the log download page) to confirm exact placement. | No label or text accompanies the icon to explicitly identify it as the date-range edit control."
umn/source/mrs_manager_operation_guide_applicable_to_3.x/alarm_reference_applicable_to_mrs_3.x/alm-45743_failed_to_call_the_iam_api.rst,ALM-45743 Failed to Call the IAM API,en-us_image_0000002008222021.png,icon,pass,0.83,"The image is a small isolated pencil/edit pictogram, matching the 'icon' classification. | In the RST it is referenced as |image1| in the Handling Procedure step 3, where the user clicks it to set Start Date and End Date for log collection. | The icon is semantically consistent with a control used to open a date-range editor in the MRS Manager log download UI. | No contradiction between the icon and the surrounding procedure text.","The image does not show the surrounding MRS Manager UI, so the exact button label or position ('upper right corner') cannot be visually confirmed. | No text or tooltip is visible on the icon to confirm its specific function (date-range editor)."
umn/source/mrs_manager_operation_guide_applicable_to_3.x/alarm_reference_applicable_to_mrs_3.x/alm-50401_number_of_jobserver_jobs_waiting_to_be_executed_exceeds_the_threshold.rst,ALM-50401 Number of JobServer Jobs Waiting to Be Executed Exceeds the Threshold,en-us_image_0000001971172618.png,icon,partial,0.77,"The image is a small isolated pencil/edit pictogram, matching the 'icon' classification. | In the RST it is referenced as |image1| in step 7 of the Handling Procedure, where the user is told to click it to set Start Date and End Date for log collection. | The icon is semantically tied to the alarm-handling procedure (log download for JobGateway), so it is relevant to the document's topic. | The visual content (a pencil symbol) is clearly visible and unambiguous.","The image shows only a pencil symbol without surrounding UI context, so the exact button label or function cannot be confirmed from the image alone. | A pencil icon is not an obvious match for a date-range control; the RST text is the only source confirming its purpose."
umn/source/mrs_manager_operation_guide_applicable_to_3.x/alarm_reference_applicable_to_mrs_3.x/alm-50402_jobgateway_service_unavailable.rst,ALM-50402 JobGateway Service Unavailable,en-us_image_0000002007533201.png,icon,pass,0.83,"The image is a small pencil/edit icon, matching the |image1| reference in step 8 of the Handling Procedure. | The RST instructs to click this icon in the upper right corner to set Start Date and End Date for log collection, consistent with an edit-style control. | The icon is placed within the log-download handling steps, so it is relevant to the section. | The visual clearly shows an isolated pencil symbol, confirming the icon classification. | No contradiction between the icon and the surrounding text.","The image does not show the surrounding MRS Manager log-download UI, so the exact button label or context is not visible. | No text or tooltip in the image confirms it specifically opens a date-range editor."
umn/source/mrs_manager_operation_guide_applicable_to_3.x/alarm_reference_applicable_to_mrs_3.x/alm-50406_failure_rate_of_the_jobserver_job_submission_api_exceeds_the_threshold.rst,ALM-50406 Failure Rate of the JobServer Job Submission API Exceeds the Threshold,en-us_image_0000002415342161.png,icon,pass,0.83,"The image is a small pencil/edit pictogram, matching the 'icon' classification. | In the RST it is referenced as |image1| in step 8 of the Handling Procedure, where the user clicks it to set Start Date and End Date for log collection. | A pencil/edit icon is a plausible symbol for an 'edit/set' control, consistent with the described action. | The icon is placed within the Handling Procedure section, so it is topically relevant to that section. | No contradiction between the icon and the surrounding text is evident.","The image is an isolated symbol, so the surrounding UI context (upper-right corner placement, date fields) is not visible. | The exact label or tooltip of the button is not shown in the image."
umn/source/mrs_manager_operation_guide_applicable_to_3.x/alarm_reference_applicable_to_mrs_3.x/alm-50407_failure_rate_of_the_jobserver_job_query_api_exceeds_the_threshold.rst,ALM-50407 Failure Rate of the JobServer Job Query API Exceeds the Threshold,en-us_image_0000002381782678.png,icon,pass,0.83,"The image is a small pencil/edit pictogram, so it is classified as an icon rather than a screenshot. | In the RST it is referenced as |image1| in step 8 of the Handling Procedure, where the user clicks it to set the Start Date and End Date for log collection. | A pencil/edit icon is semantically consistent with a control used to edit or set a date range in the log download UI. | The icon appears in the Handling Procedure section, matching the section where it is referenced. | No clear contradiction between the icon and the surrounding text.","No surrounding UI context is visible to confirm the exact button label or function. | The icon is low-resolution, making fine details hard to verify."
umn/source/mrs_manager_operation_guide_applicable_to_3.x/alarm_reference_applicable_to_mrs_3.x/alm-50408_failure_rate_of_the_jobserver_job_termination_api_exceeds_the_threshold.rst,ALM-50408 Failure Rate of the JobServer Job Termination API Exceeds the Threshold,en-us_image_0000002381622794.png,icon,pass,0.83,"The image is a small pencil/edit pictogram, an isolated UI symbol, so it is classified as an icon. | In the RST it is referenced as |image1| in step 8 of the Handling Procedure: 'Click |image1| in the upper right corner, and set Start Date and End Date for log collection'. | A pencil/edit icon is semantically consistent with an action to edit or set a date range for log download. | The icon appears in the log-collection steps of the alarm handling procedure, matching the section context. | No element in the image contradicts the surrounding text.","No surrounding UI screenshot is provided to confirm the exact button label or its precise function. | The icon is low-resolution, so fine glyph details are not clearly discernible."
umn/source/mrs_manager_operation_guide_applicable_to_3.x/alarm_reference_applicable_to_mrs_3.x/alm-50801_mplog_usage_exceeds_the_threshold.rst,ALM-50801 MPLog Usage Exceeds the Threshold,en-us_image_0000002586673969.png,icon,pass,1.00,"The image is a small pencil/edit icon, an isolated UI symbol, matching the edit action referenced in step 2 of the Handling Procedure. | The RST instructs to 'Click |image1| next to Trigger Count, change the number...', and a pencil icon is the standard symbol for editing a value, so the icon aligns with the described action. | The icon is placed in the Handling Procedure section where the user modifies the trigger count, making it topically and sectionally relevant. | No contradiction between the icon and the surrounding text; the edit symbol is consistent with changing a numeric field.","Only the isolated icon is shown; no surrounding MRS Manager UI, field labels, or 'Trigger Count' context is visible in the image itself. | The image does not show the 'OK' button or the numeric input field mentioned in the same step."
umn/source/mrs_manager_operation_guide_applicable_to_3.x/alarm_reference_applicable_to_mrs_3.x/alm-50802_disk_usage_exceeds_the_threshold.rst,ALM-50802 Disk Usage Exceeds the Threshold,en-us_image_0000002555994424.png,icon,pass,0.90,"The image is a small isolated pencil/edit pictogram, classifying it as an icon. | In the RST, |image1| is referenced in the Handling Procedure step 'Click |image1| next to Trigger Count', which matches an edit/modify icon. | The pencil symbol semantically corresponds to the 'change the number' / 'Modify' action described in the procedure. | The icon appears in the Handling Procedure section, directly relevant to the alarm remediation steps. | No contradiction between the icon and the surrounding text.","The image is a generic edit icon without surrounding UI context, so its exact placement next to 'Trigger Count' cannot be visually confirmed. | No label or text accompanies the icon to confirm it specifically denotes the Trigger Count field."
umn/source/mrs_manager_operation_guide_applicable_to_3.x/alarm_reference_applicable_to_mrs_3.x/alm-50803_storeworker_write_latency_exceeds_the_threshold.rst,ALM-50803 StoreWorker Write Latency Exceeds the Threshold,en-us_image_0000002586514043.png,icon,pass,0.90,"The image is a small pencil/edit pictogram, an isolated UI symbol, so it is classified as an icon. | The RST references |image1| in the Handling Procedure step 'Click |image1| next to Trigger Count', matching an edit control icon. | The pencil glyph is consistent with an edit/modify control used to change the Trigger Count value. | The icon is placed within the Handling Procedure section, directly relevant to the alarm's remediation steps. | No contradiction between the icon and the surrounding text.","The image is a generic edit icon and does not show the surrounding MRS Manager UI context (Trigger Count field, Thresholds page). | No label or text is visible in the image to confirm it is specifically the Trigger Count edit control."
umn/source/mrs_manager_operation_guide_applicable_to_3.x/alarm_reference_applicable_to_mrs_3.x/alm-50804_storeworker_read_latency_exceeds_the_threshold.rst,ALM-50804 StoreWorker Read Latency Exceeds the Threshold,en-us_image_0000002555994232.png,icon,pass,0.83,"The image is a small pencil/edit pictogram, consistent with the RST step 2 instruction to 'Click |image1| next to Trigger Count' to modify a value. | It is an isolated symbolic icon (edit/pencil), not a full UI screenshot. | The icon semantically matches the 'modify/edit' action described in the Handling Procedure section. | No contradiction between the icon and the surrounding text.","No surrounding MRS Manager UI context (Trigger Count field, Thresholds page) is visible in the image. | The icon is generic and not specific to the ALM-50804 alarm topic."
umn/source/mrs_manager_operation_guide_applicable_to_3.x/alarm_reference_applicable_to_mrs_3.x/alm-50805_latency_for_storeworker_writes_to_zookeeper_exceeds_the_threshold.rst,ALM-50805 Latency for StoreWorker Writes to ZooKeeper Exceeds the Threshold,en-us_image_0000002586513851.png,icon,pass,0.83,"The image is a small isolated pencil/edit icon, matching the |image1| reference used in the Handling Procedure step to modify the Trigger Count. | It is placed in the Handling Procedure section where the user is instructed to click the edit icon next to Trigger Count, so it is contextually relevant. | The visual content (a pencil over a base) is consistent with an edit/modify control, matching the 'change the number' action described in the RST. | No contradiction between the icon and the surrounding text.","The icon is generic and does not show the surrounding MRS Manager UI (Trigger Count field, OK button), so its exact placement cannot be visually confirmed. | No label or text accompanies the icon, so its meaning relies solely on the RST description."
umn/source/mrs_manager_operation_guide_applicable_to_3.x/alarm_reference_applicable_to_mrs_3.x/alm-50806_latency_for_storeworker_reads_from_zookeeper_exceeds_the_threshold.rst,ALM-50806 Latency for StoreWorker Reads from ZooKeeper Exceeds the Threshold,en-us_image_0000002556153886.png,icon,pass,0.90,"The image is a small pencil/edit pictogram, an isolated UI symbol, so it is classified as an icon. | The RST references |image1| in step 2 of the Handling Procedure: 'Click |image1| next to Trigger Count, change the number...', which matches an edit/modify icon. | The pencil icon semantically represents the action of editing/modifying a value, consistent with changing the Trigger Count. | The icon appears in the Handling Procedure section where it is invoked, so it is section-relevant. | No contradiction between the icon and the surrounding text.",The image is a generic edit icon and does not show the specific Trigger Count field or MRS Manager UI context. | No label or surrounding interface is visible to confirm the exact control location.
umn/source/mrs_manager_operation_guide_applicable_to_3.x/alarm_reference_applicable_to_mrs_3.x/and_z_statealm-12028_number_of_processes_in_the_d_state_and_z_state_on_a_host_exceeds_the_threshold.rst,and Z StateALM-12028 Number of Processes in the D State and Z State on a Host Exceeds the Threshold,en-us_image_0000001532448262.png,icon,partial,0.72,"The image is a small downward chevron/arrow icon, consistent with a UI expand or dropdown control in MRS Manager's alarm list. | The RST references this icon in step 1 of the Procedure: 'click |image1| to view the IP address of the host', which aligns with a chevron used to expand row details. | The icon is a generic UI symbol and does not contain alarm-specific content, so topic match is moderate. | No contradiction between the icon and its described usage in the document.","The icon is very small and low-resolution, making it difficult to confirm the exact UI context (e.g., whether it is a dropdown arrow or an expand toggle). | No surrounding UI elements are visible to confirm it belongs to the MRS Manager alarm list specifically."
umn/source/mrs_manager_operation_guide_applicable_to_3.x/alarm_reference_applicable_to_mrs_3.x/and_z_statealm-12028_number_of_processes_in_the_d_state_and_z_state_on_a_host_exceeds_the_threshold.rst,and Z StateALM-12028 Number of Processes in the D State and Z State on a Host Exceeds the Threshold,en-us_image_0000001583087581.png,icon,partial,0.72,"The image is a small pencil/edit icon, consistent with a UI control for modifying or setting parameters. | The RST references this icon in step 9 of the Procedure: 'Click |image2| in the upper right corner, and set Start Date and End Date for log collection', which aligns with an edit icon used to open a date-range dialog. | The icon is a generic UI symbol and does not contain log-collection-specific content, so topic match is moderate. | No contradiction between the icon and its described usage in the document.","The icon is very small and low-resolution, making it difficult to confirm the exact UI context (e.g., whether it is specifically in the upper-right corner of a log download panel). | No surrounding UI elements are visible to confirm it belongs to the MRS Manager log download page specifically."
umn/source/mrs_manager_operation_guide_applicable_to_3.x/alarm_reference_applicable_to_mrs_3.x/applicable_to_versions_later_than_mrs_3.1.0alm-38009_busy_broker_disk_i_os_applicable_to_versions_later_than_mrs_3.1.0.rst,(Applicable to Versions Later Than MRS 3.1.0)ALM-38009 Busy Broker Disk I/Os (Applicable to Versions Later Than MRS 3.1.0),en-us_image_0000001532927450.png,icon,partial,0.72,"The image is a small downward chevron/arrow icon, consistent with a UI expand or detail-view button in MRS Manager. | The RST references this icon in step 1: 'click |image1|, and view the host name in Location', which aligns with an expand/detail icon in an alarm table row. | The icon is generic and not specific to the ALM-38009 alarm itself, but it is contextually relevant to the alarm viewing procedure. | No contradiction between the image and the RST description.","The icon is very small and low-resolution, making it difficult to confirm exact UI context. | No surrounding UI elements are visible to confirm it is part of the MRS Manager alarm table."
umn/source/mrs_manager_operation_guide_applicable_to_3.x/alarm_reference_applicable_to_mrs_3.x/applicable_to_versions_later_than_mrs_3.1.0alm-38009_busy_broker_disk_i_os_applicable_to_versions_later_than_mrs_3.1.0.rst,(Applicable to Versions Later Than MRS 3.1.0)ALM-38009 Busy Broker Disk I/Os (Applicable to Versions Later Than MRS 3.1.0),en-us_image_0000002413688652.png,screenshot,pass,1.00,"The image shows terminal output of the 'iostat -d -x' command, exactly as described in step 6 of the RST procedure. | The output includes the %util column which the RST specifically instructs the user to check against the 80% threshold. | The header shows Linux 3.0.76-0.11-default with x86_64 architecture, consistent with an MRS cluster host. | Device names (xda, xvde) and I/O metrics (rrqm/s, wrqm/s, r/s, w/s, await, svctm, %util) are clearly visible and match the expected iostat output format. | No contradiction between the image content and the RST description.","The %util values shown (1.30 and 6.21) are well below the 80% threshold, which is fine as an example but does not illustrate the alarm condition itself."
umn/source/mrs_manager_operation_guide_applicable_to_3.x/alarm_reference_applicable_to_mrs_3.x/applicable_to_versions_later_than_mrs_3.1.0alm-38009_busy_broker_disk_i_os_applicable_to_versions_later_than_mrs_3.1.0.rst,(Applicable to Versions Later Than MRS 3.1.0)ALM-38009 Busy Broker Disk I/Os (Applicable to Versions Later Than MRS 3.1.0),en-us_image_0000002413848564.png,screenshot,pass,1.00,"The image shows terminal output of the 'df -h' command, exactly as described in step 6 of the RST: 'Run the following command to view the Filesystem information: df -h log.dirs value'. | The output displays Filesystem, Size, Used, Avail, Use%, and Mounted on columns, matching the expected df -h format. | The output shows /dev/xvda2 with 36G size, 21G used, 14G avail, 62% use, mounted on /, which is consistent with checking disk partition configuration. | This directly supports the RST instruction to check whether the partition where Filesystem is located matches the partition with a high %util value. | No contradiction between the image content and the RST description.",The image only shows one filesystem entry; a real scenario might show multiple partitions to compare against iostat results.
umn/source/mrs_manager_operation_guide_applicable_to_3.x/alarm_reference_applicable_to_mrs_3.x/applicable_to_versions_later_than_mrs_3.1.0alm-38009_busy_broker_disk_i_os_applicable_to_versions_later_than_mrs_3.1.0.rst,(Applicable to Versions Later Than MRS 3.1.0)ALM-38009 Busy Broker Disk I/Os (Applicable to Versions Later Than MRS 3.1.0),en-us_image_0000001582807721.png,icon,partial,0.72,"The image is a small pencil/edit icon, consistent with a UI button for modifying or setting parameters. | The RST references this icon in step 11: 'Click |image4| in the upper right corner, and set Start Date and End Date for log collection', which aligns with an edit/settings icon. | The icon is generic and not specific to the ALM-38009 alarm or Kafka, but it is contextually relevant to the log collection procedure. | No contradiction between the image and the RST description.","The icon is very small and low-resolution, making it difficult to confirm exact UI context. | No surrounding UI elements are visible to confirm it is part of the MRS Manager log download page."
umn/source/mrs_manager_operation_guide_applicable_to_3.x/audit/configuring_audit_log_dumping.rst,Configuring Audit Log Dumping,en-us_image_0000001442653657.png,icon,pass,1.00,"The image is a small isolated toggle-switch symbol, not a full UI screenshot, so it is classified as an icon. | The RST references |image1| in step 3 to indicate the enabled state of the Audit Log Dumping Flag switch. | The image shows a green toggle with the knob on the right (on position), matching the 'enabled' state described in the text. | The image is placed directly within the Procedure section where the switch is toggled, so it is highly relevant. | No contradiction: the on-state graphic aligns with the statement that the dump is enabled when this image is displayed.","The image is a generic toggle icon without surrounding UI context (no label or panel), so it cannot be confirmed as the exact MRS Manager switch rendering. | No disabled-state counterpart image is provided for comparison."
umn/source/mrs_manager_operation_guide_applicable_to_3.x/audit/overview.rst,Overview,en-us_image_0000001442494041.png,icon,pass,1.00,"The image is a circular refresh arrow icon, matching the RST description of clicking to manually refresh the current page. | The icon is used as an inline reference (|image1|) in the Overview section of the Audit page documentation. | The visual symbol (circular arrow) is the standard representation of a refresh action, consistent with the stated purpose.",No surrounding UI context is shown; the icon is isolated.
umn/source/mrs_manager_operation_guide_applicable_to_3.x/audit/overview.rst,Overview,en-us_image_0000001442413865.png,icon,pass,1.00,"The image is a funnel/filter icon, matching the RST description of clicking to filter the columns displayed in the page. | The icon is used as an inline reference (|image2|) in the Overview section of the Audit page documentation. | The visual symbol (funnel) is the standard representation of a filter action, consistent with the stated purpose.",No surrounding UI context is shown; the icon is isolated.
umn/source/mrs_manager_operation_guide_applicable_to_3.x/backup_and_recovery_management/backing_up_data/backing_up_clickhouse_service_data.rst,Backing Up ClickHouse Service Data,en-us_image_0000001442653737.png,icon,pass,0.83,"The image is a small plus (+) icon, consistent with the RST reference |image1| used to 'add' a regular expression. | The RST explicitly states 'click |image1| or |image2| to add or delete an expression', and the plus sign semantically matches the 'add' action. | The icon is a minimal UI symbol, not a full screenshot, so it is classified as an icon. | No contradiction between the image content and the surrounding text.",The image is very small and low-resolution; no surrounding UI context is visible to confirm the exact button label or tooltip.
umn/source/mrs_manager_operation_guide_applicable_to_3.x/backup_and_recovery_management/backing_up_data/backing_up_clickhouse_service_data.rst,Backing Up ClickHouse Service Data,en-us_image_0000001392574070.png,icon,pass,0.83,"The image is a small minus (−) icon, consistent with the RST reference |image2| used to 'delete' a regular expression. | The RST explicitly states 'click |image1| or |image2| to add or delete an expression', and the minus sign semantically matches the 'delete' action. | The icon is a minimal UI symbol, not a full screenshot, so it is classified as an icon. | No contradiction between the image content and the surrounding text.",The image is very small and low-resolution; no surrounding UI context is visible to confirm the exact button label or tooltip.
umn/source/mrs_manager_operation_guide_applicable_to_3.x/backup_and_recovery_management/backing_up_data/backing_up_doris_data.rst,Backing Up Doris Data,en-us_image_0000002380008412.png,icon,pass,1.00,"The image is a small plus (+) icon, matching the RST reference |image1| used for adding a regular expression. | The RST states 'click |image1| or |image2| to add or delete an expression'; the plus sign semantically corresponds to the 'add' action. | The icon is directly referenced in the 'Backing Up Doris Data' procedure under the backup content / regular expression step. | No contradiction between the visual content (a plus sign) and the documented purpose (add an expression).","The icon is very small and low-resolution; surrounding UI context (e.g., the actual button label or tooltip) is not visible."
umn/source/mrs_manager_operation_guide_applicable_to_3.x/backup_and_recovery_management/backing_up_data/backing_up_doris_data.rst,Backing Up Doris Data,en-us_image_0000002413647801.png,icon,pass,1.00,"The image is a small minus (−) icon, matching the RST reference |image2| used for deleting a regular expression. | The RST states 'click |image1| or |image2| to add or delete an expression'; the minus sign semantically corresponds to the 'delete' action. | The icon is directly referenced in the same 'Backing Up Doris Data' procedure step as |image1|. | No contradiction between the visual content (a minus sign) and the documented purpose (delete an expression).","The icon is very small and low-resolution; surrounding UI context (e.g., the actual button label or tooltip) is not visible."
umn/source/mrs_manager_operation_guide_applicable_to_3.x/backup_and_recovery_management/backing_up_data/backing_up_hbase_service_data.rst,Backing Up HBase Service Data,en-us_image_0000001392734022.png,icon,pass,0.83,"The image is a small plus (+) symbol, a standard UI icon for the 'add' action. | The RST references this image in the context of 'click |image1| ... to add or delete an expression', which matches the plus icon's semantic meaning of adding. | The icon is used within the procedure for configuring backup content via regular expressions, which is part of the HBase backup task setup.",The icon is generic and not specific to HBase or MRS Manager branding. | No surrounding UI context is visible to confirm the exact placement within the MRS Manager interface.
umn/source/mrs_manager_operation_guide_applicable_to_3.x/backup_and_recovery_management/backing_up_data/backing_up_hbase_service_data.rst,Backing Up HBase Service Data,en-us_image_0000001442413937.png,icon,pass,0.83,"The image is a small minus (-) symbol, a standard UI icon for the 'delete' or 'remove' action. | The RST references this image in the context of 'click |image1| or |image2| to add or delete an expression', which matches the minus icon's semantic meaning of deleting. | The icon is used within the procedure for configuring backup content via regular expressions, which is part of the HBase backup task setup.",The icon is generic and not specific to HBase or MRS Manager branding. | No surrounding UI context is visible to confirm the exact placement within the MRS Manager interface.
umn/source/mrs_manager_operation_guide_applicable_to_3.x/backup_and_recovery_management/backing_up_data/backing_up_hdfs_service_data.rst,Backing Up HDFS Service Data,en-us_image_0000001442494045.png,icon,pass,0.83,"The image is a small plus (+) icon, matching the RST reference |image1| used for 'add' in the regular expression context. | The RST states 'click |image1| or |image2| to add or delete an expression', and the plus sign semantically corresponds to the 'add' action. | The icon is referenced in step 8 (Backup Content) under the regular expression selection method, which is part of the HDFS backup procedure. | The visual content (a simple plus sign) is clearly visible and unambiguous.",No surrounding UI context is visible; the icon is shown in isolation without a button border or label.
umn/source/mrs_manager_operation_guide_applicable_to_3.x/backup_and_recovery_management/backing_up_data/backing_up_hdfs_service_data.rst,Backing Up HDFS Service Data,en-us_image_0000001442413869.png,icon,pass,0.83,"The image is a small minus (−) icon, matching the RST reference |image2| used for 'delete' in the regular expression context. | The RST states 'click |image1| or |image2| to add or delete an expression', and the minus sign semantically corresponds to the 'delete' action. | The icon is referenced in step 8 (Backup Content) under the regular expression selection method, which is part of the HDFS backup procedure. | The visual content (a simple horizontal line/minus sign) is clearly visible and unambiguous.",No surrounding UI context is visible; the icon is shown in isolation without a button border or label.
umn/source/mrs_manager_operation_guide_applicable_to_3.x/backup_and_recovery_management/backing_up_data/backing_up_hive_service_data.rst,Backing Up Hive Service Data,en-us_image_0000001442494045.png,icon,pass,0.83,"The image is a small plus (+) symbol, consistent with an icon used to add a regular expression. | The RST references |image1| in the context of 'click |image1| or |image2| to add or delete an expression', and the plus sign semantically matches the 'add' action. | The icon is referenced in step 7 (Backup Content) under the regular-expression selection method, which is part of the Hive backup procedure. | No contradiction between the image content and the RST description.","The image is very small and low-resolution; surrounding UI context (e.g., the full dialog) is not visible."
umn/source/mrs_manager_operation_guide_applicable_to_3.x/backup_and_recovery_management/backing_up_data/backing_up_hive_service_data.rst,Backing Up Hive Service Data,en-us_image_0000001442413869.png,icon,pass,0.83,"The image is a small minus (−) symbol, consistent with an icon used to delete a regular expression. | The RST references |image2| in the context of 'click |image1| or |image2| to add or delete an expression', and the minus sign semantically matches the 'delete' action. | The icon is referenced in step 7 (Backup Content) under the regular-expression selection method, which is part of the Hive backup procedure. | No contradiction between the image content and the RST description.","The image is very small and low-resolution; surrounding UI context (e.g., the full dialog) is not visible."
umn/source/mrs_manager_operation_guide_applicable_to_3.x/backup_and_recovery_management/backing_up_data/backing_up_iotdb_service_data.rst,Backing Up IoTDB Service Data,en-us_image_0000001584751969.png,icon,pass,1.00,"Image is a plus (+) symbol, an isolated UI icon. | RST references |image1| in the note 'click |image1| or |image2| to add or delete an expression', matching the add action. | The plus sign semantically corresponds to adding a regular expression, consistent with the Backup Content step. | No contradiction between the icon and the surrounding text.","No surrounding UI context (button label or panel) is visible in the image. | Image is low-resolution, so exact styling cannot be confirmed."
umn/source/mrs_manager_operation_guide_applicable_to_3.x/backup_and_recovery_management/backing_up_data/backing_up_iotdb_service_data.rst,Backing Up IoTDB Service Data,en-us_image_0000001534512058.png,icon,pass,1.00,"Image is a minus (-) symbol, an isolated UI icon. | RST references |image2| in the note 'click |image1| or |image2| to add or delete an expression', matching the delete action. | The minus sign semantically corresponds to deleting a regular expression, consistent with the Backup Content step. | No contradiction between the icon and the surrounding text.","No surrounding UI context (button label or panel) is visible in the image. | Image is low-resolution, so exact styling cannot be confirmed."
umn/source/mrs_manager_operation_guide_applicable_to_3.x/backup_and_recovery_management/viewing_backup_and_restoration_tasks.rst,Viewing Backup and Restoration Tasks,en-us_image_0000001392254858.png,icon,pass,0.83,"The image is a small downward-pointing chevron, an isolated UI symbol, so it is classified as an icon. | The RST references |image1| as the control to click before a record to display log information, which matches an expand/collapse chevron. | The icon is used within the Procedure step for viewing backup/restoration task history, so it is relevant to the section. | The visible chevron is consistent with an expand control that reveals log details, with no contradiction to the text.","The image is a generic chevron without surrounding UI context, so its exact placement in the task history window cannot be confirmed. | No label or text accompanies the icon to explicitly tie it to log information display."
umn/source/mrs_manager_operation_guide_applicable_to_3.x/cluster/cluster_management/managing_cluster_configurations.rst,Managing Cluster Configurations,en-us_image_0000001392414378.png,icon,pass,1.00,The image shows a circular refresh/restore icon (two curved arrows forming a circle). | The RST states: 'click |image1| next to a parameter value to quickly restore the value to the default one.' | A circular refresh icon is a standard representation for restoring/resetting to default. | The icon is appropriately placed in the 'All Non-default Values' section.,
umn/source/mrs_manager_operation_guide_applicable_to_3.x/cluster/cluster_management/managing_cluster_configurations.rst,Managing Cluster Configurations,en-us_image_0000001392254854.png,icon,pass,1.00,"The image shows a clock icon with a circular arrow around it, a standard history icon. | The RST states: 'click |image2| to view the historical modification records of the parameter.' | A clock/history icon is the conventional symbol for viewing historical records. | The icon is appropriately placed in the 'All Non-default Values' section where historical records are discussed.",
umn/source/mrs_manager_operation_guide_applicable_to_3.x/cluster/cluster_management/managing_cluster_configurations.rst,Managing Cluster Configurations,en-us_image_0000001442653641.png,icon,partial,0.78,"The image shows a hub-and-spoke icon with a central circle and four connected dots. | The RST states: 'click |image3| next to a parameter value and view the differences in the dialog box that is displayed.' | The icon could represent comparing multiple nodes/instances, which aligns with viewing non-uniform differences. | However, the icon is not a standard or immediately recognizable symbol for 'view differences' or 'compare.' | The icon is appropriately placed in the 'All Non-uniform Values' section.",The icon's specific meaning as a 'view differences' button is not immediately obvious from its visual appearance alone.
umn/source/mrs_manager_operation_guide_applicable_to_3.x/cluster/cluster_management/managing_cluster_configurations.rst,Managing Cluster Configurations,en-us_image_0000001442773609.png,icon,partial,0.78,"The image shows a trapezoidal icon that resembles a trash can or remove/cancel symbol. | The RST states: 'click |image4| to cancel the configuration difference or manually adjust the parameter value.' | A trash/remove icon is a reasonable representation for canceling or removing a configuration difference. | However, the icon's exact meaning (trash vs. cancel vs. other) is somewhat ambiguous. | The icon is appropriately placed in the 'All Non-uniform Values' section where canceling differences is discussed.","The exact semantic meaning of the icon (trash, cancel, or other) is not entirely clear from the visual alone."
umn/source/mrs_manager_operation_guide_applicable_to_3.x/cluster/cluster_management/modifying_cluster_attributes.rst,Modifying Cluster Attributes,en-us_image_0000001392414474.png,icon,pass,1.00,"The image is a small pencil/edit icon, consistent with the RST instruction 'Click |image1| and enter a new name' for changing the cluster name. | The icon type (pencil) is the standard UI symbol for an edit action, matching the context of modifying a cluster attribute. | The image is referenced in the 'Change the cluster name' step, which is directly relevant to the document topic of modifying cluster attributes. | No contradictions between the image content and the surrounding RST text.","The icon is shown in isolation without surrounding UI context (e.g., the field label or input box it belongs to)."
umn/source/mrs_manager_operation_guide_applicable_to_3.x/cluster/cluster_management/modifying_cluster_attributes.rst,Modifying Cluster Attributes,en-us_image_0000001442773701.png,icon,pass,1.00,"The image is a small pencil/edit icon, consistent with the RST instruction 'Click |image2| and enter a new description' for modifying the cluster description. | The icon type (pencil) is the standard UI symbol for an edit action, matching the context of modifying a cluster attribute. | The image is referenced in the 'Modify the cluster description' step, which is directly relevant to the document topic of modifying cluster attributes. | No contradictions between the image content and the surrounding RST text.","The icon is shown in isolation without surrounding UI context (e.g., the field label or input box it belongs to)."
umn/source/mrs_manager_operation_guide_applicable_to_3.x/cluster/instance_management/instance_group/managing_instance_groups.rst,Managing Instance Groups,en-us_image_0000001442413917.png,icon,pass,1.00,"The image is a plus-sign-in-circle icon, a standard symbol for 'create' or 'add' actions. | The RST references this icon (|image1|) in the 'Creating an Instance Group' section with the instruction 'Click |image1| and configure parameters as prompted.' | The icon semantically matches the create action described in the document.",
umn/source/mrs_manager_operation_guide_applicable_to_3.x/cluster/instance_management/instance_group/managing_instance_groups.rst,Managing Instance Groups,en-us_image_0000001392414446.png,icon,pass,1.00,"The image is a pencil icon, a standard symbol for 'edit' or 'modify' actions. | The RST references this icon (|image2|) in the 'Modifying Properties of an Instance Group' section with the instruction 'Click |image2| and modify parameters as prompted.' | The icon semantically matches the modify action described in the document.",
umn/source/mrs_manager_operation_guide_applicable_to_3.x/cluster/instance_management/instance_group/managing_instance_groups.rst,Managing Instance Groups,en-us_image_0000001442773673.png,icon,pass,1.00,"The image is a trash-can icon, a standard symbol for 'delete' actions. | The RST references this icon (|image3|) in the 'Deleting an Instance Group' section with the instruction 'Click |image3|.' | The icon semantically matches the delete action described in the document.",
umn/source/mrs_manager_operation_guide_applicable_to_3.x/cluster/managing_a_service/other_service_management_operations/resource_monitoring.rst,Resource Monitoring,en-us_image_0000001442413925.png,icon,pass,1.00,"The image is a pencil/edit icon, which is a standard symbol for customization or editing. | The RST states 'You can click |image1| to customize a time range,' and a pencil icon is the conventional symbol for such an action. | The icon is small and isolated, consistent with an inline UI symbol referenced in documentation.",No additional context needed; the icon clearly matches the described action.
umn/source/mrs_manager_operation_guide_applicable_to_3.x/cluster/managing_a_service/other_service_management_operations/resource_monitoring.rst,Resource Monitoring,en-us_image_0000001392734010.png,icon,pass,1.00,"The image is an export icon (a box with an arrow pointing outward), a standard symbol for exporting data. | The RST states 'You can click |image2| to export the corresponding report information,' which directly matches the export icon. | The icon is small and isolated, consistent with an inline UI symbol.",No additional context needed; the icon clearly matches the described export action.
umn/source/mrs_manager_operation_guide_applicable_to_3.x/cluster/managing_a_service/other_service_management_operations/resource_monitoring.rst,Resource Monitoring,en-us_image_0000001392254926.png,icon,pass,0.83,"The image appears to be a small panel or dashboard icon with a header and content sections. | The RST states 'You can click |image3| to configure space monitoring,' and a panel/dashboard icon is a reasonable representation of a configuration or monitoring settings action. | The icon is small and isolated, consistent with an inline UI symbol. | The icon is somewhat generic and could represent various panel-based actions, making the match to 'configure space monitoring' less specific.","The exact meaning of the icon is not entirely clear from the image alone; it could represent a settings panel, a dashboard, or a configuration window."
umn/source/mrs_manager_operation_guide_applicable_to_3.x/cluster/managing_a_service/overview.rst,Overview,en-us_image_0000001442773661.png,icon,partial,0.72,"The image is a small circular help/info icon with a question mark, consistent with a UI symbol used in the MRS Manager service management page. | The RST references this icon (|image2|) next to 'Configuration Status' as a clickable element to view expired configuration items, which aligns with a help/info icon. | The icon is a standard question-mark-in-circle pictogram, matching the typical design for a help or information tooltip trigger. | No contradiction between the icon's appearance and its described function in the document.","The image is very small and low-resolution, making it difficult to confirm exact styling details. | The RST defines both |image1| and |image2| pointing to the same file, but |image1| usage in the visible text is not clearly shown, leaving its exact placement ambiguous."
umn/source/mrs_manager_operation_guide_applicable_to_3.x/cluster_management/cluster_mutual_trust_management/assigning_user_permissions_after_cross-cluster_mutual_trust_is_configured.rst,Assigning User Permissions After Cross-Cluster Mutual Trust Is Configured,en-us_image_0000001442413857.png,icon,pass,0.83,"The image is a small downward chevron/arrow pictogram, consistent with an expand/collapse control on a table row. | The RST references |image1| in step 3 as the element to click on the left of the target user, which matches an expand icon in a user list. | The icon is placed within the Procedure section and supports the user-permission management workflow. | No contradiction between the icon and the surrounding text.","The image is a generic chevron without surrounding UI context, so its exact placement in the user table cannot be confirmed visually. | No label or text accompanies the icon to confirm it is the expand control for the target user row."
umn/source/mrs_manager_operation_guide_applicable_to_3.x/cluster_management/cluster_mutual_trust_management/changing_managers_domain_name.rst,Changing Manager's Domain Name,en-us_image_0000001442773721.jpg,icon,partial,0.67,"The image is a small symbolic icon (three squares in a row with text below), consistent with a 'more options' or menu button used in a dashboard UI. | The RST references this image in step 7 as the icon to click next to a cluster name to select 'Restart', which aligns with a small menu/options icon. | The icon is relevant to the Procedure section where the administrator restarts a cluster after changing the domain name. | The image is very small and low-resolution, making it difficult to discern fine details or confirm exact label text.","The image resolution is too low to clearly read the text label beneath the three squares. | No surrounding dashboard context is visible to confirm the icon's placement next to a cluster name. | The exact label of the icon (e.g., 'More', 'Options') cannot be definitively confirmed due to low resolution."
umn/source/mrs_manager_operation_guide_applicable_to_3.x/cluster_management/cluster_mutual_trust_management/configuring_cross-manager_mutual_trust_between_clusters.rst,Configuring Cross-Manager Mutual Trust Between Clusters,en-us_image_0000001392254850.png,icon,partial,0.72,"The image shows a three-square/dot menu icon (kebab menu), consistent with the RST instruction to 'Click |image1| next to the target cluster and select Stop.' | It is a generic UI menu icon used in the Procedure section, step 2, for stopping a cluster as part of the cross-manager mutual trust configuration. | The icon is small and low-resolution but the three-square pattern is recognizable as a 'more options' menu trigger.",The image is very small and low-resolution; the exact rendering of the menu icon is not fully clear. | No surrounding UI context is visible to confirm it is specifically the cluster action menu.
umn/source/mrs_manager_operation_guide_applicable_to_3.x/cluster_management/cluster_mutual_trust_management/configuring_cross-manager_mutual_trust_between_clusters.rst,Configuring Cross-Manager Mutual Trust Between Clusters,en-us_image_0000001442773601.png,icon,pass,0.83,"The image shows a plus (+) sign, which is the standard 'add' icon. | The RST states 'click |image2| to add a new item and set parameters,' which perfectly matches a plus/add icon. | Used in step 4 of the Procedure section for adding additional mutual trust domain entries.",No surrounding UI context visible; the icon is isolated on a white background.
umn/source/mrs_manager_operation_guide_applicable_to_3.x/cluster_management/cluster_mutual_trust_management/configuring_cross-manager_mutual_trust_between_clusters.rst,Configuring Cross-Manager Mutual Trust Between Clusters,en-us_image_0000001442413845.png,icon,pass,0.83,"The image shows a minus (-) sign, which is the standard 'remove/delete' icon. | The RST states 'Click |image3| to delete unnecessary configurations,' which matches a minus/remove icon. | Used in step 4 of the Procedure section for removing mutual trust domain entries.",No surrounding UI context visible; the icon is isolated on a white background.
umn/source/mrs_manager_operation_guide_applicable_to_3.x/cluster_management/cluster_mutual_trust_management/configuring_cross-manager_mutual_trust_between_clusters.rst,Configuring Cross-Manager Mutual Trust Between Clusters,en-us_image_0000001392414374.png,icon,partial,0.72,"The image shows a three-square/dot menu icon, identical in appearance to image 1. | The RST states 'Click |image4| next to the name of the target cluster and select Start,' consistent with a 'more options' menu icon. | Used in step 7 of the Procedure section for starting a cluster after mutual trust configuration.",The image is very small and low-resolution; the exact rendering is not fully clear. | No surrounding UI context is visible to confirm it is specifically the cluster action menu for starting.
umn/source/mrs_manager_operation_guide_applicable_to_3.x/cluster_management/switching_to_the_maintenance_mode.rst,Switching to the Maintenance Mode,en-us_image_0000001392254954.png,icon,pass,1.00,Three-dot ellipsis icon matches the RST description of clicking a menu button next to the cluster name to select Enter Maintenance Mode | Icon is consistent with a standard 'more options' UI symbol used in MRS Manager | Directly referenced in the Procedure table for cluster maintenance mode configuration,No full UI context visible; only the isolated icon is shown
umn/source/mrs_manager_operation_guide_applicable_to_3.x/cluster_management/switching_to_the_maintenance_mode.rst,Switching to the Maintenance Mode,en-us_image_0000001392734042.png,icon,pass,1.00,"Blue gear-and-wrench icon represents maintenance mode status, matching the RST text 'the status of the cluster becomes |image2|' | Icon is semantically appropriate for indicating a maintenance state | Referenced in the cluster maintenance mode row of the procedure table",No surrounding UI context; only the isolated status icon is shown
umn/source/mrs_manager_operation_guide_applicable_to_3.x/cluster_management/switching_to_the_maintenance_mode.rst,Switching to the Maintenance Mode,en-us_image_0000001442413957.png,icon,pass,1.00,"Blue gear-and-wrench icon represents maintenance mode status for a service, matching 'the status of the service becomes |image3| in the service list' | Consistent with the maintenance mode iconography used throughout the document | Referenced in the service maintenance mode row of the procedure table",No surrounding UI context; only the isolated status icon is shown
umn/source/mrs_manager_operation_guide_applicable_to_3.x/cluster_management/switching_to_the_maintenance_mode.rst,Switching to the Maintenance Mode,en-us_image_0000001442773713.png,icon,pass,1.00,"Blue gear-and-wrench icon represents maintenance mode status for a host, matching 'the status of the host becomes |image4| in the host list' | Consistent with the maintenance mode iconography used throughout the document | Referenced in the host maintenance mode row of the procedure table",No surrounding UI context; only the isolated status icon is shown
umn/source/mrs_manager_operation_guide_applicable_to_3.x/cluster_management/switching_to_the_maintenance_mode.rst,Switching to the Maintenance Mode,en-us_image_0000001392734038.png,icon,pass,1.00,"Blue gear-and-wrench icon represents maintenance mode status for OMS, matching 'the OMS status becomes |image5|' | Consistent with the maintenance mode iconography used throughout the document | Referenced in the OMS maintenance mode row of the procedure table",No surrounding UI context; only the isolated status icon is shown
umn/source/mrs_manager_operation_guide_applicable_to_3.x/cluster_management/switching_to_the_maintenance_mode.rst,Switching to the Maintenance Mode,en-us_image_0000001442773709.png,icon,pass,1.00,Three-dot ellipsis icon matches the RST description of clicking a menu button next to the cluster name to select Maintenance Mode View | Icon is consistent with a standard 'more options' UI symbol used in MRS Manager | Referenced in step 3 of the Procedure for checking the cluster maintenance view,No full UI context visible; only the isolated icon is shown
umn/source/mrs_manager_operation_guide_applicable_to_3.x/getting_started/logging_in_to_mrs_manager.rst,Logging In to MRS Manager,en-us_image_0000001392254934.png,icon,pass,0.83,"The image is a small isolated symbol: a downward-pointing triangle on a solid background, i.e., a dropdown indicator icon. | The RST references this image as the element to hover over in the upper right corner to open the Logout drop-down list, which matches a dropdown arrow icon. | It is placed in the Procedure section, step 4 (logout), so it is topically and sectionally relevant. | The visual content (a drop-down arrow) is consistent with the described 'drop-down list' interaction, with no contradiction.",No surrounding home-page UI (upper-right corner context) is visible; only the isolated icon is shown. | No text label or 'Logout' menu is visible in the image itself.
umn/source/mrs_manager_operation_guide_applicable_to_3.x/getting_started/querying_the_mrs_manager_version.rst,Querying the MRS Manager Version,en-us_image_0000001392414486.png,icon,partial,0.72,"The image is a small isolated pictogram: a magenta square containing a white question mark, i.e., a help/question icon. | The RST references |image1| as a clickable icon in the upper right corner of the MRS Manager home page that opens a drop-down list containing 'About'. | A question mark icon is a conventional help/about symbol, so it is semantically consistent with the described control. | The image matches the inline reference but does not depict the drop-down list or the 'About' entry mentioned in the text.","No drop-down list or 'About' menu item is visible in the image. | No surrounding UI context (home page layout, upper-right corner placement) is shown. | The image is low-resolution and blurry, limiting detail verification."
umn/source/mrs_manager_operation_guide_applicable_to_3.x/home_page/managing_monitoring_metric_reports.rst,Managing Monitoring Metric Reports,en-us_image_0000001442653701.png,icon,pass,1.00,Small downward-pointing triangle (dropdown arrow) icon | Referenced in RST as the icon to click in the upper right corner of the chart area to choose 'Customize' | Directly relevant to the 'Customizing a Monitoring Metric Report' section | Icon matches the described UI element for opening a menu,
umn/source/mrs_manager_operation_guide_applicable_to_3.x/home_page/managing_monitoring_metric_reports.rst,Managing Monitoring Metric Reports,en-us_image_0000001392414434.png,icon,pass,1.00,Small pencil/edit icon | Referenced in RST as the icon to click to customize a time range for monitoring data | Relevant to the 'Exporting All Monitoring Data' section | Icon matches the described UI element for customizing time range,
umn/source/mrs_manager_operation_guide_applicable_to_3.x/home_page/managing_monitoring_metric_reports.rst,Managing Monitoring Metric Reports,en-us_image_0000001442494085.png,icon,pass,1.00,Small downward-pointing triangle (dropdown arrow) icon | Referenced in RST as the icon to click in the upper right corner of the chart area to choose 'Export' | Relevant to the 'Exporting All Monitoring Data' section | Icon matches the described UI element for opening an export menu,
umn/source/mrs_manager_operation_guide_applicable_to_3.x/home_page/managing_monitoring_metric_reports.rst,Managing Monitoring Metric Reports,en-us_image_0000001392254902.png,icon,pass,1.00,Small expand/fullscreen icon with two outward-pointing arrows | Referenced in RST as the icon to click in the upper right corner of any monitoring report pane | Relevant to the 'Exporting Monitoring Data of a Specified Monitoring Item' section | Icon matches the described UI element for accessing a specific monitoring report pane,
umn/source/mrs_manager_operation_guide_applicable_to_3.x/home_page/managing_monitoring_metric_reports.rst,Managing Monitoring Metric Reports,en-us_image_0000001442773665.png,icon,pass,1.00,Small pencil/edit icon | Referenced in RST as the icon to click to customize a time range | Relevant to the 'Exporting Monitoring Data of a Specified Monitoring Item' section | Icon matches the described UI element for customizing time range,
umn/source/mrs_manager_operation_guide_applicable_to_3.x/home_page/overview.rst,Overview,en-us_image_0000001392734034.png,icon,pass,1.00,"Icon shows a table/list layout with rows and columns, matching the RST description of viewing task details in Task Management Center | The icon is consistent with a list/table view symbol used for operation tasks | Relevant to the Overview section describing home page interactive elements",
umn/source/mrs_manager_operation_guide_applicable_to_3.x/home_page/overview.rst,Overview,en-us_image_0000001442494125.png,icon,pass,1.00,"Icon shows a question mark, which is the standard symbol for help information | Matches the RST description of clicking to obtain help information | Relevant to the Overview section describing home page elements",
umn/source/mrs_manager_operation_guide_applicable_to_3.x/home_page/overview.rst,Overview,en-us_image_0000001392254958.png,icon,pass,1.00,"Icon shows a double chevron pointing down, a standard expand/collapse symbol | Matches the RST description of clicking to expand all service information of the cluster | Relevant to the Service Status Preview Area section",
umn/source/mrs_manager_operation_guide_applicable_to_3.x/home_page/overview.rst,Overview,en-us_image_0000001442653741.png,icon,pass,0.88,"Icon shows three small squares in a row, resembling a menu or options icon | Matches the RST description of clicking to perform basic O&M management operations | Relevant to the Service Status Preview Area section","The icon is small and slightly blurry, making it harder to confirm the exact symbol shape"
umn/source/mrs_manager_operation_guide_applicable_to_3.x/home_page/overview.rst,Overview,en-us_image_0000001392574078.png,icon,pass,1.00,"Icon shows a green/teal filled circle, a standard indicator for a service running properly | Matches the RST description that this icon indicates the service is running properly | Relevant to the Service Status Preview Area section",
umn/source/mrs_manager_operation_guide_applicable_to_3.x/home_page/overview.rst,Overview,en-us_image_0000001442653745.png,icon,pass,1.00,"Icon shows a red filled circle, a standard indicator for a service that fails to start | Matches the RST description that this icon indicates the current service fails to start | Relevant to the Service Status Preview Area section",
umn/source/mrs_manager_operation_guide_applicable_to_3.x/home_page/overview.rst,Overview,en-us_image_0000001442653749.png,icon,pass,1.00,"Icon shows a gray filled circle, a standard indicator for a service that is not started | Matches the RST description that this icon indicates the current service is not started | Relevant to the Service Status Preview Area section",
umn/source/mrs_manager_operation_guide_applicable_to_3.x/home_page/overview.rst,Overview,en-us_image_0000001392414490.png,icon,pass,0.88,"Icon shows an orange symbol resembling a gear or settings indicator, consistent with a configuration-related status | Matches the RST description that this icon indicates the service configuration has expired | Relevant to the Service Status Preview Area section","The icon is small and slightly blurry, making the exact internal shape difficult to confirm"
umn/source/mrs_manager_operation_guide_applicable_to_3.x/hosts/host_maintenance_operations/configuring_racks_for_hosts.rst,Configuring Racks for Hosts,en-us_image_0000001392414418.png,other,pass,1.00,"The image is a topology diagram illustrating the rack allocation example described in the Best Practices section. | It shows a Cluster node branching to Equipment room A and Equipment room B, matching the two-room scenario in the RST. | Physical rack host counts (Ra1:11, Ra2:29, Rb1:6, Rb2:33, Rb3:18, Rb4:3) match the RST example exactly. | Logical rack labels (/default/racka1, /default/racka2, /default/rackb1, /default/rackb2, /default/rackb3) correspond to the allocation details listed in the RST. | No interactive UI controls are present; it is a static explanatory diagram.","The diagram does not explicitly label the 9-host split from Ra2 into /default/racka1; the grouping is implied by dashed boundaries. | No indication of the 50-rack limit or minimum-3-hosts policy is shown, though these are not required for this example."
umn/source/mrs_manager_operation_guide_applicable_to_3.x/hosts/host_management_page/viewing_the_host_dashboard.rst,Viewing the Host Dashboard,en-us_image_0000001392414478.png,icon,pass,1.00,"The image is a small downward-pointing triangle (dropdown arrow) icon, consistent with its use in the RST as the trigger for the 'Customize' dropdown in the chart area. | The RST states 'You can choose |image1| > Customize in the upper right corner', which matches a dropdown menu icon. | The icon is semantically appropriate for a dropdown menu trigger in a monitoring chart interface. | No contradictions between the image content and the document description.",The full UI context (the chart area with the Customize menu) is not visible; only the icon itself is shown.
umn/source/mrs_manager_operation_guide_applicable_to_3.x/hosts/host_management_page/viewing_the_host_dashboard.rst,Viewing the Host Dashboard,en-us_image_0000001392254950.png,icon,pass,1.00,"The image is a small downward-pointing triangle (dropdown arrow) icon, consistent with its use in the RST as the trigger for the 'Export' dropdown in the chart area. | The RST states 'choose |image2| > Export to export detailed monitoring metric data', which matches a dropdown menu icon. | The icon is semantically appropriate for a dropdown menu trigger in a monitoring chart interface. | No contradictions between the image content and the document description.",The full UI context (the chart area with the Export menu) is not visible; only the icon itself is shown.
umn/source/mrs_manager_operation_guide_applicable_to_3.x/hosts/host_management_page/viewing_the_host_dashboard.rst,Viewing the Host Dashboard,en-us_image_0000001442773705.png,icon,pass,1.00,"The image is a question-mark-in-circle icon, a standard help/description symbol. | The RST states 'You can click |image3| next to the title of a monitoring indicator to open the description of the monitoring indicator', which perfectly matches a help/info icon. | The icon is semantically appropriate for providing a description tooltip or popup for a monitoring metric. | No contradictions between the image content and the document description.",The full UI context (the monitoring indicator title with the help icon beside it) is not visible; only the icon itself is shown.
umn/source/mrs_manager_operation_guide_applicable_to_3.x/hosts/resource_overview/cluster.rst,Cluster,en-us_image_0000001442653713.png,screenshot,pass,1.00,"Screenshot clearly shows the Cluster tab selected among Distribution, Trend, Cluster, Host tabs | Specify Cluster and Export Data buttons are visible as described in the RST | Time range options 1h, 2h, 6h, 12h, 1d, 1w, 1m are all visible in the top-right | Five monitoring charts (CPU, Disk, Memory, Network Tx, Network Rx) are displayed | Pencil icon and dropdown arrow visible in top-right corner matching image1 and image2 references",
umn/source/mrs_manager_operation_guide_applicable_to_3.x/hosts/resource_overview/cluster.rst,Cluster,en-us_image_0000001392414454.png,icon,pass,0.88,Small pencil/edit icon matching the |image1| reference for customizing time range | The icon is consistent with a time-range customization control in the UI | Directly referenced in the RST as the element to click for customizing time range,"Icon is small and slightly blurry, making fine detail hard to assess | No surrounding UI context visible to confirm exact placement"
umn/source/mrs_manager_operation_guide_applicable_to_3.x/hosts/resource_overview/cluster.rst,Cluster,en-us_image_0000001442494097.png,icon,pass,0.88,Small downward-pointing triangle icon matching the |image2| reference for the Customize dropdown | Consistent with a dropdown/expand control used to access the Customize option | Directly referenced in the RST as the element to choose before Customize for metrics,"Icon is very small and low-resolution, limiting detail assessment | No surrounding UI context visible to confirm exact placement"
umn/source/mrs_manager_operation_guide_applicable_to_3.x/hosts/resource_overview/distribution.rst,Distribution,en-us_image_0000001442773633.png,screenshot,pass,1.00,"Image shows the Resource Overview page with the Distribution tab selected, matching the RST description exactly. | Time range options (1h, 2h, 6h, 12h, 1d, 1w, 1m) are visible with 1h highlighted as default, consistent with the RST. | Select Metric and Export Data buttons are present as described in the RST. | A bar chart with color-coded columns (Host CPU Usage, Host Memory Usage, Host Disk Usage) is displayed across metric ranges. | A tooltip showing 'Host Disk Usage-Host number: 1' is visible, matching the RST description of hovering over a color column. | A table at the bottom shows Host Name, Cluster, and min/max/avg values for each metric, consistent with the RST.",
umn/source/mrs_manager_operation_guide_applicable_to_3.x/hosts/resource_overview/distribution.rst,Distribution,en-us_image_0000001392733954.png,icon,pass,1.00,"The RST references this image as |image1| with the text 'You can click |image1| to customize a time range.' | The image is a small pencil/edit icon, which is a standard UI symbol for customizing or editing a value. | The icon is consistent with a time-range customization button typically found in monitoring dashboards. | The icon appears in the top-right area of the screenshot (Image 1) next to the time range options, confirming its role.",
umn/source/mrs_manager_operation_guide_applicable_to_3.x/hosts/resource_overview/host.rst,Host,en-us_image_0000001392254918.png,screenshot,pass,1.00,"The image is a UI screenshot of the MRS Manager 'Host' tab under Resource Overview, matching the figure caption 'Host tab'. | It shows the 'Basic Configurations (CPU/Memory)' pie chart with legend entries in the 'Number of cores (CPU architecture) Memory size' format (e.g., 16Core (aarch64) 57GB), as described in the RST. | It shows the 'Disk Configurations' scatter plot with horizontal axis Capacity(GB) and vertical axis Disks, matching the RST description of total disk capacity vs. number of logical disks. | The 'Export Data' button and host table columns (Host Name, Management IP, Cluster, Type, Cores, Platform, Memory, Disks, Total Capacity) align with the RST's export and host-list details. | No visible contradiction between the image content and the RST text.","Hover tooltips (e.g., per-slice or per-dot details) are not visible in the static screenshot, though the RST describes them. | The exact cluster name is masked/redacted in the management IP column."
umn/source/mrs_manager_operation_guide_applicable_to_3.x/hosts/resource_overview/trend.rst,Trend,en-us_image_0000001442773637.png,screenshot,pass,1.00,"Image is labeled Figure 1 'Trend tab' and shows the Trend tab UI with Distribution, Trend, Cluster, Host tabs. | Displays 'All clusters' dropdown, 'Add Host to Chart' and 'Export Data' buttons as described in the RST. | Time range options 1h, 2h, 6h, 12h, 1d, 1w, 1m are visible in the top-right corner. | Five trend charts (CPU Usage, Disk Usage, Memory Usage, Network Tx Speed, Network Rx Speed) show max, min, and average lines. | The 'Average Value' legend and time axis (14:30–15:15) confirm the default 1h monitoring window.",
umn/source/mrs_manager_operation_guide_applicable_to_3.x/hosts/resource_overview/trend.rst,Trend,en-us_image_0000001442653669.png,icon,pass,1.00,"The RST references |image1| as the icon to click for customizing a time range. | The image is a small blue pencil/edit icon, consistent with a 'customize' or 'edit' action. | The icon is also visible in the top-right of the Trend tab screenshot (Image 1) next to the time range options. | No contradiction between the icon's appearance and its described function.",
umn/source/mrs_manager_operation_guide_applicable_to_3.x/hosts/resource_overview/trend.rst,Trend,en-us_image_0000001392573998.png,icon,pass,1.00,"The RST references |image2| as the icon to click before choosing 'Customize' for metrics. | The image is a small downward-pointing triangle (dropdown arrow), consistent with a menu/dropdown trigger. | The same dropdown arrow is visible in the top-right of the Trend tab screenshot (Image 1) next to the pencil icon. | No contradiction between the icon's appearance and its described function.",
umn/source/mrs_manager_operation_guide_applicable_to_3.x/log_management/viewing_role_instance_logs.rst,Viewing Role Instance Logs,en-us_image_0000001392254946.png,screenshot,pass,0.93,"The image shows a 'Log' panel header followed by a two-column list of clickable log file names, matching the RST step 'In the Log area, click the name of a log file'. | The figure caption 'Viewing instance logs' aligns with the document title 'Viewing Role Instance Logs'. | Log file names appear as blue hyperlink-style entries, consistent with clickable log files described in the procedure. | No visible element contradicts the surrounding text.","The image does not show the log content preview after clicking a file. | The 'Load More' and 'Download' controls mentioned in the note are not visible in this image. | No cluster/service/instance navigation context is shown, only the Log area fragment."
umn/source/mrs_manager_operation_guide_applicable_to_3.x/o_and_m/alarms/configuring_the_alarm_masking_status.rst,Configuring the Alarm Masking Status,en-us_image_0000001392733962.png,screenshot,pass,1.00,"The image is a UI screenshot of the 'Masking' setting area, matching the figure caption 'Masking an alarm' in the RST. | It shows a service/module tree on the left (Test, Host, DBService, Flink, etc.), consistent with the step to select a service or module. | The alarm table displays Name, ID, Object, Severity, Masking Status, and Operation columns, matching the RST description of alarm information. | Masking Status shows 'Display' and Operation shows 'Mask' and 'View Help', aligning with the RST's Display/Masking statuses and Masking/Help operations. | Filter controls (keyword search and 'All masking statuses' dropdown) match the note about filtering by masking status and severity.","The 'Masking' status value is not shown in the visible rows (only 'Display' appears). | The severity filter control is not explicitly visible, only the masking status dropdown."
umn/source/mrs_manager_operation_guide_applicable_to_3.x/o_and_m/alarms/configuring_the_threshold.rst,Configuring the Threshold,en-us_image_0000001442413885.png,screenshot,pass,0.88,"The screenshot clearly shows the MRS Manager Thresholds page with a left-side metric tree and a right-side detail panel, matching the RST description of Figure 1. | Visible elements include Switch, Alarm ID, Alarm Name, Trigger Count, Check Period, Create Rule button, and a rule table with Rule Name, Effective, Date, Threshold Type, Threshold, and Operation columns. | The RST states 'after selecting Host Memory Usage' but the image shows 'Host File Handle Usage' selected, which is a specific metric mismatch. | The RST mentions 'Alarm Severity' as a visible field, but it is not clearly visible in the screenshot.",The RST example references 'Host Memory Usage' but the image displays 'Host File Handle Usage'. | The 'Alarm Severity' field mentioned in the RST bullet points is not clearly visible in the screenshot.
umn/source/mrs_manager_operation_guide_applicable_to_3.x/o_and_m/alarms/configuring_the_threshold.rst,Configuring the Threshold,en-us_image_0000001392574010.png,icon,pass,1.00,"The image is a small toggle-switch icon in the 'on' (green/teal) state, which matches the RST reference |image1| describing the alarm sending switch indicator. | The RST states: 'If the alarm sending switch is displayed as |image1|, an alarm is triggered if the threshold is reached,' and the icon correctly represents an enabled/on switch state. | The icon is used inline in the procedure section for configuring thresholds, making it directly relevant.",
umn/source/mrs_manager_operation_guide_applicable_to_3.x/o_and_m/alarms/configuring_the_threshold.rst,Configuring the Threshold,en-us_image_0000001392254890.png,icon,pass,1.00,"The image is a small circular plus (+) icon, which matches the RST reference |image2| for adding time thresholds. | The RST note states: 'You can click |image2| or |image3| to add or delete time thresholds,' and the plus icon correctly represents the 'add' action. | The icon is directly relevant to the threshold configuration procedure.",
umn/source/mrs_manager_operation_guide_applicable_to_3.x/o_and_m/alarms/configuring_the_threshold.rst,Configuring the Threshold,en-us_image_0000001442653685.png,icon,pass,1.00,"The image is a small trash-can / delete icon, which matches the RST reference |image3| for deleting time thresholds. | The RST note states: 'You can click |image2| or |image3| to add or delete time thresholds,' and the trash icon correctly represents the 'delete' action. | The icon is directly relevant to the threshold configuration procedure.",
umn/source/mrs_manager_operation_guide_applicable_to_3.x/o_and_m/alarms/overview_of_alarms_and_events.rst,Overview of Alarms and Events,en-us_image_0000001392254906.png,screenshot,pass,1.00,"Image is the Events page screenshot referenced as Figure 1 in the Events section. | Shows the Events title, Export All button, All sources / All Objects filters, Advanced Search, refresh and filter controls. | Table columns (Event Name, Event ID, Severity, Generated, Source, Object, Location) match Table 2 in the RST. | Sample rows (Restart Service, Delete Service) are consistent with event examples.",No additional information beyond the visible page; all RST-described elements are present.
umn/source/mrs_manager_operation_guide_applicable_to_3.x/o_and_m/alarms/overview_of_alarms_and_events.rst,Overview of Alarms and Events,en-us_image_0000001392574038.png,icon,pass,1.00,"Image is a downward chevron/expand icon matching |image1| used to expand alarm details. | RST states clicking this icon on the left of an alarm views detailed alarm parameters. | Icon is an isolated UI symbol, consistent with an expand control.",Icon is small and low-resolution; exact glyph detail is limited but clearly a chevron.
umn/source/mrs_manager_operation_guide_applicable_to_3.x/o_and_m/alarms/overview_of_alarms_and_events.rst,Overview of Alarms and Events,en-us_image_0000001392574030.png,icon,pass,1.00,Image is a circular refresh arrow matching |image2|/|image5| for manually refreshing the page. | RST describes clicking this icon to refresh the current page. | Icon is an isolated UI symbol consistent with a refresh control.,Icon is small and low-resolution; exact glyph detail is limited but clearly a refresh symbol.
umn/source/mrs_manager_operation_guide_applicable_to_3.x/o_and_m/alarms/overview_of_alarms_and_events.rst,Overview of Alarms and Events,en-us_image_0000001392414438.png,icon,pass,1.00,Image is a funnel/filter icon matching |image3| used to filter columns to display. | RST states clicking this icon filters columns. | Icon is an isolated UI symbol consistent with a filter control.,Icon is small and low-resolution; exact glyph detail is limited but clearly a filter funnel.
umn/source/mrs_manager_operation_guide_applicable_to_3.x/o_and_m/alarms/overview_of_alarms_and_events.rst,Overview of Alarms and Events,en-us_image_0000001392414442.png,icon,pass,1.00,Image is a downward chevron/expand icon matching |image4| used to expand event details. | RST states clicking this icon on the left of an event views detailed event parameters. | Icon is an isolated UI symbol consistent with an expand control.,Icon is small and low-resolution; exact glyph detail is limited but clearly a chevron.
umn/source/mrs_manager_operation_guide_applicable_to_3.x/o_and_m/alarms/overview_of_alarms_and_events.rst,Overview of Alarms and Events,en-us_image_0000001392733994.png,icon,pass,1.00,Image is a funnel/filter icon matching |image6| used to filter columns to display on the Events page. | RST states clicking this icon filters columns. | Icon is an isolated UI symbol consistent with a filter control.,Icon is small and low-resolution; exact glyph detail is limited but clearly a filter funnel.
umn/source/mrs_manager_operation_guide_applicable_to_3.x/o_and_m/log/log_download.rst,Log Download,en-us_image_0000001392254938.png,icon,partial,0.73,"The image is a small icon with three colored dots, consistent with a dropdown or selector UI element. | The RST references this as |image1| for clicking to select a service in the log download procedure. | The icon is too small to clearly identify the specific UI control it represents. | It is directly referenced in step 3a of the Procedure section.","The icon is very small and low-resolution, making it difficult to confirm it is specifically a service selector dropdown. | No surrounding UI context is visible to confirm the exact control type."
umn/source/mrs_manager_operation_guide_applicable_to_3.x/o_and_m/log/log_download.rst,Log Download,en-us_image_0000001392414466.png,icon,partial,0.73,"The image is a small icon with three colored dots, similar to image1, consistent with a dropdown or selector UI element. | The RST references this as |image2| for clicking to select the required host in the log download procedure. | The icon is too small to clearly identify the specific UI control it represents. | It is directly referenced in step 3b of the Procedure section.","The icon is very small and low-resolution, making it difficult to confirm it is specifically a host selector dropdown. | No surrounding UI context is visible to confirm the exact control type."
umn/source/mrs_manager_operation_guide_applicable_to_3.x/o_and_m/log/log_download.rst,Log Download,en-us_image_0000001392574062.png,icon,partial,0.78,"The image clearly shows a blue pencil/edit icon, a standard symbol for editing or configuring settings. | The RST references this as |image3| for clicking to configure Start Time and End Time in the log download procedure. | A pencil icon is a reasonable and common representation for an edit/configure action. | It is directly referenced in step 3d of the Procedure section.",No surrounding UI context is visible to confirm this is specifically the time-range configuration button in the upper right corner. | The icon is isolated without any label or additional context.
umn/source/mrs_manager_operation_guide_applicable_to_3.x/o_and_m/log/log_online_search.rst,Log Online Search,en-us_image_0000001442413841.png,icon,pass,1.00,"The image is a small blue pencil/edit icon, a standard UI symbol for editing or customizing. | The RST references this icon as the action to 'customize Start Data and End Data' for log search duration, which aligns perfectly with an edit/pencil icon. | The icon is placed in the Procedure section, step 3, within the log search parameter configuration context. | No contradictions between the icon's meaning (edit/customize) and its described function in the document.","The icon is very small and slightly blurry, but the pencil shape is still identifiable."
umn/source/mrs_manager_operation_guide_applicable_to_3.x/o_and_m/log/log_online_search.rst,Log Online Search,en-us_image_0000001442773597.png,icon,pass,0.88,"The image is a small icon showing three colored dots (orange, blue, orange) on a white background. | The RST references this icon as the action to 'select hosts' in the Host Scope parameter of the log search procedure. | The icon is placed in the Procedure section, step 3, within the Host Scope parameter description. | The three-dots icon is a common UI symbol for 'more options' or 'select', which is consistent with a host selection action, though the exact mapping is slightly ambiguous. | No contradictions between the icon and its described function.","The icon is very small and low-resolution, making it difficult to determine the exact UI element it represents. | It is unclear whether the three dots represent a specific 'select hosts' tool or a generic 'more options' menu."
umn/source/mrs_manager_operation_guide_applicable_to_3.x/security_management/security_hardening/hfile_and_wal_encryption.rst,HFile and WAL Encryption,en-us_image_0000001392734050.png,screenshot,pass,1.00,"The image is a screenshot of the HBase HMaster web page showing the 'Region Servers' view with the 'Compactions' tab active. | It displays columns including 'Compaction Progress' and 'Remaining Cells', matching the RST step 6 in 'Modifying a Key File' about viewing major compact progress from the HMaster web page. | The visible values (Compaction Progress at 100.00% and Remaining Cells at 0) align with the RST condition that all items in Compaction Progress reach 100% and Remaining KVs are 0. | The image is placed exactly where the RST references |image1| for viewing major compact progress, so it is semantically relevant to the section.","The ServerName column values are partially truncated/obscured, but this does not affect the relevance of the compaction progress data."
umn/source/mrs_manager_operation_guide_applicable_to_3.x/security_management/security_hardening/updating_ssh_keys_for_user_omm.rst,Updating SSH Keys for User omm,en-us_image_0000001442773649.png,icon,partial,0.77,"The image is a small three-dot (ellipsis) menu icon, matching the |image1| placeholder used in step 12 ('choose |image1| > Start'). | It is an isolated UI symbol (pictogram), not a full screenshot, so it is classified as an icon. | The icon is semantically consistent with a 'more actions' menu that leads to the Start option in MRS Manager. | No visible interactive buttons or controls beyond the symbol itself.",The icon is generic and does not show the actual 'Start' menu item it is meant to open. | No surrounding MRS Manager interface is visible to confirm the exact menu context.
umn/source/mrs_manager_operation_guide_applicable_to_3.x/security_management/security_overview/permission_verification_policies.rst,Permission Verification Policies,en-us_image_0000001392733938.png,other,fail,0.00,Local color check detected #3298ff.,
umn/source/mrs_manager_operation_guide_applicable_to_3.x/security_management/security_overview/right_model.rst,Right Model,en-us_image_0000001392574050.png,other,pass,1.00,"The image is a conceptual diagram titled 'Right model' matching the figure referenced in the RST. | It depicts operation rights (A, C, D, F) at the top, roles (A, B, C) in the middle, and users (A, B, C) at the bottom, consistent with the RST's description of rights, roles, and users. | Dashed lines connect users to roles, illustrating the association described in the text. | The diagram directly supports the 'Right Model' section content.","User groups are not explicitly shown as a separate layer in the diagram, though the RST lists them as one of the four parts. | No explicit component names (e.g., HDFS, HBase) are labeled in the image."
umn/source/mrs_manager_operation_guide_applicable_to_3.x/sql_inspector/configuring_clickhouse_sql_inspection.rst,Configuring ClickHouse SQL Inspection,en-us_image_0000002007717733.png,screenshot,pass,1.00,"The image is a UI screenshot of the MRS Manager SQL Inspector rule-adding interface, matching the figure caption 'Adding a ClickHouse SQL inspection rule'. | The left panel shows rule fields Name 'test', ID 'static_0008', and Tenant 'default', consistent with the RST example of adding a rule whose ID is static_0008. | The right 'Add Service and Action' dialog shows Service set to ClickHouse with the Hint toggle enabled and Intercept disabled, matching the RST description that the rule displays a hint. | Interactive controls (toggles, OK/Cancel buttons, Add/Clear All links) are visible, confirming it is an application screenshot.","The specific rule content (cluster-level table update check) is not visible in the dialog, only the service and action toggles are shown."
umn/source/mrs_manager_operation_guide_applicable_to_3.x/sql_inspector/configuring_doris_sql_inspection.rst,Configuring Doris SQL Inspection,en-us_image_0000002413536053.png,screenshot,pass,1.00,"Image shows a role creation form with Role Name field and Configure Resource Permission section, matching Figure 1 caption 'Creating a Doris role'. | The resource permission breadcrumb shows 'All resources / Cluster / Doris / Doris Read Write Privileges', consistent with the RST instruction to choose the target cluster > Doris and select Doris Read and Write Privileges. | The 'internal' row with Resource Type 'Catalog' has all six permissions (Select, Drop, Load, Alter, Create, Grant) checked, exactly as described in the RST. | The role name 'doris_role' is a reasonable example variant of the RST's suggested 'dorisrole' (RST says 'for example').",The OK button mentioned in the RST ('click OK') is not visible in this cropped screenshot.
umn/source/mrs_manager_operation_guide_applicable_to_3.x/sql_inspector/configuring_doris_sql_inspection.rst,Configuring Doris SQL Inspection,en-us_image_0000002379936846.png,screenshot,pass,1.00,"Image shows the SQL Inspector > Add Rule page with a modal dialog 'Add Service and Action', matching Figure 2 caption 'Adding a Doris SQL inspection rule'. | The rule ID is 'static_0001' and the service is 'Doris', matching the RST description of adding the static_0001 rule for Doris. | The Hint threshold is set to 1 and the Intercept threshold is set to 6, exactly as stated in the RST ('threshold to 1 for the Hint action and 6 for the Intercept action'). | The page header 'SQL Inspector > Add Rule' and the warning text about interception/blocking align with the RST context.","The full rule name field shows 'static-0001-doris' which is a display name; the RST refers to the rule as 'static_0001' (the ID field), so there is no true contradiction but the naming convention is slightly different."
umn/source/mrs_manager_operation_guide_applicable_to_3.x/sql_inspector/configuring_hetuengine_sql_inspection.rst,Configuring HetuEngine SQL Inspection,en-us_image_0000002007758273.png,screenshot,pass,1.00,"The image is a UI screenshot of the MRS Manager SQL Inspector rule-adding interface, matching the figure caption 'Adding a HetuEngine SQL inspection rule'. | The left panel shows rule ID 'static_0001' and Name 'test', consistent with the RST example of adding rule static_0001. | The right 'Add Service and Action' dialog shows Service set to 'HetuEngine' with the Hint toggle enabled and threshold value 2, matching the RST description of a hint when count distinct exceeds two times. | Interactive controls (OK, Cancel, toggles, Add/Clear links) are visible, confirming a screenshot with interface elements.",The full rule list and the Services and Actions table are partially cut off at the bottom of the image.
umn/source/mrs_manager_operation_guide_applicable_to_3.x/sql_inspector/configuring_hive_sql_inspection.rst,Configuring Hive SQL Inspection,en-us_image_0000001971237698.png,screenshot,pass,1.00,"The image is a UI screenshot of the MRS Manager 'Add Service and Action' dialog, matching the figure caption 'Adding a Hive SQL inspection rule'. | The form shows ID 'static_0001' and a Hint threshold of 2, consistent with the RST example of adding rule static_0001 to check count distinct more than two times and display a hint. | The Service dropdown is set to 'Hive', aligning with the Hive SQL inspection topic. | Interactive controls (OK, Cancel, toggles, dropdown) are visible, confirming it is an application screenshot. | No visible content contradicts the surrounding procedure text.",The full rule name field and tenant list are partially obscured by the dialog overlay.
umn/source/mrs_manager_operation_guide_applicable_to_3.x/sql_inspector/configuring_spark_sql_inspection.rst,Configuring Spark SQL Inspection,en-us_image_0000001971077934.png,screenshot,pass,1.00,Shows the MRS Manager UI for adding a Spark SQL inspection rule with ID static_0001 | The Add Service and Action dialog shows Spark service selected with Hint threshold set to 2 | Matches Figure 1 caption: Adding a Spark SQL inspection rule | Aligns with step 2 of the procedure describing rule configuration,
umn/source/mrs_manager_operation_guide_applicable_to_3.x/sql_inspector/configuring_spark_sql_inspection.rst,Configuring Spark SQL Inspection,en-us_image_0000001971237702.png,screenshot,pass,1.00,Shows the Yarn ResourceManager WebUI All Applications page | Application ID application_1692282925981_0002 is highlighted with a red box | The application name shows a select count(distinct...) query matching the RST example | Matches step 6b instruction to click the ID of the target application,
umn/source/mrs_manager_operation_guide_applicable_to_3.x/sql_inspector/configuring_spark_sql_inspection.rst,Configuring Spark SQL Inspection,en-us_image_0000002007717737.png,screenshot,pass,1.00,Shows the application attempt details table with a Logs link highlighted in a red box | Matches step 6c instruction to click Logs of the application | The attempt ID and timestamp are visible confirming it is the application details page,
umn/source/mrs_manager_operation_guide_applicable_to_3.x/sql_inspector/configuring_spark_sql_inspection.rst,Configuring Spark SQL Inspection,en-us_image_0000002007758277.png,screenshot,pass,1.00,Shows the Local Logs page with various log files listed | The stdout entry is highlighted with a red box showing Total file length is 781024 bytes | Matches step 6c instruction to click stdout logs to view SQL inspection details,
umn/source/mrs_manager_operation_guide_applicable_to_3.x/sql_inspector/configuring_spark_sql_inspection.rst,Configuring Spark SQL Inspection,en-us_image_0000001971077942.png,screenshot,pass,0.88,"Shows log output with the static_0001 rule triggering on COUNT(DISTINCT) occurrence | The highlighted line shows the AnalysisException with intercept threshold | Matches step 6c showing SQL inspection details from stdout logs | The image shows intercept threshold(3) while the RST text example shows threshold(2), a minor discrepancy","The RST text states intercept threshold(2) but the image shows threshold(3), suggesting a different configuration was used for the screenshot"
umn/source/mrs_manager_operation_guide_applicable_to_3.x/sql_inspector/configuring_whitelist_for_sql_inspection_rules.rst,Configuring Whitelist for SQL Inspection Rules,en-us_image_0000002586558817.png,screenshot,pass,1.00,"Image is a UI dialog titled 'Advanced Configurations' matching the figure caption in the RST. | Dialog text 'Select the service to skip using the skip parameter for SQL defense rules' aligns with the procedure step about skipping SQL inspection rules. | Checkboxes for Hive and Spark are shown, matching the RST note that only Hive and Spark support skipping SQL inspection rules. | OK and Cancel buttons are visible, consistent with the step instructing to click OK. | The image is placed in the Procedure section step 3, matching its semantic context.","The RST mentions verifying the user password, but no password field is visible in the dialog image. | No cluster or component context beyond the two checkboxes is shown."
umn/source/mrs_manager_operation_guide_applicable_to_3.x/system_configuration/component_management/viewing_component_packages.rst,Viewing Component Packages,en-us_image_0000001442653705.png,icon,pass,0.83,"The image is a small downward-pointing chevron/arrow, an isolated UI symbol (icon), not a full screenshot. | The RST references this exact image (|image1|) in Procedure step 3 as the control clicked on the left of a component name to expand services and version numbers. | A downward chevron is consistent with an expand/collapse control, matching the described action. | The icon is placed in the Procedure section and directly supports the 'Viewing Component Packages' workflow.",No surrounding component list or page context is visible in the image. | No text or label accompanies the icon to confirm its exact function beyond an expand arrow.
umn/source/mrs_manager_operation_guide_applicable_to_3.x/system_configuration/configuring_interconnections/configuring_monitoring_metric_dumping.rst,Configuring Monitoring Metric Dumping,en-us_image_0000001392414386.png,icon,pass,1.00,"The image is an isolated toggle-switch symbol, matching the icon classification. | The RST step 3 references |image1| to indicate the 'Upload Performance Data' service is enabled after toggling on. | The toggle is shown in the on position (knob to the right), consistent with the 'service is enabled' description. | The image is placed within the Procedure section, directly supporting the toggle-on instruction. | No contradiction between the image and the surrounding text.",The image is a standalone toggle symbol without surrounding UI context (no labels or page frame). | No explicit on/off state labels are visible in the image itself.
umn/source/mrs_manager_operation_guide_applicable_to_3.x/system_configuration/configuring_interconnections/configuring_snmp_northbound_parameters.rst,Configuring SNMP Northbound Parameters,en-us_image_0000001392414386.png,icon,pass,1.00,"The image is a small toggle-switch graphic shown in the on/enabled position. | The RST explicitly states that |image1| indicates the SNMP service is enabled, which matches the toggle's on state. | It appears in Procedure step 3 (Toggle on SNMP Service), so it is directly relevant to that section. | No contradiction between the image and the surrounding text.","No surrounding UI context (labels, page, or panel) is visible, so the toggle cannot be tied to a specific field beyond the text description. | The image is an isolated control symbol, so it does not show the full SNMP configuration page."
umn/source/mrs_manager_operation_guide_applicable_to_3.x/system_configuration/configuring_interconnections/configuring_syslog_northbound_parameters.rst,Configuring Syslog Northbound Parameters,en-us_image_0000001392414386.png,icon,pass,1.00,"The image is a toggle switch in the enabled (on) position, directly matching the RST text that states '|image1| indicates that the service is enabled.' | The image is referenced in step 3 of the Procedure section, which describes toggling on the Syslog Service. | The visual content (a green/teal toggle with the knob on the right) clearly represents an 'on' state, consistent with the documentation context. | No contradictions between the image and the surrounding text.","The image is a cropped/isolated toggle symbol without surrounding UI context (no labels, no page frame), so it cannot be verified as part of the full MRS Manager Syslog configuration page."
umn/source/mrs_manager_operation_guide_applicable_to_3.x/system_configuration/importing_a_certificate.rst,Importing a Certificate,en-us_image_0000001392574046.png,icon,pass,0.83,"The image is a small three-dot/ellipsis pictogram, consistent with a clickable 'more/options' control. | It corresponds to the RST reference |image1| in step 2 ('Click |image1| on the right of Upload Certificate') of the certificate import procedure. | The icon is generic and not certificate-specific, so topic match is partial. | No contradiction between the icon and the surrounding procedure text.","No surrounding UI context is visible to confirm the exact placement next to 'Upload Certificate'. | The icon is low-resolution, making the exact glyph ambiguous."
umn/source/mrs_manager_operation_guide_applicable_to_3.x/system_configuration/oms_management/overview_of_the_oms_page.rst,Overview of the OMS Page,en-us_image_0000001392734006.png,icon,pass,1.00,"The image is a small solid green/teal circle, a typical status-indicator pictogram, matching the RST reference |image1| in the 'OMS Service Status' section. | The RST states that when each service module's status is displayed as this image, the OMS is running properly; a green dot is the conventional 'normal/healthy' status symbol, consistent with that description. | The image is an isolated UI symbol (status dot), not a full interface screenshot, so it is classified as an icon. | No interactive controls or buttons are visible in the image.",The image alone does not label the status; the 'running properly' meaning is supplied by the surrounding RST text rather than visible in the image.
umn/source/mrs_manager_operation_guide_applicable_to_3.x/tenant_resources/multi-tenancy/multi-tenancy_usage/process_overview.rst,Process Overview,en-us_image_0000001442653645.png,other,pass,1.00,"The image is a flowchart titled 'Creating a tenant', matching the figure caption in the RST. | Flow steps (Add a tenant, Add a sub-tenant, Add a user and bind the user to the tenant role) align with Table 1 operations. | Decision diamonds for sub-tenant and user addition reflect the process described in the Process Overview section. | No interactive UI controls are present; it is a static diagram.","No MRS Manager UI is shown, only an abstract process flow. | Specific tenant names or cluster IDs are not depicted in the diagram."
umn/source/mrs_manager_operation_guide_applicable_to_3.x/tenant_resources/multi-tenancy/technical_principles/multi-tenant_management.rst,Multi-Tenant Management,en-us_image_0000001442653677.png,screenshot,pass,1.00,"Shows the 'Tenant Resources Management' page with a left-side tenant tree (Test leaf tenant / default), matching the RST description of a tree-structure multi-tenant interface. | Right panel displays Summary tab with tenant name, type (Leaf Tenant), status, Yarn resource capacity, Resource Quota table, and a Chart section with time-range options, consistent with Figure 1. | Directly corresponds to the 'Graphical User Interface' section and Figure 1 caption 'Tenant management page of MRS Manager'.","Resource Quota table shows 'No data available', so specific quota values are not visible."
umn/source/mrs_manager_operation_guide_applicable_to_3.x/tenant_resources/multi-tenancy/technical_principles/multi-tenant_management.rst,Multi-Tenant Management,en-us_image_0000001392414410.png,screenshot,pass,1.00,"Displays a 'Graph' monitoring view with Computing Resource (Yarn Allocated Cores, Yarn Allocated Memory) and Storage Resource(HDFS) (HDFS Tenant File Object Details, HDFS Tenant Space Details) charts. | These metric names match Table 1 monitoring metrics in the RST (Yarn Allocated Cores/Memory, HDFS Tenant Space/File Object Details). | Includes time-range controls (Real Time, 4h, 8h, 12h, 1d, 1w, 1m) and a directory dropdown, consistent with the 'Graphical Resource Monitoring' section and Figure 2 'Refined monitoring'.","Charts are empty (no plotted data), so actual metric values are not shown."
umn/source/mrs_manager_operation_guide_applicable_to_3.x/tenant_resources/multi-tenancy/technical_principles/multi-tenant_management.rst,Multi-Tenant Management,en-us_image_0000001442413881.png,screenshot,pass,1.00,"Shows a Resource Quota table with Service, Resource, Percentage, Available, Used columns. | Rows for HDFS Space, Yarn Memory, and Yarn CPU align with the RST statement that Resource Quota includes vCores, memory, and HDFS storage resources. | Supports the 'Resource Usage Statistics' / 'Resource Quota' content in the Clear Resource Management section.","All percentages are 0.00% and used values are 0, so no active usage is demonstrated."
umn/source/mrs_manager_operation_guide_applicable_to_3.x/tenant_resources/multi-tenancy/technical_principles/multi-tenant_management.rst,Multi-Tenant Management,en-us_image_0000001392733966.png,icon,partial,0.77,"A small blue pencil/edit icon, matching the |image2| reference used in the RST for customizing a time range on the monitoring chart. | It is an isolated UI symbol rather than a full interface, so it is classified as an icon. | Relevant to the 'Graphical Resource Monitoring' section's time-range customization instruction.",No surrounding UI context is visible to confirm the exact control it represents.
umn/source/mrs_manager_operation_guide_applicable_to_3.x/tenant_resources/multi-tenancy/technical_principles/multi-tenant_management.rst,Multi-Tenant Management,en-us_image_0000001392254886.png,icon,partial,0.77,"A small black downward triangle/dropdown arrow icon, matching the |image3| reference used in the RST to open the menu for selecting 'Export'. | It is an isolated UI symbol, classified as an icon. | Relevant to the 'Graphical Resource Monitoring' section's export instruction.",No surrounding UI context is visible to confirm the exact control it represents.
umn/source/mrs_manager_operation_guide_applicable_to_3.x/tenant_resources/multi-tenancy/technical_principles/multi-tenant_model.rst,Multi-Tenant Model,en-us_image_0000001392733950.png,other,pass,1.00,"Image is a conceptual diagram showing the multi-tenant model with users, roles, tenants, and resources | Three users (A, B, C) are shown at the top, matching the RST description | Four roles (t1, t2, t3, Manager_tenant) are shown, matching Table 1 in the RST | Three tenants (t1, t2, t3) are shown with computing and storage resources allocated | The bottom section shows total cluster resources (computing and storage) as described | Connections between users and roles match Table 2 (User A to t1/t2, User B to t3, User C to t1) | The figure is explicitly referenced as Figure 1 in the Related Model section",
umn/source/mrs_manager_operation_guide_applicable_to_3.x/tenant_resources/using_the_capacity_scheduler/creating_tenants/adding_a_sub-tenant.rst,Adding a Sub-Tenant,en-us_image_0000001442653665.png,icon,pass,1.00,"The image is a small circular plus-sign icon, which is the standard 'add' button used in MRS Manager UI. | The RST references this image as |image1| in step 2 of the Procedure: 'select a parent tenant and click |image1|' to open the page for adding a sub-tenant. | The plus icon semantically matches the action of adding/creating a new sub-tenant described in the document. | The icon is used in the Procedure section where the user performs the add action, making it directly relevant to that section. | No contradiction exists between the icon (an add/plus symbol) and the textual instruction to click it to add a sub-tenant.","The image is a small isolated icon without surrounding UI context, so the exact button label or tooltip is not visible. | The full MRS Manager interface is not shown, so the placement of the button within the tenant list cannot be visually confirmed."
umn/source/mrs_manager_operation_guide_applicable_to_3.x/tenant_resources/using_the_capacity_scheduler/creating_tenants/adding_a_tenant.rst,Adding a Tenant,en-us_image_0000001442494033.png,icon,pass,1.00,"The image is a small circular icon containing a plus sign, a standard 'add' or 'create' symbol. | In the RST, |image1| is referenced in step 2 of the Procedure: 'Click |image1|. On the page that is displayed, configure tenant attributes…', which aligns with an add/create icon for creating a new tenant. | The icon is consistent with the topic of adding a tenant in MRS Manager. | No contradictions between the image and the surrounding text.","The image is a generic add icon; it does not show the surrounding UI context (e.g., the Tenant Resources page) that would confirm the exact placement."
umn/source/mrs_manager_operation_guide_applicable_to_3.x/tenant_resources/using_the_capacity_scheduler/managing_resources/adding_a_resource_pool.rst,Adding a Resource Pool,en-us_image_0000001392733930.png,icon,pass,1.00,"The image is a small double right-arrow (>>) symbol, a typical 'move/add to' list-transfer button icon. | The RST references this image as |image1| in the step 'select specified hosts and click |image1| to add the hosts to the Selected Hosts area', which exactly matches the move-arrow icon. | The icon is part of the 'Adding a Resource Pool' procedure (step 4, Resource attribute), so it is directly relevant to the document topic and section. | No contradiction between the icon's meaning (transfer hosts) and the surrounding text.","The image is low-resolution and small, but the double-arrow glyph is still clearly identifiable as a list-transfer control."
umn/source/mrs_manager_operation_guide_applicable_to_3.x/tenant_resources/using_the_capacity_scheduler/managing_resources/configuring_a_queue.rst,Configuring a Queue,en-us_image_0000001442653673.png,icon,pass,1.00,"The image is a small blue pencil/edit pictogram, an isolated UI symbol, so it is classified as an icon. | The RST references |image1| as the control to click next to 'Queue Configurations (Queue name)' to open the Modify Queue Configuration page, matching a modify/edit action. | A pencil icon is the conventional symbol for a modify/edit operation, consistent with the 'Modify' action described in the procedure. | The icon appears in the Procedure section (step 4 note) of the 'Configuring a Queue' document, directly relevant to the topic. | No contradiction between the image and the surrounding text.","The image is a low-resolution symbol, so surrounding UI context (e.g., the exact label or page) is not visible. | No textual label accompanies the icon within the image itself."
umn/source/mrs_manager_operation_guide_applicable_to_3.x/tenant_resources/using_the_capacity_scheduler/managing_resources/modifying_a_resource_pool.rst,Modifying a Resource Pool,en-us_image_0000001392414402.png,icon,pass,1.00,"The image shows a double right-arrow (>>) icon, a standard UI symbol for moving items into a target list. | The RST references this icon as the control to add hosts from Available Hosts to the resource pool, which semantically matches a rightward 'move/add' action. | The icon is placed in the Procedure section, step 4, describing host modification in the Resource area, making it directly relevant. | No contradiction between the icon's meaning and the documented action.","The image is a small isolated icon without surrounding UI context (no button label or panel), so the exact placement in the interface is not visible."
umn/source/mrs_manager_operation_guide_applicable_to_3.x/tenant_resources/using_the_capacity_scheduler/managing_resources/modifying_a_resource_pool.rst,Modifying a Resource Pool,en-us_image_0000001442413873.png,icon,pass,1.00,"The image shows a double left-arrow (<<) icon, a standard UI symbol for moving items out of a target list back to a source list. | The RST references this icon as the control to remove hosts from the resource pool back to Available Hosts, which semantically matches a leftward 'move/remove' action. | The icon is placed in the Procedure section, step 4, describing host deletion in the Resource area, making it directly relevant. | No contradiction between the icon's meaning and the documented action.","The image is a small isolated icon without surrounding UI context (no button label or panel), so the exact placement in the interface is not visible."
umn/source/mrs_manager_operation_guide_applicable_to_3.x/tenant_resources/using_the_capacity_scheduler/managing_tenants/deleting_a_tenant.rst,Deleting a Tenant,en-us_image_0000001442413945.png,icon,pass,1.00,"The image is a small trash-can pictogram, an isolated symbolic icon rather than a full UI screenshot. | The RST references |image1| in step 2 of the Procedure as the control to click in order to delete the target tenant, which matches a delete/trash icon. | The icon's delete semantics align directly with the document topic 'Deleting a Tenant'. | No element in the image contradicts the surrounding text about deleting a tenant.","The icon is low-resolution and grayscale, so any label or tooltip text is not visible. | No surrounding UI context is shown to confirm the exact placement of the delete control."
umn/source/mrs_manager_operation_guide_applicable_to_3.x/tenant_resources/using_the_capacity_scheduler/managing_tenants/restoring_tenant_data.rst,Restoring Tenant Data,en-us_image_0000001442494073.png,icon,pass,1.00,"The image is a small symbolic 'restore' icon (trash bin with a curved back arrow), matching the restore action described in the RST. | In step 4 the RST instructs the user to 'Click |image1|' to open the Restore Tenant Resource Data dialog, which aligns with this restore button icon. | The icon is placed in the Procedure section for restoring tenant data, so it is directly relevant to the section. | The visual clearly depicts a restore/undo symbol, consistent with the documented restore operation. | No contradiction between the icon and the surrounding text.","The image is an isolated icon without surrounding UI context, so the exact button label or placement cannot be confirmed. | The dialog box and 'Restore Tenant Resource Data' window referenced in the text are not shown in this image."
umn/source/mrs_manager_operation_guide_applicable_to_3.x/tenant_resources/using_the_superior_scheduler/creating_tenants/adding_a_sub-tenant.rst,Adding a Sub-Tenant,en-us_image_0000001392254894.png,icon,pass,1.00,"The image is a small circular plus (+) icon, the standard 'add' button symbol. | RST step 2 instructs the user to 'click |image1|' to open the page for adding a sub-tenant, which matches an add/plus icon. | The icon is semantically consistent with the 'Adding a Sub-Tenant' procedure and the action of creating a new sub-tenant. | No contradiction between the icon and the surrounding text.",The image shows only the isolated icon without surrounding UI context (no tenant list or page). | No text label or tooltip is visible on the icon to confirm its exact function.
umn/source/mrs_manager_operation_guide_applicable_to_3.x/tenant_resources/using_the_superior_scheduler/creating_tenants/adding_a_tenant.rst,Adding a Tenant,en-us_image_0000001392733934.png,icon,pass,1.00,"The image is a small circular icon with a plus sign, a standard 'add' or 'create new' button symbol. | The RST references this icon in step 2: 'Click |image1|. On the page that is displayed, configure tenant attributes...', which is exactly the action of initiating tenant creation. | The icon is placed in the Procedure section where the user is instructed to click it to open the tenant creation form. | The visual content (plus-in-circle) is consistent with an 'add tenant' action button in a management console.","The icon is very small and slightly blurry, but the plus-in-circle shape is clearly identifiable."
umn/source/mrs_manager_operation_guide_applicable_to_3.x/tenant_resources/using_the_superior_scheduler/creating_tenants/adding_a_tenant.rst,Adding a Tenant,en-us_image_0000001971074706.png,icon,pass,1.00,"The image is a small icon depicting a square/box with an arrow pointing outward from the top-right corner, a standard 'export' or 'open external' symbol. | The RST references this icon in step 5: 'For clusters of MRS 3.3.0 or later, click |image2| to export basic information about all tenants in the current cluster.' | The export icon is semantically consistent with the described action of exporting tenant information. | The icon is placed in the final step of the procedure, matching the context of post-creation export functionality.","The icon is very small and slightly blurry, but the export/share shape (box with outward arrow) is identifiable."
umn/source/mrs_manager_operation_guide_applicable_to_3.x/tenant_resources/using_the_superior_scheduler/managing_resources/adding_a_resource_pool.rst,Adding a Resource Pool,en-us_image_0000001442494081.png,icon,pass,1.00,"The image is a small double right-arrow (>>) icon, a typical 'move/add to' control used in dual-list-box UIs. | The RST explicitly references this image as the button to add selected hosts from the Available Hosts area to the Selected Hosts area. | It directly supports the 'Resource' attribute step in the Adding a Resource Pool procedure. | No contradiction between the icon and the surrounding text.","No surrounding UI context (list boxes, labels) is visible in the isolated icon. | No textual label accompanies the arrow symbol."
umn/source/mrs_manager_operation_guide_applicable_to_3.x/tenant_resources/using_the_superior_scheduler/managing_resources/configuring_a_queue.rst,Configuring a Queue,en-us_image_0000001442494093.png,icon,pass,1.00,"The image is a small pencil/edit symbol, matching the RST reference |image1| used to denote the Modify action next to Queue Configurations. | The RST instructs users to click this icon to access the Modify Queue Configuration page, which is exactly what a pencil/edit icon represents. | The icon is placed within the Procedure section (step 4 note), directly relevant to configuring a queue. | The visual content (a gray pencil) is consistent with an edit/modify control and contains no contradictory elements.","The image is an isolated icon without surrounding UI context, so the exact placement next to 'Queue Configurations (Queue name)' cannot be visually confirmed. | No label or text accompanies the icon in the image itself."
umn/source/mrs_manager_operation_guide_applicable_to_3.x/tenant_resources/using_the_superior_scheduler/managing_resources/modifying_a_resource_pool.rst,Modifying a Resource Pool,en-us_image_0000001442653649.png,icon,pass,1.00,"The image shows a double right-arrow (>>) icon, a standard UI symbol for adding or moving items to a target list. | The RST explicitly references this image (|image1|) in the context of adding hosts to a resource pool. | The icon is consistent with the 'Available Hosts' to 'Selected Hosts' transfer action described in the procedure.",No surrounding UI context is visible; only the isolated icon is shown.
umn/source/mrs_manager_operation_guide_applicable_to_3.x/tenant_resources/using_the_superior_scheduler/managing_resources/modifying_a_resource_pool.rst,Modifying a Resource Pool,en-us_image_0000001442773617.png,icon,pass,1.00,"The image shows a double left-arrow (<<) icon, a standard UI symbol for removing or moving items back from a list. | The RST explicitly references this image (|image2|) in the context of deleting hosts from a resource pool. | The icon is consistent with the 'Selected Hosts' to 'Available Hosts' transfer action described in the procedure.",No surrounding UI context is visible; only the isolated icon is shown.
umn/source/mrs_manager_operation_guide_applicable_to_3.x/tenant_resources/using_the_superior_scheduler/managing_tenants/deleting_a_tenant.rst,Deleting a Tenant,en-us_image_0000001392414394.png,icon,pass,1.00,"The image is a trash-can/delete pictogram, which directly matches the 'Deleting a Tenant' topic. | It corresponds to the RST substitution |image1| used in Procedure step 2 ('click the target tenant and click |image1|'), i.e., the delete control. | The icon is placed within the Procedure section and represents the exact delete action described. | The visual (a bin with a lid) is the conventional symbol for a delete operation, providing clear visual evidence. | No element of the image contradicts the surrounding text.","The icon is low-resolution and grayscale, so no label or tooltip text is visible to confirm the exact control name. | No surrounding UI context (button border, menu) is shown, only the isolated symbol."
umn/source/mrs_manager_operation_guide_applicable_to_3.x/tenant_resources/using_the_superior_scheduler/managing_tenants/restoring_tenant_data.rst,Restoring Tenant Data,en-us_image_0000001442494073.png,icon,pass,1.00,"The image is a small symbolic 'restore' icon (trash bin with a curved back arrow), matching the RST reference |image1| used in step 4 to initiate restoring tenant data. | It aligns with the Procedure section's action 'Click |image1|' to open the restore dialog. | The icon's restore/undo semantics are consistent with the 'Restoring Tenant Data' topic and the 'Restore Tenant Resource Data' window described in step 5. | No contradiction between the icon and the surrounding text.","The image is a standalone icon without surrounding UI context, so the exact menu location cannot be verified visually."
umn/source/mrs_quick_start/creating_a_job.rst,Creating a Job,en-us_image_0000001349137577.png,icon,pass,0.90,"The image is a small circular plus-sign icon, a standard 'add' symbol used in UI contexts. | The RST references this image as the control to click in order to add multiple service parameters, which matches the plus/add semantics of the icon. | The icon appears in the 'Submitting a Job on the GUI' section under the Service Parameter description, making it directly relevant to that section. | No contradiction exists between the icon's meaning (add) and the RST description (add multiple parameters).","The icon is generic and does not carry MRS-specific branding or labels, so its exact placement in the UI cannot be confirmed beyond the RST text."
umn/source/mrs_quick_start/using_clusters_with_kerberos_authentication_enabled.rst,Using Clusters with Kerberos Authentication Enabled,en-us_image_0000001296058144.png,screenshot,pass,1.00,"The image is a terminal screenshot showing the command 'hdfs dfs -ls /tmp/mapreduce_output' and its output, matching the RST step that runs this command after a successful MapReduce execution. | The output lists '_SUCCESS' and 'part-r-00000' under /tmp/mapreduce_output, consistent with the expected MapReduce program result described in the document. | The figure is placed in the 'Running a MapReduce Program' section as 'Figure 1 Program running result', directly relevant to the surrounding content. | No interactive UI controls or buttons are visible; it is a plain command-line interface.","The image resolution is low, but the command and output text are still legible and consistent with the RST."
umn/source/overview/application_scenarios.rst,Application Scenarios,en-us_image_0000001349190341.png,other,fail,0.00,Local color check detected #3298ff.,
umn/source/overview/application_scenarios.rst,Application Scenarios,en-us_image_0000001296750238.png,other,fail,0.00,Local color check detected #3298ff.,
umn/source/overview/application_scenarios.rst,Application Scenarios,en-us_image_0000001349390633.png,other,fail,0.00,Local color check detected #3298ff.,
umn/source/overview/components/alluxio.rst,Alluxio,en-us_image_0000001296430738.png,other,fail,0.00,Local color check detected #3298ff.,
umn/source/overview/components/apachedoris/basic_principles.rst,Basic Principles,en-us_image_0000002007968137.png,other,fail,0.00,Local color check detected #3298ff.,
umn/source/overview/components/carbondata.rst,CarbonData,en-us_image_0000001349110485.png,other,fail,0.00,Local color check detected #3298ff.,
umn/source/overview/components/cdl/cdl_basic_principles.rst,CDL Basic Principles,en-us_image_0000001349190333.png,other,pass,1.00,"The image is a technical diagram titled 'Rebalance of a task' showing three states: Healthy, Worker 2 Failure, and Task Rebalance. | It directly illustrates the RST description of CDLConnector instances working in distributed mode with rebalance capabilities. | The diagram shows tasks (C1, T1, T2, T3, T4, T5) being redistributed when a worker fails, matching the text about rebalancing tasks on other nodes. | The figure caption in the RST ('Figure 1 Rebalance of a task') matches the image content exactly.","No specific worker names or instance identifiers are shown, only generic boxes. | The diagram does not explicitly label which component is CDLConnector vs CDLService."
umn/source/overview/components/cdl/cdl_basic_principles.rst,CDL Basic Principles,en-us_image_0000001349309917.png,other,pass,1.00,"The image is an architecture diagram showing CDLService and CDLConnector components within a boundary box. | It depicts the data flow from RDMS (source database) through CDLConnector to DataLake (target), consistent with the RST description of capturing change events from OLTP databases and pushing to big data ecosystem. | A Kafka-like icon (connected circles) is shown at the bottom, representing the Kafka-based integration described in the overview. | The RST references this image as |image1| in the CDL structure section, and the diagram matches the described roles of CDLService (managing/creating jobs) and CDLConnector (executing data capture jobs).","The diagram does not explicitly label the Kafka component with text; it is represented only by an icon. | Specific supported databases (MySQL, PostgreSQL, Oracle) are not individually labeled; only 'RDMS' is shown. | The multi-active mode of CDLService and distributed mode of CDLConnector are not visually represented in the diagram."
umn/source/overview/components/clickhouse.rst,ClickHouse,en-us_image_0000001349110441.png,other,fail,0.00,Local color check detected #3298ff.,
umn/source/overview/components/clickhouse.rst,ClickHouse,en-us_image_0000001349390609.png,other,fail,0.00,Local color check detected #3298ff.,
umn/source/overview/components/clickhouse.rst,ClickHouse,en-us_image_0000001296590598.png,other,fail,0.00,Local color check detected #3298ff.,
umn/source/overview/components/clickhouse.rst,ClickHouse,en-us_image_0000001296270774.png,other,fail,0.00,Local color check detected #3298ff.,
umn/source/overview/components/dbservice/dbservice_basic_principles.rst,DBService Basic Principles,en-us_image_0000001349390605.png,other,fail,0.00,Local color check detected #3298ff.,
umn/source/overview/components/flink/flink_basic_principles.rst,Flink Basic Principles,en-us_image_0000001296750242.png,other,fail,0.00,Local color check detected #3298ff.,
umn/source/overview/components/flink/flink_basic_principles.rst,Flink Basic Principles,en-us_image_0000001715933368.png,other,fail,0.00,Local color check detected #3298ff.,
umn/source/overview/components/flink/flink_basic_principles.rst,Flink Basic Principles,en-us_image_0000001296590630.png,other,pass,1.00,"Image is a technical diagram showing Flink DataStream code and the corresponding streaming dataflow diagram | Code shows FlinkKafkaConsumer (source), map/keyBy/timeWindow/apply (transformations), RollingSink (sink) matching RST description | Diagram labels Source Operator, Transformation Operators, Sink Operator connected as a streaming dataflow | Matches Figure 3 caption and the RST text describing the mapping of a Flink program to a streaming dataflow",
umn/source/overview/components/flink/flink_basic_principles.rst,Flink Basic Principles,en-us_image_0000001296750246.png,other,pass,1.00,"Image shows condensed view of StreamingDataflow (Source, Map, KeyBy/Window/apply, Sink) and parallelled view with subtasks | Parallelled view shows different parallelism levels: KeyBy operator has Parallelism=2, Sink has Parallelism=1 | Matches RST statement that different operators may have different levels of parallelism | Corresponds to Figure 4 in the Pipeline Dataflow section",
umn/source/overview/components/flink/flink_basic_principles.rst,Flink Basic Principles,en-us_image_0000001296430770.png,other,pass,1.00,"Image shows Source and Map chained into an Operator Chain in the condensed view, matching RST description | Parallelled view shows each task except Sink paralleled into two subtasks (Source 1|Map 1, Source 2|Map 2, KeyBy 1, KeyBy 2) with Sink 1 having parallelism 1 | Labels 'Operator Chain' and 'Subtask (=Thread)' are visible, consistent with RST explanation | Corresponds to Figure 5 in the Pipeline Dataflow section about operator chaining",
umn/source/overview/components/flink/flink_enhanced_open_source_features/job_pipeline.rst,Job Pipeline,en-us_image_0000001349390637.png,other,fail,0.00,Local color check detected #3298ff.,
umn/source/overview/components/flink/flink_enhanced_open_source_features/job_pipeline.rst,Job Pipeline,en-us_image_0000001349110473.png,other,fail,0.00,Local color check detected #3298ff.,
umn/source/overview/components/flink/flink_enhanced_open_source_features/job_pipeline.rst,Job Pipeline,en-us_image_0000001349190345.png,other,fail,0.00,Local color check detected #3298ff.,
umn/source/overview/components/flink/flink_enhanced_open_source_features/window.rst,Window,en-us_image_0000001349390625.png,other,pass,0.88,"Diagram of overlapping sliding windows on a timeline, matching Figure 1 'Original structure of a window'. | Shows a data point assigned to multiple concurrent windows, consistent with the introduction's redundancy explanation. | Numeric values in the image (current time 100, windows 80-100/90-105/95-110/100-115/100-120) differ from the RST text (102nd second, [85,105)/[90,110)/[95,115)/[100,120)).",Exact window boundaries and the 102nd-second timestamp stated in the RST are not reflected in the diagram.
umn/source/overview/components/flink/flink_enhanced_open_source_features/window.rst,Window,en-us_image_0000001296430762.png,other,pass,1.00,"Shows 'Before optimization' overlapping windows and 'After optimization' panes, matching Figure 2 'Window optimization'. | Illustrates dividing a window into panes (sliding periods), consistent with optimization step 1. | Concept aligns with the RST description of restructuring the window into panes.","No explicit pane duration label, but the 5-second pane concept is implied by the timeline grid."
umn/source/overview/components/flink/flink_enhanced_open_source_features/window.rst,Window,en-us_image_0000001296590610.png,other,pass,1.00,"Shows 'Before optimization' multiple windows and 'After optimization' a single pane highlighted, matching Figure 3 'Saving data in a window'. | Depicts a data block saved into one pane only, consistent with optimization step 2 (single copy in memory). | Labels 'Time at which the data block arrives' align with the RST's timestamp-based pane assignment.","No explicit timestamp value, but the single-pane storage concept is clearly conveyed."
umn/source/overview/components/flink/flink_enhanced_open_source_features/window.rst,Window,en-us_image_0000001349110457.png,other,pass,1.00,"Highlights a 'Window to be triggered' (green outline) before and after optimization, matching Figure 4 'Triggering a window'. | Shows combining multiple panes into a complete window, consistent with optimization step 3. | Concept aligns with the RST description of computing all panes contained in a window.","No explicit trigger condition label, but the pane-combination concept is clear."
umn/source/overview/components/flink/flink_enhanced_open_source_features/window.rst,Window,en-us_image_0000001349309913.png,other,pass,1.00,"Shows 'Window that can be deleted' before reconstruction and 'Pane that can be deleted' after, matching Figure 5 'Deleting a window'. | Illustrates removing an unneeded pane from memory, consistent with optimization step 4. | Concept aligns with the RST's statement that unrequired panes can be deleted.","No explicit deletion trigger, but the pane-removal concept is clearly shown."
umn/source/overview/components/flink/flink_ha_solution.rst,Flink HA Solution,en-us_image_0000001296270790.png,other,fail,0.00,Local color check detected #3298ff.,
umn/source/overview/components/flink/relationship_with_other_components.rst,Relationship with Other Components,en-us_image_0000001349390773.png,other,fail,0.00,Local color check detected #3298ff.,
umn/source/overview/components/flume/flume_basic_principles.rst,Flume Basic Principles,en-us_image_0000001296590606.png,other,fail,0.00,Local color check detected #3298ff.,
umn/source/overview/components/flume/flume_basic_principles.rst,Flume Basic Principles,en-us_image_0000001349390617.png,other,fail,0.00,Local color check detected #3298ff.,
umn/source/overview/components/flume/flume_basic_principles.rst,Flume Basic Principles,en-us_image_0000001296270782.png,other,fail,0.00,Local color check detected #3298ff.,
umn/source/overview/components/flume/flume_basic_principles.rst,Flume Basic Principles,en-us_image_0000001296430750.png,other,pass,1.00,"The diagram depicts data transmission between Agent1 (Sink 1, Channel 1) and Agent2 (Source 2, Channel 2), matching Figure 4 'Data transmission process'. | Labeled steps (Start a transaction, Take events, Send events, Put events, Commit transaction) align with the RST description of transaction-based reliable transmission between agents. | The image is a static architecture/sequence diagram, not a UI screenshot or icon. | No interactive controls are visible in the diagram.","The diagram does not explicitly show the failure/retransmission (last transaction) step described in point 3 of the RST. | No explicit transaction identifiers or disk-commit detail are shown, though the RST mentions writing transactions to disk."
umn/source/overview/components/guardian.rst,Guardian,en-us_image_0000002007523933.png,other,pass,1.00,"Diagram shows Guardian architecture with OBS client, Guardian, IAM, and OBS server components | Arrows correctly depict authentication flow, temporary credential exchange, and ECS agency/account password interaction | Matches the RST description of Guardian providing temporary authentication credentials for OBS access | Figure is placed in the Guardian Architecture section as expected",No explicit mention of RPC or HTTPS interfaces in the diagram | TokenServer role not explicitly labeled in the diagram
umn/source/overview/components/guardian.rst,Guardian,en-us_image_0000001971003602.png,other,pass,1.00,"Diagram shows relationships between Guardian and components: HDFS, Hive, Spark, Flink, HBase, Loader, HetuEngine | Arrows depict authentication, temporary credential return, and read/write data to OBS | Matches the RST section on Relationships Between Guardian and Other Components | All components listed in the RST are present in the diagram",IAM component not shown in this diagram (only in Figure 1) | Fine-grained authentication content not explicitly depicted
umn/source/overview/components/hbase/hbase_basic_principles.rst,HBase Basic Principles,en-us_image_0000001349190357.png,other,fail,0.00,Local color check detected #3298ff.,
umn/source/overview/components/hbase/hbase_basic_principles.rst,HBase Basic Principles,en-us_image_0000001296590642.png,other,pass,1.00,"Image is the HBase architecture diagram referenced as Figure 1 in the 'HBase architecture' section. | Shows ZooKeeper cluster, HBase cluster (Client, Active HMaster, Standby HMaster, multiple RegionServers), and HDFS cluster, matching Table 1 module descriptions. | Labels and connections align with the textual description of Master, Client, RegionServer, ZooKeeper, and HDFS roles.",
umn/source/overview/components/hbase/hbase_basic_principles.rst,HBase Basic Principles,en-us_image_0000001440610749.png,other,pass,1.00,"Image is the HBase data model table referenced as Figure 2 in the 'HBase Data Model' section. | Displays Row Key, Timestamp, Column Family 1 (URI, Content), and Column Family N (Column 1, Column 2) columns, consistent with Table 2 concepts. | Dashed region boundaries illustrate that a table is divided into multiple Regions, matching the text about Region allocation and splitting.",
umn/source/overview/components/hbase/hbase_basic_principles.rst,HBase Basic Principles,en-us_image_0000001349309941.png,other,pass,1.00,"Image is the metadata-to-user-table mapping diagram referenced as Figure 4 in the 'Metadata Table' section. | Shows the hbase:meta metadata table mapping to User table 1 and User table N, matching the description of region location records. | Includes a legend distinguishing Mapping, Metadata table, and User table, supporting the textual explanation.",
umn/source/overview/components/hbase/hbase_basic_principles.rst,HBase Basic Principles,en-us_image_0000001296430786.png,other,pass,1.00,"Image is the data operation process diagram referenced as Figure 5 in the 'Data Operation Process' section. | Numbered steps 1, 2, 3 correspond to the three-step client flow: ZooKeeper lookup, hbase:meta RegionServer lookup, and user table RegionServer command. | Shows HBase client, ZooKeeper cluster, and RegionServers holding User table Region and hbase:meta metadata table, consistent with the text.",
umn/source/overview/components/hbase/hbase_enhanced_open_source_features.rst,HBase Enhanced Open Source Features,en-us_image_0000001296590634.png,other,fail,0.00,Local color check detected #3298ff.,
umn/source/overview/components/hbase/hbase_enhanced_open_source_features.rst,HBase Enhanced Open Source Features,en-us_image_0000001349190349.png,other,fail,0.00,Local color check detected #3298ff.,
umn/source/overview/components/hbase/hbase_enhanced_open_source_features.rst,HBase Enhanced Open Source Features,en-us_image_0000001388353450.png,other,pass,1.00,Image is a technical diagram illustrating the HIndex concept with before/after comparison of table structures | Shows a regular HBase table (Column Family A and B) and the same table with an added HIndex Column Family D | Left-side text boxes explain the delay difference between scanning without HIndex vs. using HIndex to locate a specific mobile number (18623542) | Directly matches the RST description of HIndex enabling queries based on specific column values,
umn/source/overview/components/hbase/hbase_enhanced_open_source_features.rst,HBase Enhanced Open Source Features,en-us_image_0000001296270810.png,other,pass,1.00,Image is a simple diagram showing one 'Empty Region' at the top with arrows pointing to four 'Region' boxes below | Directly illustrates the multi-point division concept described in the RST where an empty region is pre-divided into multiple regions | Matches the RST statement: 'an empty region is pre-divided into multiple regions to prevent performance deterioration',
umn/source/overview/components/hbase/hbase_enhanced_open_source_features.rst,HBase Enhanced Open Source Features,en-us_image_0000001296750250.png,other,pass,1.00,"Image is a technical architecture diagram showing the HBase dual-read working principle | Shows Dual Client, Active Cluster, Standby Cluster, and Offline write components with labeled arrows | Arrows indicate Real-time write to Active Cluster, Real-time read from both Active and Standby clusters to Dual Client, and Replication from Active to Standby | Matches the RST description of dual-cluster concurrent access where the user query is sent to both clusters simultaneously",
umn/source/overview/components/hbase/hbase_ha_solution.rst,HBase HA Solution,en-us_image_0000001349190369.png,other,pass,1.00,"The image is an architecture diagram showing Active HMaster, Standby HMaster, and a ZooKeeper cluster, matching the figure caption 'HMaster HA implementation architecture'. | Annotation 1 ('active HMaster writes states into ZooKeeper') aligns with the RST description of creating a master znode in the ZooKeeper cluster. | Annotation 2 ('When the active HMaster is faulty, automatic backup starts') aligns with the RST description of standby HMaster taking over via watch events. | The diagram is a static schematic, not a UI screenshot or icon, so it is classified as 'other'.",The diagram does not explicitly depict the watch events or session expiry mechanism described in the RST. | Client access flow (obtaining HMaster address from ZooKeeper) is not shown in the image.
umn/source/overview/components/hbase/relationship_with_other_components.rst,Relationship with Other Components,en-us_image_0000001349110589.png,other,pass,1.00,"The image is an architectural schematic (not a UI screenshot or icon) showing a ZooKeeper cluster, two HMaster nodes (Active and Standby), and multiple RegionServers, matching the figure caption 'Relationship between ZooKeeper and HBase'. | Arrows labeled 'Input message' and 'Monitoring' correspond to the RST bullets: RegionServer writes state to ZooKeeper, HMaster monitors RegionServers, and active/standby HMaster failover via ZooKeeper. | The diagram's annotations (e.g., 'The active HMaster monitors RegionServer', 'RegionServer writes its state information to ZooKeeper') align directly with the numbered list in the RST. | No interactive controls or buttons are present in the diagram.","The diagram does not depict HDFS, which is discussed in a separate subsection of the RST; this is not a contradiction but a scope limitation of the figure. | The exact ephemeral-node registration detail is implied rather than explicitly drawn in the diagram."
umn/source/overview/components/hdfs/hdfs_basic_principles.rst,HDFS Basic Principles,en-us_image_0000001349110533.png,other,fail,0.00,Local color check detected #3298ff.,
umn/source/overview/components/hdfs/hdfs_basic_principles.rst,HDFS Basic Principles,en-us_image_0000001296430834.png,other,fail,0.00,Local color check detected #3298ff.,
umn/source/overview/components/hdfs/hdfs_basic_principles.rst,HDFS Basic Principles,en-us_image_0000001296590686.png,other,pass,1.00,"The image is an architecture diagram (Figure 2) showing the QJM-based HDFS HA architecture, matching the RST figure reference. | It depicts three JournalNodes in a dashed group, an Active NameNode and a Standby NameNode, and multiple DataNodes, consistent with the RST description of the QJM HA solution. | Arrows labeled 'Write' and 'Read' between NameNodes and JournalNodes, plus 'Block reports to the active and standby NameNodes', align with the documented metadata synchronization and block reporting behavior. | No interactive UI controls are present; it is a static schematic, so it is classified as 'other'.","The diagram does not explicitly label the ZooKeeper/ZKFC components mentioned in the RST, though they are not required for this specific figure."
umn/source/overview/components/hdfs/hdfs_enhanced_open_source_features.rst,HDFS Enhanced Open Source Features,en-us_image_0000001296590626.png,other,fail,0.00,Local color check detected #3298ff.,
umn/source/overview/components/hdfs/hdfs_enhanced_open_source_features.rst,HDFS Enhanced Open Source Features,en-us_image_0000001349110469.png,other,fail,0.00,Local color check detected #3298ff.,
umn/source/overview/components/hdfs/hdfs_enhanced_open_source_features.rst,HDFS Enhanced Open Source Features,en-us_image_0000001296590622.png,other,fail,0.00,Local color check detected #3298ff.,
umn/source/overview/components/hdfs/hdfs_enhanced_open_source_features.rst,HDFS Enhanced Open Source Features,en-us_image_0000001349309929.png,other,fail,0.00,Local color check detected #3298ff.,
umn/source/overview/components/hdfs/hdfs_enhanced_open_source_features.rst,HDFS Enhanced Open Source Features,en-us_image_0000001296270802.png,other,pass,1.00,"Diagram shows Inputs, Map, Reduce, Output stages of a MapReduce join, matching Figure 1 caption 'Data transmission in the non-colocation scenario'. | Arrows from Map to Reduce illustrate cross-node network data transfer described in the File Block Colocation section. | Caption 'Partition, sort, and group' aligns with the hash partitioning by Join Key described in the RST.",
umn/source/overview/components/hdfs/hdfs_enhanced_open_source_features.rst,HDFS Enhanced Open Source Features,en-us_image_0000001296270806.png,other,pass,1.00,"Two panels labeled Non-Colocation and Colocation directly match Figure 2 caption about data block distribution in both scenarios. | Shows File A and File B blocks (A1/A2, B1/B2) across DataNodes with Local and Network arrows to Mappers, illustrating the colocation benefit. | Consistent with the RST explanation that colocation avoids cross-node data transfer.",
umn/source/overview/components/hdfs/hdfs_enhanced_open_source_features.rst,HDFS Enhanced Open Source Features,en-us_image_0000001296430774.jpg,other,pass,1.00,"Shows dfs.datanode.failed.volumes.tolerated with per-node values 2, 3, 4 for DataNode1/2/3, matching Figure 5 'Attribute configuration before being enhanced'. | Data directory counts (3, 4, 5) per node match the RST example of three DataNodes with differing directory counts. | Illustrates the defect of needing independent per-node configuration described in the Damaged Hard Disk Volume Configuration section.",
umn/source/overview/components/hdfs/hdfs_enhanced_open_source_features.rst,HDFS Enhanced Open Source Features,en-us_image_0000001349190337.jpg,other,pass,1.00,"Shows dfs.datanode.failed.volumes.tolerated set to -1 for all three DataNodes, matching Figure 6 'Attribute configuration after being enhanced'. | Demonstrates the enhanced unified configuration where a single -1 value applies across nodes with differing directory counts. | Consistent with the RST statement that setting -1 lets all DataNodes serve as long as one volume is available.",
umn/source/overview/components/hdfs/hdfs_enhanced_open_source_features.rst,HDFS Enhanced Open Source Features,en-us_image_0000001349309925.png,other,pass,1.00,"Flow diagram ALL_SSD -> HOT -> WARM -> COLD -> FROZEN matches the storage policy tiers listed in the HDFS Auto Data Movement section. | Represents image1 referenced in the RST describing data aging and movement across storage tiers. | No contradiction with the described storage policies (ALL_SSD, HOT, WARM, COLD, FROZEN).",
umn/source/overview/components/hdfs/hdfs_ha_solution.rst,HDFS HA Solution,en-us_image_0000001349110445.jpg,other,fail,0.00,Local color check detected #3298ff.,
umn/source/overview/components/hdfs/relationship_between_hdfs_and_other_components.rst,Relationship Between HDFS and Other Components,en-us_image_0000001349390697.png,other,fail,0.00,Local color check detected #3298ff.,
umn/source/overview/components/hdfs/relationship_between_hdfs_and_other_components.rst,Relationship Between HDFS and Other Components,en-us_image_0000001296270866.png,other,fail,0.00,Local color check detected #3298ff.,
umn/source/overview/components/hdfs/relationship_between_hdfs_and_other_components.rst,Relationship Between HDFS and Other Components,en-us_image_0000001349309985.png,other,pass,1.00,"The diagram depicts the ZooKeeper cluster, ZKFC, and active/standby NameNodes, matching the 'Relationship Between HDFS and ZooKeeper' section. | Arrows labeled 'Input message' and 'Monitoring' correspond to the text describing ZKFC connecting to ZooKeeper and the standby NameNode monitoring the active directory. | The label 'Create the Active directory that is shared of NameNode' aligns with the RST description of creating the /hadoop-ha znode and active/standby role assignment. | The image is a conceptual architecture diagram, not a UI screenshot or icon.",The diagram does not explicitly show the /hadoop-ha znode path mentioned in the text. | No explicit depiction of the periodic read of NameNode information through ZooKeeper.
umn/source/overview/components/hetuengine/hetuengine_product_overview.rst,HetuEngine Product Overview,en-us_image_0000001440400425.png,other,pass,0.93,"The image is a layered architecture diagram (Cloud Services, Compute Instances, Data Storage) matching the 'Figure 1 HetuEngine architecture' caption in the RST. | Data storage sources shown (Hive/HDFS/OBS, Clickhouse, HBase, Elasticsearch, DWS) align with the cross-source data sources listed in the application scenarios section. | The diagram is a static schematic, not a UI screenshot or icon, so it is classified as 'other'. | No interactive controls or buttons are visible in the diagram.","The specific module names from Table 1 (HSBroker, HSConsole, HSFabric, Coordinator, Worker, HetuEngine CLI/JDBC) are not labeled in the diagram. | The 'Engine layer' (Coordinator/Worker) described in the table is not explicitly distinguished in the image; only generic 'Compute Instance' boxes are shown."
umn/source/overview/components/hive/hive_basic_principles.rst,Hive Basic Principles,en-us_image_0000001349390653.png,other,fail,0.00,Local color check detected #3298ff.,
umn/source/overview/components/hive/hive_basic_principles.rst,Hive Basic Principles,en-us_image_0000001296590638.png,other,fail,0.00,Local color check detected #3298ff.,
umn/source/overview/components/hive/hive_basic_principles.rst,Hive Basic Principles,en-us_image_0000001296750254.png,other,pass,1.00,"The image is an architecture diagram matching Figure 2 'WebHCat logical architecture' referenced in the RST. | It shows WebHcat Server (Templeton server), DDL, WebHDFS/HDFS, and Hive MapReduce with Hcat, Job_ID, and Queue arrows, consistent with the WebHCat/HCatalog description. | The diagram aligns with the Hive Framework section discussing WebHCat providing RESTful APIs and HCatalog built on Hive Metastore. | Labels are clearly legible and provide direct visual evidence of the described components.",The diagram does not explicitly show the Hive Metastore or REST API endpoints mentioned in the text. | No legend or caption is embedded in the image itself.
umn/source/overview/components/hive/hive_cbo_principles.rst,Hive CBO Principles,en-us_image_0000001349390693.png,other,pass,1.00,Image is a flowchart showing the CBO implementation process: Hive SQL -> Hive AST -> Hive operator tree -> Calcite operator tree -> Calcite optimized operator tree -> Hive AST -> Hive operator tree -> Hive normal optimization process | All steps in the diagram match the RST description of how Calcite adjusts join sequence in RelNodes | Directly referenced as Figure 1 in the document | No contradictions between the diagram and the text description,
umn/source/overview/components/hive/hive_cbo_principles.rst,Hive CBO Principles,en-us_image_0000001349309981.png,other,pass,1.00,"Image shows a diagram with three tables: date_dim, store_sales, and item | Join relationship 1 connects date_dim to store_sales, and join relationship 2 connects store_sales to item | Matches the RST description of the TPC-DS Q3 join relationship between the three tables | Directly referenced as Figure 2 in the document | No contradictions with the text",
umn/source/overview/components/hive/hive_cbo_principles.rst,Hive CBO Principles,en-us_image_0000001296590682.png,other,pass,1.00,"Image shows a join tree for CBO-disabled scenario: JOIN#1 joins Store_sales (2,900,000,000) with date_dim (6,200), producing 495,000,000 intermediate entries | JOIN#2 then joins the result with item (19) | The 495,000,000 intermediate value matches the RST statement about CBO-disabled execution | Directly referenced as Figure 3 in the document | No contradictions with the text",
umn/source/overview/components/hive/hive_cbo_principles.rst,Hive CBO Principles,en-us_image_0000001349190397.png,other,pass,1.00,"Image shows a join tree for CBO-enabled scenario: JOIN#1 joins Store_sales (2,900,000,000) with item (19), producing 2,900,000 intermediate entries | JOIN#2 then joins the result with date_dim (6,200) | The 2,900,000 intermediate value matches the RST statement that CBO reduces intermediate entries from 495,000,000 to 2,900,000 | Directly referenced as Figure 4 in the document | No contradictions with the text",
umn/source/overview/components/hudi.rst,Hudi,en-us_image_0000001349190321.png,other,pass,1.00,"The image is an architecture diagram labeled 'Hudi Data Lake', matching the RST figure caption 'Basic architecture of Hudi'. | It depicts data sources (Apps & Microservices, Databases, Event Streams), the Hudi data lake layer (DeltaStreamer/CDC, Raw Tables, Incremental ETL, Derived Tables), queries (Spark, Hive, HetuEngine), pipelines (Spark, Flink, Hive), and lake storage (HDFS, OBS). | These components align with the document's description of Hudi as the file organization layer supporting multiple compute engines and streaming/IUD interfaces. | No interactive UI controls are present; it is a static schematic.","The diagram does not explicitly show Parquet/Avro file formats or COW/MOR table types described in the text. | No explicit depiction of the three view types (snapshot, incremental, read-optimized) is shown."
umn/source/overview/components/hue/hue_basic_principles.rst,Hue Basic Principles,en-us_image_0000001296750298.png,other,pass,1.00,"The image is an architecture diagram labeled 'Figure 1 Hue architecture', matching the RST's Architecture section and Figure 1 reference. | It depicts Supervisor Process with Helper Daemons and Hue WebServer (Django + Spawning/CherryPy) with Installed App, consistent with the RST description of Supervisor Process and WebServer built on Django Python. | The diagram shows the WebServer connecting to a Browser (GUI) and a Database, aligning with Table 1's description of providing the GUI and connecting to databases for persistent data. | No interactive UI controls are present; it is a static schematic, so it is classified as 'other'.","The diagram does not explicitly label the Thrift/REST API interaction mentioned in the RST text. | The 'Auxiliary Servers' and 'Core WebServer' side annotations are not elaborated in the RST body, but they do not contradict it."
umn/source/overview/components/iotdb/iotdb_basic_principles.rst,IoTDB Basic Principles,en-us_image_0000001535888150.png,other,pass,0.88,"Image is a block diagram illustrating the overall IoTDB application architecture as described in the RST | Shows components like IoTDB-CLI, Grafana-Adaptor, I/E Tool, IoTDB-JDBC, TsFile, TsFile-CLI, Hadoop/Spark matching the RST description of data collection, writing, storage, query, visualization, and analysis | Data sources (device, Devop, Message Queue, Application, Other Databases) align with the RST mention of device sensors, message queues, applications, and other databases | RST mentions Flink but the image shows Hadoop/Spark; RST mentions HDFS but it is not explicitly labeled in the image",HDFS is mentioned in the RST but not explicitly shown as a component in the diagram | Flink is mentioned in the RST but the diagram shows Spark instead | Session interface mentioned in RST is not explicitly labeled in the diagram
umn/source/overview/components/iotdb/iotdb_basic_principles.rst,IoTDB Basic Principles,en-us_image_0000001586567997.png,other,pass,0.88,"Image is a diagram showing the IoTDB distributed architecture with ConfigNodes and DataNodes as described in the RST | ConfigNode cluster at the top matches the RST description of ConfigNode as the management role responsible for sharding and load balancing | DataNodes with SchemaRegion and DataRegion at the bottom match the RST description of DataNode as the storage role | The RST notes that DataNode is renamed IoTDBServer in the community edition, but the image uses the label DataNode",The image does not explicitly show the load balancing or sharding mechanism in detail | No indication of the Raft protocol mentioned in the RST for data consistency | The renaming of DataNode to IoTDBServer is not reflected in the image labels
umn/source/overview/components/iotdb/iotdb_basic_principles.rst,IoTDB Basic Principles,en-us_image_0000001586807745.jpg,other,pass,1.00,"Image is a tree diagram showing the IoTDB data model hierarchy exactly as described in the RST | The hierarchy ROOT -> Power Group (ln, sgcc) -> Power Plant (wf01, wf02, wf03) -> Device (wt01, wt02) -> Sensor (status, temperature, hardware) matches the RST description of power group layer - power plant layer - device layer - sensor layer | The example path ROOT.ln.wf01.wt01.status from the RST is directly visible in the image as the leftmost path | ROOT is shown as the root node and sensor layer nodes (status, temperature, hardware) are leaf nodes, matching the RST",
umn/source/overview/components/jobgateway/jobgateway_basic_principles.rst,JobGateway Basic Principles,en-us_image_0000001971163390.png,other,pass,1.00,"The image is an architecture diagram labeled 'JobGateway architecture', matching the figure caption in the RST. | It shows JobBalancer instances at the top and multiple JobServer instances below, consistent with the RST statement that JobGateway consists of JobServer and JobBalancer. | Arrows from JobBalancer to JobServer illustrate the load-balancing relationship described in the text. | Additional panels (resources, lib, bin, monitor, alarm, configuration) and downstream DB-service/YARN components provide supporting architectural detail without contradicting the document.","The diagram does not explicitly label the REST API submission path, though the RST mentions JobServer provides REST APIs. | No explicit indication of which big data engines (Spark, HBase, Flink, Hive) map to which component, beyond the 'lib' panel listing spark/flink/hive/mapreduce."
umn/source/overview/components/jobgateway/relationships_between_jobgateway_and_other_components.rst,Relationships Between JobGateway and Other Components,en-us_image_0000002007643377.png,other,pass,1.00,"The image is a relationship diagram with JobGateway at the center, matching the figure caption 'Relationships between JobGateway and other components'. | It shows connections to Spark, Hive, MapReduce, and Flink, which are the job types named in the RST body. | It also depicts related components (Kerberos, DBservice, HDFS, Yarn) consistent with a component-relationship overview. | The diagram is a static figure, not a UI screenshot or icon, so it is classified as 'other'.","The RST body does not explicitly list Kerberos, DBservice, HDFS, or Yarn, so their inclusion is inferred from the figure rather than the text. | Arrow directions/semantics (e.g., dependency vs. call) are not explained in the RST."
umn/source/overview/components/kafka/kafka_basic_principles.rst,Kafka Basic Principles,en-us_image_0000001349190373.png,other,fail,0.00,Local color check detected #3298ff.,
umn/source/overview/components/kafka/kafka_basic_principles.rst,Kafka Basic Principles,en-us_image_0000001349110501.png,other,fail,0.00,Local color check detected #3298ff.,
umn/source/overview/components/kafka/relationship_between_kafka_and_other_components.rst,Relationship Between Kafka and Other Components,en-us_image_0000001296270858.png,other,fail,0.00,Local color check detected #3298ff.,
umn/source/overview/components/krbserver_and_ldapserver/krbserver_and_ldapserver_principles.rst,KrbServer and LdapServer Principles,en-us_image_0000001349390661.png,other,fail,0.00,Local color check detected #3298ff.,
umn/source/overview/components/krbserver_and_ldapserver/krbserver_and_ldapserver_principles.rst,KrbServer and LdapServer Principles,en-us_image_0000001349309949.png,other,pass,1.00,"Image is the security authentication architecture diagram (Figure 1) referenced in the Architecture section | Shows all three scenarios: MRS Manager login (steps 1-4), component web UI login (steps 5-8), and inter-component access (step 9) | All components from Table 1 are present: Manager, Manager WS, Kerberos 1, Kerberos 2, LDAP 1, LDAP 2, plus CASServer, ACS, Component WebUI, Component WebAPP, External components | Step labels and flow directions match the RST description exactly | Sync arrow between LDAP 1 and LDAP 2 is visible as described",
umn/source/overview/components/krbserver_and_ldapserver/krbserver_and_ldapserver_principles.rst,KrbServer and LdapServer Principles,en-us_image_0000001296750266.png,other,pass,0.93,"Image is the LDAP data read and write diagram (Figure 3) referenced in the Principle section | Shows four entities: Kerberos, LDAP, User Management, Permission Management | Data read/write/modification arrows between Kerberos and LDAP, and between User/Permission Management and LDAP are visible | The RST provides minimal text detail for this figure (just the heading 'LDAP data read and write'), so the image adds detail not explicitly stated in the text | No contradictions with the RST content","The RST does not elaborate on the specific data flow between User Management, Permission Management, and LDAP, so the image's detail cannot be fully cross-validated against the text"
umn/source/overview/components/krbserver_and_ldapserver/krbserver_and_ldapserver_principles.rst,KrbServer and LdapServer Principles,en-us_image_0000001296590650.png,other,pass,1.00,"Image is the OMS LDAP data synchronization diagram (Figure 4) for pre-cluster installation | Shows exactly two entities: OMS LDAP (Active) and OMS LDAP (Standby) | Data synchronization direction arrow points from Active to Standby, matching the RST statement | Simple and clear diagram with no ambiguity | Perfectly matches the RST description: 'Data is synchronized from the active OMS LDAP to the standby OMS LDAP'",
umn/source/overview/components/krbserver_and_ldapserver/krbserver_and_ldapserver_principles.rst,KrbServer and LdapServer Principles,en-us_image_0000001296270830.png,other,pass,0.88,"Image is the LDAP data synchronization diagram (Figure 5) for post-cluster installation | Shows four entities: OMS LDAP (Standby), OMS LDAP (Active), Component LDAP (Active), Component LDAP (Active) | Data synchronization arrows originate from OMS LDAP (Active) and point to the other three, matching the RST's description of direction | The RST states data goes to 'standby OMS LDAP, standby component LDAP, and standby component LDAP' but the image labels both component LDAPs as 'Active' rather than 'Standby', creating a labeling contradiction | The overall structure (one source, three targets) matches the RST description","The RST refers to 'standby component LDAP' but the image labels them as 'Component LDAP (Active)', making it unclear whether this is a labeling error in the image or in the RST text"
umn/source/overview/components/loader/loader_basic_principles.rst,Loader Basic Principles,en-us_image_0000001349309893.png,other,fail,0.00,Local color check detected #3298ff.,
umn/source/overview/components/manager/manager_basic_principles.rst,Manager Basic Principles,en-us_image_0000001349390649.png,other,pass,1.00,"The image is an architecture diagram titled 'MRS Manager' with a 'Web UI' layer and OMS/OMA regions, matching Figure 1 'Manager logical architecture' referenced in the Architecture section. | All modules listed in Table 1 (Web Service, CAS, NTP Server, IAM, CEP, PMS, FMS, Controller, AOS, ACS, Kerberos, Ldap, Database, HA, OMM Agent, Node Agent, NTP Client) are present as labeled boxes. | The OMS region contains the management components and the OMA region contains the managed-node agents, consistent with the RST description of OMS as management node and OMA as managed node. | Arrows between Web Service, Controller, Node Agent, OMM Agent, and Database reflect the control/heartbeat relationships described in the text.",The diagram does not explicitly show the active/standby duplication of OMS nodes or the multiple OMA nodes mentioned in the text. | No explicit 3-second heartbeat interval is annotated on the Node Agent to Controller link.
umn/source/overview/components/mapreduce/mapreduce_basic_principles.rst,MapReduce Basic Principles,en-us_image_0000001296750206.png,other,pass,1.00,"The image is a technical architecture diagram showing a distributed batch processing engine with Map and Reduce functions on data nodes, a job tracker, HDFS blocks, and output files. | It directly illustrates the MapReduce workflow described in the RST: input splits are processed by Map functions, results are passed to Reduce functions, and output is written to HDFS. | The diagram matches Figure 1 caption 'Distributed batch processing engine' in the RST. | Labels such as 'Map', 'Reduce', 'Data node', 'Job tracker', 'HDFS blocks', 'Output files', 'RPC read', 'Local write' align with the textual description of MapReduce operations. | No contradictions between the diagram and the surrounding text.","The diagram does not explicitly show key-value pair transformation in detail, but the overall flow is consistent with the text."
umn/source/overview/components/mapreduce/mapreduce_basic_principles.rst,MapReduce Basic Principles,en-us_image_0000001296590594.png,other,pass,1.00,"The image is a technical architecture diagram showing the basic architecture of Apache YARN and MapReduce. | It displays Client, Resource Manager (Active/Standby), Node Managers, Containers, App Mstr, ZooKeeper Election, and ResourceManager StateStore, matching the RST description that MapReduce integrates into YARN through Client and ApplicationMaster interfaces. | The diagram matches Figure 2 caption 'Basic architecture of Apache YARN and MapReduce' in the RST. | The legend (TaskAttempt Status, Application Submission, Node Status, Resource Request, RM StateStore operation, Leader Election) provides clear visual evidence of the communication patterns described in the text. | No contradictions between the diagram and the surrounding text.",The diagram does not explicitly label the 'MapReduce' component as a separate entity; it is implied through the App Mstr and Container interactions within YARN.
umn/source/overview/components/mapreduce/mapreduce_enhanced_open_source_features.rst,MapReduce Enhanced Open Source Features,en-us_image_0000001296590602.png,other,fail,0.00,Local color check detected #3298ff.,
umn/source/overview/components/mapreduce/mapreduce_enhanced_open_source_features.rst,MapReduce Enhanced Open Source Features,en-us_image_0000001349390613.png,other,fail,0.00,Local color check detected #3298ff.,
umn/source/overview/components/mapreduce/mapreduce_enhanced_open_source_features.rst,MapReduce Enhanced Open Source Features,en-us_image_0000001349190317.png,other,fail,0.00,Local color check detected #3298ff.,
umn/source/overview/components/memartscc/memartscc_basic_principles.rst,MemArtsCC Basic Principles,en-us_image_0000002381596168.png,other,pass,1.00,"The image is an architecture diagram illustrating the MemArtsCC structure, matching the figure caption 'MemArtsCC Structure'. | It depicts Spark and Hive applications, OBSFileSystem with MemArtsCC SDK, MemArtsCC Worker nodes with SSD/HDD, MemArtsCC SideCar nodes, and OBS, all of which are described in the RST. | Arrows labeled 'Read local cached shard' and 'Read OBS Object/File' align with the RST description of cache hit/miss behavior. | The diagram is placed directly under the 'MemArtsCC Structure' section, making it highly relevant. | No clear contradiction between the diagram and the text; minor naming variation (MemArtsCC Worker/SideCar vs CCWorker/CCSideCar) is consistent.",The diagram does not explicitly show ZooKeeper or the LRU lifecycle management mentioned in the RST. | Shard index routing is implied but not explicitly labeled in the diagram.
umn/source/overview/components/memartsstore.rst,MemArtsStore,en-us_image_0000002583783171.png,other,pass,1.00,"The image is an architecture diagram labeled as Figure 1 MemArtsStore architecture, matching the RST figure caption. | It depicts Store SDK, Store Master, Store Worker1/2, and Flash, consistent with the architecture description and Table 1 modules. | The legend (control IO, write data IO, read data IO) illustrates the data flow between Map/Reduce executors and Store Workers, aligning with the text on shuffle data write/read. | The diagram is placed in the MemArtsStore Architecture section, directly relevant to that section.",StoreSidecar and StoreClientProxy mentioned in the RST are not shown in the diagram. | No explicit depiction of multi-replica or partition aggregation mechanisms described in the text.
umn/source/overview/components/oozie/oozie_basic_principles.rst,Oozie Basic Principles,en-us_image_0000001296590678.png,other,fail,0.00,Local color check detected #3298ff.,
umn/source/overview/components/opentsdb.rst,OpenTSDB,en-us_image_0000001296430758.png,other,fail,0.00,Local color check detected #3298ff.,
umn/source/overview/components/presto.rst,Presto,en-us_image_0000001349190389.png,other,fail,0.00,Local color check detected #3298ff.,
umn/source/overview/components/ranger/ranger_basic_principles.rst,Ranger Basic Principles,en-us_image_0000001349190301.png,other,pass,0.95,"The image is an architecture diagram titled in the RST as 'Figure 1 Ranger structure', matching the topic of Ranger basic principles. | It depicts Ranger Admin, User Sync, Tag/Tab Sync, REST, Web, DBService, and component plugins (HDFS, HBase, Hive) plus an Audit Store, consistent with the architecture table and principles described. | Arrows labeled 'load', 'Sync user', 'Sync tag', 'CRUD', 'update policy', 'Store policy', and 'store audit' align with the synchronization and policy/audit behavior described in the text. | The diagram is a static schematic, not a UI screenshot or icon, so it is classified as 'other'.","The diagram labels the tag synchronizer as 'TabSync' while the RST table calls it 'TagSync', a minor naming inconsistency. | Components mentioned in the RST (Storm, Kafka) are not shown in the diagram, though this is an omission rather than a contradiction. | No explicit active/active dual RangerAdmin or load-balance element is visible, despite being described in the principles."
umn/source/overview/components/ranger/relationship_between_ranger_and_other_components.rst,Relationship Between Ranger and Other Components,en-us_image_0000001349309953.png,other,pass,1.00,"The image is an architectural diagram illustrating the relationship between Ranger and other components, matching the section title and figure caption. | It shows Ranger Plugins for HDFS, Hive, and HBase, plus a Ranger Policy store and Ranger Audit store, consistent with the RST description of Ranger plug-ins. | Arrows labeled 'Access HDFS File/Folder', 'Access Hive Tables', and 'Access HBase Tables' depict user access flows, and dashed lines show plugins downloading policies and writing audit data. | No interactive UI controls are present; it is a static schematic, so it is classified as 'other'.","The RST lists additional supported components (YARN, Kafka, Storm, Spark2x) that are not depicted in the diagram. | The diagram does not explicitly show PABC-based authentication, only access and policy/audit flows."
umn/source/overview/components/spark/basic_principles_of_spark.rst,Basic Principles of Spark,en-us_image_0000001296590654.png,other,fail,0.00,Local color check detected #3298ff.,
umn/source/overview/components/spark/basic_principles_of_spark.rst,Basic Principles of Spark,en-us_image_0000001296270838.png,other,fail,0.00,Local color check detected #3298ff.,
umn/source/overview/components/spark/basic_principles_of_spark.rst,Basic Principles of Spark,en-us_image_0000001296590658.png,other,fail,0.00,Local color check detected #3298ff.,
umn/source/overview/components/spark/basic_principles_of_spark.rst,Basic Principles of Spark,en-us_image_0000001349390669.png,other,fail,0.00,Local color check detected #3298ff.,
umn/source/overview/components/spark/basic_principles_of_spark.rst,Basic Principles of Spark,en-us_image_0000001296750274.png,other,fail,0.00,Local color check detected #3298ff.,
umn/source/overview/components/spark/basic_principles_of_spark.rst,Basic Principles of Spark,en-us_image_0000001296430806.png,other,fail,0.00,Local color check detected #3298ff.,
umn/source/overview/components/spark/basic_principles_of_spark.rst,Basic Principles of Spark,en-us_image_0000001349110505.png,other,fail,0.00,Local color check detected #3298ff.,
umn/source/overview/components/spark/basic_principles_of_spark.rst,Basic Principles of Spark,en-us_image_0000001296750270.png,other,pass,1.00,"Image is the Spark architecture diagram (Figure 1) referenced in the Architecture section. | Shows Driver Program/SparkContext, Cluster Manager, and Worker Nodes with Executor, Cache, and Tasks, matching Table 1 module descriptions. | Arrows depict the driver-to-cluster-manager and driver-to-executor relationships described in the text.",No explicit labels for deploy mode (cluster vs client) shown in the diagram.
umn/source/overview/components/spark/basic_principles_of_spark.rst,Basic Principles of Spark,en-us_image_0000001349390673.png,other,pass,1.00,"Image is Figure 4, data transmission through Direct Kafka API, in the Spark Streaming Principle section. | Shows Spark Streaming (Driver, Executor) and Kafka with offset-range queries and Simple API reads, matching the Direct Streaming description. | Caption 'New Direct Kafka integration w/o Receivers and WALs' aligns with the text stating Direct API needs no WAL or Receivers.",Does not depict the checkpoint file storage mentioned in the text.
umn/source/overview/components/spark/basic_principles_of_spark.rst,Basic Principles of Spark,en-us_image_0000001296270842.png,other,pass,1.00,"Image is Figure 5, data transfer lifecycle, in the Receiver subsection of Spark Streaming Principle. | Shows Application driver (StreamingContext, SparkContext) and Executor (Receiver) with block metadata, block data to memory+log, and computation checkpointing. | Matches the four-step lifecycle (receive, notify driver, process, checkpoint) described in the RST.",Color-coded arrows (blue/green/red/orange) referenced in text are present but not individually labeled in the image.
umn/source/overview/components/spark/basic_principles_of_spark.rst,Basic Principles of Spark,en-us_image_0000001296430802.png,other,pass,1.00,"Image is Figure 7, SparkSQL and DataSet, in the SparkSQL and DataSet Principle section. | Shows DataSet and SQL Query feeding into Spark SQL over Apache Spark, with CLI/JDBC access, matching the text. | Consistent with the description of Spark SQL as a module for structured data with API/CLI/JDBC access.","Does not show the specific data sources (Hive, CSV, Parquet, ORC, JSON, JDBC) listed in the text."
umn/source/overview/components/spark/basic_principles_of_spark.rst,Basic Principles of Spark,en-us_image_0000001349309957.png,other,pass,1.00,"Image is Figure 12, algorithm process, in the Shuffle subsection of Basic Concepts. | Depicts the MapReduce flow: Input, Split, Map stage (Map, Partition), Reduce stage (Reduce), Merge, Output across workers. | Matches the text describing Shuffle as the bridge between Map and Reduce phases.",Does not explicitly label the Shuffle hashing/distribution step by name.
umn/source/overview/components/spark/relationship_among_spark_hdfs_and_yarn.rst,"Relationship Among Spark, HDFS, and Yarn",en-us_image_0000001296270798.png,other,pass,1.00,"Image clearly shows the file reading process with Driver, two Executors (Task 1-4), and HDFS (File A, Block1-4) | Numbered steps (1. Get File A Status, 2. Return four blocks, 3. Launch tasks, 4. Read) match the RST description exactly | Components (Driver, Executor, HDFS, blocks) align with the described Spark-HDFS relationship",
umn/source/overview/components/spark/relationship_among_spark_hdfs_and_yarn.rst,"Relationship Among Spark, HDFS, and Yarn",en-us_image_0000001349390629.png,other,fail,0.38,"Image shows a generic MapReduce pipeline (Input, Split, Map, Partition, Reduce, Merge, Output) rather than the described file writing process | The RST describes Driver creating a directory, computing task count based on RDD distribution, and Executor writing RDD data to HDFS - none of these elements are visible | No Driver, Executor, or HDFS components are shown in the image | The image appears to depict a MapReduce data flow, not a Spark file writing process to HDFS",No Driver component visible | No Executor component visible | No HDFS or directory creation shown | No RDD data writing process depicted | No numbered steps matching the RST description of the file writing process
umn/source/overview/components/spark/relationship_among_spark_hdfs_and_yarn.rst,"Relationship Among Spark, HDFS, and Yarn",en-us_image_0000001296590618.png,other,pass,1.00,"Image shows Spark Yarn client, ResourceManager, NodeManagers, Application Master (Contains Driver), DAGScheduler, YarnClusterScheduler, and Executor containers | Numbered steps (1. Submit an application, 2. Apply for resource, 3. Apply for Executor from RM, 4. Distribute tasks, 5. Report the task status) match the RST description | Architecture matches the Yarn-cluster mode description where Driver runs inside ApplicationMaster container",
umn/source/overview/components/spark/relationship_among_spark_hdfs_and_yarn.rst,"Relationship Among Spark, HDFS, and Yarn",en-us_image_0000001296430766.png,other,pass,1.00,"Image shows Driver on client side (with Spark on Yarn-client and YarnClientSchedulerBackend), matching the note that Driver is deployed on the client in Yarn-client mode | Shows ResourceManager with ApplicationMaster, ExecutorLauncher, NodeManagers, and Container with Executor (Cache, Task) | Numbered steps (1. Submit an application, 2. Submit an ApplicationMaster, 3. Apply for a container, 4. Start the container, 5. Schedule tasks) align with the RST description | ExecutorLauncher is explicitly shown, matching the RST note that ApplicationMaster process name in Spark is ExecutorLauncher",
umn/source/overview/components/spark/spark_ha_solution.rst,Spark HA Solution,en-us_image_0000001349110489.png,other,fail,0.00,Local color check detected #3298ff.,
umn/source/overview/components/spark/spark_ha_solution.rst,Spark HA Solution,en-us_image_0000001349309945.png,other,pass,1.00,"The diagram depicts the multi-tenant HA architecture of Spark JDBCServer, matching Figure 2 referenced in the RST. | It shows Beeline clients, ZooKeeper, ProxyServer instances (1-3), Yarn app1, and NodeManager boxes containing a JDBC Server AM and executors, consistent with the described components. | Numbered flow (1. Registered, 2. App startup / Thrift Server URL, 3. SQL, 4. Result) aligns with the RST steps for ProxyServer registration, JDBCServer startup, SQL forwarding, and result return. | The figure is an architecture diagram, not a UI screenshot or icon, so it is classified as 'other'.","The label '2. Ust<Thrift Server URL>' appears to contain a typo/unclear text, but it does not contradict the document. | Tenant names and Yarn queue bindings are not explicitly labeled in the diagram."
umn/source/overview/components/spark2x/basic_principles_of_spark2x.rst,Basic Principles of Spark2x,en-us_image_0000001296590670.png,other,fail,0.00,Local color check detected #3298ff.,
umn/source/overview/components/spark2x/basic_principles_of_spark2x.rst,Basic Principles of Spark2x,en-us_image_0000001349190385.png,other,fail,0.00,Local color check detected #3298ff.,
umn/source/overview/components/spark2x/basic_principles_of_spark2x.rst,Basic Principles of Spark2x,en-us_image_0000001349110509.png,other,fail,0.00,Local color check detected #3298ff.,
umn/source/overview/components/spark2x/basic_principles_of_spark2x.rst,Basic Principles of Spark2x,en-us_image_0000001349390677.png,other,fail,0.00,Local color check detected #3298ff.,
umn/source/overview/components/spark2x/basic_principles_of_spark2x.rst,Basic Principles of Spark2x,en-us_image_0000001296750282.png,other,fail,0.00,Local color check detected #3298ff.,
umn/source/overview/components/spark2x/basic_principles_of_spark2x.rst,Basic Principles of Spark2x,en-us_image_0000001296590666.png,other,fail,0.00,Local color check detected #3298ff.,
umn/source/overview/components/spark2x/basic_principles_of_spark2x.rst,Basic Principles of Spark2x,en-us_image_0000001296270850.png,other,fail,0.00,Local color check detected #3298ff.,
umn/source/overview/components/spark2x/basic_principles_of_spark2x.rst,Basic Principles of Spark2x,en-us_image_0000001296430814.png,other,pass,1.00,"Image is the Spark architecture diagram (Figure 1) referenced in the Architecture section. | Shows Driver Program with SparkContext, Cluster Manager, and two Worker Nodes each containing Executor, Cache, and Tasks, matching Table 1 modules. | Arrows depict the relationships between driver, cluster manager, and worker nodes consistent with the RST description.",
umn/source/overview/components/spark2x/basic_principles_of_spark2x.rst,Basic Principles of Spark2x,en-us_image_0000001296430810.png,other,pass,1.00,"Image is Figure 4 'Data transmission through Direct Kafka API' in the Spark Streaming Principle section. | Depicts Spark Streaming (Driver, Executor) and Kafka with offset-range queries and Simple API reads, matching the Direct Streaming description. | Title 'New Direct Kafka integration w/o Receivers and WALs' aligns with the RST statement that Direct API does not use WAL and Receivers.",
umn/source/overview/components/spark2x/basic_principles_of_spark2x.rst,Basic Principles of Spark2x,en-us_image_0000001296270846.png,other,pass,1.00,"Image is Figure 5 'Data transfer lifecycle' in the Receiver computing process. | Shows Application driver (StreamingContext, SparkContext), Executor (Receiver), Log, and fault-tolerant file system with block metadata, jobs, and checkpoint arrows. | Matches the RST steps: receive data, notify driver, process data, and set checkpoints.",
umn/source/overview/components/spark2x/basic_principles_of_spark2x.rst,Basic Principles of Spark2x,en-us_image_0000001349190381.png,other,pass,1.00,"Image is Figure 7 'SparkSQL and DataSet' in the SparkSQL and DataSet Principle section. | Shows DataSet and SQL Query feeding into Spark SQL over Apache Spark, with CLI/JDBC access on the side. | Consistent with RST text describing Spark SQL providing API, CLI, and JDBC APIs for accessing structured data.",
umn/source/overview/components/spark2x/basic_principles_of_spark2x.rst,Basic Principles of Spark2x,en-us_image_0000001349110513.png,other,pass,1.00,"Image is Figure 12 'Algorithm process' in the Shuffle section. | Illustrates the MapReduce flow: Input, Split, Map stage (Worker 1..N with Map/Partition), Reduce stage (Reduce), Merge, and Output. | Matches the RST description of the MapReduce algorithm and the Shuffle phase connecting Map and Reduce.",
umn/source/overview/components/spark2x/relationship_between_spark2x_and_other_components.rst,Relationship Between Spark2x and Other Components,en-us_image_0000001349110517.png,other,pass,1.00,"Diagram clearly shows the file reading process with Driver, two Executors (Task 1-4), and HDFS with File A and Blocks 1-4 | Numbered steps (1. Get File A Status, 2. Return four blocks, 3. Launch tasks, 4. Read) match the RST description exactly | Components and flow align with the RST's four-step file reading process description",
umn/source/overview/components/spark2x/relationship_between_spark2x_and_other_components.rst,Relationship Between Spark2x and Other Components,en-us_image_0000001349309973.png,other,partial,0.67,"Image is labeled as Figure 2 'File writing process' in the RST but the diagram shows 'Read' operations for all tasks | The RST describes the writing process as: Driver creates a directory, tasks are computed, Executor writes RDD data to the directory | The image instead shows 'Get [File A] status', '4 Blocks', 'Launch Tasks', and 'Read' which describes a reading process, not writing | The diagram structure is nearly identical to Figure 1 (file reading), suggesting it may be a duplicate or mislabeled image",No visual indication of directory creation or data writing operations | No representation of RDD data being written to a directory as described in the RST
umn/source/overview/components/spark2x/relationship_between_spark2x_and_other_components.rst,Relationship Between Spark2x and Other Components,en-us_image_0000001296270854.png,other,pass,1.00,"Diagram shows Spark Yarn client, ResourceManager, two NodeManagers, Application Master (Contains Driver) with DAGScheduler and YarnClusterScheduler, and Executor containers with Cache and Tasks | Numbered steps (1. Submit an application, 2. Apply for resource, 3. Apply for Executor from RM, 4. Distribute tasks, 5. Report the task status) match the RST's Yarn-cluster implementation process | All components described in the RST (client, ResourceManager, ApplicationMaster, NodeManagers, Executors, Drivers) are present and correctly labeled",
umn/source/overview/components/spark2x/relationship_between_spark2x_and_other_components.rst,Relationship Between Spark2x and Other Components,en-us_image_0000001349390685.png,other,pass,1.00,"Diagram shows Driver (with Spark on Yarn-client and YarnClientSchedulerBackend), ResourceManager, ApplicationMaster, two NodeManagers, ExecutorLauncher, and Container with Executor (Cache, Task) | Numbered steps (1. Submit an application, 2. Submit an ApplicationMaster, 3. Apply for a container, 4. Start the container, 5. Schedule tasks) match the RST's Yarn-client implementation process | The Driver being on the client side matches the RST note that 'In Yarn-client mode, the Driver is deployed and started on the client' | ExecutorLauncher is shown as a component, matching the RST statement that 'the process name in Spark is ExecutorLauncher'",
umn/source/overview/components/spark2x/spark2x_enhanced_open_source_features/carbondata_overview.rst,CarbonData Overview,en-us_image_0000001296750278.png,other,fail,0.00,Local color check detected #3298ff.,
umn/source/overview/components/spark2x/spark2x_enhanced_open_source_features/carbondata_overview.rst,CarbonData Overview,en-us_image_0000001296590662.png,other,fail,0.00,Local color check detected #3298ff.,
umn/source/overview/components/spark2x/spark2x_ha_solution/spark2x_multi-active_instance.rst,Spark2x Multi-active Instance,en-us_image_0000001349309965.png,other,fail,0.00,Local color check detected #3298ff.,
umn/source/overview/components/spark2x/spark2x_ha_solution/spark2x_multi-tenant.rst,Spark2x Multi-tenant,en-us_image_0000001349309933.png,other,pass,1.00,"The diagram is an architecture schematic titled in the RST as 'Multi-tenant mode of Spark JDBCServer', directly matching the document topic. | It depicts Beeline clients, ProxyServer instances, ZooKeeper, Yarn app, NodeManager, and JDBC Server AM, consistent with the multi-tenant implementation described. | Numbered arrows (1. Registered, 2. App startup, 3. SQL, 4. Result) align with the step-by-step flow in the Implementation section. | The figure is explicitly referenced as Figure 1 in the Implementation section, making it highly relevant. | No clear contradiction between the diagram and the RST content.","The label '2. Ust<Thrift Server URL>' appears to contain a typo/unclear text, but it does not contradict the document. | The diagram does not explicitly label tenants or Yarn queues, though the RST mentions them."
umn/source/overview/components/storm/relationship_between_storm_and_other_components.rst,Relationship Between Storm and Other Components,en-us_image_0000001349190329.png,other,fail,0.00,Local color check detected #3298ff.,
umn/source/overview/components/storm/storm_basic_principles.rst,Storm Basic Principles,en-us_image_0000001296750294.png,other,fail,0.00,Local color check detected #3298ff.,
umn/source/overview/components/storm/storm_basic_principles.rst,Storm Basic Principles,en-us_image_0000001296270862.png,other,fail,0.00,Local color check detected #3298ff.,
umn/source/overview/components/storm/storm_basic_principles.rst,Storm Basic Principles,en-us_image_0000001349110525.png,other,fail,0.00,Local color check detected #3298ff.,
umn/source/overview/components/tez.rst,Tez,en-us_image_0000001349390665.png,other,pass,1.00,"The image is a comparative diagram showing 'Pig/Hive - MR' (multiple small DAG groups separated by HDFS cloud shapes) versus 'Pig/Hive - Tez' (a single large DAG), which directly matches the figure caption and the section text. | It visually supports the claim that Hive on MapReduce stores intermediate results to HDFS between tasks while Hive on Tez completes the same process in one task without HDFS access. | The DAG node/edge structure aligns with the document's description of Tez organizing MapReduce tasks into a DAG. | The image is placed in the 'Relationship Between Tez and MapReduce' section, making it topically and contextually relevant.","The diagram does not label individual task stages (e.g., Input-Processor-Sort-Merge-Output) described in the text. | No explicit HDFS label is shown on the cloud shapes, though their role is implied by context."
umn/source/overview/components/yarn/relationship_between_yarn_and_other_components.rst,Relationship Between YARN and Other Components,en-us_image_0000001349110449.png,other,fail,0.00,Local color check detected #3298ff.,
umn/source/overview/components/yarn/relationship_between_yarn_and_other_components.rst,Relationship Between YARN and Other Components,en-us_image_0000001296750218.png,other,fail,0.00,Local color check detected #3298ff.,
umn/source/overview/components/yarn/relationship_between_yarn_and_other_components.rst,Relationship Between YARN and Other Components,en-us_image_0000001349309905.png,other,pass,1.00,"The diagram depicts the relationship between ZooKeeper and YARN, matching Figure 3 in the RST. | It shows Active and Standby ResourceManager nodes connected to a ZooKeeper Cluster, consistent with the section's description. | Arrow labels (Input message, Monitoring) and the Statestore directory text align with the two numbered points in the RST. | The image is a static architecture diagram, not a UI screenshot or icon.","No interactive UI controls are present, as expected for a conceptual diagram."
umn/source/overview/components/yarn/yarn_basic_principles.rst,Yarn Basic Principles,en-us_image_0000001296750230.png,other,fail,0.00,Local color check detected #3298ff.,
umn/source/overview/components/yarn/yarn_basic_principles.rst,Yarn Basic Principles,en-us_image_0000001296590614.png,other,pass,1.00,"The image is a flow diagram illustrating the scheduler's resource allocation model, matching Figure 2 referenced in the RST. | It shows the three-step process (select a queue, select an application, allocate resources) described in the text. | The hierarchical queue tree (Root/Parent/Leaf) matches the RST statement that schedulers organize resources through hierarchical queues. | The priority list (machine A, machine B, rack A, rack B, any machine) aligns with the RST description of local-first, then same-rack, then any-machine scheduling. | No interactive UI controls are present; it is a static explanatory diagram.","The diagram does not explicitly label the scheduler type (e.g., Capacity Scheduler), though the RST ties the model to it. | No numeric capacity or queue configuration values are shown, which the RST discusses in the Capacity Scheduler section."
umn/source/overview/components/yarn/yarn_enhanced_open_source_features.rst,Yarn Enhanced Open Source Features,en-us_image_0000001296430794.jpg,other,fail,0.00,Local color check detected #3298ff.,
umn/source/overview/components/yarn/yarn_enhanced_open_source_features.rst,Yarn Enhanced Open Source Features,en-us_image_0000001349190361.jpg,other,fail,0.00,Local color check detected #3298ff.,
umn/source/overview/components/yarn/yarn_enhanced_open_source_features.rst,Yarn Enhanced Open Source Features,en-us_image_0000001349110493.png,other,pass,1.00,"Image is Figure 2 comparing open-source YARN scheduler with the Superior Scheduling Engine, matching the RST caption and section. | Top diagram shows heartbeat-driven node-to-job scheduling; bottom shows dedicated scheduling threads, forward matching, and a bitmap of cluster node status, all described in the RST. | Labels (Workload Scheduler, Resource Manager, Node Manager, Master, Datanode A/B/C, Heartbeat) align with the text explanation.",No interactive UI elements; purely an architectural diagram.
umn/source/overview/components/yarn/yarn_enhanced_open_source_features.rst,Yarn Enhanced Open Source Features,en-us_image_0000001296590646.jpg,other,pass,1.00,"Image is Figure 3 illustrating tenant resource allocation policies with Reserve, Min, Share, Max, and Total, exactly as described in the RST. | The nested arrow ranges (Reserve within Min within Share within Max within Total) match the policy semantics in Table 1. | Consistent with the multi-tenant scheduling subsection of the Superior Scheduler section.","No numeric values shown; only relative ranges, which is consistent with the RST note that Total is not a policy."
umn/source/overview/components/yarn/yarn_enhanced_open_source_features.rst,Yarn Enhanced Open Source Features,en-us_image_0000001296750262.png,other,pass,0.88,"Image is Figure 4 illustrating CPU quota allocation of physical cores (CPU1-CPU8) to containers with vCores, matching the CPU Hard Isolation section. | Shows sharing of physical cores (e.g., CPU2 shared between Container1 and Container3), consistent with the RST description of partial-core sharing. | The RST states a 2:1 vCore-to-physical-core ratio, but the example shows 3 vCores on 2 cores (1.5:1) for some containers, a minor inconsistency.",The exact 2:1 ratio stated in the RST is not uniformly reflected in the example (some containers show 3 vCores on 2 cores).
umn/source/overview/components/yarn/yarn_ha_solution.rst,Yarn HA Solution,en-us_image_0000001296430826.png,other,pass,1.00,"The image is an architectural diagram showing an Active ResourceManager, a Standby ResourceManager, and a ZooKeeper Cluster, matching the RST's description of the ResourceManager HA architecture (Figure 1). | Annotation 1 ('The active RM writes its states in to ZooKeeper') aligns with the RST's discussion of ZKRMStateStore and ZooKeeper-based state sharing. | Annotation 2 ('Failover is performed if the active RM fails. Automatic and manual failover is supported.') matches the RST's description of automatic and manual switchover. | The active-standby relationship depicted is consistent with the RST statement that only one ResourceManager is active at a time.","The diagram does not depict client polling for the active ResourceManager or the three state-store methods (FileSystemRMStateStore, LevelDbRMStateStore, ZKRMStateStore), but these are not required for the figure's stated purpose."
umn/source/overview/components/zookeeper/relationship_between_zookeeper_and_other_components.rst,Relationship Between ZooKeeper and Other Components,en-us_image_0000001349190409.png,other,fail,0.00,Local color check detected #3298ff.,
umn/source/overview/components/zookeeper/relationship_between_zookeeper_and_other_components.rst,Relationship Between ZooKeeper and Other Components,en-us_image_0000001296750310.png,other,pass,1.00,"Image is a diagram showing the relationship between ZooKeeper Cluster, Active ResourceManager, and Standby ResourceManager, matching Figure 2 in the RST. | The diagram correctly shows the active RM creating the Statestore directory in ZooKeeper and the standby RM obtaining messages from it. | The dashed monitoring arrow from standby RM to ZK matches the RST description of standby ResourceManagers periodically monitoring active RM election information. | The solid arrow labeled 'Select the ResourceManager that writes the message to ZooKeeper first as the active one' matches the RST election mechanism. | Legend correctly distinguishes Input message (solid) from Monitoring (dashed).",
umn/source/overview/components/zookeeper/relationship_between_zookeeper_and_other_components.rst,Relationship Between ZooKeeper and Other Components,en-us_image_0000001349390705.png,other,pass,1.00,"Image is a diagram showing the relationship between ZooKeeper Cluster, HMaster Active, HMaster Standby, and multiple RegionServers, matching Figure 3 in the RST. | The diagram shows HMaster writing messages to the HMaster directory first to become active, consistent with the RST description of multiple HMaster nodes. | Standby HMaster monitors folders in the active HMaster directory, matching the RST description of standby HMaster obtaining state information via ZooKeeper. | RegionServer writes its own state into ZooKeeper, matching the RST description of HRegionServer registering on Ephemeral node. | Active HMaster monitors RegionServer via dashed line, matching the RST description of HMaster detecting health status of each HRegionServer.",
umn/source/overview/components/zookeeper/relationship_between_zookeeper_and_other_components.rst,Relationship Between ZooKeeper and Other Components,en-us_image_0000001296590694.png,other,pass,0.93,"Image is a diagram showing the Kafka architecture with Producers, Brokers, Consumers, and ZooKeeper, matching Figure 4 in the RST. | The diagram shows Push from Front End/Service to Kafka brokers and Pull from consumers (Hadoop Cluster, Real-time monitoring, Other service, Data warehouse) to Kafka brokers. | Dashed lines connect ZooKeeper to both the Kafka brokers and the consumers, representing the ZooKeeper interactions described in the RST. | The image does not explicitly label the specific ZooKeeper interactions such as 'register broker information', 'elect a partition leader', or 'register consumer information' as described in the RST text.","The specific ZooKeeper interactions (registering broker info, electing partition leader, registering consumer info, discovering broker list) are not explicitly labeled in the diagram. | The diagram shows general architecture rather than the detailed ZooKeeper interaction flow described in the RST bullet points."
umn/source/overview/components/zookeeper/zookeeper_basic_principle.rst,ZooKeeper Basic Principle,en-us_image_0000001349310065.png,other,fail,0.00,Local color check detected #3298ff.,
umn/source/overview/functions/message_notification.rst,Message Notification,en-us_image_0000001296750222.png,other,fail,0.00,Local color check detected #3298ff.,
umn/source/overview/what_is_mrs.rst,What Is MRS?,en-us_image_0000001441155405.png,other,fail,0.00,Local color check detected #3298ff.,
umn/source/preparing_a_user/creating_an_mrs_user.rst,Creating an MRS User,en-us_image_0000002243727990.png,other,pass,1.00,"The image is a vertical flowchart (Start → Create a user group and grant permissions → Create a user → Log in as the user and verify permissions → End), matching the 'Process for granting MRS permissions' figure referenced in the RST. | The three middle steps correspond directly to the numbered procedure in the RST (create user group and assign permissions, create user and add to group, log in and verify permissions). | It is placed under the 'Process Flow' section and serves as Figure 1, so it is highly relevant to that section. | No interactive UI controls are present; it is a static diagram, so it is classified as 'other' rather than a screenshot or icon. | No contradiction between the diagram's steps and the RST text.","The diagram does not show the IAM console or any specific UI, so it cannot be validated against console screenshots. | No region/scope details (e.g., region-specific projects) are depicted, though these are described in the RST text."
umn/source/security_description/security_authentication_principles_and_mechanisms.rst,Security Authentication Principles and Mechanisms,en-us_image_0000001349137697.png,other,pass,1.00,"The image is the Kerberos architecture diagram referenced as Figure 1 in the Architecture section. | It depicts the modules listed in Table 1: Application Client, Application Server, Kerberos (with KerberosAdmin and KerberosServer). | The five labeled arrows (Step 1–Step 5) correspond to the TGT/ST exchange process described in the numbered list. | No interactive UI controls are present; it is a static architecture diagram.","The diagram does not label the individual TGT vs ST messages, only generic step numbers. | No textual detail on encryption or key usage is shown in the figure itself."
umn/source/using_an_mrs_client/installing_a_client/installing_a_client_version_3.x_or_later.rst,Installing a Client (Version 3.x or Later),en-us_image_0000001441097913.png,screenshot,pass,1.00,"The image is a terminal screenshot of the ntp.conf file being edited, matching the RST step 'vi /etc/ntp.conf' for NTP time synchronization. | It shows the master node IP addresses (10.9.2.38 with 'prefer', 10.9.2.39) added, consistent with the figure caption 'Adding the master node IP addresses'. | The pool.ntp.org server lines are commented out, matching the instruction to comment out other servers. | The image directly supports the 'Installing a Client on a Node Outside a Cluster' NTP configuration step.","The exact IP addresses shown (10.9.2.38/10.9.2.39) differ from the example IP (192.168.10.8) used elsewhere in the RST, but this is an illustrative difference, not a contradiction."
umn/source/using_an_mrs_client/installing_a_client/installing_a_client_versions_earlier_than_3.x.rst,Installing a Client (Versions Earlier Than 3.x),en-us_image_0000001390618644.png,screenshot,pass,1.00,"The image is a terminal/editor screenshot of an ntp.conf file, matching the RST figure caption 'Adding the Master node IP addresses'. | It shows the pool.ntp.org server lines commented out and two active 'server' entries (10.9.2.38 prefer, 10.9.2.39), consistent with the RST instruction to add the Master node IP and comment out other servers. | The red box highlights the newly added Master node server lines, directly illustrating step 12b of the 'Installing a Client on a Node Outside the Cluster' section. | The 'prefer' keyword on the first server matches the RST example 'server master1_ip prefer'.","One server line above the highlighted block is redacted/blurred, so its exact content is not visible. | The image does not show the surrounding vim command-line context, but the file content is sufficient for the described step."
umn/source/using_an_mrs_client/using_the_client_of_each_component/using_a_flink_client.rst,Using a Flink Client,en-us_image_0000001349057797.png,screenshot,pass,1.00,"Terminal output shows the `flink run -m yarn-cluster .../WordCount.jar` command and a finished WordCount job, matching Figure 1 'Job submitted successfully on Yarn'. | Output includes 'Starting execution of program', 'Executing WordCount example', 'Program execution finished', and a JobID with runtime, consistent with the RST description of a successful Yarn job submission. | Image is placed in the pre-MRS 3.x section step 6, matching the surrounding text.",No additional context beyond the terminal output is visible.
umn/source/using_an_mrs_client/using_the_client_of_each_component/using_a_flink_client.rst,Using a Flink Client,en-us_image_0000001296217612.png,screenshot,pass,1.00,"Terminal shows `yarn-session.sh -nm ""test4doc"" -d` and 'Flink JobManager is now running ... with leader id ...' plus a JobManager Web Interface URL, matching Figure 2 'Session started successfully'. | The session-name and JobManager startup message align with the RST step describing starting a session.",No further details beyond the session startup output.
umn/source/using_an_mrs_client/using_the_client_of_each_component/using_a_flink_client.rst,Using a Flink Client,en-us_image_0000001296217608.png,screenshot,pass,1.00,"Terminal shows `flink run .../WordCount.jar` (in-session) with 'Starting execution of program', 'Executing WordCount example', 'Program execution finished', and a finished JobID, matching Figure 3 'Job submitted successfully in the session'. | Output is consistent with the RST description of submitting a job within a session.",No additional context beyond the terminal output.
umn/source/using_an_mrs_client/using_the_client_of_each_component/using_a_flink_client.rst,Using a Flink Client,en-us_image_0000001349257273.png,screenshot,pass,1.00,"Hadoop YARN web UI shows an Apache Flink application with a highlighted 'Tracking URL: ApplicationMaster' link, matching Figure 4 'Application' and the RST instruction to click Tracking URL. | Application Type 'Apache Flink' and the application overview table align with viewing Flink job information on the native YARN page.",The actual Flink job details page reached via the Tracking URL is not shown.
umn/source/using_an_mrs_client/using_the_client_of_each_component/using_a_flink_client.rst,Using a Flink Client,en-us_image_0000001349257277.png,screenshot,pass,1.00,Terminal output of `flink run -m yarn-cluster .../WordCount.jar` with a finished WordCount job matches Figure 5 'Job submitted successfully on Yarn' in the MRS 3.x section. | Content is consistent with the RST step describing successful Yarn job submission for MRS 3.x or later.,No additional context beyond the terminal output.
umn/source/using_an_mrs_client/using_the_client_of_each_component/using_a_flink_client.rst,Using a Flink Client,en-us_image_0000001296057980.png,screenshot,pass,1.00,"Terminal shows `yarn-session.sh -nm ""test4doc"" -d` with 'Flink JobManager is now running ...' and a JobManager Web Interface URL, matching Figure 6 'Session started successfully' in the MRS 3.x section. | Output aligns with the RST step for starting a session on MRS 3.x or later.",No further details beyond the session startup output.
umn/source/using_an_mrs_client/using_the_client_of_each_component/using_a_flink_client.rst,Using a Flink Client,en-us_image_0000001349137689.png,screenshot,pass,1.00,"Terminal shows in-session `flink run .../WordCount.jar` with a finished WordCount job, matching Figure 7 'Job submitted successfully in the session' in the MRS 3.x section. | Output is consistent with the RST description of submitting a job within a session for MRS 3.x or later.",No additional context beyond the terminal output.
umn/source/using_an_mrs_client/using_the_client_of_each_component/using_a_flink_client.rst,Using a Flink Client,en-us_image_0000001296057976.png,screenshot,pass,1.00,"Hadoop YARN web UI shows an Apache Flink application with a highlighted 'Tracking URL: ApplicationMaster' link, matching Figure 8 'Application' in the MRS 3.x section. | Application Type 'Apache Flink' and the overview table align with the RST instruction to click Tracking URL to view job information.",The Flink job details page reached via the Tracking URL is not shown.
