document,title,image,image_type,result,score,reasons,missing_evidence
api-ref/source/appendixes/obtaining_a_project_id_and_name.rst,Obtaining a Project ID and Name,,,fail,,kein valides Bild,No model result was produced.
api-ref/source/appendixes/obtaining_the_cluster_id.rst,Obtaining the Cluster ID,,,fail,,kein valides Bild,No model result was produced.
api-ref/source/before_you_start.rst,Before You Start,,,fail,,kein valides Bild,No model result was produced.
api-ref/source/calling_apis/authentication.rst,Authentication,,,fail,,kein valides Bild,No model result was produced.
api-ref/source/calling_apis/returned_values.rst,Returned Values,,,fail,,kein valides Bild,No model result was produced.
api-ref/source/examples/creating_a_pay-per-use_elasticsearch_cluster.rst,Creating a Pay-per-Use Elasticsearch Cluster,,,fail,,kein valides Bild,No model result was produced.
doc/best-practice/source/using_css_to_accelerate_database_query_and_analysis.rst,Using CSS to Accelerate Database Query and Analysis,,,fail,,kein valides Bild,No model result was produced.
umn/source/css_resource_monitoring_and_alarms.rst,CSS Resource Monitoring and Alarms,en-us_image_0000002515896182.png,screenshot,pass,1.00,"Image shows the Monitoring area with two bar charts (Total Size and Available Size of File Systems Top5), matching the RST description of metric thumbnails on the Dashboard page. | The Configure button, More button, and CSS Clusters dropdown are visible, consistent with the RST instructions for creating custom views and navigating to Cloud Eye. | The image is labeled as Figure 1 Metrics in the RST, and the content aligns with the 'Checking Key Metrics on the Dashboard Page' section.","The RST mentions metrics like cluster health status, CPU usage, JVM heap usage, but the image only shows file system size metrics; however, the RST states these are examples of selectable metrics, so this is not a contradiction."
umn/source/css_resource_monitoring_and_alarms.rst,CSS Resource Monitoring and Alarms,en-us_image_0000002547376089.png,screenshot,pass,1.00,"Image shows the Alarm Management area with severity levels (Critical, Major, Minor, Informational) and resource names with colored bars, matching the RST description. | A floating tooltip is visible showing detailed alarm counts for a specific resource, consistent with the RST instruction to hover over a resource name. | The Create Alarm Rule button and All link are visible in the upper right, matching the RST's alarm configuration and checking procedures. | The image is labeled as Figure 2 Alarm Management in the RST, directly corresponding to the 'Check alarm information' section.","The RST mentions SMS or email notifications, but these are not visible in the image (they are configuration options, not display elements)."
umn/source/elasticsearch/backup_and_restoration/creating_snapshots_to_back_up_data.rst,Creating Snapshots to Back Up Data,en-us_image_0000002507086571.png,icon,partial,0.72,"The image is a small downward-pointing chevron icon, consistent with a UI expand/collapse indicator. | The RST references this icon as the element to click on the left of a snapshot name to view snapshot details, which matches the chevron's typical function. | The icon is a generic UI symbol and not specific to Elasticsearch or snapshot management, limiting topic specificity. | The icon appears in two sections (Configuring Automatic Snapshot Creation and Manually Creating a Snapshot) where users check backup success, making it contextually relevant. | No contradiction exists between the image content and the document description.","The image is a very small, isolated icon without surrounding UI context, making it difficult to confirm it is specifically the snapshot-detail expand control. | No label or text accompanies the icon to explicitly identify its purpose within the snapshot task list."
umn/source/elasticsearch/connecting_to_clusters/connecting_mrs_hive_to_a_cluster.rst,Connecting MRS Hive to a Cluster,en-us_image_0000002517107088.png,other,fail,0.00,Local color check detected #3298ff.,
umn/source/elasticsearch/connecting_to_clusters/connecting_mrs_hive_to_a_cluster.rst,Connecting MRS Hive to a Cluster,en-us_image_0000002412557593.png,screenshot,pass,0.88,"The image shows the CSS management console cluster detail page with the 'Download Certificate' button highlighted in a red box, matching the RST instruction to click Download Certificate. | The image is in the context of step 3a about obtaining the security certificate from the CSS management console. | The RST references the 'Overview' tab and 'Network Information' area, but the image shows the 'Basic Information' tab with a general layout; the tab name and area label differ slightly. | HTTPS Access is shown as 'Enable' and Security Mode as 'Enabled', consistent with the security-mode cluster scenario described in the RST. | The 'Download Certificate' button is clearly visible and highlighted, providing strong visual evidence for the described action.","The RST mentions an 'Overview' tab and a 'Network Information' area, but the image shows a 'Basic Information' tab without a clearly labeled 'Network Information' section. | The exact tab name and area naming in the image do not perfectly match the RST text."
umn/source/elasticsearch/connecting_to_clusters/connecting_mrs_hive_to_a_cluster.rst,Connecting MRS Hive to a Cluster,en-us_image_0000002549065207.png,screenshot,pass,1.00,"The image shows the Kibana Dev Tools console with the exact query 'GET /student/_search' as specified in the RST. | The JSON response shows two hits: Lucy (id:1, addr:address1) and Lily (id:2, addr:address2), matching the data inserted in the RST verification step. | The image is labeled 'Figure 3 Kibana query result' in the RST, and the content aligns perfectly with the described verification step. | The Dev Tools interface layout (command input on left, result on right) matches the RST description of the Kibana console. | No contradictions between the image content and the RST text.",None; the image fully supports the RST description of the Kibana query verification step.
umn/source/elasticsearch/connecting_to_clusters/connecting_to_a_cluster_using_java/connecting_to_a_cluster_through_spring_boot.rst,Connecting to a Cluster Through Spring Boot,en-us_image_0000002412557593.png,screenshot,pass,0.88,"The image is a CSS management console screenshot showing cluster basic information, matching the 'Obtaining and Uploading a Security Certificate' section. | A 'Download Certificate' button is highlighted with a red box, directly corresponding to the RST step 'click Download Certificate below HTTPS Access' and the Figure 1 caption 'Downloading a security certificate'. | The console displays HTTPS Access (Enable), Security Mode (Enabled), and cluster details consistent with a security-mode Elasticsearch cluster. | Interactive controls (Download Certificate, Reset, editable Name field) are visible, so contains_interactive_buttons is true.","The RST refers to an 'Overview' tab and a 'Network Information' area, but the screenshot shows a 'Basic Information' tab and the button appears beside 'Security Mode' rather than a labeled 'Network Information' area. | The certificate file name 'CloudSearchService.cer' mentioned in the RST is not visible in the screenshot."
umn/source/elasticsearch/connecting_to_clusters/connecting_to_a_cluster_using_java/connecting_to_a_cluster_through_the_elasticsearch_java_api_client.rst,Connecting to a Cluster Through the Elasticsearch Java API Client,en-us_image_0000002412557593.png,screenshot,pass,0.88,"The image is a CSS management console screenshot of an Elasticsearch cluster's Basic Information page, matching the figure caption 'Downloading a security certificate'. | A 'Download Certificate' button is visible and highlighted with a red box, directly corresponding to step 1.d in the RST ('click Download Certificate below HTTPS Access'). | HTTPS Access is shown as 'Enable' and Security Mode as 'Enabled', consistent with the security-mode HTTPS scenario described in the document. | The image supports the 'Obtaining and Uploading a Security Certificate' section, which is referenced from the main Java API client connection topic.","The RST refers to the 'Overview' tab and a 'Network Information' area, but the image shows a 'Basic Information' tab with no explicit 'Network Information' section label. | The exact placement of the Download Certificate button relative to 'HTTPS Access' differs slightly from the RST description (button appears under Security Mode row rather than directly under HTTPS Access)."
umn/source/elasticsearch/connecting_to_clusters/connecting_to_a_cluster_using_java/connecting_to_a_cluster_using_the_high_level_rest_client.rst,Connecting to a Cluster Using the High Level REST Client,en-us_image_0000002412557593.png,screenshot,pass,1.00,"The image is a UI screenshot of an Elasticsearch cluster information page in the CSS management console. | It shows the 'Download Certificate' button highlighted with a red box, matching Figure 1 'Downloading a security certificate' referenced in the RST. | The page displays cluster details (Name, ID, Version 7.1.1, HTTPS Access Enable, Security Mode Enabled) consistent with the certificate-download workflow described in the RST. | Interactive controls such as 'Download Certificate' and 'Reset' are visible.","The RST step d refers to the 'Overview' tab, but the screenshot shows the 'Basic Information' tab active; the exact tab label differs slightly. | The RST mentions a 'Network Information' area, which is not explicitly labeled in the screenshot."
umn/source/elasticsearch/connecting_to_clusters/connecting_to_a_cluster_using_java/connecting_to_a_cluster_using_the_low_level_rest_client.rst,Connecting to a Cluster Using the Low Level REST Client,en-us_image_0000002412557593.png,screenshot,pass,0.88,"The image is a CSS management console cluster information page, matching the RST step that instructs users to open the cluster page and download the security certificate. | A 'Download Certificate' button is visible and highlighted with a red box, directly supporting Figure 1 'Downloading a security certificate'. | The page shows cluster details (Name, Version, HTTPS Access, Security Mode) consistent with the cluster overview context described in the RST. | The RST refers to an 'Overview' tab and a 'Network Information' area, whereas the screenshot shows a 'Basic Information' tab and places the button beside the 'Security Mode' row, a minor labeling/positioning mismatch.",The RST mentions an 'Overview' tab and 'Network Information' area that are not labeled as such in the screenshot (shown as 'Basic Information'). | The exact 'HTTPS Access' area referenced in the RST is not clearly delineated; the highlighted button appears next to 'Security Mode' instead.
umn/source/elasticsearch/connecting_to_clusters/connecting_to_a_cluster_using_php.rst,Connecting to a Cluster Using PHP,en-us_image_0000002412557593.png,screenshot,pass,1.00,"The image is a UI screenshot of an Elasticsearch cluster information page with tabs (Basic Information, Tags, Cluster Snapshots, Logs, Parameter Configurations, Plugins), matching the 'cluster information page' described in the RST. | A 'Download Certificate' button is highlighted with a red box, directly corresponding to step 1.d ('click Download Certificate below HTTPS Access') and the figure caption 'Downloading a security certificate'. | The page shows HTTPS Access: Enable and Security Mode: Enabled, consistent with the security-mode + HTTPS certificate scenario in the document. | The screenshot provides clear visual evidence of the certificate download location referenced in the text.","The RST states the connected cluster version is 7.10.2, while the screenshot shows Version 7.1.1; this is a minor version mismatch but does not contradict the figure's purpose. | The RST refers to a 'Network Information' area, whereas the screenshot labels the relevant fields under 'Basic Information'; the layout naming differs slightly."
umn/source/elasticsearch/core_service_enhancements/configuring_decoupled_storage_and_compute.rst,Configuring Decoupled Storage and Compute,en-us_image_0000002497835557.png,other,pass,1.00,"The image is the architecture diagram referenced as Figure 1 'Decoupled storage and compute architecture' in the 'How the Feature Works' section. | It depicts an Elasticsearch cluster with multiple nodes, each with a local Disk, plus an External OBS store, matching the text's description of hot data on local disks and cold data in OBS. | The legend distinguishes 'Query hot data' (green), 'Query cold data' (orange dashed), and 'Data dumping' (red), consistent with the document's explanation of hot/cold query processing and index freezing. | Top boxes 'High-frequency queries' and 'Low-frequency queries' align with the hot-data vs cold-data (infrequently accessed) concepts described in the RST.","The diagram does not explicitly label local disks as SSDs or show metadata/date fields retained on local disks, which the text mentions. | No visual indication of the read-only/frozen index state or the OBS bucket invisibility to users."
umn/source/elasticsearch/core_service_enhancements/configuring_enhanced_aggregation.rst,Configuring Enhanced Aggregation,en-us_image_0000002510653374.png,other,pass,1.00,"The image is a schematic diagram (two tables with annotations), not a UI screenshot or icon, so image_kind is 'other'. | It directly illustrates the enhanced aggregation concept described in the RST: documents with region, host, and value fields clustered by region and host. | The left table shows raw documents; the right table shows the clustered 'Raw table schema' with an extended _group_id field, matching the RST example of sorting by region/host/value and clustering by region/host. | Annotations 'Within each cluster, documents have the same region and host' and 'documents are ordered by value' align with the RST explanation of clustering keys and sorting within clusters. | The figure is referenced as Figure 1 in the 'How the Feature Works' section, making it highly relevant to that section. | No visible interactive controls or buttons are present.","The image does not show the actual Elasticsearch index settings or query commands, only the conceptual data layout. | No explicit label ties the diagram to a specific field name beyond region/host/value, which is consistent with the RST but not a direct code reference."
umn/source/elasticsearch/core_service_enhancements/configuring_query_traffic_isolation.rst,Configuring Query Traffic Isolation,en-us_image_0000002513792959.png,other,pass,1.00,"The image is an architecture/flow diagram illustrating how query traffic isolation works, matching the figure caption and the 'How the Feature Works' section. | It shows a ClientNode receiving a query (step 2) and fanning out per-shard queries (step 3) to data nodes, consistent with the text's description of breaking queries into per-shard queries. | The highlighted DataNode2 (step 1) represents the configured faulty/isolated node that is bypassed, aligning with the text's explanation of routing traffic away from problematic nodes. | Shard labels (shard0[p], shard1[r0], shard1[r1]) depict primary and replica shards, supporting the per-shard allocation logic described in the document. | No interactive UI controls are present; it is a static explanatory diagram.","The diagram does not explicitly label the highlighted node as 'low-priority' or 'isolated'; its role is only implied by the highlight and step 1. | The mapping of numbered markers (1, 2, 3) to the three textual steps is implicit rather than annotated in the image."
umn/source/elasticsearch/core_service_enhancements/configuring_read_write_splitting_between_leader_and_follower.rst,Configuring Read/Write Splitting Between Leader and Follower,en-us_image_0000002510676216.png,other,pass,1.00,"Diagram depicts an App sending write requests to a Leader Elasticsearch cluster and read requests to Follower clusters, matching the read/write splitting topic. | Shows 'Synchronize index files' arrows from leader to followers, consistent with the RST description of data synchronization. | Corresponds to Figure 1 'Read/write splitting' in the 'How the Feature Works' section. | Clear labels (App, Leader cluster, Follower cluster, node, Disk) and directional arrows provide strong visual evidence. | No contradiction with the RST content.",No explicit mention of REST API port or version constraints in the image (not required for a conceptual diagram).
umn/source/elasticsearch/core_service_enhancements/configuring_read_write_splitting_between_leader_and_follower.rst,Configuring Read/Write Splitting Between Leader and Follower,en-us_image_0000001981763825.jpg,other,pass,1.00,"Two-panel diagram showing normal read/write split (left) and a degrade/switchover scenario (right), matching the RST's Figure 2 description. | Left panel shows Write to Leader and Query to Follower with automatic synchronization, aligning with the RST bullet on read/write split. | Right panel shows both Write and Query directed to the Follower cluster with 'Degrade' arrows, consistent with leader-to-follower switchover. | Clear labels (Leader cluster, Follower cluster, Write, Query, Automatic synchronization, Degrade) provide strong visual evidence. | No contradiction with the RST content.","The 'Degrade' label is a slight abstraction of the RST's 'switchover' wording, but semantically consistent; no explicit failure indicator shown."
umn/source/elasticsearch/core_service_enhancements/enabling_the_index_recycle_bin.rst,Enabling the Index Recycle Bin,en-us_image_0000002542381035.png,other,pass,1.00,"The image is a flowchart titled 'Index recycle bin' that directly illustrates the workflow described in the RST's 'How the Feature Works' section (Figure 1). | It shows the two paths: Normal index -> Delete index -> Closed index (in recycle bin) -> Retention expiration or manual deletion -> Delete index (Permanent), and the restore path Closed index -> Restore index -> Normal index, matching the bullet points. | Labels and arrows are clear and consistent with the documented states (Closed, recycle bin, permanent deletion, restore). | No interactive UI controls are present; it is a static diagram, so it is classified as 'other'.","The diagram does not depict the temporary cluster status turning Red mentioned in the text, but this is not required for the figure. | No retention period values or cleanup interval are shown, which is acceptable for a conceptual flow diagram."
umn/source/elasticsearch/core_service_enhancements/switching_between_hot_and_cold_data.rst,Switching Between Hot and Cold Data,en-us_image_0000001950125554.png,other,fail,0.00,Local color check detected #3298ff.,
umn/source/elasticsearch/core_service_enhancements/tracking_query_resource_consumption.rst,Tracking Query Resource Consumption,en-us_image_0000002522213993.png,other,pass,1.00,"The image is a flowchart/diagram (not a UI screenshot or icon), matching the RST figure caption 'Figure 1 How the query resource tracker works'. | It depicts the query lifecycle (Request start, query phase, fetch phase, Request end, Query completed) with 'Resource consumption statistics' arrows feeding a statistics box, consistent with the RST description of recording per-phase CPU/memory usage. | The statistics box shows 'Top CPU', 'Top Memory', 'Top Latency', matching the RST's ranking metrics (CPU usage, memory usage, latency). | A 'Time window' axis (0, 5, 10 ... 60) aligns with the RST's fixed aggregation window concept. | The 'Persistent storage' arrow to a 'top-queries-xxx index' box matches the RST's daily top-queries index naming format.","The diagram shows only Query and Fetch phases, while the RST also mentions a Scroll sub-phase; this is a minor omission, not a contradiction. | The time window scale (0-60) is illustrative and not explicitly tied to a specific unit in the image."
umn/source/elasticsearch/creating_a_cluster.rst,Creating a Cluster,en-us_image_0000001946083800.png,screenshot,pass,1.00,"Image is a UI screenshot of the cluster node specifications configuration form, matching Figure 1 caption in the RST | Shows css.medium.8 node specification with 1 vCPUs | 8 GB, exactly as described in the RST example | Displays node storage type options (Common I/O, High I/O, Ultra-high I/O) consistent with the RST's mention of High I/O and Ultra-high I/O | Shows node count (3), storage capacity (40 GB), disk encryption checkbox, and KMS key name, all relevant to the Basic Configuration step | Interactive controls visible: +/- steppers, dropdown, toggle buttons, checkbox, and a Create/View Key link","The RST mentions 'Common I/O' is not explicitly listed as a supported EVS type in Table 2, though it appears in the image as a storage option | No visible region, AZ, or cluster name fields in this cropped screenshot, though they are described in the RST"
umn/source/elasticsearch/creating_a_cluster.rst,Creating a Cluster,en-us_image_0000001973202625.png,screenshot,pass,1.00,"Image is a UI screenshot of the network configuration form, matching Figure 2 caption in the RST | Shows VPC (router_1), Subnet (subnet-5684 with CIDR), and Security Group (WorkspaceManagerSecurityGroup) fields, all described in Table 3 of the RST | The 'Communication Encryption' toggle with HTTPS description aligns with the RST's HTTPS Access parameter description | View VPC and View Security Group links match the RST instructions to click those links to navigate to respective management pages | Interactive controls visible: dropdowns, toggle switch, and navigation links","Security Mode toggle and Public IP Address fields described in the RST are not visible in this cropped screenshot | No visible Kibana Public Network Access or VPC Endpoint settings, which are part of the Advanced Settings step rather than Network step"
umn/source/elasticsearch/ingesting_data/ingesting_data_using_self-managed_logstash.rst,Ingesting Data Using Self-Managed Logstash,en-us_image_0000002515580312.png,other,fail,0.00,Local color check detected #3298ff.,
umn/source/elasticsearch/ingesting_data/ingesting_data_using_self-managed_logstash.rst,Ingesting Data Using Self-Managed Logstash,en-us_image_0000002515420396.png,other,fail,0.00,Local color check detected #3298ff.,
umn/source/elasticsearch/ingesting_data/ingesting_data_using_self-managed_logstash.rst,Ingesting Data Using Self-Managed Logstash,en-us_image_0000002412557593.png,screenshot,pass,1.00,"The image is a CSS management console cluster information page, matching the 'Obtaining the Security Certificate' section. | The 'Download Certificate' button is highlighted with a red box, exactly the action the RST instructs ('click Download Certificate below HTTPS Access'). | Visible fields (HTTPS Access: Enable, Security Mode: Enabled, Private Network Address) align with the security-certificate context. | The screenshot shows a real UI with tabs and a clickable button, confirming it is a screenshot with interactive controls.","The RST refers to an 'Overview' tab and a 'Network Information' area, while the screenshot shows a 'Basic Information' tab with fields laid out directly; minor labeling difference. | No explicit 'Network Information' grouping label is visible in the screenshot."
umn/source/elasticsearch/managing_alarms/configuring_open_distro_alert_notifications_via_smn.rst,Configuring Open Distro Alert Notifications (via SMN),en-us_image_0000002522940796.png,other,fail,0.00,Local color check detected #3298ff.,
umn/source/elasticsearch/managing_alarms/configuring_open_distro_alert_notifications_via_smn.rst,Configuring Open Distro Alert Notifications (via SMN),en-us_image_0000001938218852.png,screenshot,pass,1.00,"Image shows the 'Add destination' form with Name, Type (SMN), and Topic fields, matching Figure 2 in the RST. | The form fields align with Table 1 (Name, Type=SMN, Topic) described in the destination creation step. | Breadcrumb 'Alerting / Destinations / Create destination' matches the navigation described in the document.","The 'Create' button is not visible in the cropped view, though the RST mentions clicking Create."
umn/source/elasticsearch/managing_alarms/configuring_open_distro_alert_notifications_via_smn.rst,Configuring Open Distro Alert Notifications (via SMN),en-us_image_0000001938378228.png,screenshot,pass,1.00,"Image shows the Destinations list page with a 'test' destination of type SMN, matching Figure 3. | The 'Add destination' button and the destination table (name, type, actions) match the RST description of verifying the created destination. | Tabs Dashboard/Monitors/Destinations align with the Alerting page navigation.",
umn/source/elasticsearch/managing_alarms/configuring_open_distro_alert_notifications_via_smn.rst,Configuring Open Distro Alert Notifications (via SMN),en-us_image_0000001965497429.png,screenshot,pass,1.00,"Image shows 'Configure actions' with an SMN notification action and a Destination field set to 'test - (SMN)', matching Figure 4. | The red highlight on the Destination field corresponds to the RST step of selecting the SMN destination for the trigger action. | Action name 'test-action' is consistent with the trigger action configuration described in Table 3.",
umn/source/elasticsearch/managing_alarms/configuring_open_distro_alert_notifications_via_smn.rst,Configuring Open Distro Alert Notifications (via SMN),en-us_image_0000002554394925.png,screenshot,pass,1.00,"Image shows the message configuration with Destination 'test - (SMN)', Message subject, and a 'Send test message' button highlighted, matching Figure 5. | The message body uses Mustache template variables (ctx.monitor.name, ctx.trigger.name) consistent with the RST message description. | The 'Send test message' button aligns with step d of testing the alert notification link.",
umn/source/elasticsearch/managing_alarms/configuring_open_distro_alert_notifications_via_smn.rst,Configuring Open Distro Alert Notifications (via SMN),en-us_image_0000001965497421.png,screenshot,pass,1.00,"Image shows an email notification received by a subscriber with subject and a message body about monitor 'test-monitor' entering alert status, matching Figure 6. | The message content (Trigger: test-trigger, Severity: 1, period start/end) is consistent with the test message preview in Figure 5. | This confirms successful alert notification delivery as described in step e of the RST.","The sender email address is partially blurred, so the exact subscriber address is not fully visible."
umn/source/elasticsearch/managing_alarms/synchronizing_alerts_and_metrics_to_prometheus.rst,Synchronizing Alerts and Metrics to Prometheus,en-us_image_0000002523087784.png,other,fail,0.00,Local color check detected #3298ff.,
umn/source/elasticsearch/managing_alarms/synchronizing_alerts_and_metrics_to_prometheus.rst,Synchronizing Alerts and Metrics to Prometheus,en-us_image_0000002124604594.png,screenshot,pass,1.00,"Image is the 'Add destination' form (Figure 2) referenced in step 5a of the RST. | Shows Name field ('test'), Type dropdown set to PROMETHEUS, and Settings with Pushgateway endpoint, matching Table 1 parameters. | Directly illustrates creating a Prometheus destination between Elasticsearch and Pushgateway.","The Create button is not visible in the cropped view, though the RST mentions clicking Create."
umn/source/elasticsearch/managing_alarms/synchronizing_alerts_and_metrics_to_prometheus.rst,Synchronizing Alerts and Metrics to Prometheus,en-us_image_0000002124606390.png,screenshot,pass,1.00,"Image is the 'Destinations' list page (Figure 3) referenced in step 5c of the RST. | Shows a row with destination name 'test' and type 'PROMETHEUS', confirming the new destination was created. | Matches the RST statement that the new destination being displayed means it has been created.",No additional context beyond the list view is shown.
umn/source/elasticsearch/managing_alarms/synchronizing_alerts_and_metrics_to_prometheus.rst,Synchronizing Alerts and Metrics to Prometheus,en-us_image_0000002554314959.png,screenshot,pass,1.00,"Image is the 'Configure actions' page (Figure 4) referenced in step 5d of the RST. | Shows the PROMETHEUS notification action with the JSON message template (metricsName, metricsLabel, metricsValue, jobName) matching Table 3. | The 'Send test message' button is highlighted, matching the RST instruction to test the link to Prometheus.","The metricsHelp optional field from the template is not present in the visible message, but it is optional per the RST."
umn/source/elasticsearch/managing_alarms/synchronizing_alerts_and_metrics_to_prometheus.rst,Synchronizing Alerts and Metrics to Prometheus,en-us_image_0000002127428880.png,screenshot,pass,1.00,"Image is the Pushgateway UI (Figure 5) referenced in step 5e of the RST. | Shows the hits_total_value GAUGE metric with labels job, label_key1, label_key2 and value 1, confirming the pushed message was received. | Matches the RST statement that Prometheus/Pushgateway receiving the triggered message means the trigger is set successfully.","The instance label shows an empty value, which is not explicitly discussed in the RST."
umn/source/elasticsearch/managing_cluster_changes/changing_the_security_mode.rst,Changing the Security Mode,en-us_image_0000001965497265.png,screenshot,pass,1.00,"Image shows a form with Security Mode toggle enabled, Administrator Username (admin), Administrator Password and Confirm Password fields, and HTTPS Access toggle enabled. | This matches Figure 1 caption 'Enabling the security mode' in the RST. | The RST step 5 instructs to enable security mode and enter/confirm the administrator password, which is exactly what the form displays. | The HTTPS Access toggle being on aligns with the subsequent step about enabling or disabling HTTPS Access.",
umn/source/elasticsearch/managing_cluster_changes/changing_the_security_mode.rst,Changing the Security Mode,en-us_image_0000001938378044.png,screenshot,pass,1.00,Image shows Security Mode toggle in the off/disabled state with a warning message about plaintext HTTP transmission. | This matches Figure 2 caption 'Disabling the security mode' in the RST. | The RST step 5 in the 'Switching from Security Mode to Non-Security Mode' section instructs to disable the security mode. | The warning text in the image aligns with the RST warning about non-security mode clusters using HTTP and not exposing to public network.,
umn/source/elasticsearch/managing_cluster_changes/changing_the_security_mode.rst,Changing the Security Mode,en-us_image_0000001938218688.png,screenshot,pass,1.00,Image shows Security Mode toggle enabled and HTTPS Access toggle enabled (highlighted with a border). | This matches Figure 3 caption 'Configuring the protocol' in the RST. | The RST step 5 in the 'Switching between HTTP and HTTPS in Security Mode' section instructs to enable or disable HTTPS Access. | The highlighted HTTPS Access toggle visually emphasizes the protocol configuration action described in the RST.,
umn/source/elasticsearch/managing_cluster_changes/upgrading_the_cluster_version.rst,Upgrading the Cluster Version,en-us_image_0000002284236957.png,screenshot,pass,1.00,"The image is a UI error notification from the CSS management console, matching the figure caption 'Figure 1 Upgrade check errors'. | The error code CSS.0083 about indexes not being backed up aligns with the pre-upgrade data backup check described in the RST. | The RST states that when the upgrade check fails, error information is displayed in the console, which is exactly what the screenshot shows. | A close (X) control is visible, indicating an interactive UI element.","The notification text is partially truncated, so the full list of unbacked-up indexes is not fully readable. | The exact placement (upper right corner) of the notification cannot be fully confirmed from the cropped image."
umn/source/elasticsearch/managing_clusters/managing_failed_tasks_for_clusters.rst,Managing Failed Tasks for Clusters,en-us_image_0000001938218564.png,screenshot,pass,1.00,"Shows the 'Failed Tasks' label with the digit '5' highlighted in a red box, matching the RST instruction to click the digit next to Failed Tasks | The UI element includes a Name dropdown, search field, and refresh icon consistent with a cluster management console | Directly corresponds to Figure 1 caption: 'Clicking the digit next to Failed Tasks'",
umn/source/elasticsearch/managing_clusters/managing_failed_tasks_for_clusters.rst,Managing Failed Tasks for Clusters,en-us_image_0000001965416917.png,screenshot,pass,1.00,"Shows the Failed Tasks dialog box with columns Name/ID, Task Status, Failure Time, and Operation as described in the RST | The question mark icon in the Task Status column is highlighted with a red box, matching the instruction to click it to view the failure cause | Displays multiple failed tasks with 'Creation failed' and 'Expansion failed' statuses, consistent with the document's description of failed cluster tasks | Includes a 'Delete All' button and refresh icon in the dialog header",
umn/source/elasticsearch/managing_clusters/managing_failed_tasks_for_clusters.rst,Managing Failed Tasks for Clusters,en-us_image_0000001938377924.png,screenshot,pass,1.00,"Shows the Failed Tasks dialog with both the 'Delete All' button and the 'Delete' link in the Operation column highlighted with red boxes | Directly corresponds to the 'Deleting a Failed Task' section which describes clicking Delete in the Operation column or Delete All | The table structure matches the RST description with Name/ID, Task Status, Failure Time, and Operation columns",
umn/source/elasticsearch/managing_clusters/viewing_cluster_details.rst,Viewing Cluster Details,en-us_image_0000002515384391.png,icon,pass,1.00,"The image is a small pencil/edit icon, matching the inline reference |image1| used for 'click to change' the Cluster Name. | The edit pencil symbol directly represents the modify/change action described in the RST. | It appears in the 'Viewing Basic Cluster Information' section (Table 2, Cluster Name row). | The visual clearly shows a pencil with an underline, a standard edit glyph.",No surrounding UI context is visible; only the isolated icon is shown.
umn/source/elasticsearch/managing_clusters/viewing_cluster_details.rst,Viewing Cluster Details,en-us_image_0000002515304385.png,icon,pass,1.00,"The image is a small pencil/edit icon, matching the inline reference |image2| used for 'click to modify the description' (Cluster Description). | The edit pencil symbol directly represents the modify action described in the RST. | It appears in the 'Viewing Basic Cluster Information' section (Table 2, Cluster Description row). | The visual clearly shows a pencil with an underline, a standard edit glyph.",No surrounding UI context is visible; only the isolated icon is shown.
umn/source/elasticsearch/managing_clusters/viewing_cluster_details.rst,Viewing Cluster Details,en-us_image_0000002515304389.png,icon,pass,1.00,"The image is a small pencil/edit icon, matching the inline reference |image3| used for 'click to change the cluster's security mode'. | The edit pencil symbol directly represents the change action described in the RST. | It appears in the 'Viewing Basic Cluster Information' section (Table 4, Security Mode row). | The visual clearly shows a pencil with an underline, a standard edit glyph.",No surrounding UI context is visible; only the isolated icon is shown.
umn/source/elasticsearch/managing_logs/querying_logs.rst,Querying Logs,en-us_image_0000002346926270.png,screenshot,pass,1.00,"Image shows three run log lines with INFO level, index creation, and cluster health status change from YELLOW to GREEN, matching the RST description of Figure 1 | Numbered annotations 1-5 at the bottom correspond to the five log content fields described in the RST (time, level, module, node, content) | The log content explicitly mentions 'creating index' and 'Cluster health status changed from [YELLOW] to [GREEN]' as stated in the RST",
umn/source/elasticsearch/managing_logs/querying_logs.rst,Querying Logs,en-us_image_0000002346766550.png,screenshot,pass,1.00,"Image shows a slow indexing log line with INFO level, index name/ID, took[1.5ms], type[_doc], and source content, matching the RST description of Figure 2 | Numbered annotations 1-6 at the top correspond to the six log content fields described in the RST (time, level, module, node, index name/ID, content) | The log content includes request execution duration, index type, and index request body as described in the RST",
umn/source/elasticsearch/managing_logs/querying_logs.rst,Querying Logs,en-us_image_0000002380566773.png,screenshot,pass,1.00,"Image shows a slow query log line with WARN level, index name/shard ID, took[3.6ms], total_hits[42 hits], and query request body, matching the RST description of Figure 3 | Numbered annotations 1-6 at the top correspond to the six log content fields described in the RST (time, level, module, node, index name/shard ID, content) | The log content includes query duration, number of hits, and query request body as described in the RST",
umn/source/elasticsearch/managing_logs/querying_logs.rst,Querying Logs,en-us_image_0000002380607013.png,screenshot,pass,1.00,"Image shows a deprecation log line with DEPRECATION level, module RestController, and content about GET /_cat/master being deprecated in favor of GET /_cat/cluster_manager, matching the RST description of Figure 4 | Numbered annotations 1-5 at the bottom correspond to the five log content fields described in the RST (time, level, module, node, content) | The log level is DEPRECATION as specified in the RST, and the deprecation message matches exactly",
umn/source/elasticsearch/managing_logs/querying_logs.rst,Querying Logs,en-us_image_0000002384639989.png,screenshot,pass,1.00,"Image shows an access log line with node name, thread name, INFO level, POST method, request path _snapshot/my_backup/my_snapshot/_restore?pretty=true, and source/destination addresses, matching the RST description of Figure 5 | Numbered annotations 1-7 at the top correspond to the seven log content fields described in the RST (time, node, thread, level, method, path, addresses) | The request path and source information match the RST description of the /_snapshot/my_backup/my_snapshot/_restore?pretty=true operation",
umn/source/elasticsearch/managing_the_index_lifecycle/automating_index_rollover_using_ism.rst,Automating Index Rollover Using ISM,en-us_image_0000002209172477.png,other,fail,0.00,Local color check detected #3298ff.,
umn/source/elasticsearch/managing_the_index_lifecycle/configuring_index_state_management_ism_policies.rst,Configuring Index State Management (ISM) Policies,en-us_image_0000001938378248.png,screenshot,pass,1.00,"Image shows the Kibana 'Create policy' page with Policy ID and Define policy sections, matching Figure 1 caption in the RST. | The Policy ID field is highlighted with a red box and contains 'hot_cold_workflow', consistent with the RST instruction to enter a custom policy name. | The Define policy section shows a JSON editor with an ISM policy example (hot/cold states, replica_count, transitions), matching the RST description of defining a policy in JSON format. | The 'Create' button at the bottom-right matches the RST step 7 instruction to click Create. | Copy and Auto indent buttons are visible in the Define policy section, consistent with a Kibana ISM policy editor UI.","The full JSON policy is cut off at the bottom of the editor (line 29 visible), so the complete policy definition is not fully shown."
umn/source/elasticsearch/managing_the_index_lifecycle/configuring_index_state_management_ism_policies.rst,Configuring Index State Management (ISM) Policies,en-us_image_0000002516180068.png,screenshot,pass,1.00,"Image shows the Kibana 'Indices' page with an 'Apply policy' button in the upper-right corner, matching Figure 2 caption in the RST. | An index named 'test1' is selected via checkbox (highlighted with red box), consistent with the RST instruction to select one or more indexes. | The 'Apply policy' button is highlighted with a red box, matching the RST step 4 instruction to click Apply policy in the upper right corner. | The table columns (Index, Managed by Policy, Status, Total size, etc.) are consistent with the Kibana Indices list described in the RST. | The 'Managed by Policy' column shows 'No' for the selected index, consistent with the RST context of associating a policy with an index not yet associated with any policy.",The dialog box that appears after clicking 'Apply policy' (where the user selects a policy ID) is not shown in this image.
umn/source/elasticsearch/managing_the_index_lifecycle/decoupling_storage_and_compute_using_ism.rst,Decoupling Storage and Compute Using ISM,en-us_image_0000002061403354.png,other,pass,1.00,"The diagram depicts an index lifecycle management timeline with Hot (writable), Freeze, and Delete phases, matching the RST's hot/warm/delete ISM policy description. | The timeline marks Day 1, Day 3, and Day 7, consistent with the RST's 3-day freeze and 7-day delete conditions. | The 'Index Name Pattern: data-*' label aligns with the RST's index template pattern 'data*'. | The 'Searchable' vs 'Unsearchable' grouping corresponds to the RST's note that frozen data remains searchable with higher latency. | The figure is referenced as Figure 1 'Storage-compute decoupling' in the Solution section, so it is directly relevant.","The diagram does not explicitly label OBS/object storage, though the RST mentions data is dumped to OBS. | No explicit mention of the policy name 'hot_warm_policy' in the image."
umn/source/elasticsearch/monitoring/configuring_index-level_monitoring.rst,Configuring Index-Level Monitoring,en-us_image_0000002547709719.png,screenshot,pass,1.00,"Image is labeled Figure 1 'Pre-built dashboard' in the RST and shows a Kibana dashboard titled 'Index Monitoring'. | The dashboard displays charts matching Table 4: Indexing Rate (/s), Search Rate (/s), total docs count, total docs delete, total store size in bytes. | The markdown panel at top matches the '[monitoring] markdown' chart description. | The time axis shows 'per 10 seconds' consistent with the default 10s collection interval described in the RST.","The top-10 index charts (indexing rate of index for top10, search rate of index for top10, etc.) are not visible in this cropped view of the dashboard."
umn/source/elasticsearch/monitoring/configuring_index-level_monitoring.rst,Configuring Index-Level Monitoring,en-us_image_0000002516189814.png,screenshot,pass,1.00,"Image is labeled Figure 2 'TSVB page' and shows the Data tab of a TSVB visualization configuration. | Aggregation is set to 'Max' with field 'index_stats.primaries.docs.count' as described in the RST. | Derivative aggregation with Units '1s' is visible, matching the RST instruction. | Positive Only aggregation is shown as the third metric, matching the RST. | Group by is set to 'Terms' with By 'index_stats.index', exactly as described.",
umn/source/elasticsearch/monitoring/configuring_index-level_monitoring.rst,Configuring Index-Level Monitoring,en-us_image_0000002547669721.png,screenshot,pass,1.00,Image is labeled Figure 3 'Setting the interval' and shows the Panel options tab. | The Interval field is set to '1m' as instructed in the RST. | Index pattern shows 'monitoring-eye-css-*' consistent with the monitoring index naming. | Time field is set to 'timestamp' which matches the visualization configuration.,
umn/source/elasticsearch/monitoring/configuring_index-level_monitoring.rst,Configuring Index-Level Monitoring,en-us_image_0000002517299081.png,screenshot,pass,1.00,"Image is labeled Figure 4 'Selecting Saved Objects' and shows the Kibana Stack Management > Saved Objects page. | The left navigation shows 'Saved Objects' highlighted under Stack Management, matching the RST path 'Management > Stack Management > Saved objects'. | The page shows an 'Import' button which is the next step described in the RST. | The breadcrumb 'Stack Management / Saved objects' confirms the correct navigation path.",
umn/source/elasticsearch/monitoring/configuring_index-level_monitoring.rst,Configuring Index-Level Monitoring,en-us_image_0000002517339091.png,screenshot,pass,1.00,"Image is labeled Figure 5 'Uploading a file' and shows the 'Import saved objects' dialog. | The dialog has a file upload area with an 'Import' button, matching the RST instruction to upload the monitoring-kibana.ndjson file. | The 'Automatically overwrite all saved objects?' toggle is visible, which is part of the import process. | The background shows the Saved Objects page, confirming the correct context.",
umn/source/elasticsearch/monitoring/configuring_index-level_monitoring.rst,Configuring Index-Level Monitoring,en-us_image_0000002517299087.png,screenshot,pass,1.00,"Image is labeled Figure 6 'Index monitoring charts imported successfully' and shows the Saved Objects page after import. | The list includes '[Monitoring] Index monitoring Dashboard', 'monitoring-eye-css-*', '[monitoring] markdown', '[monitoring] Indexing Rate (/s)', '[monitoring] Search Rate (/s)', and other monitoring objects. | The 'Export 9 objects' button indicates multiple objects were successfully imported. | This confirms the successful import of the monitoring-kibana.ndjson file as described in the RST FAQ solution.",Not all 16 objects from the ndjson file are visible in this cropped view; only 6 rows are shown.
umn/source/elasticsearch/monitoring/using_cloud_eye_to_monitor_clusters.rst,Using Cloud Eye to Monitor Clusters,en-us_image_0000002005921800.png,screenshot,pass,1.00,"The image is a UI screenshot of the Cloud Eye Monitoring Metrics page, matching Figure 1 referenced in the RST. | It shows the 'Instances' and 'CSS Instances' tabs described in the 'Viewing Cluster Monitoring Information' section. | Visible controls include the Instances selector, period checkboxes (Last week, Yesterday), time/aggregation dropdowns, 'Add Graph Group', and 'Select Metric', all mentioned in the RST. | The 'cpu' graph group with 'Max. CPU Usage' and 'Max. Load Value' charts aligns with the recommended CPU monitoring metrics. | No visible contradiction between the image content and the RST description.","The 'CSS Instances' tab content (node metrics) is not displayed, only the active 'Instances' tab is shown. | The 'Select Metric' dialog box is not visible in the screenshot."
umn/source/elasticsearch/network_settings/configuring_a_dedicated_load_balancer.rst,Configuring a Dedicated Load Balancer,en-us_image_0000001983636885.png,icon,partial,0.72,"The image is a small pencil/edit icon, consistent with its use in the RST as a clickable element to configure a listener. | The RST step 6 states 'click |image1| to configure a listener', and the pencil icon is a standard UI symbol for edit/configure actions. | The icon is generic and not specific to load balancer or Elasticsearch topics, but it is contextually appropriate for the 'configure' action described. | No contradiction between the image content and the surrounding RST text.",The icon is a generic edit/pencil symbol; it does not visually convey any load-balancer- or Elasticsearch-specific information. | No surrounding UI context is visible to confirm the exact placement of the icon within the Listener area of the CSS console.
umn/source/elasticsearch/network_settings/configuring_vpc_endpoints.rst,Configuring VPC Endpoints,en-us_image_0000002306895117.png,screenshot,pass,1.00,"Image is a UI table from the CSS management console showing a VPC endpoint list, matching Figure 1 'Managing VPC endpoints'. | Columns (VPC Endpoint ID, Status, Service Address, Private Domain Name, Max. Connections, Owner, Created, Operation) align with the RST description of the VPC endpoint list. | Status shows 'Accepted' and Operation column shows 'Accept'/'Reject' links, consistent with the 'Modify VPC endpoint status' instructions. | The figure is placed in the 'Managing VPC Endpoints' section, directly relevant to that section's content.","Some values (endpoint ID, service address, private domain name, owner) are partially redacted/blurred, so exact values cannot be verified. | No explicit caption text is visible within the image itself; the figure label comes from the RST."
umn/source/elasticsearch/procedure.rst,Procedure,en-us_image_0000002530201524.png,other,fail,0.00,Local color check detected #3298ff.,
umn/source/elasticsearch/security_settings/configuring_ldap_authentication.rst,Configuring LDAP Authentication,en-us_image_0000002039717881.png,other,pass,1.00,"The image is a conceptual flow diagram illustrating the permissions mapping from Active Directory users through Groups/Backend Roles to Elasticsearch Roles and Action groups. | This directly matches the RST description in step 5: 'The rolebase permissions group of the LDAP server must be mapped to the roles in the Elasticsearch cluster. Figure 1 illustrates the mapping.' | The diagram labels (ActiveDirectory User, Groups/Backend Roles, Roles, Action groups, Role-mapping) align with the LDAP-to-Elasticsearch permission mapping described in the document.",No specific role names or group names are shown in the diagram; it is a generic conceptual illustration.
umn/source/elasticsearch/security_settings/configuring_ldap_authentication.rst,Configuring LDAP Authentication,en-us_image_0000002003597932.png,screenshot,pass,1.00,"The image is a screenshot of the Kibana Open Distro Security Roles page showing a table with columns for Role, Cluster permissions, Index permissions, Internal users, Backend roles, Tenants, and Customization. | It displays a role 'role_google' mapped to backend role 'groupGoogleInAD', demonstrating the LDAP group-to-Elasticsearch role mapping described in step 5.c. | This matches the RST step 5.d which says 'Check the configuration result' and references Figure 2 Permissions mapping. | The visible tabs (Cluster permissions, Index permissions, Internal users, Backend roles, Tenants, Customization) correspond to the role configuration parameters mentioned in the RST.",The screenshot does not show the full Kibana navigation or the 'Create Role' dialog; it only shows the roles list view.
umn/source/elasticsearch/security_settings/creating_users_for_a_cluster_and_granting_cluster_access.rst,Creating Users for a Cluster and Granting Cluster Access,en-us_image_0000002151221641.png,other,fail,0.00,Local color check detected #3298ff.,
umn/source/elasticsearch/security_settings/creating_users_for_a_cluster_and_granting_cluster_access.rst,Creating Users for a Cluster and Granting Cluster Access,en-us_image_0000002117887706.png,screenshot,pass,1.00,"Image shows the Kibana Security > Internal users page, matching Figure 2 in the RST | The 'Create internal user' button is highlighted with a red box, consistent with step 5b instruction | Left navigation shows Security sections (Get Started, Authentication, Roles, Internal users, Permissions, Tenants, Audit logs) matching the Kibana 7.10.2 interface described | The admin user is listed as the current user, consistent with the administrator login described in the RST",
umn/source/elasticsearch/security_settings/creating_users_for_a_cluster_and_granting_cluster_access.rst,Creating Users for a Cluster and Granting Cluster Access,en-us_image_0000002117891886.png,screenshot,pass,1.00,"Image shows the Name field for setting a role name, matching Figure 3 in the RST | The validation text (2-50 characters, valid characters) is visible, consistent with role creation in Kibana | The RST step 6c says 'Set the role name, for example, role_test' and this image shows exactly that input field | The page is part of the Create Role workflow described in the RST",The actual role name 'role_test' is not typed into the field in the screenshot | No visible buttons in this cropped view of the form
umn/source/elasticsearch/security_settings/creating_users_for_a_cluster_and_granting_cluster_access.rst,Creating Users for a Cluster and Granting Cluster Access,en-us_image_0000002153294397.png,screenshot,pass,1.00,"Image shows the Cluster Permissions section, matching Figure 4 in the RST | The search dropdown for action group name or permission name is visible, consistent with step 6d | The 'Create new permission group' button is present, matching the Kibana interface | The description text about specifying permissions using action groups or single permissions aligns with the RST content",The specific cluster_monitor permission is not selected in the dropdown in this screenshot | No specific permission is shown as selected
umn/source/elasticsearch/security_settings/creating_users_for_a_cluster_and_granting_cluster_access.rst,Creating Users for a Cluster and Granting Cluster Access,en-us_image_0000002117941118.png,screenshot,pass,1.00,"Image shows the Map user page, matching image1 referenced in step 7d of the RST | The Users section with dropdown and 'Create new internal user' button is visible | The Backend roles section with input field and 'Add another backend role' button is present | The Map button is highlighted with a red box, consistent with step 7d instruction to click Map | The Cancel and Map buttons at the bottom match the expected UI for completing the mapping",The user 'test' is not visibly selected in the Users dropdown in this screenshot
umn/source/faqs/managing_css_clusters/how_do_i_obtain_the_security_certificate_of_a_css_security-mode_cluster.rst,How Do I Obtain the Security Certificate of a CSS Security-Mode Cluster?,en-us_image_0000002412557593.png,screenshot,pass,0.88,"The image is a CSS management console cluster information page, matching the FAQ topic of obtaining a security certificate. | A 'Download Certificate' control is visible and highlighted with a red box, directly supporting the figure caption 'Downloading a security certificate'. | The screenshot shows the cluster detail page with tabs and a key-value layout consistent with the described console navigation. | The RST references the 'Overview' tab and a 'Network Information' area, but the image shows the 'Basic Information' tab and places the button next to 'Security Mode', a minor labeling mismatch. | The RST says the button is below 'HTTPS Access', whereas the image shows it adjacent to 'Security Mode: Enabled'.",The 'Overview' tab and 'Network Information' area named in the RST are not visible in the screenshot. | No explicit 'HTTPS Access' grouping is shown directly above the highlighted button.
umn/source/faqs/migrating_css_clusters/can_i_export_data_from_kibana_in_css.rst,Can I Export Data from Kibana in CSS?,en-us_image_0000002008857332.png,screenshot,pass,1.00,"Image shows the Kibana Discover page with the Share dropdown open, displaying 'SHARE OR EXPORT THIS SEARCH DATA' with 'Data Export' option, matching the RST instruction to choose Share > Data Export. | The toolbar shows New, Save, Open, Share, Inspect buttons consistent with the Discover page described in the RST. | Figure 1 caption 'Exporting data' aligns with the visual content showing the export menu path.",The 'Export CSV' sub-option is not visible in this image; only the 'Data Export' parent item is shown.
umn/source/faqs/migrating_css_clusters/can_i_export_data_from_kibana_in_css.rst,Can I Export Data from Kibana in CSS?,en-us_image_0000002008857464.png,screenshot,pass,1.00,"Image shows a success message 'Export successfully and written in History Records' with a 'Download csv' button, matching the RST instruction to click Download csv after waiting. | The path 'Stack Management > Kibana > cssExporting' is shown, providing context for where the export is stored. | Figure 2 caption 'Downloading data' aligns with the visual content showing the download button.","The RST mentions the button is in the 'lower right corner' but the image shows it in what appears to be a panel or dialog, not clearly the lower right of a full page."
umn/source/faqs/migrating_css_clusters/can_i_export_data_from_kibana_in_css.rst,Can I Export Data from Kibana in CSS?,en-us_image_0000001960517917.png,screenshot,pass,1.00,"Image shows the SQL Workbench interface in Kibana with SQL Query and Translation panels, matching the RST description of running Elasticsearch SQL statements. | The Download dropdown is open showing 'Download CSV' option, consistent with the RST instruction to click Download to export data. | Run, Translate, and Clear buttons are visible, supporting the RST description of running SQL queries. | Figure 3 caption 'SQL Workbench' directly matches the interface shown.","The RST mentions exporting 1 to 200 records by default, but no record count or limit indicator is visible in the image."
umn/source/faqs/migrating_css_clusters/can_i_export_data_using_opensearch_dashboards_in_css.rst,Can I Export Data Using OpenSearch Dashboards in CSS?,en-us_image_0000002513250713.png,screenshot,pass,1.00,"Image shows the OpenSearch Dashboards Reporting dropdown with Download PDF and Download PNG options highlighted in a red box | Matches Figure 1 caption 'Selecting an export file format' in the Exporting a dashboard section | The top bar shows Full screen, Share, Clone, Reporting, Edit buttons consistent with a dashboard detail page | The red box highlights the download format options as described in the RST step 4",
umn/source/faqs/migrating_css_clusters/can_i_export_data_using_opensearch_dashboards_in_css.rst,Can I Export Data Using OpenSearch Dashboards in CSS?,en-us_image_0000002513253505.png,screenshot,pass,1.00,"Image shows the OpenSearch Dashboards Reporting dropdown with Generate CSV and Generate XLSX options highlighted in a red box | Matches Figure 2 caption 'Selecting an export file format' in the Exporting data section | The top bar shows New, Save, Open, Share, Reporting, Inspect buttons consistent with the Discover page | The red box highlights the download format options as described in the RST step 3",
umn/source/faqs/using_css_cluster_search_engines/how_do_i_change_the_number_of_replicas_for_elasticsearch_indexes_in_css.rst,How Do I Change the Number of Replicas for Elasticsearch Indexes in CSS?,en-us_image_0000002021082885.png,screenshot,pass,1.00,"The image is a Kibana Dev Tools console screenshot showing the command 'GET _cat/indices?v' in the left input box and the resulting index table on the right, matching the RST step for checking replicas. | The 'rep' column in the result table is highlighted with a red box, directly illustrating the number of replicas per index as described in the figure caption. | The left-side command box with a green execution (play) button and wrench icon matches the RST description of the command input box and execution button. | The displayed columns (health, status, index, uuid, pri, rep, docs.count, etc.) are consistent with the output of the _cat/indices command referenced in the document.",No additional information is missing; the image fully supports the described step.
umn/source/faqs/using_css_cluster_search_engines/how_do_i_check_the_number_of_index_shards_and_replicas_in_a_css_elasticsearch_cluster.rst,How Do I Check the Number of Index Shards and Replicas in a CSS Elasticsearch Cluster?,en-us_image_0000001960397705.png,screenshot,pass,1.00,"The image is a Kibana Dev Tools console screenshot showing the command 'GET _cat/indices?v' in the input box, matching the RST step. | The result table displays the 'pri' and 'rep' columns highlighted with a red box, exactly as described in the RST for shards and replicas. | The figure corresponds to Figure 1 'Querying index information' referenced in the document. | No visible contradiction between the image content and the RST description.","The full cluster list / navigation steps (Clusters > Elasticsearch, Kibana button) are not shown in this image, but they are not required for this figure."
umn/source/faqs/using_css_cluster_search_engines/how_do_i_clear_elasticsearch_indexes_in_css.rst,How Do I Clear Elasticsearch Indexes in CSS?,en-us_image_0000001960517893.png,screenshot,pass,1.00,"The image is a Cerebro UI screenshot showing a node/index list and a context menu, matching the figure caption 'Deleting an index from Cerebro'. | The context menu includes a 'delete index' entry highlighted with a red box, directly illustrating the manual index-clearing step described in the RST. | The top navigation (overview, nodes, rest, more) and node entries with IP/heap/disk/cpu/load columns are consistent with the Cerebro interface referenced in the document. | No contradiction with the RST; the subsequent 'Confirm' dialog step is not shown but is a later action, not a conflict.",The 'Confirm' dialog mentioned in the RST is not visible in this image. | The specific target index name is partially obscured/redacted in the node list.
umn/source/faqs/using_css_cluster_search_engines/how_do_i_update_index_lifecycle_policies_for_an_elasticsearch_cluster_of_css.rst,How Do I Update Index Lifecycle Policies for an Elasticsearch Cluster of CSS?,en-us_image_0000001960397693.png,screenshot,pass,1.00,"Image shows a JSON record from the .opendistro-ism-config index with _id 'policy1' and a policy definition in the source, matching Figure 1 'Writing a data record'. | The highlighted _id field and the policy content (states hot/delete, min_index_age 2d) align with the RST description of a policy record written when a policy is created. | No interactive UI controls are visible; it is a data/code view.","No explicit UI chrome or application name is visible, only the JSON payload."
umn/source/faqs/using_css_cluster_search_engines/how_do_i_update_index_lifecycle_policies_for_an_elasticsearch_cluster_of_css.rst,How Do I Update Index Lifecycle Policies for an Elasticsearch Cluster of CSS?,en-us_image_0000001933159210.png,screenshot,pass,1.00,"Image shows a managed_index record for 'data1' in .opendistro-ism-config with policy_id 'policy1' but policy and change_policy set to null, matching Figure 2 'Initial data status'. | The null policy field reflects the initial state before Open Distro fills in the policy content, consistent with the RST step 3 description. | No interactive UI controls are visible; it is a data/code view.","No explicit UI chrome or application name is visible, only the JSON payload."
umn/source/faqs/using_css_cluster_search_engines/how_do_i_update_index_lifecycle_policies_for_an_elasticsearch_cluster_of_css.rst,How Do I Update Index Lifecycle Policies for an Elasticsearch Cluster of CSS?,en-us_image_0000001933318578.png,screenshot,pass,1.00,"Image shows the same managed_index record for 'data1' but with the policy field now populated with the full policy1 definition (states hot/delete, min_index_age 2d), matching Figure 3 'Initialized data'. | The filled policy content and policy_seq_no/policy_primary_term values align with the RST statement that Open Distro executes an initialization process to fill the policy content. | No interactive UI controls are visible; it is a data/code view.","No explicit UI chrome or application name is visible, only the JSON payload."
umn/source/getting_started/using_elasticsearch_for_data_search.rst,Using Elasticsearch for Data Search,en-us_image_0000001995618190.png,screenshot,pass,1.00,"Image is a management-console screenshot showing an Elasticsearch cluster list table, matching the document's cluster-creation workflow. | Visible fields (Cluster Status = Available, Version = 7.10.2 elasticsearch, Billing Mode = Pay-per-use, Operation = Access Kibana / More) align with the RST's Step 1 and Step 2 descriptions. | The figure is placed at the end of Step 1 (Creating a Cluster) as Figure 1, directly relevant to that section. | Interactive controls ('Access Kibana' link and 'More' dropdown) are visible, consistent with the RST instruction to click Access Kibana in the Operation column. | No clear contradiction: status 'Available' and version 7.10.2 match the example values stated in the document.","The displayed cluster name (css-jxl-switchAz-...) differs from the example 'Sample-ESCluster' used in the RST, though this is only an example value. | The figure caption reads 'Creating a cluster', but the image shows the post-creation cluster list rather than the creation form."
umn/source/getting_started/using_opensearch_for_data_search.rst,Using OpenSearch for Data Search,en-us_image_0000002032097689.png,screenshot,pass,1.00,"Image shows a cluster configuration form with Type (OpenSearch selected), Version (1.3.6), and Name fields | Matches RST Figure 1 caption 'Configuring cluster information' in Step 1 | Parameters align with Table 3: Cluster Type=OpenSearch, Cluster Version=1.3.6, Cluster Name=user-defined | The form layout with tab-style type selection and dropdown for version is consistent with the described UI",Cluster Description field mentioned in Table 3 is not visible (may be below the visible area)
umn/source/getting_started/using_opensearch_for_data_search.rst,Using OpenSearch for Data Search,en-us_image_0000002032097693.png,screenshot,pass,0.83,"Image shows a cluster list table with columns matching the RST description of the cluster list page | Status shows 'Available' which matches the RST's description of a successfully created cluster | However, the cluster name shown is 'css-jxl-switchAz-...' rather than 'Sample-OSCluster' as stated in the RST | Version shows '7.10.2 elasticsearch' instead of the RST's example '1.3.6' OpenSearch | Operation column shows 'Access Kibana' instead of 'Dashboards' as referenced in the RST",The RST mentions the cluster name should be 'Sample-OSCluster' but the image shows a different name | The RST references 'Dashboards' in the Operation column but the image shows 'Access Kibana' | The version in the image (7.10.2 elasticsearch) does not match the RST example (1.3.6 OpenSearch)
umn/source/getting_started/using_opensearch_for_data_search.rst,Using OpenSearch for Data Search,en-us_image_0000002295062266.png,screenshot,pass,1.00,"Image shows the OpenSearch Dashboards Dev Tools console with a code editor on the left and results panel on the right | The triangle/play execution button is highlighted with a red box in the upper-right corner of the code area, matching the RST description | The RST states 'the left part of the console is the command input box, and the triangle icon in its upper-right corner is the execution button. The right part shows the execution result' - all elements are visible | The Dev Tools tab is active, consistent with Step 2 instructions to click Dev Tools","The right panel appears mostly empty (showing only a line number '1'), which is expected as no command has been executed yet"
umn/source/opensearch/backup_and_restoration/creating_snapshots_to_back_up_data.rst,Creating Snapshots to Back Up Data,en-us_image_0000002412510977.png,screenshot,pass,1.00,"The image shows a 'Cluster Snapshots' panel with an 'Enable Snapshot' button, matching Figure 1 in the RST. | The RST step 5 instructs the user to click 'Enable Snapshot' on the Cluster Snapshots tab, which is exactly what the image displays. | The descriptive text in the image ('Create snapshots to save point-in-time copies of the cluster's data to OBS buckets...') aligns with the document's topic of snapshot-based backup. | The red border around the button highlights the interactive element the user should click, consistent with the instructional context.","The full dialog box that appears after clicking 'Enable Snapshot' (with OBS Bucket, Backup Path, etc.) is not shown in this image; it is described in Table 1 of the RST."
umn/source/opensearch/backup_and_restoration/creating_snapshots_to_back_up_data.rst,Creating Snapshots to Back Up Data,en-us_image_0000002507086571.png,icon,partial,0.78,"The image is a small downward-pointing chevron icon, used as an expand/collapse indicator in the snapshot task list. | The RST references this icon (|image1| and |image2|) in steps where the user clicks it 'on the left of a snapshot name' to view snapshot details. | The icon is consistent with a standard UI expand/collapse chevron, matching the described interaction of revealing snapshot details. | The same image file is used for both |image1| and |image2| references, appearing in both the automatic and manual snapshot sections.","The image is a tiny isolated icon without surrounding context (no list, no snapshot names, no panel), so the full UI context described in the RST is not visible. | The actual snapshot details view that appears after clicking the icon is not shown."
umn/source/opensearch/core_service_enhancements/configuring_decoupled_storage_and_compute.rst,Configuring Decoupled Storage and Compute,en-us_image_0000002496623417.png,other,pass,1.00,"The image is an architecture diagram labeled 'OpenSearch cluster' with nodes, local disks, and an External OBS, matching the RST's Figure 1 'Decoupled storage and compute architecture'. | It depicts high-frequency (hot) queries served from local disks and low-frequency (cold) queries served from OBS, consistent with the RST's hot/cold data description. | Red 'Index freezing' / 'Data dumping' arrows from disks to External OBS align with the RST's hot-to-cold transition and freezing workflow. | A legend distinguishes 'Query hot data', 'Query cold data', and 'Data dumping', providing clear visual evidence supporting the text. | No element in the diagram contradicts the RST's explanation of storage-compute decoupling.","The diagram does not explicitly show metadata/date fields retained on local disks for cold data, a detail mentioned in the RST. | No indication of the read-only/frozen index state is shown in the diagram."
umn/source/opensearch/core_service_enhancements/configuring_enhanced_aggregation.rst,Configuring Enhanced Aggregation,en-us_image_0000002510653374.png,other,pass,1.00,"The image is a schematic diagram (two tables with annotations and an arrow), not a UI screenshot or icon, so image_kind is 'other'. | It directly illustrates the 'How the Feature Works' example using the region, host, and value fields described in the RST. | The left table shows raw documents; the right table shows them clustered by region and host with a _group_id extended field, matching the RST's description of clustering keys and sorting by value within each cluster. | Annotations ('Documents clustered by region and host', 'Within each cluster, documents have the same region and host', 'Within each cluster, documents are ordered by value') align precisely with the documented behavior. | No interactive controls are visible, so contains_interactive_buttons is false.","The diagram does not show the actual aggregation query or its result, only the physical storage/clustering layout. | The _group_id values are illustrative and not tied to a specific query outcome."
umn/source/opensearch/core_service_enhancements/configuring_query_traffic_isolation.rst,Configuring Query Traffic Isolation,en-us_image_0000002510821514.png,other,pass,1.00,"The image is an architecture/flow diagram showing a ClientNode distributing per-shard queries to multiple DataNodes, which directly matches the 'How the Feature Works' section. | The highlighted node (labeled 1) and the routing arrows (2, 3) illustrate the concept of bypassing a faulty/isolated node while allocating queries to healthy nodes. | Shard labels (shard0[p], shard1[r0], etc.) align with the text's description of per-shard query allocation. | It is a static diagram with no visible interactive UI controls.","No explicit text labels in the diagram distinguish low-priority nodes from isolated nodes. | Two nodes are both labeled 'DataNode2', which is ambiguous and not clarified in the image."
umn/source/opensearch/core_service_enhancements/configuring_read_write_splitting_between_leader_and_follower.rst,Configuring Read/Write Splitting Between Leader and Follower,en-us_image_0000002496560577.png,other,pass,1.00,"Diagram directly depicts read/write splitting: App sends write requests to the leader cluster and read requests to follower clusters. | Shows 'Synchronize index files' arrows from the leader to each follower, matching the RST's data synchronization description. | Each cluster is rendered with Node and Disk components, consistent with the OpenSearch cluster architecture described. | Corresponds to Figure 1 'Read/write splitting' in the 'How the Feature Works' section.","No explicit labeling of the REST API synchronization mechanism, though implied by the synchronize arrows."
umn/source/opensearch/core_service_enhancements/configuring_read_write_splitting_between_leader_and_follower.rst,Configuring Read/Write Splitting Between Leader and Follower,en-us_image_0000002425720625.jpg,other,pass,1.00,"Left panel shows write to leader and query to follower with automatic synchronization, matching the RST's 'read and write split when both clusters are available' bullet. | Right panel shows 'Degrade' dashed arrows and query redirected, matching the 'leader-to-follower switchover when the leader fails' bullet. | Corresponds to Figure 2 'How read/write splitting works' in the 'How the Feature Works' section. | Labels (Write, Query, Leader cluster, Follower cluster, Automatic synchronization, Degrade) are clearly visible.","The switchover panel does not explicitly label the follower upgrading to leader, only 'Degrade' arrows are shown."
umn/source/opensearch/core_service_enhancements/enabling_the_index_recycle_bin.rst,Enabling the Index Recycle Bin,en-us_image_0000002542381035.png,other,pass,1.00,"The image is a flowchart illustrating the index recycle bin workflow, matching Figure 1 referenced in the RST. | It shows the delete path: Normal index -> Delete index -> Closed index inside the Index recycle bin -> Retention expiration or manual deletion -> Delete index (Permanent). | It shows the restore path: Closed index -> Restore index -> Normal index, consistent with the RST's restore description. | The diagram is placed in the 'How the Feature Works' section and directly supports the surrounding bullet points. | Labels and arrows are clear and align with the textual explanation of retention, manual deletion, and restoration.","The diagram uses 'Normal index' for the restored state, whereas the RST text states the index becomes 'Open' again; this is a minor wording difference, not a contradiction. | The diagram does not depict the temporary Red cluster status mentioned in the RST."
umn/source/opensearch/core_service_enhancements/switching_between_hot_and_cold_data.rst,Switching Between Hot and Cold Data,en-us_image_0000002096365601.png,other,fail,0.00,Local color check detected #3298ff.,
umn/source/opensearch/core_service_enhancements/tracking_query_resource_consumption.rst,Tracking Query Resource Consumption,en-us_image_0000002542341473.png,other,pass,1.00,"The image is a flowchart/diagram (not a UI screenshot or icon) illustrating the query resource tracker workflow, matching the RST figure caption 'Figure 1 How the query resource tracker works'. | Left column shows query lifecycle phases (Request start, Execute query, Execute fetch, etc.), consistent with the text describing sub-phases such as Query and Fetch. | The 'Resource consumption statistics' box lists Top CPU, Top Memory, and Top Latency, matching the documented ranking metrics (CPU usage, memory usage, latency). | A time window axis (0, 5, 10 ... 60) is shown, consistent with the fixed aggregation window described in the text. | A 'Persistent storage' arrow leads to a 'top-queries-xxx index' box, matching the documented daily top-queries index naming format. | No interactive controls or buttons are visible in the diagram.","The diagram does not explicitly show the Scroll sub-phase mentioned in the text, though this is a minor omission. | The exact window unit (minutes) is not labeled on the time axis, though the text states a 5-minute default."
umn/source/opensearch/creating_a_cluster.rst,Creating a Cluster,en-us_image_0000001999805533.png,screenshot,pass,1.00,"Image is a UI screenshot of the cluster node configuration form, matching Figure 1 'Setting cluster node specifications'. | Visible fields (Nodes, Node Specifications, Node Storage Type, Node Storage Capacity, Key Name) align with Table 2 parameters in the RST. | The 'css.medium.8' flavor and '1 vCPUs | 8 GB' display match the example given in the RST. | Interactive controls (dropdowns, +/- steppers, toggle) are present, consistent with a console screenshot.","The image shows a 'Common I/O' storage option, which is not listed in the RST (only High I/O and Ultra-high I/O are mentioned). | No cluster name, region, or version fields are visible in this cropped view."
umn/source/opensearch/creating_a_cluster.rst,Creating a Cluster,en-us_image_0000001963284664.png,screenshot,pass,1.00,"Image is a UI screenshot of the network configuration form, matching Figure 2 'Configuring the cluster network'. | Visible fields (VPC, Subnet, Security Group, Communication Encryption) correspond to Table 3 network settings in the RST. | The 'View VPC' and 'View Security Group' links match the RST descriptions for those parameters. | The 'Communication Encryption' toggle aligns with the HTTPS Access / security mode concept described in the RST.","The image does not show the Security Mode, Administrator Username/Password, or Public IP Address fields described in Table 3. | The RST labels the encryption control as 'HTTPS Access' while the image labels it 'Communication Encryption', a minor wording difference."
umn/source/opensearch/ingesting_data/ingesting_data_using_self-managed_logstash.rst,Ingesting Data Using Self-Managed Logstash,en-us_image_0000002515580312.png,other,fail,0.00,Local color check detected #3298ff.,
umn/source/opensearch/ingesting_data/ingesting_data_using_self-managed_logstash.rst,Ingesting Data Using Self-Managed Logstash,en-us_image_0000002515420396.png,other,fail,0.00,Local color check detected #3298ff.,
umn/source/opensearch/managing_alarms/configuring_opensearch_alert_notifications_via_smn.rst,Configuring OpenSearch Alert Notifications via SMN,en-us_image_0000002554119613.png,other,fail,0.00,Local color check detected #3298ff.,
umn/source/opensearch/managing_alarms/configuring_opensearch_alert_notifications_via_smn.rst,Configuring OpenSearch Alert Notifications via SMN,en-us_image_0000002417423609.png,screenshot,pass,1.00,"Image is Figure 2 'Create channel' referenced in the OpenSearch 2.19.0 section step 5a. | Shows the Create channel form with Name (TestChannel), Description, Channel type (SMN), and Topic (Alerting_test) matching Table 1 parameters. | UI form fields align exactly with the RST description of creating an SMN notification channel.",
umn/source/opensearch/managing_alarms/configuring_opensearch_alert_notifications_via_smn.rst,Configuring OpenSearch Alert Notifications via SMN,en-us_image_0000002417543465.png,screenshot,pass,1.00,"Image is Figure 3 'Channels' referenced in step 5c of the OpenSearch 2.19.0 section. | Shows the Channels list page with TestChannel, Active status, SMN type, and description matching the created channel. | Confirms successful channel creation as described in the RST.",
umn/source/opensearch/managing_alarms/configuring_opensearch_alert_notifications_via_smn.rst,Configuring OpenSearch Alert Notifications via SMN,en-us_image_0000002383984212.png,screenshot,pass,1.00,"Image is Figure 4 'Setting the destination of a trigger action' referenced in step 6c of the OpenSearch 2.19.0 section. | Shows the Actions panel with Channels field highlighted (red box) displaying [Channel] TestChannel, matching Table 3 parameters. | Includes Message subject, Message body with Mustache templates, Perform action, and Throttling fields as described.",
umn/source/opensearch/managing_alarms/configuring_opensearch_alert_notifications_via_smn.rst,Configuring OpenSearch Alert Notifications via SMN,en-us_image_0000002417543469.png,screenshot,pass,1.00,Image is Figure 5 'Sending a test message' referenced in step 6d of the OpenSearch 2.19.0 section. | Shows the same Actions panel with the 'Send test message' button highlighted in a red box. | Directly corresponds to the RST instruction to click Send test message to test the alert notification link.,
umn/source/opensearch/managing_alarms/configuring_opensearch_alert_notifications_via_smn.rst,Configuring OpenSearch Alert Notifications via SMN,en-us_image_0000002383824328.png,screenshot,pass,1.00,"Image is Figure 6 'Email notification' referenced in step 6e of the OpenSearch 2.19.0 section. | Shows a received email with subject 'The Message subject' and body containing Monitor PDM1 alert status, Trigger: SMN, Severity: 1, and period timestamps. | Confirms successful alert notification delivery to an SMN topic subscriber as described in the RST.",
umn/source/opensearch/managing_alarms/configuring_opensearch_alert_notifications_via_smn.rst,Configuring OpenSearch Alert Notifications via SMN,en-us_image_0000001965417005.png,screenshot,pass,1.00,"Image is Figure 7 'Add destination' referenced in step 5a of the OpenSearch 1.3.6 section. | Shows the Add destination form with Name (test), Type (SMN), and Topic (test) matching Table 4 parameters. | Breadcrumb shows Alerting / Destinations / Create destination, consistent with the RST navigation path.",
umn/source/opensearch/managing_alarms/configuring_opensearch_alert_notifications_via_smn.rst,Configuring OpenSearch Alert Notifications via SMN,en-us_image_0000001938378012.png,screenshot,pass,1.00,"Image is Figure 8 'Destination list' referenced in step 5c of the OpenSearch 1.3.6 section. | Shows the Destinations page with 'test' destination of type SMN, confirming successful creation. | Includes Edit and Delete actions and an Add destination button, matching the RST description.",
umn/source/opensearch/managing_alarms/configuring_opensearch_alert_notifications_via_smn.rst,Configuring OpenSearch Alert Notifications via SMN,en-us_image_0000001938378016.png,screenshot,pass,1.00,"Image is Figure 9 'Setting the destination of a trigger action' referenced in step 6c of the OpenSearch 1.3.6 section. | Shows the SMN notification action panel with Destination field highlighted (red box) displaying 'test - (SMN)', matching Table 6 parameters. | Includes Message body with Mustache templates and Throttling configuration as described in the RST.",
umn/source/opensearch/managing_alarms/configuring_opensearch_alert_notifications_via_smn.rst,Configuring OpenSearch Alert Notifications via SMN,en-us_image_0000002523275034.png,screenshot,pass,1.00,"Image is Figure 10 'Sending a test message' referenced in step 6d of the OpenSearch 1.3.6 section. | Shows the Destination (test - (SMN)), Message subject (test), Message JSON, and 'Send test message' button highlighted in a red box. | Includes a Message preview section showing the rendered alert message, consistent with the RST test message step.",
umn/source/opensearch/managing_alarms/configuring_opensearch_alert_notifications_via_smn.rst,Configuring OpenSearch Alert Notifications via SMN,en-us_image_0000001965497233.png,screenshot,pass,1.00,"Image is Figure 11 'Email notification' referenced in step 6e of the OpenSearch 1.3.6 section. | Shows a received email with subject 'subject' and body containing Monitor test-monitor alert status, Trigger: test-trigger, Severity: 1, and period timestamps. | Confirms successful alert notification delivery to an SMN topic subscriber as described in the RST.",
umn/source/opensearch/managing_alarms/synchronizing_alerts_and_metrics_to_prometheus.rst,Synchronizing Alerts and Metrics to Prometheus,en-us_image_0000002554314477.png,other,fail,0.00,Local color check detected #3298ff.,
umn/source/opensearch/managing_alarms/synchronizing_alerts_and_metrics_to_prometheus.rst,Synchronizing Alerts and Metrics to Prometheus,en-us_image_0000002417955057.png,screenshot,pass,1.00,"Image is the 'Create channel' form matching Figure 2 in the RST. | Shows Name 'test', description 'This is a test prometheus channel.', Channel type PROMETHEUS, and a Prometheus Endpoint URL, all consistent with Table 1 channel parameters. | Directly illustrates the step of creating a Prometheus channel to connect OpenSearch to the Pushgateway.",The Create button referenced in step b is not visible in this cropped view.
umn/source/opensearch/managing_alarms/synchronizing_alerts_and_metrics_to_prometheus.rst,Synchronizing Alerts and Metrics to Prometheus,en-us_image_0000002384396084.png,screenshot,pass,1.00,"Image is the Channels list matching Figure 3 in the RST. | Shows a single channel row 'test' with status Active, type PROMETHEUS, and description 'This is a test prometheus channel.', confirming successful channel creation. | Includes the 'Create channel' button and search/status/type filters consistent with the Channels page.",No additional information missing; the view fully matches the described confirmation step.
umn/source/opensearch/managing_alarms/synchronizing_alerts_and_metrics_to_prometheus.rst,Synchronizing Alerts and Metrics to Prometheus,en-us_image_0000002417960673.png,screenshot,pass,1.00,"Image is the trigger action configuration matching Figure 4 'Send a test message.' | Shows Action name 'test', Channels '[Channel] test', Message subject, and a JSON message body containing metricsValue and jobName, matching the message template in Table 3. | The 'Send test message' button is highlighted, matching step d of the RST, and throttling/perform action options align with Table 3.",The full JSON message body is partially scrolled; the metricsName and metricsLabel lines are not fully visible.
umn/source/opensearch/managing_alarms/synchronizing_alerts_and_metrics_to_prometheus.rst,Synchronizing Alerts and Metrics to Prometheus,en-us_image_0000002384208558.png,screenshot,pass,1.00,"Image is the Pushgateway UI matching Figure 5 'Message received successfully'. | Shows the metric 'hits_total_value' as a GAUGE with labels job, label_key1, label_key2 and value 1, matching the message template fields in Table 3. | Confirms the Pushgateway received the pushed metric, validating the end-to-end synchronization described in step e.","The Prometheus scrape side and Grafana dashboard are not shown, only the Pushgateway storage view."
umn/source/opensearch/managing_cluster_changes/changing_the_security_mode.rst,Changing the Security Mode,en-us_image_0000002289446649.png,screenshot,pass,1.00,"Image shows a UI form with Security Mode toggle (enabled), Administrator Username (admin), Administrator Password and Confirm Password fields, and HTTPS Access toggle (enabled). | Matches Figure 1 caption 'Switching from the non-security mode to security mode' in the RST. | All fields described in RST steps 5-6 (enable security mode, enter/confirm password, enable/disable HTTPS Access) are visible. | The form layout and labels align with the CSS management console interface described in the document.","The full page context (navigation pane, cluster list) is not visible, only the form section is shown."
umn/source/opensearch/managing_cluster_changes/changing_the_security_mode.rst,Changing the Security Mode,en-us_image_0000002254796400.png,screenshot,pass,1.00,Image shows Security Mode toggle in disabled (off) state with a warning message about plaintext HTTP transmission. | Matches Figure 2 caption 'Switching from security mode to non-security mode' in the RST. | The warning text in the image aligns with the RST warning about ensuring security of the access environment and not exposing access interfaces to the public network. | The disabled toggle state corresponds to RST step 5 'Disable the security mode.',"Only the Security Mode row is visible; other form fields (e.g., HTTPS Access) are not shown in this cropped view."
umn/source/opensearch/managing_cluster_changes/changing_the_security_mode.rst,Changing the Security Mode,en-us_image_0000002304308981.png,screenshot,pass,1.00,"Image shows Security Mode toggle (enabled) and HTTPS Access toggle (enabled, highlighted with a red border). | Matches Figure 3 caption 'Configuring the protocol' in the RST. | The highlighted HTTPS Access toggle corresponds to RST step 5 'Enable or disable HTTPS Access' in the 'Switching between HTTP and HTTPS in Security Mode' section. | The description text next to the toggle matches the RST explanation about encryption of cluster communication.",The full form context is not visible; only the two toggle rows are shown in this cropped view.
umn/source/opensearch/managing_cluster_changes/upgrading_the_cluster_version.rst,Upgrading the Cluster Version,en-us_image_0000002356095362.png,screenshot,pass,1.00,"The image is a UI screenshot showing a red error notification in the CSS management console, matching the figure caption 'Figure 1 Upgrade check errors'. | The error text 'CSS.0083 : Some indexes have not been backed up. Perform full index backup in the snapshot module of the cluster' directly corresponds to the pre-upgrade data backup / Check Full Index Snapshot check described in the RST. | The RST states that if the upgrade check fails, error information is displayed in the upper right corner of the console, which is exactly what the image depicts. | The image is placed in the 'Performing the Upgrade Task' section at the step where the pre-upgrade check is started, so it is topically and sectionally relevant. | No contradiction between the image content and the surrounding RST text.","Some index names in the error message are blurred/redacted, so the exact index identifiers cannot be verified. | The surrounding console context (task list, upper-right placement) is only partially visible and blurred, so the full layout cannot be confirmed."
umn/source/opensearch/managing_clusters/viewing_cluster_details.rst,Viewing Cluster Details,en-us_image_0000002515250527.png,icon,partial,0.77,"The image is a small pencil/edit icon, consistent with its use in the RST as a clickable edit indicator for changing the Cluster Name. | The icon is a standard symbolic representation of an edit action, matching the textual description 'You can click |image1| to change it.' | The icon appears in the 'Viewing Basic Cluster Information' section, Table 2, which is relevant to the document's topic of viewing cluster details.","The icon is generic and does not show the specific UI context (e.g., the cluster name field) where it would appear. | No surrounding UI elements are visible to confirm the exact placement in the CSS management console."
umn/source/opensearch/managing_clusters/viewing_cluster_details.rst,Viewing Cluster Details,en-us_image_0000002483050548.png,icon,partial,0.77,"The image is a small pencil/edit icon, consistent with its use in the RST as a clickable edit indicator for modifying the Cluster Description. | The icon matches the textual description 'You can click |image2| to modify the description.' | The icon appears in the 'Viewing Basic Cluster Information' section, Table 2, which is relevant to the document's topic.","The icon is generic and does not show the specific UI context (e.g., the description field) where it would appear. | No surrounding UI elements are visible to confirm the exact placement in the CSS management console."
umn/source/opensearch/managing_clusters/viewing_cluster_details.rst,Viewing Cluster Details,en-us_image_0000002515304381.png,icon,partial,0.77,"The image is a small pencil/edit icon, consistent with its use in the RST as a clickable edit indicator for changing the cluster's security mode. | The icon matches the textual description 'You can click |image3| to change the cluster's security mode.' | The icon appears in the 'Viewing Basic Cluster Information' section, Table 4 (Network information), which is relevant to the document's topic.","The icon is generic and does not show the specific UI context (e.g., the security mode field) where it would appear. | No surrounding UI elements are visible to confirm the exact placement in the CSS management console."
umn/source/opensearch/managing_logs/querying_logs.rst,Querying Logs,en-us_image_0000002527502706.png,screenshot,pass,1.00,"Image shows a run log sample with three log lines about index creation and cluster health status change from YELLOW to GREEN | Numbered annotations 1-5 at the bottom correspond to the RST description: log time, log level, module, node name, log content | Log level shown is INFO, consistent with the RST stating INFO is the default | The log content mentions creating index 'test' and cluster status change, matching the RST example description",
umn/source/opensearch/managing_logs/querying_logs.rst,Querying Logs,en-us_image_0000002558502527.png,screenshot,pass,1.00,"Image shows a slow indexing log sample with a single log line containing took[1.5ms], type[_doc], id, routing, and source fields | Numbered annotations 1-6 at the top correspond to the RST description: log time, log level, module, node name, index name/ID, log content | The log shows an indexing request with duration, index type, and request body as described in the RST | Log level is INFO, consistent with the RST description",
umn/source/opensearch/managing_logs/querying_logs.rst,Querying Logs,en-us_image_0000002527662658.png,screenshot,pass,1.00,"Image shows a slow query log sample with a log line containing took[3.6ms], total_hits[42 hits], search_type, and source with query details | Numbered annotations 1-6 at the top correspond to the RST description: log time, log level, module, node name, index name/shard ID, log content | The log shows a search request with duration, number of hits, and query request body as described in the RST | Log level is WARN, which is consistent with the RST stating levels can be DEBUG, INFO, WARN, or ERROR",
umn/source/opensearch/managing_logs/querying_logs.rst,Querying Logs,en-us_image_0000002558662433.png,screenshot,pass,1.00,"Image shows a deprecation log sample with a single log line stating GET /_cat/master is deprecated and to use GET /_cat/cluster_manager instead | Numbered annotations 1-5 at the bottom correspond to the RST description: log time, log level, module, node name, log content | Log level is DEPRECATION, matching the RST statement that it can only be DEPRECATION | The module shown is RestController, consistent with an API deprecation warning",
umn/source/opensearch/managing_logs/querying_logs.rst,Querying Logs,en-us_image_0000002527662656.png,screenshot,pass,1.00,"Image shows an access log sample with a log line recording a POST request to _snapshot/my_backup/my_snapshot/_restore?pretty=true | Numbered annotations 1-7 at the top correspond to the RST description: log time, node name, thread name, log level, request method, request path, source/destination addresses | The log shows source and destination addresses (localAddress and remoteAddress) as described in the RST | The request path matches the RST example of /_snapshot/my_backup/my_snapshot/_restore?pretty=true",
umn/source/opensearch/managing_the_index_lifecycle/automating_index_rollover_using_ism.rst,Automating Index Rollover Using ISM,en-us_image_0000002209172477.png,other,fail,0.00,Local color check detected #3298ff.,
umn/source/opensearch/managing_the_index_lifecycle/configuring_index_state_management_ism_policies.rst,Configuring Index State Management (ISM) Policies,en-us_image_0000001999761193.png,screenshot,pass,1.00,"Image shows the OpenSearch Dashboards 'Create policy' page with Policy ID and Define policy sections, matching Figure 1 caption in the RST | The Policy ID field contains 'hot_cold_workflow' and the Define policy section shows a JSON editor with a sample ISM policy, consistent with the RST description of step 6 | Red highlight boxes around 'Policy ID' and 'Define policy' labels align with the RST bullet points describing these two fields | The JSON content shows hot/cold states with replica_count actions and transitions, matching the ISM policy structure described in the document","The RST mentions a 'Configuration method' dialog box with JSON editor selection, which is not visible in this screenshot (it appears to be the page after that dialog)"
umn/source/opensearch/managing_the_index_lifecycle/configuring_index_state_management_ism_policies.rst,Configuring Index State Management (ISM) Policies,en-us_image_0000002547659977.png,screenshot,pass,1.00,"Image shows the OpenSearch Dashboards 'Indices' page with an 'Apply policy' button in the upper right, matching Figure 2 caption in the RST | The table displays index names, health status, 'Managed by Policy' column, and other metadata, consistent with the RST description of selecting indexes in the Indices list | Three indexes are shown with checkboxes selected, matching the RST instruction to 'select one or more indexes' | The 'Apply policy' button placement in the upper right corner matches the RST text 'Click Apply policy or Actions > Apply policy in the upper right corner'","The RST mentions a dialog box that appears after clicking Apply policy where you select a Policy ID, which is not shown in this screenshot (this is the state before clicking the button)"
umn/source/opensearch/managing_the_index_lifecycle/decoupling_storage_and_compute_using_ism.rst,Decoupling Storage and Compute Using ISM,en-us_image_0000002061403354.png,other,pass,0.83,"The diagram illustrates the ISM storage-compute decoupling lifecycle (Hot, Freeze, Delete) described in the Solution section. | It shows the index name pattern 'data-*' matching the ism_template index_patterns in the RST. | The timeline marks Day 1 (Hot/writable), Day 3 (Freeze), and Day 7 (Delete), consistent with the 3-day freeze and 7-day delete policy. | The image labels the Day 3–Day 7 span as 'Unsearchable', which conflicts with the RST statement that data remains searchable (with higher latency) after freezing.","The diagram does not explicitly show OBS/object storage as the destination for frozen data. | The 'Unsearchable' label is not explained in the RST, leaving the searchability state during the freeze phase ambiguous."
umn/source/opensearch/monitoring/configuring_index-level_monitoring.rst,Configuring Index-Level Monitoring,en-us_image_0000002425782581.png,screenshot,pass,1.00,"Image shows the preconfigured OpenSearch Dashboards index monitoring dashboard with multiple charts. | Visible charts include [monitoring] markdown, Indexing Rate (/s), Search Rate (/s), total docs count, total docs delete, and total store size in bytes, matching Table 4 in the RST. | The dashboard title 'Index Monitoring' and description text align with the RST description of the pre-built dashboard. | Time axis shows 'per 10 seconds' granularity consistent with the default 10s collection interval mentioned in the RST.","Top 10 index charts (indexing rate of index for top10, search rate of index for top10, etc.) are not visible in this cropped view of the dashboard."
umn/source/opensearch/monitoring/configuring_index-level_monitoring.rst,Configuring Index-Level Monitoring,en-us_image_0000002392342598.png,screenshot,pass,1.00,"Image shows the TSVB Data tab configuration page in OpenSearch Dashboards, matching Figure 2 in the RST. | Aggregation is set to Max with Field index_stats.primaries.docs.count, matching the RST instruction. | Derivative aggregation with Units 1s is visible, matching the RST description. | Positive Only aggregation is set, matching the RST instruction to prevent negative numbers. | Group by is set to Terms with By index_stats.index, matching the RST instruction to group by index name.",
umn/source/opensearch/monitoring/configuring_index-level_monitoring.rst,Configuring Index-Level Monitoring,en-us_image_0000002425862433.png,screenshot,pass,1.00,"Image shows the Panel options tab of the TSVB visualization, matching Figure 3 in the RST. | Interval is set to 1m, matching the RST instruction to set Interval to 1m or 30m. | Index pattern shows monitoring-eye-css-* which matches the monitoring index naming convention described in the RST. | Time field is set to timestamp, consistent with the time series visualization context. | Drop last bucket is set to Yes, a reasonable default for time series data.",
umn/source/opensearch/monitoring/using_cloud_eye_to_monitor_clusters.rst,Using Cloud Eye to Monitor Clusters,en-us_image_0000002005921800.png,screenshot,pass,1.00,"The image is a UI screenshot of the Cloud Eye Monitoring Metrics page, matching the figure caption 'Figure 1 Monitoring Metrics' in the RST. | It displays the 'Instances' and 'CSS Instances' tabs exactly as described in the 'Viewing Cluster Monitoring Information' section. | Visible controls include 'Add Graph Group', 'Select Metric', monitoring period selectors (Last week, Yesterday, 1h, Max / 1 minute), and a metric name search box, all referenced in the text. | The graphs shown (Max. CPU Usage and Max. Load Value) align with the recommended CPU monitoring metrics discussed in the document.",The 'CSS Instances' tab content (node-level metrics) is not visible since the 'Instances' tab is active. | The 'Select Metric' dialog box mentioned in the text is not displayed in the screenshot.
umn/source/opensearch/network_settings/configuring_a_dedicated_load_balancer.rst,Configuring a Dedicated Load Balancer,en-us_image_0000002416194325.png,screenshot,pass,0.95,"The image shows a listener configuration form with Frontend Protocol (HTTP/HTTPS), Frontend Port, SSL Authentication (One-way/Two-way), Server Certificate, and CA Certificate fields, matching Table 4 in the RST exactly. | The form is referenced as 'Figure 1 Configuring a listener' in step 6 of the 'Connecting a Cluster to a Load Balancer' section. | HTTPS and Two-way authentication are selected, consistent with the RST description of SSL authentication options. | The title reads 'monitor configuration' rather than 'listener configuration', a minor labeling discrepancy with the RST context.",The form title says 'monitor configuration' instead of 'listener configuration' as implied by the RST figure caption. | No cluster name or load balancer name is visible to confirm the specific context.
umn/source/opensearch/network_settings/configuring_a_dedicated_load_balancer.rst,Configuring a Dedicated Load Balancer,en-us_image_0000002382515146.png,icon,partial,0.78,"The image is a small pencil/edit icon used as a substitute for |image1| in the RST, referenced in step 6: 'click |image1| to configure a listener'. | The pencil icon is a standard UI symbol for 'configure' or 'edit', consistent with its use as a button to open listener configuration. | It is directly relevant to the 'Connecting a Cluster to a Load Balancer' section where the user interacts with the Listener area. | The icon is minimal and provides limited visual detail beyond its function as a configure/edit button.","No surrounding UI context is visible to confirm the exact placement within the Listener area. | The icon is very small and low-resolution, making it difficult to assess any additional detail."
umn/source/opensearch/network_settings/configuring_vpc_endpoints.rst,Configuring VPC Endpoints,en-us_image_0000002306909041.png,screenshot,pass,1.00,"The image is a UI table screenshot of a VPC endpoint list, matching the figure caption 'Figure 1 Managing VPC endpoints'. | Columns include Status, Service Address, and Private Domain Name, exactly the fields the RST says the VPC endpoint list shows. | The Operation column shows 'Accept' and 'Reject' controls, consistent with the 'Modify VPC endpoint status' step in the RST. | The 'Accepted' status with a green checkmark aligns with the RST statement that an 'Accepted' status means the cluster is accessible through the endpoint. | The image is placed in the 'Managing VPC Endpoints' section under 'Check VPC endpoint information', so it is directly relevant.","Some values (VPC Endpoint ID, Service Address, Private Domain Name, Owner) are partially redacted, so exact values cannot be verified. | The image does not show the surrounding page context (e.g., the VPC Endpoint tab or whitelist area) referenced elsewhere in the RST."
umn/source/opensearch/procedure.rst,Procedure,en-us_image_0000002560868965.png,other,fail,0.00,Local color check detected #3298ff.,
umn/source/opensearch/security_settings/configuring_ldap_authentication.rst,Configuring LDAP Authentication,en-us_image_0000002003441216.png,other,pass,1.00,"The image is a conceptual flow diagram illustrating the permissions mapping from ActiveDirectory User through Groups/Backend Roles to Roles to Action groups | The RST explicitly references this as Figure 1 in step 5, stating 'The rolebase permissions group of the LDAP server must be mapped to the roles in the OpenSearch cluster. Figure 1 illustrates the mapping' | The diagram's 'Role-mapping' bracket and flow direction align with the described mapping between LDAP groups and OpenSearch roles | The diagram clearly shows the four-stage flow: ActiveDirectory User → Groups/Backend Roles → Roles → Action groups, matching the document's description of fine-grained access control","The diagram does not show specific parameter names or configuration values mentioned in the RST (e.g., rolebase, userbase) | No specific LDAP or OpenSearch product branding is visible in the diagram"
umn/source/opensearch/security_settings/configuring_ldap_authentication.rst,Configuring LDAP Authentication,en-us_image_0000002039680337.png,screenshot,pass,1.00,"The image is a UI screenshot of the Open Distro Security Roles page showing a role table with columns for Cluster permissions, Index permissions, Internal users, Backend roles, Tenants, and Customization | The RST references this as Figure 2 in step 5.d: 'Check the configuration result' after mapping LDAP permissions groups to OpenSearch roles | The screenshot shows role 'role_google' with 'groupGoogleInAD' in the Backend roles column, demonstrating the LDAP group-to-OpenSearch role mapping described in the document | The visible tabs (Cluster permissions, Index permissions, Internal users, Backend roles, Tenants, Customization) match the parameters listed in step 5.b of the RST",The screenshot shows only one role (role_google); the RST mentions repeating the process for other permissions groups | No specific LDAP server connection details are visible in this screenshot
umn/source/opensearch/security_settings/creating_users_for_a_cluster_and_granting_cluster_access.rst,Creating Users for a Cluster and Granting Cluster Access,en-us_image_0000001963190104.png,other,pass,1.00,"Diagram clearly illustrates the RBAC model with User, Role, and Action boxes connected by arrows. | Matches the RST description of Figure 1 showing the relationship between user, action, and role. | Text annotations explain that a user can have multiple roles, a role can be assigned to multiple users, a role can be granted multiple actions, and an action can be assigned to multiple roles. | Directly supports the Context section explaining the RBAC model.",
umn/source/opensearch/security_settings/creating_users_for_a_cluster_and_granting_cluster_access.rst,Creating Users for a Cluster and Granting Cluster Access,en-us_image_0000001965417001.png,screenshot,pass,1.00,"Shows the OpenSearch Dashboards Security page with 'Get started' heading. | Left navigation pane shows Security menu items: Get Started, Authentication, Roles, Internal users, Permissions, Tenants, Audit logs. | Matches RST Figure 2 'Going to the Security page' in step 2a. | Displays the three-step workflow: Add backends, Create roles, Map users.",
umn/source/opensearch/security_settings/creating_users_for_a_cluster_and_granting_cluster_access.rst,Creating Users for a Cluster and Granting Cluster Access,en-us_image_0000001965416993.png,screenshot,pass,1.00,"Shows the Internal users page with the admin user listed. | Left navigation highlights 'Internal users' as selected. | Matches RST Figure 3 'Creating a user' in step 2b. | Displays the 'Create internal user' button and the user table with Username, Backend roles, and Attributes columns.",
umn/source/opensearch/security_settings/creating_users_for_a_cluster_and_granting_cluster_access.rst,Creating Users for a Cluster and Granting Cluster Access,en-us_image_0000001965497221.png,screenshot,pass,1.00,Shows the 'Create internal user' form with the Credentials area. | Username field contains 'User1' and Password/Re-enter password fields are filled. | Matches RST Figure 4 'Entering the username and password' in step 2d. | Validation messages for username and password requirements are visible.,
umn/source/opensearch/security_settings/creating_users_for_a_cluster_and_granting_cluster_access.rst,Creating Users for a Cluster and Granting Cluster Access,en-us_image_0000001965497225.png,screenshot,pass,1.00,"Shows the Internal users page now listing two users: User1 and admin. | Confirms the new user was created successfully. | Matches RST Figure 5 'User information' in step 2e. | The user count changed from 1 to 2, indicating successful creation.",
umn/source/opensearch/security_settings/creating_users_for_a_cluster_and_granting_cluster_access.rst,Creating Users for a Cluster and Granting Cluster Access,en-us_image_0000001938218636.png,screenshot,pass,1.00,Shows the role creation page with the Name field containing 'Role1'. | Validation message indicates role name must be 2 to 50 characters. | Matches RST Figure 6 'Setting a role name' in step 3c. | Clearly displays the Name area for setting the role name.,
umn/source/opensearch/security_settings/creating_users_for_a_cluster_and_granting_cluster_access.rst,Creating Users for a Cluster and Granting Cluster Access,en-us_image_0000001938377996.png,screenshot,pass,1.00,Shows the Cluster permissions section with 'kibana_all_write' permission selected. | Includes a 'Create new permission group' button. | Matches RST Figure 7 'Assigning cluster-level permissions' in step 3d. | Describes how users in the role can access the cluster.,
umn/source/opensearch/security_settings/creating_users_for_a_cluster_and_granting_cluster_access.rst,Creating Users for a Cluster and Granting Cluster Access,en-us_image_0000001938218644.png,screenshot,pass,1.00,Shows the Index permissions section with 'my_store' index and 'search' permission. | Includes a 'Create new permission group' button. | Matches RST Figure 8 'Setting index permissions' in step 3e. | Demonstrates how to specify index-level access for a role.,
umn/source/opensearch/security_settings/creating_users_for_a_cluster_and_granting_cluster_access.rst,Creating Users for a Cluster and Granting Cluster Access,en-us_image_0000001938218648.png,screenshot,pass,1.00,Shows the Tenant permissions section with 'global_tenant' and 'Read and Write' access. | Includes 'Remove' and 'Add another tenant permission' buttons. | Matches RST Figure 9 'Role permissions' in step 3f. | Demonstrates tenant-level permission configuration for a role.,
umn/source/opensearch/security_settings/creating_users_for_a_cluster_and_granting_cluster_access.rst,Creating Users for a Cluster and Granting Cluster Access,en-us_image_0000001938218640.png,screenshot,pass,1.00,Shows the Role1 page with the 'Mapped users' tab selected. | Displays 'No user has been mapped to this role' message. | Includes 'Map users' and 'Create internal user' buttons. | Matches RST |image1| reference in step 4b for the role mapping page.,
umn/source/opensearch/security_settings/creating_users_for_a_cluster_and_granting_cluster_access.rst,Creating Users for a Cluster and Granting Cluster Access,en-us_image_0000001965497217.png,screenshot,pass,1.00,Shows the 'Map user' dialog with Users and Backend roles sections. | User1 is selected in the Users dropdown with admin visible as an option. | Matches RST |image2| reference in step 4c for selecting the user to be mapped. | Demonstrates the user mapping process for binding a user to a role.,
umn/source/product_overview/quotas.rst,Quotas,en-us_image_0000002502902623.png,icon,partial,0.77,"The image is a small location-pin icon, consistent with a region/project selector in a cloud console. | The RST references this icon in step 2 of 'How Do I View My Quota?' for selecting a region and project. | The icon is a generic location marker, not specific to quotas, but it is part of the navigation procedure to reach the Quotas page.",The icon does not explicitly indicate 'region' or 'project' selection; it is a generic location pin. | No surrounding UI context is visible to confirm it is in the upper-left corner of a console.
umn/source/product_overview/related_services.rst,Related Services,en-us_image_0000001981470325.png,other,pass,1.00,"The image is a relationship diagram centered on Cloud Search Service (CSS), matching the figure caption 'Relationships between CSS and other services'. | All services listed in Table 1 (ECS, OBS, EVS, VPC, IAM, CTS, CES, SMN, ELB, VPCEP) appear in the diagram with corresponding relationship labels. | Relationship labels (Cluster nodes, Data storage, Index data storage, Dedicated network, User authentication, Log audit, Metric monitoring, Message subscription and sending, Load balancing, Dedicated gateways) align with the table descriptions. | The figure is directly referenced as Figure 1 in the 'Related Services' section, making it highly relevant. | No visible contradiction between the diagram and the RST content.",KMS (Key Management Service) is listed in the table but is not depicted in the diagram.
umn/source/product_overview/whats_cloud_search_service_css.rst,What's Cloud Search Service (CSS)?,en-us_image_0000002473930140.png,other,pass,1.00,"The image is the CSS product architecture diagram (Figure 1) explicitly referenced in the Architecture section of the RST. | It shows the three search engines (Elasticsearch, OpenSearch, Vector DB) matching the RST statement that CSS integrates these three engines. | Layers for data ingestion (Logstash), data visualization (Kibana/Dashboards), enhanced kernel, and enhanced management align with the RST's description of an enhanced kernel and enhanced management capabilities. | The diagram is a static architecture figure, not a UI screenshot or icon, so it is classified as 'other'. | No interactive controls or buttons are visible in the image.","Cerebro and OpenSearch Dashboards, mentioned in the RST, are not explicitly labeled in the diagram (only 'Kibana / Dashboards' appears). | The diagram does not show specific data sources (FTP, OBS, HBase, Kafka) listed under the RST's advantages."
umn/source/using_iam_to_grant_access_to_css/creating_iam_users_and_granting_them_permissions_to_use_css.rst,Creating IAM Users and Granting Them Permissions to Use CSS,en-us_image_0000001938218776.png,other,fail,0.00,Local color check detected #3298ff.,
umn/source/vector_database/css_vector_database/procedure.rst,Procedure,en-us_image_0000002554934281.png,other,fail,0.00,Local color check detected #3298ff.,
