document,title,image,image_type,result,score,reasons,missing_evidence
api-ref/source/appendix/obtaining_project_id.rst,Obtaining Project ID,,,fail,,kein valides Bild,No model result was produced.
api-ref/source/appendix/obtaining_the_cluster_id.rst,Obtaining the Cluster ID,,,fail,,kein valides Bild,No model result was produced.
api-ref/source/before_you_start.rst,Before You Start,,,fail,,kein valides Bild,No model result was produced.
api-ref/source/calling_apis/response.rst,Response,,,fail,,kein valides Bild,No model result was produced.
doc/dev-guide/source/creating_and_managing_dws_database_objects/creating_and_managing_dws_partitioned_tables.rst,Creating and Managing DWS Partitioned Tables,,,fail,,kein valides Bild,No model result was produced.
doc/dev-guide/source/creating_and_managing_dws_database_objects/creating_and_managing_dws_tables.rst,Creating and Managing DWS Tables,,,fail,,kein valides Bild,No model result was produced.
doc/dev-guide/source/creating_and_managing_dws_database_objects/selecting_a_dws_table_storage_model.rst,Selecting a DWS Table Storage Model,,,fail,,kein valides Bild,No model result was produced.
doc/dev-guide/source/dws_data_query/sql_on_hudi/introduction_to_hudi.rst,Introduction to Hudi,,,fail,,kein valides Bild,No model result was produced.
doc/dev-guide/source/dws_data_query/subquery_expressions.rst,Subquery Expressions,,,fail,,kein valides Bild,No model result was produced.
doc/dev-guide/source/dws_data_query/union_operators.rst,UNION Operators,,,fail,,kein valides Bild,No model result was produced.
doc/dev-guide/source/dws_data_query/with_expressions.rst,WITH Expressions,,,fail,,kein valides Bild,No model result was produced.
doc/dev-guide/source/dws_database_security_management/dws_user_and_permissions_management/dws_database_permissions_management.rst,DWS Database Permissions Management,,,fail,,kein valides Bild,No model result was produced.
doc/dev-guide/source/dws_development_design_proposal/dws_sql_statement_development_specifications/ddl_operations.rst,DDL Operations,,,fail,,kein valides Bild,No model result was produced.
doc/dev-guide/source/dws_development_design_proposal/dws_stored_procedure_development_specifications.rst,DWS Stored Procedure Development Specifications,,,fail,,kein valides Bild,No model result was produced.
doc/dev-guide/source/dws_hot_and_cold_data_management.rst,DWS Hot and Cold Data Management,,,fail,,kein valides Bild,No model result was produced.
doc/dev-guide/source/dws_materialized_views/asynchronous_materialized_views/nested_materialized_views/creating_a_nested_materialized_view.rst,Creating a Nested Materialized View,,,fail,,kein valides Bild,No model result was produced.
doc/dev-guide/source/dws_materialized_views/asynchronous_materialized_views/nested_materialized_views/refreshing_a_nested_materialized_view.rst,Refreshing a Nested Materialized View,,,fail,,kein valides Bild,No model result was produced.
doc/dev-guide/source/dws_materialized_views/asynchronous_materialized_views/partitioned_materialized_views/creating_a_partitioned_materialized_view.rst,Creating a Partitioned Materialized View,,,fail,,kein valides Bild,No model result was produced.
doc/dev-guide/source/dws_performance_tuning/overview.rst,Overview,,,fail,,kein valides Bild,No model result was produced.
doc/dev-guide/source/dws_performance_tuning/sql_tuning/advanced_sql_tuning/optimizing_data_skew.rst,Optimizing Data Skew,,,fail,,kein valides Bild,No model result was produced.
doc/dev-guide/source/dws_performance_tuning/sql_tuning/advanced_sql_tuning/optimizing_statement_pushdown.rst,Optimizing Statement Pushdown,,,fail,,kein valides Bild,No model result was produced.
doc/dev-guide/source/dws_performance_tuning/sql_tuning/advanced_sql_tuning/optimizing_statistics.rst,Optimizing Statistics,,,fail,,kein valides Bild,No model result was produced.
doc/dev-guide/source/dws_performance_tuning/sql_tuning/advanced_sql_tuning/optimizing_subqueries.rst,Optimizing Subqueries,,,fail,,kein valides Bild,No model result was produced.
doc/dev-guide/source/dws_performance_tuning/sql_tuning/advanced_sql_tuning/proactive_preheating_and_tuning_of_disk_cache.rst,Proactive Preheating and Tuning of Disk Cache,,,fail,,kein valides Bild,No model result was produced.
doc/dev-guide/source/dws_performance_tuning/sql_tuning/advanced_sql_tuning/sql_statement_rewriting_rules.rst,SQL Statement Rewriting Rules,,,fail,,kein valides Bild,No model result was produced.
doc/dev-guide/source/dws_performance_tuning/sql_tuning/advanced_sql_tuning/tuning_operators.rst,Tuning Operators,,,fail,,kein valides Bild,No model result was produced.
doc/dev-guide/source/dws_performance_tuning/sql_tuning/hint-based_tuning/configuration_parameter_hints.rst,Configuration Parameter Hints,,,fail,,kein valides Bild,No model result was produced.
doc/dev-guide/source/dws_performance_tuning/sql_tuning/hint-based_tuning/dictionary_code_hint.rst,Dictionary Code Hint,,,fail,,kein valides Bild,No model result was produced.
doc/dev-guide/source/dws_performance_tuning/sql_tuning/hint-based_tuning/drive_hints.rst,Drive Hints,,,fail,,kein valides Bild,No model result was produced.
doc/dev-guide/source/dws_performance_tuning/sql_tuning/hint-based_tuning/hint_that_disables_subquery_pull-up.rst,Hint That Disables Subquery Pull-up,,,fail,,kein valides Bild,No model result was produced.
doc/dev-guide/source/dws_performance_tuning/sql_tuning/hint-based_tuning/join_operation_hints.rst,Join Operation Hints,,,fail,,kein valides Bild,No model result was produced.
doc/dev-guide/source/dws_performance_tuning/sql_tuning/hint-based_tuning/join_order_hints.rst,Join Order Hints,,,fail,,kein valides Bild,No model result was produced.
doc/dev-guide/source/dws_performance_tuning/sql_tuning/hint-based_tuning/plan_hint_cases.rst,Plan Hint Cases,,,fail,,kein valides Bild,No model result was produced.
doc/dev-guide/source/dws_performance_tuning/sql_tuning/hint-based_tuning/plan_hint_optimization.rst,Plan Hint Optimization,,,fail,,kein valides Bild,No model result was produced.
doc/dev-guide/source/dws_performance_tuning/sql_tuning/hint-based_tuning/rows_hints.rst,Rows Hints,,,fail,,kein valides Bild,No model result was produced.
doc/dev-guide/source/dws_performance_tuning/sql_tuning/hint-based_tuning/scan_operation_hints.rst,Scan Operation Hints,,,fail,,kein valides Bild,No model result was produced.
doc/dev-guide/source/dws_performance_tuning/sql_tuning/hint-based_tuning/skew_hints.rst,Skew Hints,,,fail,,kein valides Bild,No model result was produced.
doc/dev-guide/source/dws_performance_tuning/sql_tuning/hint-based_tuning/stream_operation_hints.rst,Stream Operation Hints,,,fail,,kein valides Bild,No model result was produced.
doc/dev-guide/source/dws_performance_tuning/sql_tuning/hint-based_tuning/sublink_name_hints.rst,Sublink Name Hints,,,fail,,kein valides Bild,No model result was produced.
doc/dev-guide/source/dws_performance_tuning/sql_tuning/reviewing_and_modifying_a_table_definition.rst,Reviewing and Modifying a Table Definition,,,fail,,kein valides Bild,No model result was produced.
doc/dev-guide/source/dws_performance_tuning/sql_tuning/sql_execution_plan.rst,SQL Execution Plan,,,fail,,kein valides Bild,No model result was produced.
doc/dev-guide/source/dws_performance_tuning/sql_tuning/sql_query_execution_process.rst,SQL Query Execution Process,,,fail,,kein valides Bild,No model result was produced.
doc/dev-guide/source/dws_performance_tuning/sql_tuning_examples/case_adding_not_null_for_join_columns.rst,Case: Adding NOT NULL for JOIN Columns,,,fail,,kein valides Bild,No model result was produced.
doc/dev-guide/source/dws_performance_tuning/sql_tuning_examples/case_adjusting_the_partial_clustering_key.rst,Case: Adjusting the Partial Clustering Key,,,fail,,kein valides Bild,No model result was produced.
doc/dev-guide/source/dws_performance_tuning/sql_tuning_examples/case_adjusting_the_table_storage_mode_in_a_medium_table.rst,Case: Adjusting the Table Storage Mode in a Medium Table,,,fail,,kein valides Bild,No model result was produced.
doc/dev-guide/source/dws_performance_tuning/sql_tuning_examples/case_configuring_cost_param_for_better_query_performance.rst,Case: Configuring cost_param for Better Query Performance,,,fail,,kein valides Bild,No model result was produced.
doc/dev-guide/source/dws_performance_tuning/sql_tuning_examples/case_converting_from_not_in_to_not_exists.rst,Case: Converting from NOT IN to NOT EXISTS,,,fail,,kein valides Bild,No model result was produced.
doc/dev-guide/source/dws_performance_tuning/sql_tuning_examples/case_creating_an_appropriate_index.rst,Case: Creating an Appropriate Index,,,fail,,kein valides Bild,No model result was produced.
doc/dev-guide/source/dws_performance_tuning/sql_tuning_examples/case_reconstructing_partition_tables.rst,Case: Reconstructing Partition Tables,,,fail,,kein valides Bild,No model result was produced.
doc/dev-guide/source/dws_performance_tuning/sql_tuning_examples/case_rewriting_sql_statements_and_deleting_in-clause.rst,Case: Rewriting SQL Statements and Deleting in-clause,,,fail,,kein valides Bild,No model result was produced.
doc/dev-guide/source/dws_performance_tuning/sql_tuning_examples/case_selecting_an_appropriate_distribution_column.rst,Case: Selecting an Appropriate Distribution Column,,,fail,,kein valides Bild,No model result was produced.
doc/dev-guide/source/dws_performance_tuning/sql_tuning_examples/case_setting_partial_cluster_keys.rst,Case: Setting Partial Cluster Keys,,,fail,,kein valides Bild,No model result was produced.
doc/dev-guide/source/dws_performance_tuning/sql_tuning_examples/cases_modifying_statements_that_cannot_be_pushed_down/case_main_plan_exec_on_cn_and_subplan_exec_on_dn_can_not_be_shipped.rst,Case: Main Plan Exec on CN and Subplan Exec on DN Can Not Be Shipped,,,fail,,kein valides Bild,No model result was produced.
doc/dev-guide/source/dws_performance_tuning/sql_tuning_examples/cases_modifying_statements_that_cannot_be_pushed_down/case_merge_into_cant_be_shipped_in_the_scene_temporarily.rst,Case: MERGE INTO Can't Be Shipped in the Scene Temporarily,,,fail,,kein valides Bild,No model result was produced.
doc/dev-guide/source/dws_performance_tuning/sql_tuning_examples/cases_modifying_statements_that_cannot_be_pushed_down/case_row_expression_can_not_be_shipped.rst,"Case: ""Row () Expression"" Can Not Be Shipped",,,fail,,kein valides Bild,No model result was produced.
doc/dev-guide/source/dws_performance_tuning/sql_tuning_examples/cases_modifying_statements_that_cannot_be_pushed_down/case_subplan_exec_on_cn_can_not_be_shipped.rst,Case: Subplan Exec on CN Can Not Be Shipped,,,fail,,kein valides Bild,No model result was produced.
doc/dev-guide/source/dws_performance_tuning/sql_tuning_examples/cases_modifying_statements_that_cannot_be_pushed_down/case_table_in_targetlist_can_not_be_shipped.rst,Case: Table in TargetList Can Not Be Shipped,,,fail,,kein valides Bild,No model result was produced.
doc/dev-guide/source/dws_performance_tuning/sql_tuning_examples/cases_modifying_statements_that_cannot_be_pushed_down/case_the_type_of_record_in_dual_that_is_not_a_real_table_can_not_be_shipped.rst,Case: The Type of Record in DUAL That Is Not a Real Table Can Not Be Shipped,,,fail,,kein valides Bild,No model result was produced.
doc/dev-guide/source/dws_performance_tuning/sql_tuning_examples/cases_modifying_statements_that_cannot_be_pushed_down/case_type_of_record_in_targetlist_can_not_be_shipped.rst,Case: Type of Record in TargetList Can Not Be Shipped,,,fail,,kein valides Bild,No model result was produced.
doc/dev-guide/source/dws_performance_tuning/sql_tuning_examples/cases_modifying_statements_that_cannot_be_pushed_down/case_with-recursive_contains_conflict_distribution_in_none-recursive_xxx_recursive_xxx.rst,Case: WITH-RECURSIVE Contains Conflict Distribution in None-RECURSIVE (Xxx) RECURSIVE (Xxx),,,fail,,kein valides Bild,No model result was produced.
doc/dev-guide/source/dws_performance_tuning/sql_tuning_examples/cases_modifying_statements_that_cannot_be_pushed_down/case_with-recursive_contains_system_table_is_not_shippable.rst,Case: WITH-RECURSIVE Contains System Table Is Not Shippable,,,fail,,kein valides Bild,No model result was produced.
doc/dev-guide/source/dws_performance_tuning/sql_tuning_examples/cases_modifying_statements_that_cannot_be_pushed_down/cases_with-recursive_contains_only_values_rte_is_not_shippable.rst,Cases: WITH-RECURSIVE Contains Only VALUES RTE Is Not Shippable,,,fail,,kein valides Bild,No model result was produced.
doc/dev-guide/source/dws_performance_tuning/sql_tuning_examples/cases_modifying_statements_that_cannot_be_pushed_down/cases_with-recursive_under_multi-nodegroup_scenario_is_not_shippable.rst,Cases: WITH-RECURSIVE under Multi-nodegroup Scenario Is Not Shippable,,,fail,,kein valides Bild,No model result was produced.
doc/dev-guide/source/dws_performance_tuning/system_optimization/smp_parallel_execution.rst,SMP Parallel Execution,,,fail,,kein valides Bild,No model result was produced.
doc/dev-guide/source/dws_resource_monitoring/example_for_querying_for_top_sqls.rst,Example for Querying for Top SQLs,,,fail,,kein valides Bild,No model result was produced.
doc/dev-guide/source/dws_stored_procedures/basic_statements_of_dws_stored_procedures.rst,Basic Statements of DWS Stored Procedures,,,fail,,kein valides Bild,No model result was produced.
doc/dev-guide/source/dws_stored_procedures/control_statements_of_dws_stored_procedure/branch_statements.rst,Branch Statements,,,fail,,kein valides Bild,No model result was produced.
doc/dev-guide/source/dws_stored_procedures/control_statements_of_dws_stored_procedure/conditional_statements.rst,Conditional Statements,,,fail,,kein valides Bild,No model result was produced.
doc/dev-guide/source/dws_stored_procedures/control_statements_of_dws_stored_procedure/goto_statements.rst,GOTO Statements,,,fail,,kein valides Bild,No model result was produced.
doc/dev-guide/source/dws_stored_procedures/control_statements_of_dws_stored_procedure/loop_statements.rst,Loop Statements,,,fail,,kein valides Bild,No model result was produced.
doc/dev-guide/source/dws_stored_procedures/control_statements_of_dws_stored_procedure/return_statements.rst,RETURN Statements,,,fail,,kein valides Bild,No model result was produced.
doc/dev-guide/source/dws_stored_procedures/declaration_syntax_of_dws_stored_procedures.rst,Declaration Syntax of DWS Stored Procedures,,,fail,,kein valides Bild,No model result was produced.
doc/dev-guide/source/dws_stored_procedures/dws_stored_procedure_array_and_record/record.rst,record,,,fail,,kein valides Bild,No model result was produced.
doc/dev-guide/source/dws_stored_procedures/dws_stored_procedure_cursors/cursor_loop.rst,Cursor Loop,,,fail,,kein valides Bild,No model result was produced.
doc/dev-guide/source/dws_stored_procedures/dws_stored_procedure_cursors/explicit_cursor.rst,Explicit Cursor,,,fail,,kein valides Bild,No model result was produced.
doc/dev-guide/source/dws_stored_procedures/dws_stored_procedure_debugging.rst,DWS Stored Procedure Debugging,,,fail,,kein valides Bild,No model result was produced.
doc/dev-guide/source/dws_stored_procedures/dynamic_statements_of_dws_stored_procedures/dynamically_calling_anonymous_blocks.rst,Dynamically Calling Anonymous Blocks,,,fail,,kein valides Bild,No model result was produced.
doc/dev-guide/source/dws_stored_procedures/dynamic_statements_of_dws_stored_procedures/dynamically_calling_stored_procedures.rst,Dynamically Calling Stored Procedures,,,fail,,kein valides Bild,No model result was produced.
doc/dev-guide/source/dws_stored_procedures/dynamic_statements_of_dws_stored_procedures/executing_dynamic_non-query_statements.rst,Executing Dynamic Non-query Statements,,,fail,,kein valides Bild,No model result was produced.
doc/dev-guide/source/dws_stored_procedures/dynamic_statements_of_dws_stored_procedures/executing_dynamic_query_statements.rst,Executing Dynamic Query Statements,,,fail,,kein valides Bild,No model result was produced.
doc/dev-guide/source/dws_system_catalogs_and_views/system_views/dba_tab_columns.rst,DBA_TAB_COLUMNS,,,fail,,kein valides Bild,No model result was produced.
doc/dev-guide/source/dws_system_catalogs_and_views/system_views/dba_tab_partitions.rst,DBA_TAB_PARTITIONS,,,fail,,kein valides Bild,No model result was produced.
doc/dev-guide/source/dws_system_catalogs_and_views/system_views/pg_indexes.rst,PG_INDEXES,,,fail,,kein valides Bild,No model result was produced.
doc/dev-guide/source/dws_system_catalogs_and_views/system_views/pg_pooler_status.rst,PG_POOLER_STATUS,,,fail,,kein valides Bild,No model result was produced.
doc/dev-guide/source/dws_system_catalogs_and_views/system_views/pg_stat_all_tables.rst,PG_STAT_ALL_TABLES,,,fail,,kein valides Bild,No model result was produced.
doc/dev-guide/source/dws_system_catalogs_and_views/system_views/pg_tables.rst,PG_TABLES,,,fail,,kein valides Bild,No model result was produced.
doc/dev-guide/source/dws_system_catalogs_and_views/system_views/pg_tde_info.rst,PG_TDE_INFO,,,fail,,kein valides Bild,No model result was produced.
doc/dev-guide/source/dws_system_catalogs_and_views/system_views/pg_user.rst,PG_USER,,,fail,,kein valides Bild,No model result was produced.
doc/dev-guide/source/dws_system_catalogs_and_views/system_views/pg_views.rst,PG_VIEWS,,,fail,,kein valides Bild,No model result was produced.
doc/dev-guide/source/dws_system_catalogs_and_views/system_views/pgxc_disk_cache_all_stats.rst,PGXC_DISK_CACHE_ALL_STATS,,,fail,,kein valides Bild,No model result was produced.
doc/dev-guide/source/dws_system_catalogs_and_views/system_views/pgxc_disk_cache_path_info.rst,PGXC_DISK_CACHE_PATH_INFO,,,fail,,kein valides Bild,No model result was produced.
doc/dev-guide/source/dws_system_catalogs_and_views/system_views/pgxc_disk_cache_stats.rst,PGXC_DISK_CACHE_STATS,,,fail,,kein valides Bild,No model result was produced.
doc/dev-guide/source/dws_system_catalogs_and_views/system_views/pgxc_get_stat_all_tables.rst,PGXC_GET_STAT_ALL_TABLES,,,fail,,kein valides Bild,No model result was produced.
doc/dev-guide/source/dws_system_catalogs_and_views/system_views/pgxc_lwlocks.rst,PGXC_LWLOCKS,,,fail,,kein valides Bild,No model result was produced.
doc/dev-guide/source/dws_system_catalogs_and_views/system_views/pgxc_obs_io_scheduler_periodic_stats.rst,PGXC_OBS_IO_SCHEDULER_PERIODIC_STATS,,,fail,,kein valides Bild,No model result was produced.
doc/dev-guide/source/dws_system_catalogs_and_views/system_views/pgxc_stat_activity.rst,PGXC_STAT_ACTIVITY,,,fail,,kein valides Bild,No model result was produced.
doc/dev-guide/source/dws_system_catalogs_and_views/system_views/pgxc_wlm_table_distribution_skewness.rst,PGXC_WLM_TABLE_DISTRIBUTION_SKEWNESS,,,fail,,kein valides Bild,No model result was produced.
doc/dev-guide/source/hybrid_data_warehouse/hybrid_data_warehouse_binlog/subscribing_to_hybrid_data_warehouse_binlog.rst,Subscribing to Hybrid Data Warehouse Binlog,,,fail,,kein valides Bild,No model result was produced.
doc/dev-guide/source/migrating_dws_data/exporting_data/exporting_data_to_obs/parallel_obs_data_export.rst,Parallel OBS Data Export,,,fail,,kein valides Bild,No model result was produced.
doc/dev-guide/source/migrating_dws_data/exporting_data/using_gds_to_export_data_to_a_remote_server/exporting_data_in_parallel_using_gds.rst,Exporting Data In Parallel Using GDS,,,fail,,kein valides Bild,No model result was produced.
doc/dev-guide/source/migrating_dws_data/importing_data/importing_data_from_mrs_to_a_cluster/preparing_data_in_an_mrs_cluster.rst,Preparing Data in an MRS Cluster,,,fail,,kein valides Bild,No model result was produced.
doc/dev-guide/source/migrating_dws_data/importing_data/importing_data_from_obs_in_parallel/parallel_data_import_from_obs.rst,Parallel Data Import from OBS,,,fail,,kein valides Bild,No model result was produced.
doc/dev-guide/source/migrating_dws_data/importing_data/using_gds_to_import_data_from_a_remote_server/importing_data_in_parallel_using_gds.rst,Importing Data In Parallel Using GDS,,,fail,,kein valides Bild,No model result was produced.
doc/dev-guide/source/sql_syntax_reference/data_types/boolean_type.rst,Boolean Type,,,fail,,kein valides Bild,No model result was produced.
doc/dev-guide/source/sql_syntax_reference/dcl_syntax/analyze_|_analyse.rst,ANALYZE \| ANALYSE,,,fail,,kein valides Bild,No model result was produced.
doc/dev-guide/source/sql_syntax_reference/dcl_syntax/execute_direct.rst,EXECUTE DIRECT,,,fail,,kein valides Bild,No model result was produced.
doc/dev-guide/source/sql_syntax_reference/ddl_syntax/connections_sessions_and_resource_clearing/discard.rst,DISCARD,,,fail,,kein valides Bild,No model result was produced.
doc/dev-guide/source/sql_syntax_reference/ddl_syntax/connections_sessions_and_resource_clearing/truncate.rst,TRUNCATE,,,fail,,kein valides Bild,No model result was produced.
doc/dev-guide/source/sql_syntax_reference/ddl_syntax/data_masking_and_security/create_redaction_policy.rst,CREATE REDACTION POLICY,,,fail,,kein valides Bild,No model result was produced.
doc/dev-guide/source/sql_syntax_reference/ddl_syntax/data_masking_and_security/create_row_level_security_policy.rst,CREATE ROW LEVEL SECURITY POLICY,,,fail,,kein valides Bild,No model result was produced.
doc/dev-guide/source/sql_syntax_reference/ddl_syntax/databases_schemas_and_data_types/alter_schema.rst,ALTER SCHEMA,,,fail,,kein valides Bild,No model result was produced.
doc/dev-guide/source/sql_syntax_reference/ddl_syntax/databases_schemas_and_data_types/create_schema.rst,CREATE SCHEMA,,,fail,,kein valides Bild,No model result was produced.
doc/dev-guide/source/sql_syntax_reference/ddl_syntax/databases_schemas_and_data_types/create_type.rst,CREATE TYPE,,,fail,,kein valides Bild,No model result was produced.
doc/dev-guide/source/sql_syntax_reference/ddl_syntax/databases_schemas_and_data_types/drop_database.rst,DROP DATABASE,,,fail,,kein valides Bild,No model result was produced.
doc/dev-guide/source/sql_syntax_reference/ddl_syntax/databases_schemas_and_data_types/drop_schema.rst,DROP SCHEMA,,,fail,,kein valides Bild,No model result was produced.
doc/dev-guide/source/sql_syntax_reference/ddl_syntax/indexes_sequences_and_file_directories/alter_text_search_configuration.rst,ALTER TEXT SEARCH CONFIGURATION,,,fail,,kein valides Bild,No model result was produced.
doc/dev-guide/source/sql_syntax_reference/ddl_syntax/indexes_sequences_and_file_directories/create_index.rst,CREATE INDEX,,,fail,,kein valides Bild,No model result was produced.
doc/dev-guide/source/sql_syntax_reference/ddl_syntax/indexes_sequences_and_file_directories/create_sequence.rst,CREATE SEQUENCE,,,fail,,kein valides Bild,No model result was produced.
doc/dev-guide/source/sql_syntax_reference/ddl_syntax/other/create_synonym.rst,CREATE SYNONYM,,,fail,,kein valides Bild,No model result was produced.
doc/dev-guide/source/sql_syntax_reference/ddl_syntax/resource_pools_and_filtering_rules/alter_block_rule.rst,ALTER BLOCK RULE,,,fail,,kein valides Bild,No model result was produced.
doc/dev-guide/source/sql_syntax_reference/ddl_syntax/resource_pools_and_filtering_rules/alter_except_rule.rst,ALTER EXCEPT RULE,,,fail,,kein valides Bild,No model result was produced.
doc/dev-guide/source/sql_syntax_reference/ddl_syntax/resource_pools_and_filtering_rules/create_block_rule.rst,CREATE BLOCK RULE,,,fail,,kein valides Bild,No model result was produced.
doc/dev-guide/source/sql_syntax_reference/ddl_syntax/resource_pools_and_filtering_rules/create_except_rule.rst,CREATE EXCEPT RULE,,,fail,,kein valides Bild,No model result was produced.
doc/dev-guide/source/sql_syntax_reference/ddl_syntax/resource_pools_and_filtering_rules/create_resource_pool.rst,CREATE RESOURCE POOL,,,fail,,kein valides Bild,No model result was produced.
doc/dev-guide/source/sql_syntax_reference/ddl_syntax/stored_procedures_functions_triggers_and_cursors/create_function.rst,CREATE FUNCTION,,,fail,,kein valides Bild,No model result was produced.
doc/dev-guide/source/sql_syntax_reference/ddl_syntax/stored_procedures_functions_triggers_and_cursors/cursor.rst,CURSOR,,,fail,,kein valides Bild,No model result was produced.
doc/dev-guide/source/sql_syntax_reference/ddl_syntax/stored_procedures_functions_triggers_and_cursors/fetch.rst,FETCH,,,fail,,kein valides Bild,No model result was produced.
doc/dev-guide/source/sql_syntax_reference/ddl_syntax/tables_and_external_data_sources/alter_table_partition.rst,ALTER TABLE PARTITION,,,fail,,kein valides Bild,No model result was produced.
doc/dev-guide/source/sql_syntax_reference/ddl_syntax/tables_and_external_data_sources/create_foreign_table_sql_on_obs_or_hadoop.rst,CREATE FOREIGN TABLE (SQL on OBS or Hadoop),,,fail,,kein valides Bild,No model result was produced.
doc/dev-guide/source/sql_syntax_reference/ddl_syntax/tables_and_external_data_sources/create_table.rst,CREATE TABLE,,,fail,,kein valides Bild,No model result was produced.
doc/dev-guide/source/sql_syntax_reference/ddl_syntax/tables_and_external_data_sources/create_table_partition.rst,CREATE TABLE PARTITION,,,fail,,kein valides Bild,No model result was produced.
doc/dev-guide/source/sql_syntax_reference/ddl_syntax/tables_and_external_data_sources/drop_table.rst,DROP TABLE,,,fail,,kein valides Bild,No model result was produced.
doc/dev-guide/source/sql_syntax_reference/ddl_syntax/users_and_roles/drop_role.rst,DROP ROLE,,,fail,,kein valides Bild,No model result was produced.
doc/dev-guide/source/sql_syntax_reference/ddl_syntax/users_and_roles/drop_user.rst,DROP USER,,,fail,,kein valides Bild,No model result was produced.
doc/dev-guide/source/sql_syntax_reference/ddl_syntax/views_and_materialized_views/drop_view.rst,DROP VIEW,,,fail,,kein valides Bild,No model result was produced.
doc/dev-guide/source/sql_syntax_reference/ddl_syntax/views_and_materialized_views/refresh_materialized_view.rst,REFRESH MATERIALIZED VIEW,,,fail,,kein valides Bild,No model result was produced.
doc/dev-guide/source/sql_syntax_reference/dml_syntax/explain_plan.rst,EXPLAIN PLAN,,,fail,,kein valides Bild,No model result was produced.
doc/dev-guide/source/sql_syntax_reference/dml_syntax/insert_and_upsert/insert.rst,INSERT,,,fail,,kein valides Bild,No model result was produced.
doc/dev-guide/source/sql_syntax_reference/dml_syntax/insert_and_upsert/upsert.rst,UPSERT,,,fail,,kein valides Bild,No model result was produced.
doc/dev-guide/source/sql_syntax_reference/dml_syntax/merge_into.rst,MERGE INTO,,,fail,,kein valides Bild,No model result was produced.
doc/dev-guide/source/sql_syntax_reference/dml_syntax/update.rst,UPDATE,,,fail,,kein valides Bild,No model result was produced.
doc/dev-guide/source/sql_syntax_reference/dml_syntax/values.rst,VALUES,,,fail,,kein valides Bild,No model result was produced.
doc/dev-guide/source/sql_syntax_reference/dql_syntax/select.rst,SELECT,,,fail,,kein valides Bild,No model result was produced.
doc/dev-guide/source/sql_syntax_reference/dql_syntax/select_into.rst,SELECT INTO,,,fail,,kein valides Bild,No model result was produced.
doc/dev-guide/source/sql_syntax_reference/expressions/conditional_expressions.rst,Conditional Expressions,,,fail,,kein valides Bild,No model result was produced.
doc/dev-guide/source/sql_syntax_reference/expressions/subquery_expressions.rst,Subquery Expressions,,,fail,,kein valides Bild,No model result was produced.
doc/dev-guide/source/sql_syntax_reference/functions_and_operators/call_stack_recording_functions.rst,Call Stack Recording Functions,,,fail,,kein valides Bild,No model result was produced.
doc/dev-guide/source/sql_syntax_reference/functions_and_operators/hll_functions_and_operators/precision_functions.rst,Precision Functions,,,fail,,kein valides Bild,No model result was produced.
doc/dev-guide/source/sql_syntax_reference/functions_and_operators/residual_file_management_functions/using_residual_file_management_functions.rst,Using Residual File Management Functions,,,fail,,kein valides Bild,No model result was produced.
doc/dev-guide/source/sql_syntax_reference/functions_and_operators/string_processing_functions_and_operators/obtaining_the_length_of_a_string.rst,Obtaining the Length of a String,,,fail,,kein valides Bild,No model result was produced.
doc/dev-guide/source/sql_syntax_reference/keyword.rst,Keyword,,,fail,,kein valides Bild,No model result was produced.
doc/dev-guide/source/sql_syntax_reference/tcl_syntax/abort.rst,ABORT,,,fail,,kein valides Bild,No model result was produced.
doc/dev-guide/source/sql_syntax_reference/tcl_syntax/rollback_to_savepoint.rst,ROLLBACK TO SAVEPOINT,,,fail,,kein valides Bild,No model result was produced.
doc/dev-guide/source/sql_syntax_reference/tcl_syntax/savepoint.rst,SAVEPOINT,,,fail,,kein valides Bild,No model result was produced.
doc/dev-guide/source/sql_syntax_reference/transaction_management.rst,Transaction Management,,,fail,,kein valides Bild,No model result was produced.
doc/dev-guide/source/sql_syntax_reference/type_conversion/operators.rst,Operators,,,fail,,kein valides Bild,No model result was produced.
doc/dev-guide/source/syntax_compatibility_differences_among_oracle_teradata_and_mysql.rst,"Syntax Compatibility Differences Among Oracle, Teradata, and MySQL",,,fail,,kein valides Bild,No model result was produced.
doc/dev-guide/source/using_jdbc_or_odbc_for_dws_secondary_development/jdbc-based_development/jdbc_development_process.rst,JDBC Development Process,,,fail,,kein valides Bild,No model result was produced.
doc/dev-guide/source/using_jdbc_or_odbc_for_dws_secondary_development/jdbc-based_development/processing_roaringbitmap_result_sets_and_importing_it_to_dws.rst,Processing RoaringBitmap Result Sets and Importing It to DWS,,,fail,,kein valides Bild,No model result was produced.
doc/dev-guide/source/using_jdbc_or_odbc_for_dws_secondary_development/odbc-based_development/configuring_a_data_source_in_the_windows_os.rst,Configuring a Data Source in the Windows OS,,,fail,,kein valides Bild,No model result was produced.
doc/dev-guide/source/using_jdbc_or_odbc_for_dws_secondary_development/odbc-based_development/index.rst,ODBC-Based Development,,,fail,,kein valides Bild,No model result was produced.
doc/tool/source/data_studio/about_data_studio/overview.rst,Overview,,,fail,,kein valides Bild,No model result was produced.
doc/tool/source/data_studio/configuring_data_studio.rst,Configuring Data Studio,,,fail,,kein valides Bild,No model result was produced.
doc/tool/source/data_studio/configuring_ssl_connection.rst,Configuring SSL Connection,,,fail,,kein valides Bild,No model result was produced.
doc/tool/source/data_studio/connection_management.rst,Connection Management,,,fail,,kein valides Bild,No model result was produced.
doc/tool/source/data_studio/database_management/database_management.rst,Database Management,,,fail,,kein valides Bild,No model result was produced.
doc/tool/source/data_studio/database_management/function_procedure_management.rst,Function/Procedure Management,,,fail,,kein valides Bild,No model result was produced.
doc/tool/source/data_studio/database_management/schema_management.rst,Schema Management,,,fail,,kein valides Bild,No model result was produced.
doc/tool/source/data_studio/database_management/sequence_management.rst,Sequence Management,,,fail,,kein valides Bild,No model result was produced.
doc/tool/source/data_studio/database_management/table_management/creating_a_partitioned_table.rst,Creating a Partitioned Table,,,fail,,kein valides Bild,No model result was produced.
doc/tool/source/data_studio/database_management/table_management/creating_a_regular_table/defining_a_regular_table.rst,Defining a Regular Table,,,fail,,kein valides Bild,No model result was produced.
doc/tool/source/data_studio/database_management/table_management/creating_a_regular_table/managing_columns.rst,Managing Columns,,,fail,,kein valides Bild,No model result was produced.
doc/tool/source/data_studio/database_management/table_management/creating_a_regular_table/managing_constraints.rst,Managing Constraints,,,fail,,kein valides Bild,No model result was produced.
doc/tool/source/data_studio/database_management/table_management/creating_a_regular_table/managing_indexes.rst,Managing Indexes,,,fail,,kein valides Bild,No model result was produced.
doc/tool/source/data_studio/database_management/table_management/editing_temporary_tables.rst,Editing Temporary Tables,,,fail,,kein valides Bild,No model result was produced.
doc/tool/source/data_studio/database_management/table_management/managing_table_data.rst,Managing Table Data,,,fail,,kein valides Bild,No model result was produced.
doc/tool/source/data_studio/database_management/users_roles.rst,Users/Roles,,,fail,,kein valides Bild,No model result was produced.
doc/tool/source/data_studio/database_management/view_management.rst,View Management,,,fail,,kein valides Bild,No model result was produced.
doc/tool/source/data_studio/downloading_and_installing_the_data_studio_client.rst,Downloading and Installing the Data Studio Client,,,fail,,kein valides Bild,No model result was produced.
doc/tool/source/data_studio/faqs.rst,FAQs,,,fail,,kein valides Bild,No model result was produced.
doc/tool/source/data_studio/security_management.rst,Security Management,,,fail,,kein valides Bild,No model result was produced.
doc/tool/source/data_studio/sql_terminal_management/exporting_query_results.rst,Exporting Query Results,,,fail,,kein valides Bild,No model result was produced.
doc/tool/source/data_studio/sql_terminal_management/formatting_of_sql_queries.rst,Formatting of SQL Queries,,,fail,,kein valides Bild,No model result was produced.
doc/tool/source/data_studio/sql_terminal_management/managing_connections_in_the_sql_terminal.rst,Managing Connections in the SQL Terminal,,,fail,,kein valides Bild,No model result was produced.
doc/tool/source/data_studio/sql_terminal_management/managing_the_sql_query_execution_history.rst,Managing the SQL Query Execution History,,,fail,,kein valides Bild,No model result was produced.
doc/tool/source/data_studio/sql_terminal_management/opening_multiple_sql_terminal_tabs.rst,Opening Multiple SQL Terminal Tabs,,,fail,,kein valides Bild,No model result was produced.
doc/tool/source/data_studio/sql_terminal_management/selecting_a_db_object_in_the_sql_terminal.rst,Selecting a DB Object in the SQL Terminal,,,fail,,kein valides Bild,No model result was produced.
doc/tool/source/data_studio/sql_terminal_management/terminating_an_ongoing_sql_query.rst,Terminating an Ongoing SQL Query,,,fail,,kein valides Bild,No model result was produced.
doc/tool/source/data_studio/sql_terminal_management/viewing_table_properties_pl_sql_functions_procedures_on_the_sql_terminal_page.rst,"Viewing Table Properties, PL/SQL Functions/Procedures on the SQL Terminal Page",,,fail,,kein valides Bild,No model result was produced.
doc/tool/source/data_studio/sql_terminal_management/viewing_the_execution_plan_and_costs.rst,Viewing the Execution Plan and Costs,,,fail,,kein valides Bild,No model result was produced.
doc/tool/source/data_studio/sql_terminal_management/viewing_the_query_execution_plan_and_cost_graphically.rst,Viewing the Query Execution Plan and Cost Graphically,,,fail,,kein valides Bild,No model result was produced.
doc/tool/source/data_studio/sql_terminal_management/working_with_sql_terminals.rst,Working with SQL Terminals,,,fail,,kein valides Bild,No model result was produced.
doc/tool/source/data_studio/troubleshooting.rst,Troubleshooting,,,fail,,kein valides Bild,No model result was produced.
doc/tool/source/datacheck/introduction_to_datacheck/overview.rst,Overview,,,fail,,kein valides Bild,No model result was produced.
doc/tool/source/datacheck/using_datacheck.rst,Using DataCheck,,,fail,,kein valides Bild,No model result was produced.
doc/tool/source/downloading_related_tools.rst,Downloading Related Tools,,,fail,,kein valides Bild,No model result was produced.
doc/tool/source/dsc/about_this_document/document_conventions.rst,Document Conventions,,,fail,,kein valides Bild,No model result was produced.
doc/tool/source/dsc/introduction_to_dsc/overview.rst,Overview,,,fail,,kein valides Bild,No model result was produced.
doc/tool/source/dsc/oracle_syntax_migration/dml.rst,DML,,,fail,,kein valides Bild,No model result was produced.
doc/tool/source/dsc/oracle_syntax_migration/outer_join.rst,OUTER JOIN,,,fail,,kein valides Bild,No model result was produced.
doc/tool/source/dsc/oracle_syntax_migration/pl_sql.rst,PL/SQL,,,fail,,kein valides Bild,No model result was produced.
doc/tool/source/dsc/oracle_syntax_migration/pl_sql_packages/packages.rst,Packages,,,fail,,kein valides Bild,No model result was produced.
doc/tool/source/dsc/oracle_syntax_migration/pseudo_columns.rst,Pseudo Columns,,,fail,,kein valides Bild,No model result was produced.
doc/tool/source/dsc/oracle_syntax_migration/schema_objects/indexes.rst,Indexes,,,fail,,kein valides Bild,No model result was produced.
doc/tool/source/dsc/oracle_syntax_migration/schema_objects/purge.rst,PURGE,,,fail,,kein valides Bild,No model result was produced.
doc/tool/source/dsc/oracle_syntax_migration/schema_objects/tables.rst,Tables,,,fail,,kein valides Bild,No model result was produced.
doc/tool/source/dsc/oracle_syntax_migration/schema_objects/temporary_tables.rst,Temporary Tables,,,fail,,kein valides Bild,No model result was produced.
doc/tool/source/dsc/oracle_syntax_migration/schema_objects/views.rst,Views,,,fail,,kein valides Bild,No model result was produced.
doc/tool/source/dsc/oracle_syntax_migration/system_functions/date_functions.rst,Date Functions,,,fail,,kein valides Bild,No model result was produced.
doc/tool/source/dsc/oracle_syntax_migration/system_functions/string_functions.rst,String Functions,,,fail,,kein valides Bild,No model result was produced.
doc/tool/source/dsc/teradata_syntax_migration/migrating_views.rst,Migrating Views,,,fail,,kein valides Bild,No model result was produced.
doc/tool/source/dsc/using_dsc/database_schema_conversion/migration_parameters.rst,Migration Parameters,,,fail,,kein valides Bild,No model result was produced.
doc/tool/source/dsc/using_dsc/downloading_and_installing_dsc.rst,Downloading and Installing DSC,,,fail,,kein valides Bild,No model result was produced.
doc/tool/source/dsc/using_dsc/migration_process/preparations.rst,Preparations,,,fail,,kein valides Bild,No model result was produced.
doc/tool/source/gsql/instruction/establishing_secure_tcp_ip_connections_in_ssl_mode.rst,Establishing Secure TCP/IP Connections in SSL Mode,,,fail,,kein valides Bild,No model result was produced.
doc/tool/source/gsql/instruction/using_the_windows_gsql_client_to_connect_to_a_cluster.rst,Using the Windows gsql Client to Connect to a Cluster,,,fail,,kein valides Bild,No model result was produced.
umn/source/connecting_to_a_dws_cluster/using_a_third-party_database_adapter_for_dws_cluster_connection/using_the_jdbc_and_odbc_drivers_to_connect_to_a_dws_cluster/using_jdbc_to_connect_to_a_cluster.rst,Using JDBC to Connect to a Cluster,en-us_image_0000002235334808.png,screenshot,pass,1.00,"Shows Eclipse IDE with a JAR file (postgresql-9.1-902-jdbc4.jar) in the lib directory | Context menu is open with 'Build Path' option highlighted, matching the RST instruction to right-click the JAR and choose Build Path | The project structure shows DWS-demo with src, JRE System Library, and Referenced Libraries, consistent with the RST description | Directly corresponds to step 5 in the RST about adding the JAR file to the application project",
umn/source/connecting_to_a_dws_cluster/using_a_third-party_database_adapter_for_dws_cluster_connection/using_the_jdbc_and_odbc_drivers_to_connect_to_a_dws_cluster/using_jdbc_to_connect_to_a_cluster.rst,Using JDBC to Connect to a Cluster,en-us_image_0000002235494628.png,screenshot,pass,1.00,"Shows the OpenSSL 3.4.0 Light (64-bit) setup wizard at the 'Select Additional Tasks' step | The option 'Copy OpenSSL DLLs to: The OpenSSL binaries (bin) directory' is selected, matching the RST instruction to copy DLLs to the OpenSSL directory | The installer title and version (3.4.0 Light) match the RST reference to Win64OpenSSL_Light-3.4.0.exe | Directly corresponds to step 3b in the RST about OpenSSL installation",
umn/source/connecting_to_a_dws_cluster/using_a_third-party_database_adapter_for_dws_cluster_connection/using_the_jdbc_and_odbc_drivers_to_connect_to_a_dws_cluster/using_jdbc_to_connect_to_a_cluster.rst,Using JDBC to Connect to a Cluster,en-us_image_0000002235494620.png,screenshot,pass,1.00,"Shows the System Properties window with the 'Advanced' tab selected, matching the RST instruction | The 'Environment Variables...' button is highlighted at the bottom of the window | The RST states to switch to the Advanced tab and click Environment Variables, which is exactly what is shown | Directly corresponds to step 3c in the RST about installing an environment variable",
umn/source/connecting_to_a_dws_cluster/using_a_third-party_database_adapter_for_dws_cluster_connection/using_the_jdbc_and_odbc_drivers_to_connect_to_a_dws_cluster/using_jdbc_to_connect_to_a_cluster.rst,Using JDBC to Connect to a Cluster,en-us_image_0000002235494624.png,screenshot,pass,1.00,"Shows the Environment Variables dialog with 'Path' selected in System variables | The Edit environment variable window shows the path list with 'C:\Program Files\OpenSSL-Win64\bin' added at the bottom | The 'New' button is highlighted, matching the RST instruction to click New and add the OpenSSL bin path | Directly corresponds to step 3d in the RST about adding the OpenSSL bin path to the system Path variable",
umn/source/connecting_to_a_dws_cluster/using_a_third-party_database_adapter_for_dws_cluster_connection/using_the_jdbc_and_odbc_drivers_to_connect_to_a_dws_cluster/using_jdbc_to_connect_to_a_cluster.rst,Using JDBC to Connect to a Cluster,en-us_image_0000002522573659.png,screenshot,pass,1.00,"Shows a command prompt with the keytool -importkeystore command being executed | The command includes -destkeystore client.jks and -srckeystore client.pkcs12, matching the RST step 3h | The output 'Importing keystore client.pkcs12 to client.jks...' confirms successful import as described in the RST | Directly corresponds to the RST statement about information displayed when the import is successful",
umn/source/connecting_to_a_dws_cluster/using_a_third-party_database_adapter_for_dws_cluster_connection/using_the_jdbc_and_odbc_drivers_to_connect_to_a_dws_cluster/using_jdbc_to_connect_to_a_cluster.rst,Using JDBC to Connect to a Cluster,en-us_image_0000002522693627.png,screenshot,pass,1.00,"Shows a file explorer listing certificate files including client.jks highlighted in the sslcert directory | The RST states 'The target key file client.jks will be generated in C:\dws_ssl_cert\sslcert' | The directory contains related files (cacert.crt.der, cacert.pem, client.crt, client.key, client.pkcs12, mytruststore, etc.) consistent with the SSL configuration steps | Directly corresponds to the RST description of the generated client.jks file after successful import",
umn/source/connecting_to_a_dws_cluster/using_a_third-party_database_adapter_for_dws_cluster_connection/using_the_jdbc_and_odbc_drivers_to_connect_to_a_dws_cluster/using_odbc_to_connect_to_a_cluster.rst,Using ODBC to Connect to a Cluster,en-us_image_0000002270374425.png,screenshot,pass,0.95,"Image is a UI dialog screenshot of the PostgreSQL ODBC driver setup, matching the document's ODBC connection topic. | Dialog fields (Data Source, Database, Server, Port, User Name, Password, SSL Mode) correspond to the odbc.ini parameters described in the RST (Servername, Database, Username, Password, Port, Sslmode). | The figure is referenced in the 'Configure a data source to be connected to' section, exactly where the image is placed. | The dialog is legible and shows all relevant configuration fields and buttons (Test, Save, Cancel, Datasource, Global, Manage DSN). | The RST instructs choosing 'PostgreSQL Unicode' for setup, but the image title reads 'PostgreSQL ANSI ODBC Driver (psqlODBC) Setup', a naming mismatch.","The image shows example values (Data Source 'dws', Database 'postgres') that differ from the RST example values ([DWSODBC], gaussdb), though these are illustrative. | No indication in the image of the 32-bit vs 64-bit driver manager path discussed in the RST."
umn/source/connecting_to_a_dws_cluster/using_a_visualization_tool_to_connect_to_a_dws_cluster/using_data_studio_to_connect_to_a_dws_cluster.rst,Using Data Studio to Connect to a DWS Cluster,en-us_image_0000002235335040.png,screenshot,pass,1.00,"Image shows a file explorer directory listing of the Data Studio installation folder, matching Figure 1 'Starting the client'. | Data Studio.exe is clearly visible in the directory, consistent with the RST instruction to 'double-click Data Studio.exe to start the Data Studio client'. | The directory contents (configuration, db_assistant, docs, features, p2, plugins, tools, UserData folders and associated files) are consistent with a decompressed Data Studio package. | No contradictions between the image and the RST description.","The image does not show the double-click action or the application launching, only the directory listing."
umn/source/connecting_to_a_dws_cluster/using_a_visualization_tool_to_connect_to_a_dws_cluster/using_data_studio_to_connect_to_a_dws_cluster.rst,Using Data Studio to Connect to a DWS Cluster,en-us_image_0000002270374233.png,screenshot,pass,1.00,"Image shows the Data Studio application with the File menu open, displaying 'New Connection' (Ctrl+N) and 'Remove Connection' options. | This directly matches the RST instruction: 'Choose File > New Connection from the main menu. See Figure 2.' | The menu bar shows File, Edit, Run, Debug, Settings, Help, consistent with a Data Studio GUI client. | No contradictions between the image and the RST description.",The image is a small crop showing only the menu area; the full application window is not visible.
umn/source/connecting_to_a_dws_cluster/using_a_visualization_tool_to_connect_to_a_dws_cluster/using_data_studio_to_connect_to_a_dws_cluster.rst,Using Data Studio to Connect to a DWS Cluster,en-us_image_0000002235335020.png,screenshot,pass,0.88,"Image shows the 'New Database Connection' dialog with the SSL tab selected, matching Figure 3 'Configuring SSL parameters'. | The SSL tab displays fields: Client SSL Certificate, Client SSL Key, Root Certificate, SSL Password, and SSL Mode (set to 'require'), which align with the RST Table 2 parameters. | The left panel shows a table with columns 'Connection Name', 'Connection Details', 'Server Information', consistent with the connection dialog. | Minor naming discrepancy: the RST Table 2 labels the password field as 'SSL Cipher' while the image shows 'SSL Password'. The RST description for that field says 'Set the password for the client SSL key', so the image label is arguably more accurate, but it differs from the table header in the document. | SSL Mode shows 'require' which is one of the supported modes listed in the RST.","The file paths shown in the image (D:\dws_ssl_cert\sslcert\clie...) are truncated and do not fully match the RST example paths (sslcert\client.crt, sslcert\client.key.pk8, sslcert\cacert.pem). | The 'Advanced' tab content is not visible."
umn/source/connecting_to_a_dws_cluster/using_a_visualization_tool_to_connect_to_a_dws_cluster/using_the_sql_editor_to_connect_to_a_dws_cluster/data_development_operations.rst,Data Development Operations,en-us_image_0000002235495244.png,other,pass,1.00,"The image is a hierarchical tree diagram, not a UI screenshot or icon, so it is classified as 'other'. | It directly illustrates the metadata information hierarchy described in the RST intro (data source root branching into databases and user roles). | The diagram shows Databases (GaussDB, Postgres) with User mode (Common tables, Foreign tables, Views, Functions, Sequence, Synonyms) and System mode/External server, matching the RST description of schemas, tables, columns, indexes, partitions, and triggers. | Users/Roles branch (dbadmin, roletest) matches the RST statement that the hierarchy branches into user roles. | No interactive controls are visible in the diagram.","The diagram does not explicitly label 'constraints' as a separate node, though RST mentions constraints under a table; this is a minor labeling difference, not a contradiction."
umn/source/connecting_to_a_dws_cluster/using_the_cli_to_connect_to_a_dws_cluster/using_the_windows_gsql_client_to_connect_to_a_cluster.rst,Using the Windows gsql Client to Connect to a Cluster,en-us_image_0000002235495120.png,screenshot,pass,1.00,"Image shows a Windows environment variable editing dialog with the gsql path D:\dws_8.1.x_gsql_for_windows\x64 in the text field | Matches Figure 1 caption 'Configuring Windows environment variables' in the RST | The path structure matches the example given in the RST for the x64 folder | Dialog shows standard Windows Path editing UI with New, Edit, Delete, Up, Down buttons",The full window title is partially obscured at the top of the image
umn/source/connecting_to_a_dws_cluster/using_the_cli_to_connect_to_a_dws_cluster/using_the_windows_gsql_client_to_connect_to_a_cluster.rst,Using the Windows gsql Client to Connect to a Cluster,en-us_image_0000002235495124.png,screenshot,pass,1.00,Image shows a Windows System Error dialog titled 'gsql.exe - System Error' | Error message reads 'The code execution cannot proceed because MSVCP100.dll was not found. Reinstalling the program may fix this problem.' | Matches Figure 2 caption 'Error message' in the RST Precautions section item 10 | The RST explicitly states MSVCP100.dll may be missing and this error is displayed,
umn/source/creating_a_dws_cluster/creating_a_dedicated_dws_cluster/creating_a_dwsstorage-compute_coupled_cluster.rst,Creating a DWS Storage-Compute Coupled Cluster,en-us_image_0000002278700548.png,icon,pass,1.00,"The image is a small circular refresh/reload arrow icon. | The RST references |image1| in the VPC parameter description: 'You can click |image1| to refresh the options in the VPC drop-down list.' | The icon visually matches the described refresh action for the VPC drop-down list. | The icon is placed in the Network section, Table 3, VPC row, which is consistent with its usage context.",No additional context needed; the icon clearly represents a refresh action as described in the RST.
umn/source/creating_a_dws_cluster/creating_a_dedicated_dws_cluster/creating_a_dwsstorage-compute_coupled_cluster.rst,Creating a DWS Storage-Compute Coupled Cluster,en-us_image_0000002313197033.png,icon,pass,1.00,"The image is a small circular refresh/reload arrow icon. | The RST references |image2| in the Security Group parameter description: 'click |image2| next to the Security Group drop-down list to refresh the page, and select the new security group.' | The icon visually matches the described refresh action for the Security Group drop-down list. | The icon is placed in the Network section, Table 3, Security Group row, which is consistent with its usage context.",No additional context needed; the icon clearly represents a refresh action as described in the RST.
umn/source/dws_cluster_management/checking_the_dws_cluster_status.rst,Checking the DWS Cluster Status,en-us_image_0000002485186504.png,icon,pass,1.00,"The image is a small circular-arrow refresh icon, matching the RST instruction 'Click |image1| to refresh the cluster information such as the cluster status.' | The icon is a standard UI refresh/reload symbol, semantically consistent with the action of refreshing cluster status in the DWS console. | The image is placed in the 'Querying General Information of a Cluster' section, which directly discusses viewing and refreshing cluster list data. | No contradictions exist between the RST description and the visual content of the image.","The image is a standalone icon without surrounding UI context, so the exact placement within the cluster list interface cannot be visually confirmed."
umn/source/dws_cluster_management/dws_resource_load_management/dws_resource_management_overview.rst,DWS Resource Management Overview,en-us_image_0000002323336312.png,other,pass,1.00,"The image is the architecture diagram explicitly referenced in the RST as 'Figure 1 Resource management architecture'. | It depicts the resource management structure: authorized user, query/job execution, CN and DN nodes, compute resource pool, resource pool, local storage/HDFS, and storage space. | The resource pool box lists Queue, DOP, Exception and CPU, Memory, I/O, matching the document's description of CPU, memory, I/O, and storage management. | The storage space annotation about setting space quotas for different users via the user data tablespace management mechanism aligns with the document's storage space management description. | No interactive UI controls are present; it is a static explanatory diagram.","The diagram does not explicitly show the short query acceleration or concurrency management details described later in the document. | No version-specific constraints (e.g., 8.0.0, 8.1.3) are depicted in the image."
umn/source/dws_cluster_management/dws_resource_load_management/using_dws_query_filters_to_intercept_slow_sql_statements.rst,Using DWS Query Filters to Intercept Slow SQL Statements,en-us_image_0000002548462889.png,screenshot,pass,1.00,"Image is a screenshot of the 'Create Query Filter' dialog, matching Figure 1 in the RST | All field values (gaussdb, test_block, SQL, SELECT, dbadmin, test_application, test_band) match the example in the RST | The dialog shows all parameters described in Table 1 of the document | Appears in the Examples section, step 4, exactly where the RST references it","The RST intro mentions 'test_bond' but the step and image show 'test_band' — minor inconsistency in the RST itself, not the image"
umn/source/dws_cluster_management/dws_resource_load_management/using_dws_query_filters_to_intercept_slow_sql_statements.rst,Using DWS Query Filters to Intercept Slow SQL Statements,en-us_image_0000002548582895.png,screenshot,pass,1.00,"Image is a screenshot of the DWS SQL Editor showing the two SQL statements from the RST code block | The CREATE TABLE and INSERT INTO statements match exactly what is shown in the RST | Connection details (gaussdb, public, dbadmin) are consistent with the example context | Appears in the Examples section, step 6, matching the RST reference to Figure 2",
umn/source/dws_cluster_management/managing_dws_cluster_connections/managing_dws_cluster_access_domain_names.rst,Managing DWS Cluster Access Domain Names,en-us_image_0000002270494049.png,icon,pass,0.90,"The image is a small copy icon (two overlapping squares/rectangles), a standard symbolic graphic for the copy action. | The RST references |image1| in the 'Creating a Public Network Domain Name' section with the instruction 'Click |image1| to copy the public network domain name,' which matches the copy-icon semantics. | The icon is used in the correct section and context (after the public network domain name is created, the user clicks the copy icon to copy it). | No contradiction between the icon's meaning and the surrounding text.","The icon is generic and not specific to DWS or domain names, but its function (copy) is clearly indicated by the surrounding text."
umn/source/dws_cluster_management/managing_dws_logical_clusters/adding_deleting_a_logical_cluster.rst,Adding/Deleting a Logical Cluster,en-us_image_0000002235494760.png,screenshot,pass,1.00,"The image is a UI screenshot of the DWS cluster 'Basic Information' page, matching the Cluster Information page referenced in the RST. | A red box highlights the 'Logical Cluster' toggle switch, which directly corresponds to step 4's instruction to 'Enable Logical Cluster'. | The screenshot belongs to the 'Adding a Logical Cluster' section where image1 is referenced. | Visible fields (Cluster ID, Cluster Version, Nodes, Node Flavor, Time Zone) are consistent with a DWS cluster information page. | No visible contradiction between the image content and the RST text.","The navigation pane showing the newly displayed 'Logical Clusters' menu item (mentioned in step 4) is not visible in the image. | The image only shows the Basic Information panel, not the full cluster page or the Logical Clusters page."
umn/source/dws_cluster_management/managing_dws_logical_clusters/logical_cluster_overview.rst,Logical Cluster Overview,en-us_image_0000002270374453.png,other,pass,1.00,"Image is a technical diagram showing relationships between logical clusters, databases, and tables, exactly as referenced in the RST as Figure 1. | The diagram clearly shows Logic cluster1 and Logic cluster2 each containing DB1 and DB2 with schemas (PG_Catalog, Public, Other, User schema1, User schema2) and tables (table1-table6). | An Elastic_group is shown on the right, consistent with the RST description of elastic clusters. | Physical nodes (node1-node10) are shown at the bottom connected to their respective logical clusters, matching the text about nodes being divided into logical clusters. | The hierarchical structure (nodes -> logical clusters -> databases -> schemas -> tables) matches the conceptual description in the Concepts section.",
umn/source/dws_cluster_management/managing_dws_logical_clusters/logical_cluster_overview.rst,Logical Cluster Overview,en-us_image_0000002235495060.png,other,pass,1.00,"Image is a technical architecture diagram showing the logical cluster architecture as referenced in the RST as Figure 2. | Shows User 1 and User 2 with their respective Computing Node Groups containing CNs and DNs, matching the text description. | Resource pools (Static resource pool 1 and 2) are shown with CPU, Memory, and I/O components, consistent with the text about defining resource pools. | Numbered annotations (1-4) explain resource pool specification, user creation, resource isolation, and cross-node-group data access, all matching the RST text. | Dashed red arrows labeled 'Access data' show cross-node-group data access, matching the text about accessing data across Node Groups after authorization.",
umn/source/dws_cluster_management/managing_dws_logical_clusters/logical_cluster_overview.rst,Logical Cluster Overview,en-us_image_0000002270494381.png,other,pass,1.00,"Image is a technical diagram showing logical cluster division based on resource requirements, referenced as Figure 3 in the RST. | Three logical clusters are shown with tables T1/T2 (blue), T3/T4 (yellow), and T5/T6 (red), exactly matching the Scenario 1 description in the RST. | Three users (User 1, User 2, User 3) are shown connected to CNs, with dashed lines indicating cross-cluster access. | The color-coding of tables (blue for batch processing, yellow for real-time, red for OLTP) visually distinguishes the different resource requirement categories described in the text. | The diagram clearly illustrates the concept of isolating data with different resource requirements into separate logical clusters.",
umn/source/dws_cluster_management/managing_dws_logical_clusters/logical_cluster_overview.rst,Logical Cluster Overview,en-us_image_0000002235335244.png,other,pass,1.00,"Image is a technical diagram showing logical cluster-based multi-service data and multi-tenant management, referenced as Figure 4 in the RST. | Three logical clusters are shown, each containing data for two services (services 1-2, 3-4, 5-6), matching the Scenario 2 description. | A 'Public database objects (namespace, view, function, sequence, FDW, etc)' bar is shown at the top, consistent with the RST note about public database objects being distributed on all nodes. | Three CNs (CN 1, CN 2, CN 3) are shown at the top, representing the computing layer. | The diagram illustrates the concept of isolating different services into separate logical clusters to minimize resource contention, as described in the text.",
umn/source/dws_cluster_management/managing_dws_logical_clusters/tutorial_converting_a_physical_cluster_that_contains_data_into_a_logical_cluster.rst,Tutorial: Converting a Physical Cluster That Contains Data into a Logical Cluster,en-us_image_0000002270493945.png,other,pass,1.00,"Diagram accurately depicts the conversion of physical cluster dws-demo (3 nodes) into a 6-node cluster with two logical clusters lc1 and lc2 | Shows user u1 associated with lc1 and user u2 associated with lc2, matching the RST description | Illustrates CREATE TABLE public.t1 and SELECT * from t1 operations across logical clusters | Shows the scale-out from 3 to 6 nodes and the convert operation as described in the Scenario section | All node numbers (1-6) and cluster names match the RST text exactly",
umn/source/dws_cluster_management/managing_dws_logical_clusters/tutorial_converting_a_physical_cluster_that_contains_data_into_a_logical_cluster.rst,Tutorial: Converting a Physical Cluster That Contains Data into a Logical Cluster,en-us_image_0000002270374025.png,screenshot,pass,1.00,Screenshot shows SQL execution records with a permission denied error for user u2 accessing node group lc1 | Error message 'USAGE permission denied to user u2 for node group lc1' matches the RST description of the access failure | SQL Details column shows 'SELECT * FROM u1.t1' matching the query in the RST | Status shows 'Running failed' confirming the access was denied as described | This is referenced as |image1| in the step demonstrating data isolation between logical clusters,
umn/source/dws_cluster_management/managing_dws_logical_clusters/tutorial_converting_a_physical_cluster_that_contains_data_into_a_logical_cluster.rst,Tutorial: Converting a Physical Cluster That Contains Data into a Logical Cluster,en-us_image_0000002235494632.png,screenshot,pass,1.00,"Screenshot shows successful query results with columns id and name containing rows (1, joy) and (2, lily) | Data matches the INSERT INTO u1.t1 VALUES (1,'joy'),(2,'lily') statement in the RST | Demonstrates that user u2 can successfully query table t1 across logical clusters after being granted access | Referenced as |image2| in the step proving cross-logical-cluster data sharing | Total Records: 2 matches the two inserted records",
umn/source/dws_cluster_management/managing_dws_logical_clusters/tutorial_dividing_a_new_physical_cluster_into_logical_clusters.rst,Tutorial: Dividing a New Physical Cluster into Logical Clusters,en-us_image_0000002270494093.png,screenshot,fail,0.12,"The image shows a table with columns 'id' and 'name' containing values (1, joy) and (2, lily). | The RST places this image after the SQL query 'SELECT group_name FROM PGXC_GROUP;' which should return a single column of logical cluster names (e.g., lc1, lc2). | The displayed columns and values do not correspond to the expected output of the stated query. | The content appears to be from an entirely different context (possibly a user table with names).","No visible group_name column or logical cluster names (lc1, lc2) as expected from the PGXC_GROUP query. | The image does not demonstrate that logical clusters were successfully created."
umn/source/dws_cluster_management/managing_dws_logical_clusters/tutorial_dividing_a_new_physical_cluster_into_logical_clusters.rst,Tutorial: Dividing a New Physical Cluster into Logical Clusters,en-us_image_0000002235334960.png,screenshot,partial,0.78,"The image shows 'ERROR: permission denied for schema u1' in red text, consistent with a failed cross-cluster access attempt. | The RST states the user does not have permission when u2 queries u1.t1, which aligns with the error shown. | The RST note mentions the error would be 'permission denied for node group xx' but the image shows 'permission denied for schema u1', a minor discrepancy in the specific error type. | The image is correctly placed in the step demonstrating permission isolation before granting access.",The specific error message in the image (schema-level) differs from the one described in the RST note (node-group-level).
umn/source/dws_cluster_management/managing_dws_logical_clusters/tutorial_dividing_a_new_physical_cluster_into_logical_clusters.rst,Tutorial: Dividing a New Physical Cluster into Logical Clusters,en-us_image_0000002235494776.png,screenshot,pass,1.00,"The image shows a table with columns oid, relname, pgroup, nodeoids matching the SQL query in the RST. | The row shows relname 't1' in pgroup 'lc1' with three node IDs (16718 16719 16720), confirming t1 belongs to logical cluster lc1. | This directly demonstrates data isolation by logical cluster as described in the tutorial. | The output is consistent with the expected result of the pg_class/pgxc_class join query for table t1.",
umn/source/dws_cluster_management/managing_dws_logical_clusters/tutorial_dividing_a_new_physical_cluster_into_logical_clusters.rst,Tutorial: Dividing a New Physical Cluster into Logical Clusters,en-us_image_0000002235334956.png,screenshot,pass,1.00,"The image shows a table with columns oid, relname, pgroup, nodeoids matching the SQL query in the RST. | The row shows relname 't2' in pgroup 'lc2' with three node IDs (16676 16713 16717), confirming t2 belongs to logical cluster lc2. | This directly demonstrates data isolation by logical cluster as described in the tutorial. | The output is consistent with the expected result of the pg_class/pgxc_class join query for table t2.",
umn/source/dws_cluster_management/managing_dws_logical_clusters/tutorial_dividing_a_new_physical_cluster_into_logical_clusters.rst,Tutorial: Dividing a New Physical Cluster into Logical Clusters,en-us_image_0000002270494101.png,screenshot,pass,1.00,"The image shows a table with column 'id' and values 2 and 1, matching the data inserted into u1.t1 (VALUES (1),(2)). | This is placed after the step where u2 successfully queries u1.t1 after being granted cross-cluster permissions. | The successful query result demonstrates that cross-logical-cluster access works after proper authorization. | The output is consistent with the expected result of 'SELECT * FROM u1.t1' as user u2.",
umn/source/dws_cluster_management/modifying_guc_parameters_of_the_dws_cluster.rst,Modifying GUC Parameters of the DWS Cluster,en-us_image_0000002235494988.png,screenshot,pass,1.00,"The image is a DWS console 'Parameter Modifications' page screenshot showing the Parameters tab, an Export button (highlighted with a red box), Save/Cancel controls, a filter drop-down, a search box, and a parameter table. | The highlighted Export button directly matches the figure caption 'Figure 1 Exporting parameter settings' and the 'Exporting the Parameter List' section in the RST. | The table rows (audit_enabled, audit_space_limit, autoanalyze, autovacuum_max_workers, autovacuum_naptime, behavior_compat_options, checkpoint_segments, ddl_lock_timeout) correspond to the Function Control Parameters described in the document. | Columns such as Value for CN, Value for DN, Unit, Value Range, Restart Cluster, and Description align with the parameter modification workflow described in the RST.","The image does not show the 'Change History' tab content, which is covered separately in the RST. | The exact cluster name and navigation pane are not visible in the cropped screenshot."
umn/source/dws_cluster_management/viewing_dws_cluster_details.rst,Viewing DWS Cluster Details,en-us_image_0000002486309626.png,icon,partial,0.77,"The image is a small pencil/edit icon, consistent with its use in Method 1 step 2 where the user clicks it next to a cluster name to change the name. | The icon is a generic edit symbol, not specific to DWS or the cluster details page, but it is contextually appropriate for the 'Changing a Cluster Name' section. | The document's primary topic is viewing cluster details; the icon belongs to the secondary 'Changing a Cluster Name' subsection. | The visual content (a pencil icon) clearly matches the described action of clicking to edit a cluster name.",The icon does not show any DWS-specific branding or context; it is a generic edit symbol. | No surrounding UI context is visible to confirm it appears in the cluster list as described.
umn/source/dws_cluster_management/viewing_dws_cluster_details.rst,Viewing DWS Cluster Details,en-us_image_0000002486309636.png,icon,partial,0.77,"The image is a small pencil/edit icon, consistent with its use in Method 2 step 3 where the user clicks it next to the cluster name in the Basic Information area to change the name. | The icon is a generic edit symbol, not specific to DWS, but it is contextually appropriate for the 'Changing a Cluster Name' section. | The document's primary topic is viewing cluster details; the icon belongs to the secondary 'Changing a Cluster Name' subsection. | The visual content (a pencil icon) clearly matches the described action of clicking to edit a cluster name on the Cluster Information page.",The icon does not show any DWS-specific branding or context; it is a generic edit symbol. | No surrounding UI context is visible to confirm it appears in the Basic Information area of the Cluster Information page as described.
umn/source/dws_cluster_management/viewing_the_dws_cluster_topology.rst,Viewing the DWS Cluster Topology,en-us_image_0000002235494936.png,screenshot,pass,1.00,"The image is a DWS console 'Cluster Topology' page screenshot, matching the document title and the 'Topology Overview' section. | Numbered markers 1-7 in the image correspond exactly to the seven elements described in the RST (ELB public IP, EIP, search category, ring, ring box with nodes, node type CN/DN, node details tooltip). | The tooltip shows node name, status, Manage/Traffic/Internal/Internalmgnt IPs, and a Processes table with DN entries, consistent with the RST description of node details and node processes. | The search box with 'IP Address' dropdown and the ring containing CN/DN node icons match the described topology structure. | No visible contradiction between the image content and the RST text.","The image does not explicitly show three or more rings to demonstrate distributed CN deployment, though the RST notes this is conditional. | Some IP values are partially masked in the tooltip, but this does not affect the structural match."
umn/source/dws_cluster_o_and_m/backing_up_and_restoring_a_dws_cluster/backing_up_a_dws_cluster/configuring_and_managing_dws_automated_snapshots.rst,Configuring and Managing DWS Automated Snapshots,en-us_image_0000002500730206.png,other,pass,1.00,"Diagram is labeled 'Figure 1 Snapshot backup process' and matches the RST reference exactly. | Shows a weekly timeline with full backups at the start and end and differential incremental backups in between, consistent with the RST description of full and incremental snapshots. | Database cylinder icons and arrows clearly illustrate the backup relationship.","No explicit retention-period or interval values shown, but those are described in text."
umn/source/dws_cluster_o_and_m/backing_up_and_restoring_a_dws_cluster/backing_up_a_dws_cluster/configuring_and_managing_dws_automated_snapshots.rst,Configuring and Managing DWS Automated Snapshots,en-us_image_0000002329769164.png,icon,pass,1.00,Blue toggle switch in the on position matches |image1| described as indicating the policy is enabled (default). | Used in the 'Configuring an Automated Snapshot Policy' step 5 to show enabled state.,No surrounding UI context; only the isolated toggle symbol is shown.
umn/source/dws_cluster_o_and_m/backing_up_and_restoring_a_dws_cluster/backing_up_a_dws_cluster/configuring_and_managing_dws_automated_snapshots.rst,Configuring and Managing DWS Automated Snapshots,en-us_image_0000002329928968.png,icon,pass,1.00,Gray toggle switch in the off position matches |image2| described as indicating the policy is disabled. | Used in the same configuring step to show the disabled state.,No surrounding UI context; only the isolated toggle symbol is shown.
umn/source/dws_cluster_o_and_m/backing_up_and_restoring_a_dws_cluster/backing_up_a_dws_cluster/configuring_and_managing_dws_automated_snapshots.rst,Configuring and Managing DWS Automated Snapshots,en-us_image_0000002516718671.png,icon,pass,1.00,Pencil/edit icon matches |image3| described as the control to set retention mode and backup media. | Edit symbol is semantically consistent with configuring/modifying snapshot settings.,No surrounding UI context; only the isolated edit symbol is shown.
umn/source/dws_cluster_o_and_m/backing_up_and_restoring_a_dws_cluster/backing_up_a_dws_cluster/configuring_and_managing_dws_automated_snapshots.rst,Configuring and Managing DWS Automated Snapshots,en-us_image_0000002363767369.png,icon,pass,1.00,Downward chevron icon matches |image4| described as the control next to a target snapshot to view its policy name. | Expand/chevron symbol is consistent with revealing additional snapshot details.,No surrounding UI context; only the isolated chevron symbol is shown.
umn/source/dws_cluster_o_and_m/backing_up_and_restoring_a_dws_cluster/backing_up_a_dws_cluster/creating_and_managing_a_dws_snapshot.rst,Creating and Managing a DWS Snapshot,en-us_image_0000002329928960.png,icon,pass,1.00,"The image is a small circular question-mark icon, a standard help/configuration symbol in UI contexts. | The RST references this icon (|image1|) as the element to click next to 'Snapshot Level' to access Configure, which aligns with a help/info icon pattern. | The icon is used in the 'Prerequisites for Creating a Schema Snapshot' section, directly relevant to the DWS snapshot workflow. | The visual content (circular question mark) is clearly visible and unambiguous.","The icon does not show surrounding UI context (e.g., the Snapshot Level field or Configure button), so the exact placement cannot be visually confirmed from the image alone."
umn/source/dws_cluster_o_and_m/backing_up_and_restoring_a_dws_cluster/backing_up_a_dws_cluster/creating_and_managing_a_dws_snapshot.rst,Creating and Managing a DWS Snapshot,en-us_image_0000002329769160.jpg,icon,pass,1.00,"The image is a magnifying-glass (search) icon, a standard symbol for initiating a search action. | The RST references this icon (|image2|) as the element to click after entering a schema name in the search box, which matches the search-icon semantics. | The icon is used in the 'Creating a Schema Snapshot' section, directly relevant to the DWS snapshot workflow. | The visual content (magnifying glass) is clearly visible and unambiguous.","The icon does not show the surrounding search box or schema list, so the exact UI placement cannot be visually confirmed from the image alone."
umn/source/dws_cluster_o_and_m/backing_up_and_restoring_a_dws_cluster/restoring_a_dws_cluster/restoring_a_dws_table_snapshot.rst,Restoring a DWS Table Snapshot,en-us_image_0000002329928960.png,icon,partial,0.62,"The image is a small circular help icon containing a question mark, consistent with a UI help indicator. | The RST references this image as appearing next to the 'Snapshot Level' parameter, which aligns with a help/info icon placement. | The icon is tangentially related to the document topic (snapshots) but does not directly illustrate the restoration process. | No contradictions between the image content and its textual reference in the RST.","The image does not show the surrounding UI context (e.g., the 'Snapshot Level' label or 'Configure' button) that the RST describes. | No visual confirmation that this specific icon is the one used in the DWS console for the Snapshot Level parameter."
umn/source/dws_cluster_o_and_m/backing_up_and_restoring_a_dws_cluster/viewing_snapshots_of_a_dws_cluster.rst,Viewing Snapshots of a DWS Cluster,en-us_image_0000002363770209.jpg,icon,pass,1.00,"The image is a small magnifying-glass search icon, matching the RST reference |image1| used for searching snapshots. | The RST states users click this icon in the upper right corner of the snapshot list to search, which aligns with a search icon. | The icon is an isolated symbolic graphic (pictogram), not a full UI screenshot. | No contradiction between the icon and the described search action.","The image is low-resolution, so fine details of the icon are not clearly visible. | No surrounding UI context is shown to confirm the exact placement in the snapshot list."
umn/source/dws_cluster_o_and_m/changing_dws_cluster_specifications/using_the_elastic_specification_change.rst,Using the Elastic Specification Change,en-us_image_0000002235494904.png,other,pass,1.00,"The image is a flowchart that directly illustrates the elastic specification change process referenced as Figure 1 in the RST. | It shows the sequence: Started, Verify the flavors, Stop the cluster (with optional Backup), per-node ECS flavor change (Stop/Change/Start for CN and DN nodes), Configure GUC parameters, Start the cluster, Completed. | The concurrent per-node Stop/Change/Start steps align with the RST statement that all nodes are changed concurrently. | The diagram matches the Overview section's description of modifying node computing capabilities via underlying ECS capabilities.",The image does not display the 5-10 minute duration mentioned in the RST. | The image does not show the version requirement (8.1.1.300 and later). | No explicit CPU/memory flavor values are shown in the diagram.
umn/source/dws_cluster_o_and_m/dws_cluster_log_management/viewing_dws_database_audit_logs.rst,Viewing DWS Database Audit Logs,en-us_image_0000002270494073.png,icon,pass,0.85,"The image is a small circular-arrow refresh icon, matching the RST description 'You can click |image1| to refresh the configuration information.' | The icon is used in the 'Configuring the Database Audit Logs' section, step 6, where the user clicks Apply and can refresh configuration status. | The icon is a standard refresh/reload symbol (circular arrow), consistent with its described purpose of refreshing configuration information. | The image is a simple, small icon with minimal visual detail but is clearly identifiable as a refresh symbol.","The icon is very small and low-resolution, making it difficult to discern fine details. | No surrounding UI context is visible to confirm the exact placement within the Security Settings page."
umn/source/dws_cluster_o_and_m/scaling_dws_cluster_nodes/managing_nodes.rst,Managing Nodes,en-us_image_0000002235334844.png,icon,pass,1.00,"The image is a small pencil/edit pictogram, matching the RST reference |image1| used to add or modify a node alias. | An edit (pencil) icon is the conventional symbol for the 'modify' action described in the Overview section. | The icon is directly tied to the Node Management / Node Alias Name column context in the document. | No element in the image contradicts the surrounding text.","The image is an isolated icon, so the surrounding UI (Node Management page, Node Alias Name column) is not visible to confirm placement. | No label or tooltip is present in the image to explicitly confirm the 'modify alias' purpose."
umn/source/dws_cluster_o_and_m/upgrading_a_dws_cluster.rst,Upgrading a DWS Cluster,en-us_image_0000002270494357.png,other,pass,0.88,"The image is a version-numbering diagram (1.1.1) with labels explaining each digit, matching the 'Figure 1 Version description' caption in the Upgrade Version Description section. | It directly illustrates the X.X.X version format discussed in the RST (service patch upgrade, service upgrade, hot patch). | The diagram's per-digit labels (major version change, patch version, upgrade version) align conceptually with the RST's description of which digits change for each upgrade type. | No interactive UI controls are present; it is a static explanatory graphic.","The image does not explicitly mention hot patch upgrades or the 0001-9999 format described in the RST. | The mapping of digits to upgrade types in the image (first vs. middle digit) is phrased differently than the RST's 'first two digits' grouping, leaving some ambiguity."
umn/source/dws_cluster_o_and_m/viewing_and_subscribing_to_dws_cluster_events/subscribing_to_dws_cluster_events.rst,Subscribing to DWS Cluster Events,en-us_image_0000002357295705.png,other,pass,1.00,"The image is the architecture diagram labeled 'Figure 1 Event subscription architecture' referenced in the RST. | It depicts the three-stage flow: GaussDB(DWS) subscription settings, SMN subscription topic, and Subscriber channels, matching the described process. | Filter fields shown (Event type: Management/Monitoring/Security, Event severity: Normal/Warning, Event source type) align with the RST's Event Type, Event Severity, and Event Source Category. | Subscriber channels (Email, Phone, URL, Function) correspond to the RST's text message, email, or application notifications.","The image lists additional event source types (DR, data migration) not enumerated in the RST, but this is supplementary rather than contradictory."
umn/source/dws_cluster_o_and_m/viewing_and_subscribing_to_dws_cluster_events/viewing_dws_cluster_events.rst,Viewing DWS Cluster Events,en-us_image_0000002323336968.png,icon,pass,1.00,"The image is a small sort icon (diamond/arrow shape with a horizontal bar) used as a UI symbol. | The RST references |image1| in the sentence about sorting events by Time, which matches the sort-icon semantics. | The icon appears in the 'Viewing Events' section where sorting functionality is described. | The visual content (a compact sort indicator) is consistent with the textual description of a clickable sort control next to the Time column. | No contradiction between the image and the surrounding text.","The icon is very small and low-resolution, making fine details (exact arrow direction) hard to confirm. | No surrounding UI context is visible to confirm it is specifically the Time-column sort control."
umn/source/dws_cluster_o_and_m/viewing_dws_cluster_monitoring_information_on_the_monitoring_panel_dms/viewing_monitoring_metrics_of_a_dws_cluster/viewing_node_metrics_of_a_dws_cluster.rst,Viewing Node Metrics of a DWS Cluster,en-us_image_0000002363569805.png,screenshot,pass,1.00,"The image is a terminal screenshot showing the output of the Linux `df` command, which the RST explicitly references in the Disks section ('Run the Linux df command to collect the disk capacity information, as shown in the following figure'). | The displayed columns (Filesystem, 1K-blocks, Used, Available, Use%, Mounted on) match the field descriptions listed in the RST table. | The highlighted /dev/sda4 row values (569616888, 575744, 540228616) correspond to the example given in the RST text about Used + Available != Total. | The image directly supports the explanation of why used and available space do not sum to total disk space.","The exact command line is partially truncated/low-resolution, but the `df` invocation and output are clearly legible."
umn/source/faqs/account_permissions/how_do_i_change_the_password_of_a_dws_database_account_when_it_expires.rst,How Do I Change the Password of a DWS Database Account When It Expires?,en-us_image_0000001687122453.png,screenshot,pass,1.00,"The image is a DWS console cluster list screenshot showing the Operation column with a 'More' dropdown open. | The dropdown highlights 'Reset Password', matching the RST instruction to choose More > Reset Password. | The figure caption 'Resetting the password of user dbadmin' aligns with the visible UI action. | Interactive controls (links, checkboxes, dropdown menu items) are clearly visible.","The specific dbadmin user context is not explicitly labeled in the screenshot, but the action path matches the documented procedure."
umn/source/faqs/account_permissions/how_do_i_create_private_users_and_tables_in_a_dws_database.rst,How Do I Create Private Users and Tables in a DWS Database?,en-us_image_0000001447013230.png,other,pass,1.00,"Diagram clearly illustrates the private user (U1) and private table concept described in the Scenario section | Shows dbadmin has DROP/ALTER/TRUNCATE access (blue arrow) but not INSERT/DELETE/UPDATE/SELECT/COPY (red crossed arrow), matching the text exactly | Labels 'Private user U1', 'Private table', 'Schema u1', 'gaussdb database', and 'System administrator dbadmin' all align with the document content | Figure 1 caption in RST is 'Private users' which matches the diagram content",
umn/source/faqs/account_permissions/how_do_i_create_private_users_and_tables_in_a_dws_database.rst,How Do I Create Private Users and Tables in a DWS Database?,en-us_image_0000001496851569.png,screenshot,pass,1.00,"Terminal screenshot shows 'SELECT * FROM u1.test;' command matching step 4 in the Procedure | Error message 'SELECT permission denied to user ""dbadmin"" for relation ""u1.test""' confirms dbadmin cannot access the private table | Directly supports the RST statement: 'The query result indicates that the user dbadmin does not have the access permission' | Image is referenced as |image1| in step 4 of the Procedure section",
umn/source/faqs/account_permissions/how_do_i_create_private_users_and_tables_in_a_dws_database.rst,How Do I Create Private Users and Tables in a DWS Database?,en-us_image_0000001446859452.png,screenshot,pass,1.00,Terminal screenshot shows 'drop table u1.test;' command matching step 5 in the Procedure | Response 'DROP TABLE' confirms successful deletion of the private table | Directly supports the RST statement: 'Run the DROP statement as user dbadmin to delete the table test' | Image is referenced as |image2| in step 5 of the Procedure section,
umn/source/faqs/account_permissions/how_do_i_grant_table_permissions_to_a_specified_dws_user.rst,How Do I Grant Table Permissions to a Specified DWS User?,en-us_image_0000001381728629.png,other,pass,1.00,"Diagram illustrates the scenario: users u1-u5 with Read/Insert/Update/All permissions on table u1.t1 within Schema u1, plus Schemas u2-u5 inside GaussDB(DWS). | Matches the Scenario section's permission requirements for u2 (read), u3 (insert), u4 (update), u5 (all). | No interactive UI controls present; it is an explanatory schematic.",
umn/source/faqs/account_permissions/how_do_i_grant_table_permissions_to_a_specified_dws_user.rst,How Do I Grant Table Permissions to a Specified DWS User?,en-us_image_0000001381889117.png,screenshot,pass,1.00,"Terminal output shows SELECT * FROM u1.t1 returning 2 rows, then INSERT and UPDATE both denied with 'permission denied for relation t1'. | Consistent with step 6: user u2 is read-only, can query but not write or modify. | Matches the GRANT SELECT ON u1.t1 TO u2 scenario.",
umn/source/faqs/account_permissions/how_do_i_grant_table_permissions_to_a_specified_dws_user.rst,How Do I Grant Table Permissions to a Specified DWS User?,en-us_image_0000001381808801.png,screenshot,pass,1.00,"Terminal output shows SELECT denied, INSERT 0 1 succeeding, and UPDATE denied. | Consistent with step 8: user u3 has INSERT permission only, can insert but not query or modify. | Matches GRANT INSERT ON u1.t1 TO u3.",
umn/source/faqs/account_permissions/how_do_i_grant_table_permissions_to_a_specified_dws_user.rst,How Do I Grant Table Permissions to a Specified DWS User?,en-us_image_0000001330808808.png,screenshot,pass,1.00,"Terminal output shows SELECT returning 3 rows, INSERT denied, and UPDATE 3 succeeding. | Consistent with step 9: user u4 can query and modify but not insert. | Matches GRANT SELECT,UPDATE ON u1.t1 TO u4.",
umn/source/faqs/account_permissions/how_do_i_grant_table_permissions_to_a_specified_dws_user.rst,How Do I Grant Table Permissions to a Specified DWS User?,en-us_image_0000001330648836.png,screenshot,pass,1.00,"Terminal output shows SELECT (3 rows), INSERT 0 1, UPDATE 4, and DELETE 4 all succeeding. | Consistent with step 10: user u5 has full permissions to query, insert, modify, and delete. | Matches GRANT ALL PRIVILEGES ON u1.t1 TO u5.",
umn/source/faqs/account_permissions/how_do_i_grant_table_permissions_to_a_specified_dws_user.rst,How Do I Grant Table Permissions to a Specified DWS User?,en-us_image_0000001330329232.png,screenshot,pass,1.00,"Terminal output of SELECT * FROM pg_class where relname = 't1' with the relacl column highlighted. | relacl shows u1=arwdDxtA/u1, u2=r/u1, u3=a/u1, u4=rw/u1, matching the bullet list in step 11. | Directly supports the has_table_privilege / relacl verification explanation.","The u5=arwdDxtA/u1 entry is cut off at the right edge of the highlighted region, though the rst text states it."
umn/source/faqs/account_permissions/how_do_i_grant_the_permissions_of_a_schema_to_a_specified_dws_user.rst,How Do I Grant the Permissions of a Schema to a Specified DWS User?,en-us_image_0000001936081689.png,other,pass,1.00,"Diagram shows GaussDB(DWS) database with SCHEMA jim and SCHEMA mike, matching Figure 1 description | User jim has read/write to SCHEMA jim; user mike has read to SCHEMA jim and read/write to SCHEMA mike | Tables jim.name, jim.employ, jim.address, jim.hobby shown in SCHEMA jim as described in RST",
umn/source/faqs/account_permissions/how_do_i_grant_the_permissions_of_a_schema_to_a_specified_dws_user.rst,How Do I Grant the Permissions of a Schema to a Specified DWS User?,en-us_image_0000001936107161.png,screenshot,pass,1.00,Shows SELECT * FROM jim.name running successfully and SELECT * FROM jim.address failing with permission denied to user mike | Matches step 6 verification that mike can query jim.name but not jim.address | Error message DWS S0010001 with STATE 42501 confirms permission denial,
umn/source/faqs/account_permissions/how_do_i_grant_the_permissions_of_a_schema_to_a_specified_dws_user.rst,How Do I Grant the Permissions of a Schema to a Specified DWS User?,en-us_image_0000001936108293.png,screenshot,pass,1.00,Shows both SELECT * FROM jim.name and SELECT * FROM jim.address running successfully | Matches step 9 verification after GRANT SELECT ON ALL TABLES IN SCHEMA jim TO mike | Both queries show Run successfully status confirming all-tables permission,
umn/source/faqs/account_permissions/how_do_i_grant_the_permissions_of_a_schema_to_a_specified_dws_user.rst,How Do I Grant the Permissions of a Schema to a Specified DWS User?,en-us_image_0000001936109033.png,screenshot,pass,1.00,Shows SELECT * FROM jim.employ failing with permission denied to user mike for relation jim.employ | Matches step 11 verification that mike cannot query newly created table jim.employ | Confirms that ALL TABLES grant does not cover future tables,
umn/source/faqs/account_permissions/how_do_i_grant_the_permissions_of_a_schema_to_a_specified_dws_user.rst,How Do I Grant the Permissions of a Schema to a Specified DWS User?,en-us_image_0000001894150128.png,screenshot,pass,1.00,Shows SELECT * FROM jim.hobby running successfully | Matches step 13 verification after ALTER DEFAULT PRIVILEGES grant | Confirms mike can access newly created table jim.hobby via default privileges,
umn/source/faqs/account_permissions/how_do_i_view_the_table_permissions_of_a_dws_user.rst,How Do I View the Table Permissions of a DWS User?,en-us_image_0000001439795569.png,screenshot,pass,1.00,"Terminal screenshot of the information_schema.table_privileges query for GRANTEE='u2'. | Output columns (grantor, grantee, table_catalog, table_schema, table_name, privilege_type, is_grantable, with_hierarchy) match Table 1 in the RST. | Rows show u2 holding all privilege types on t2 in schema u2 and SELECT on t1 in schema u1, exactly as the RST states. | 12 rows reported, consistent with the listed privileges.",
umn/source/faqs/account_permissions/how_do_i_view_the_table_permissions_of_a_dws_user.rst,How Do I View the Table Permissions of a DWS User?,en-us_image_0000001117912942.png,screenshot,pass,1.00,"Terminal screenshot of SELECT * FROM pg_class WHERE relname = 't1'. | Red boxes highlight the relacl values 'leo=arw/joe' and '{joe=arwdDxtA/joe}'. | These match the RST explanation that joe=arwdDxtA means ALL PRIVILEGES and leo=arw/joe means read/write/modify granted by joe. | Output is for table t1, consistent with the example.",
umn/source/faqs/account_permissions/how_do_i_view_the_table_permissions_of_a_dws_user.rst,How Do I View the Table Permissions of a DWS User?,en-us_image_0000001118137728.png,screenshot,pass,1.00,"Terminal screenshot of SELECT * FROM has_table_privilege('joe','t1','select'). | Returns 't' (1 row), indicating joe has the select permission on t1. | Matches the RST example querying whether user joe has the query permission on table t1.",
umn/source/faqs/account_permissions/how_does_dws_isolate_workloads.rst,How Does DWS Isolate Workloads?,en-us_image_0000001389253162.png,other,pass,1.00,"The image is a conceptual diagram (not a screenshot or icon) illustrating the permission-control hierarchy: Role → Database → Schema → Object. | It directly matches the RST figure caption 'Figure 1 Used for permission control' and the document's discussion of isolating workloads via databases, schemas, and object permissions. | Arrows labeled 'Grant database permissions', 'Use database name and password to log in', 'Grant schema permissions', and 'Permission control' align with the GRANT/REVOKE and permission-management content in the RST. | Objects shown (table, view, seq, trigger) correspond to the database objects mentioned in the SCHEMA section. | No interactive UI controls are present; it is a static explanatory diagram.","The diagram does not explicitly show the GRANT/REVOKE SQL syntax, but the RST text covers that separately. | No specific user/role names from the examples (e.g., user_1, dbadmin) appear; the diagram uses generic role1/role2."
umn/source/faqs/account_permissions/who_is_the_ruby_user_in_the_dws_database.rst,Who Is the Ruby User in the DWS Database?,en-us_image_0000001389673120.png,screenshot,pass,1.00,"Image is a terminal/CLI screenshot showing the output of 'SELECT * FROM pg_user;' in gaussdb, matching the RST description. | The 'Ruby' user row is explicitly highlighted with a red box, directly illustrating the Ruby account mentioned in the document. | The query and table columns (username, usesysid, usecreatedb, etc.) align with the RST's reference to viewing users in the system. | No contradiction between the image content and the RST text about the Ruby O&M account.",The image does not show the 'extensive permissions' detail beyond the boolean flags in the table. | No explicit indication that Ruby is an 'official O&M Account' is visible in the screenshot itself.
umn/source/faqs/cluster_management/how_can_i_clear_and_reclaim_the_dws_storage_space.rst,How Can I Clear and Reclaim the DWS Storage Space?,en-us_image_0000001389255541.png,screenshot,pass,1.00,"Shows the O&M Plan tab with a table of Vacuum tasks, matching step 4 of the RST | The 'Add O&M Task' button is highlighted in red, consistent with the RST instruction to click it | Table columns (Task, Description, Time Window, IS PAUSE, Task Type, Operation) align with the described O&M plan interface | Multiple Vacuum entries with Periodic and One-off task types are visible",
umn/source/faqs/cluster_management/how_can_i_clear_and_reclaim_the_dws_storage_space.rst,How Can I Clear and Reclaim the DWS Storage Space?,en-us_image_0000002350860392.png,screenshot,pass,0.88,"Shows the Add O&M Task form at step 1 (Specify Basic Info), matching step 5 of the RST | O&M Task is set to Vacuum and Autovacuum options (User tables / System catalogs) are visible as described | Scheduling Mode shows 'Priority' while the RST instructs to set it to 'Auto', a minor discrepancy | Advanced Settings with Custom, Table Bloat, and Table Reclaimable Space are visible",Scheduling Mode is shown as 'Priority' rather than 'Auto' as the RST instructs
umn/source/faqs/cluster_management/how_can_i_clear_and_reclaim_the_dws_storage_space.rst,How Can I Clear and Reclaim the DWS Storage Space?,en-us_image_0000002350861052.png,screenshot,pass,1.00,"Shows the Configure Schedule step (step 2) of the Add O&M Task wizard, matching step 6 of the RST | Task Type is set to Periodic, consistent with the RST recommendation | Time Window, Interval (Daily/Weekly/Monthly), and Segment fields are all visible | Note about UTC time and not overlapping time segments is displayed",
umn/source/faqs/cluster_management/how_do_i_set_the_session_threshold_when_creating_alarm_rules_for_dws_in_cloud_eye.rst,How Do I Set the Session Threshold When Creating Alarm Rules for DWS in Cloud Eye?,en-us_image_0000001381609445.png,icon,partial,0.72,"The image is a small back-arrow icon used for navigation | The RST references this icon in step 3 as the element to click in the upper left corner to navigate back | It is a generic UI navigation symbol, not specific to DWS or Cloud Eye",The icon is very small and generic; it does not show any DWS or Cloud Eye-specific context | No surrounding UI is visible to confirm it is in the upper left corner of the Cloud Eye page
umn/source/faqs/cluster_management/how_do_i_set_the_session_threshold_when_creating_alarm_rules_for_dws_in_cloud_eye.rst,How Do I Set the Session Threshold When Creating Alarm Rules for DWS in Cloud Eye?,en-us_image_0000001330488872.png,screenshot,pass,1.00,The screenshot shows the Cloud Service Monitoring page with the Data Warehouses tab active | A DWS cluster row is visible with the 'Create Alarm Rule' button highlighted in a red box in the Operation column | This directly matches step 3 of the RST which instructs the user to click 'Create Alarm Rule' of the target cluster | The page title 'Cloud Service Monitoring' aligns with the Cloud Eye console context described in the document,"The cluster name is redacted with a checkered pattern | No back arrow is visible in the upper left corner of this screenshot, though the RST mentions clicking it before this step"
umn/source/faqs/cluster_management/how_do_i_set_the_session_threshold_when_creating_alarm_rules_for_dws_in_cloud_eye.rst,How Do I Set the Session Threshold When Creating Alarm Rules for DWS in Cloud Eye?,en-us_image_0000001381889113.png,screenshot,pass,1.00,"The screenshot shows the alarm rule creation form for Data Warehouse Service | Method is set to 'Configure manually' (highlighted), Metric Name is 'Session Count' (highlighted), Alarm Policy value is '56' (highlighted), and Alarm Severity is 'Major' | All four settings match exactly what step 4 of the RST instructs | Resource Type shows 'Data Warehouse Service' confirming DWS context",The monitored object name is redacted with a checkered pattern | The alarm rule name 'alarm-hjvd' is not mentioned in the RST but is a user-specific value
umn/source/faqs/database_connections/how_applications_communicate_with_dws.rst,How Applications Communicate with DWS?,en-us_image_0000001389594973.png,screenshot,pass,1.00,"Image shows a security group rule table with columns Action, Protocol & Port, Type, Destination | Row displays 'Allow, All, IPv4, 0.0.0.0/0' matching the RST description of ECS outbound rules | Placed in the 'Same VPC in the Same Region' section under 'Check the ECS outbound rules' | The rule allows all traffic from all IPv4 addresses, consistent with the RST text about ensuring outbound access is allowed",No visible security group name or ECS instance identifier in the screenshot | No indication of whether this is specifically an outbound rule vs inbound rule from the image alone
umn/source/faqs/database_connections/how_applications_communicate_with_dws.rst,How Applications Communicate with DWS?,en-us_image_0000001389237417.png,screenshot,pass,1.00,"Image shows a security group rule row: 'Allow, TCP: 8000, IPv4, 0.0.0.0/0' | Matches the RST description of DWS default inbound rule allowing TCP access from all IPv4 addresses on port 8000 | Placed in the 'Same VPC in the Same Region' section under 'Check the DWS inbound rules' | The specific port 8000 and TCP protocol align exactly with the RST text",No visible security group name or DWS cluster identifier in the screenshot | No column headers visible in this cropped image
umn/source/faqs/database_connections/how_applications_communicate_with_dws.rst,How Applications Communicate with DWS?,en-us_image_0000001389597281.png,screenshot,pass,1.00,"Image shows a security group rule table with columns Action, Protocol & Port, Type, Destination | Row displays 'Allow, All, IPv4, 0.0.0.0/0' matching the RST description of ECS outbound rules | Placed in the 'Different VPCs in the Same Region' section under 'Check the ECS outbound rules' | The rule allows all traffic, consistent with the RST text about ensuring outbound access is allowed",No visible security group name or ECS instance identifier in the screenshot | No indication of whether this is specifically an outbound rule vs inbound rule from the image alone
umn/source/faqs/database_connections/how_applications_communicate_with_dws.rst,How Applications Communicate with DWS?,en-us_image_0000001339077346.png,screenshot,pass,1.00,"Image shows a security group rule row: 'Allow, TCP: 8000, IPv4, 0.0.0.0/0' | Matches the RST description of DWS default inbound rule allowing TCP access from all IPv4 addresses on port 8000 | Placed in the 'Different VPCs in the Same Region' section under 'Check the DWS inbound rules' | The specific port 8000 and TCP protocol align exactly with the RST text",No visible security group name or DWS cluster identifier in the screenshot | No column headers visible in this cropped image
umn/source/faqs/database_connections/how_do_i_configure_a_whitelist_if_i_want_to_connect_to_a_dws_cluster_using_eip.rst,How Do I Configure a Whitelist If I Want to Connect to a DWS Cluster Using EIP?,en-us_image_0000001330488876.png,screenshot,pass,1.00,"Image is labeled 'Figure 1 Adding an inbound rule' in the RST and shows exactly that: an Add Inbound Rule dialog. | Protocol is TCP, port is 8000, source is IP address 192.168.0.10/32 — all match the RST bullet points precisely. | The dialog includes Priority, Action (Allow), Type (IPv4), and Operation columns consistent with a VPC security group rule configuration. | No contradictions between the image content and the RST description.",
umn/source/faqs/database_connections/how_do_i_configure_a_whitelist_if_i_want_to_connect_to_a_dws_cluster_using_eip.rst,How Do I Configure a Whitelist If I Want to Connect to a DWS Cluster Using EIP?,en-us_image_0000001381609449.png,icon,pass,0.88,"The RST references |image1| as the icon to click next to the Security Group drop-down list to refresh the page; the image is a circular-arrow refresh icon, matching that description. | The icon is small and slightly blurry, limiting fine visual detail, but the refresh symbol is clearly identifiable. | No contradiction between the icon and its described purpose in the RST.","The icon is very small and low-resolution, making it difficult to confirm exact styling or context within the full UI."
umn/source/faqs/database_performance/dws_cpu_resource_isolation.rst,DWS CPU Resource Isolation,en-us_image_0000001528696004.png,screenshot,pass,1.00,"The image is a UI dialog titled 'Add Resource Pool' with fields for Name, CPU Resource (%), Memory Resource (%), Storage Resource (MB), and Complex Statement Concurrency. | The CPU Resource field shows 'Share' and 'Limit' radio options, directly matching the RST statement that you can choose Share or Limit to manage CPU resources. | The image is placed immediately after the overview paragraph describing adding a resource pool on the DWS console, so it is contextually relevant. | Visible interactive controls (radio buttons, text inputs, OK and Cancel buttons) confirm it is a screenshot of a console interface.","The image does not show the actual DWS console navigation or surrounding page context, only the modal dialog."
umn/source/faqs/database_performance/why_do_regular_dws_users_run_statements_slower_than_user_dbadmin.rst,Why Do Regular DWS Users Run Statements Slower Than User dbadmin?,en-us_image_0000001533637710.png,screenshot,pass,1.00,"The image is a terminal/console screenshot of a SQL execution plan (EXPLAIN output) with a dark background. | A red rectangle highlights the OR condition containing pg_has_role, has_table_privilege, and has_any_column_privilege, exactly matching the RST text in Scenario 2. | The RST states 'Part of the execution plan is as follows' and references this image, so the image directly illustrates the permission-check OR condition discussed. | The highlighted text aligns with the code block in the document showing the OR permission check, providing strong visual evidence. | No interactive UI controls or buttons are visible; it is plain text output.","No explicit label or caption in the image identifying it as the execution plan for the specific SQL statement, though context from the RST makes this clear."
umn/source/faqs/database_performance/why_is_sql_execution_slow_after_using_dws_for_a_period_of_time.rst,Why Is SQL Execution Slow After Using DWS for a Period of Time?,en-us_image_0000001381728713.png,screenshot,pass,1.00,"Image shows a gaussdb CLI prompt running 'set default_statistics_target=-2;' with 'SET' confirmation, matching RST step 1 about adjusting the sampling rate. | The command and output directly correspond to the documented procedure for increasing the statistics sampling rate. | Terminal/CLI interface is visible, consistent with a screenshot classification. | No interactive buttons or controls are present.",The RST text says 'increase the sampling rate' while the image sets the value to -2; the exact semantic effect of -2 is not explained in the document.
umn/source/faqs/database_performance/why_is_sql_execution_slow_after_using_dws_for_a_period_of_time.rst,Why Is SQL Execution Slow After Using DWS for a Period of Time?,en-us_image_0000001381889321.png,screenshot,pass,1.00,"Image shows a gaussdb CLI prompt running 'ANALYZE customer_tl;' with 'ANALYZE' confirmation, matching RST step 2 about running ANALYZE again. | The command and output directly correspond to the documented procedure for refreshing table statistics. | Terminal/CLI interface is visible, consistent with a screenshot classification. | No interactive buttons or controls are present.","The specific table name 'customer_tl' is an example not explicitly named in the RST body, but it is consistent with the general ANALYZE instruction."
umn/source/faqs/database_use/how_do_i_adjust_dws_distribution_columns.rst,How Do I Adjust DWS Distribution Columns?,en-us_image_0000001330488884.png,screenshot,pass,1.00,"Shows terminal output of 'select version();' returning GaussDB 8.1.1, matching the RST instruction to query the current database version. | The version string 'GaussDB 8.1.1' is highlighted with a red box, drawing attention to the version number relevant to the procedure. | Output format (PostgreSQL 9.2.4 base, build info, commit, date) is consistent with a GaussDB/gsql terminal session.",
umn/source/faqs/database_use/how_do_i_adjust_dws_distribution_columns.rst,How Do I Adjust DWS Distribution Columns?,en-us_image_0000001248712703.png,screenshot,pass,1.00,"Shows output of 'select pg_get_tabledef('customer_t1');' displaying the full table definition. | The DISTRIBUTE BY HASH(c_last_name) clause is highlighted in red, matching the RST statement that the distribution column is c_last_name. | Table columns (c_customer_sk, c_customer_id, c_first_name, c_last_name) are visible and consistent with the RST context.",
umn/source/faqs/database_use/how_do_i_adjust_dws_distribution_columns.rst,How Do I Adjust DWS Distribution Columns?,en-us_image_0000001204596316.png,screenshot,pass,1.00,"Shows the UPDATE command on c_last_name returning an ERROR: 'Distributed key column can't be updated in current version'. | The error message is highlighted in red, matching the RST step to check the error reported when updating the distribution column. | Command syntax matches the RST: UPDATE customer_t1 SET c_last_name = 'Jimy' WHERE c_customer_sk = 6885.",
umn/source/faqs/database_use/how_do_i_adjust_dws_distribution_columns.rst,How Do I Adjust DWS Distribution Columns?,en-us_image_0000001248996617.png,screenshot,pass,1.00,"Shows the ALTER TABLE command changing distribution to hash(c_customer_sk), matching the RST step to change the distribution column. | Output 'ALTER TABLE' confirms successful execution. | Command syntax matches the RST: ALTER TABLE customer_t1 DISTRIBUTE BY hash (c_customer_sk).",
umn/source/faqs/database_use/how_do_i_adjust_dws_distribution_columns.rst,How Do I Adjust DWS Distribution Columns?,en-us_image_0000001248717121.png,screenshot,pass,1.00,"Shows the same UPDATE command on c_last_name now succeeding with 'UPDATE 1', confirming the distribution column change worked. | This matches the RST final step: update the data in the old distribution column after changing it. | Command syntax matches the RST: UPDATE customer_t1 SET c_last_name = 'Jimy' WHERE c_customer_sk = 6885.",
umn/source/faqs/database_use/how_do_i_delete_duplicate_table_data_from_dws.rst,How Do I Delete Duplicate Table Data from DWS?,en-us_image_0000001828838801.png,screenshot,pass,1.00,"Image shows the t_customer table with 6 rows including duplicates (IDs 1,3,6 for Tom; 2,5 for Jennifer), exactly matching the INSERT statements in the RST. | Columns id, cust_name, gender, email match the table definition in the RST. | This is the output of 'SELECT * FROM t_customer ORDER BY id' as described in step 2 of the RST. | The duplicate pattern described in the RST (IDs 1,3,6 and 2,5) is clearly visible.",
umn/source/faqs/database_use/how_do_i_delete_duplicate_table_data_from_dws.rst,How Do I Delete Duplicate Table Data from DWS?,en-us_image_0000001829012173.png,screenshot,pass,1.00,"Image shows the result of the min(id) aggregate query with columns id, cust_name, gender, count. | Values match: Tom/Male min id=1 count=3, Jennifer/Female min id=2 count=2, John/Male min id=4 count=1. | This corresponds to Method 1 step 1 in the RST where the RST states 'duplicate data rows whose IDs are 3, 5, and 6 are filtered out.' | The count column correctly reflects the number of duplicates per group.",
umn/source/faqs/database_use/how_do_i_delete_duplicate_table_data_from_dws.rst,How Do I Delete Duplicate Table Data from DWS?,en-us_image_0000001829015621.png,screenshot,pass,1.00,"Image shows the t_customer table after duplicate deletion via Method 1 (NOT IN with min(id)). | Only 3 rows remain: ID 1 (Tom), ID 2 (Jennifer), ID 4 (John), which are the unique records. | This matches the RST statement 'The command output indicates that duplicate data has been deleted.' | The remaining rows correctly represent one record per unique (cust_name, gender) combination.",
umn/source/faqs/database_use/how_do_i_delete_duplicate_table_data_from_dws.rst,How Do I Delete Duplicate Table Data from DWS?,en-us_image_0000001782493466.png,screenshot,pass,1.00,"Image shows the ROW_NUMBER() OVER (PARTITION BY cust_name, gender ORDER BY id) result with columns id, cust_name, gender, num. | Sequence numbers are correct: Tom/Male gets 1,2,3 (IDs 1,3,6); Jennifer/Female gets 1,2 (IDs 2,5); John/Male gets 1 (ID 4). | This matches Method 2 step 1 in the RST where 'the data in num>1 is duplicate.' | Rows with num>1 (IDs 3, 6, 5) are correctly identified as duplicates.",
umn/source/faqs/database_use/how_do_i_delete_duplicate_table_data_from_dws.rst,How Do I Delete Duplicate Table Data from DWS?,en-us_image_0000001782496566.png,screenshot,pass,1.00,"Image shows the t_customer table after duplicate deletion via Method 2 (ROW_NUMBER window function). | Only 3 rows remain: ID 1 (Tom), ID 2 (Jennifer), ID 4 (John), matching the expected unique records. | This is the final step of Method 2 in the RST, confirming successful deletion of rows where num>1. | Result is consistent with Image 3 (Method 1 result), as both methods should produce the same cleaned table.",
umn/source/faqs/database_use/how_do_i_view_dws_foreign_table_information.rst,How Do I View DWS Foreign Table Information?,en-us_image_0000002507673925.png,screenshot,pass,1.00,"Image is a terminal/console screenshot showing the gaussdb> prompt and the exact SQL query from the RST: select * from pg_get_tabledef('traffic_data.GCJL_OBS'); | Output displays the foreign table definition (CREATE FOREIGN TABLE gcjl_obs) with columns, SERVER gsmp_server, and OPTIONS (access_key, chunksize, delimiter, encoding, format, location, secret_access_key), matching the documented example. | The red box highlights the query line, consistent with the RST's instruction to run the statement. | No interactive UI controls are visible; it is a plain command-line output.","Some values (access_key, location, secret_access_key) are redacted/blurred, so exact OBS path values cannot be verified."
umn/source/faqs/database_use/how_does_dws_implement_row-to-column_and_column-to-row_conversion.rst,How Does DWS Implement Row-to-Column and Column-to-Row Conversion?,en-us_image_0000001494484296.png,other,pass,1.00,"The image is a diagram showing two tables: a row-store table (name, subject, score) and a column-store table (name, math, physics, literature). | Arrows labeled 'row to column' and 'column to row' directly illustrate the conversion concepts described in the RST scenario. | The data values (matu/lily/jack with math/physics/literature scores) match the students_info example in the document. | The figure corresponds to 'Figure 1 Diagram' referenced in the RST.",No additional information missing; the figure fully matches the described scenario.
umn/source/faqs/database_use/in_which_scenarios_will_a_dws_statement_be_in_the_idle_in_transaction_state.rst,"In Which Scenarios Will a DWS Statement Be in the ""idle in transaction"" State?",en-us_image_0000001528679765.png,screenshot,pass,1.00,"Shows a terminal/CLI query result with columns state, query, query_id matching the Scenario 1 query | The highlighted row shows 'idle in transaction' with query_id=0, exactly as described in the RST | The query 'select count(1) from t group by a order by 1 desc limit 1;' is visible in the idle in transaction row | Multiple rows show various states (active, idle, idle in transaction) consistent with pgxc_stat_activity output",
umn/source/faqs/database_use/in_which_scenarios_will_a_dws_statement_be_in_the_idle_in_transaction_state.rst,"In Which Scenarios Will a DWS Statement Be in the ""idle in transaction"" State?",en-us_image_0000001477602096.png,screenshot,pass,1.00,"Shows a terminal/CLI query result with columns coorname, pid, query_id, state, query, usename matching the Scenario 2 query | The highlighted row shows coordinator2 with 'truncate t2' in 'idle in transaction' state and query_id=0 | The RST states 'truncate t2 is in the idle in transaction state and coorname is coordinator2' which matches exactly | The usename column shows 'jack' consistent with the WHERE clause in the RST query",
umn/source/faqs/database_use/in_which_scenarios_will_a_dws_statement_be_in_the_idle_in_transaction_state.rst,"In Which Scenarios Will a DWS Statement Be in the ""idle in transaction"" State?",en-us_image_0000001528522325.png,screenshot,pass,1.00,"Shows a terminal/CLI query result with columns coorname, pid, query_id, state, query, usename matching the Scenario 3 query | The highlighted rows show 'release t1' and 'release s1' in 'idle in transaction' state with query_id=0 | The RST states 'the SAVEPOINT/RELEASE statement is in the idle in transaction state' which matches the visible RELEASE statements | The usename column shows 'jack' consistent with the WHERE clause in the RST query",
umn/source/faqs/database_use/what_is_a_dws_schema_starting_with_pg_toast_temp_or_pg_temp.rst,What Is a DWS Schema Starting with pg_toast_temp\* or pg_temp*?,en-us_image_0000001414084876.png,screenshot,pass,1.00,"The image is a terminal screenshot showing the output of `SELECT * FROM pg_namespace;`, exactly the query cited in the RST. | The bottom rows are highlighted with a red box and show `pg_temp_cn_5003_4_1_281471119284272` and `pg_toast_temp_cn_5003_4_1_281471119284272`, directly illustrating schemas starting with pg_temp* and pg_toast_temp*. | The visible schema list (pg_toast, public, dbms_*, etc.) matches the context of querying the schema list described in the document. | No interactive UI controls are present; it is a static command-line output.","Some column headers in the table are partially truncated/overlapping, but this does not affect the relevance of the highlighted temp schemas."
umn/source/faqs/product_consulting/what_are_the_differences_between_dws_users_and_roles.rst,What Are the Differences Between DWS Users and Roles?,en-us_image_0000001330488868.png,other,pass,1.00,"The diagram directly illustrates the relationships between permissions, roles, and users described in the FAQ. | Permission A/B map to Role A, Permission C to Role B, and Permission D/E to Role C, matching the text. | Dashed lines show Role A assigned to User A and User B, and Roles B and C assigned to User C, consistent with the GRANT examples. | The figure is referenced in the RST as the illustration of unified permissions management.",The diagram does not explicitly label the GRANT operation or login permission distinction mentioned in the text.
umn/source/getting_started/step_2_creating_a_cluster.rst,Step 2: Creating a Cluster,en-us_image_0000002270494145.png,screenshot,pass,0.83,"Image is a UI form screenshot showing cluster configuration fields (Cluster Name, Cluster Version, Default Database, Administrator Account, Administrator Password, Confirm Password, Database Port). | Matches the RST step 6 'Configure cluster parameters' section directly. | Cluster Name shows 'dws-demo' matching the RST. | Administrator Account shows 'dbadmin' matching the RST. | Database Port shows '8000' consistent with the RST default. | Default Database shows 'postgres' but the RST explicitly states the value is 'gaussdb'.","The RST states Default Database should be 'gaussdb' but the image displays 'postgres', creating a clear contradiction. | Cluster Version field is blurred/redacted in the image."
umn/source/getting_started/step_2_creating_a_cluster.rst,Step 2: Creating a Cluster,en-us_image_0000002235494820.png,screenshot,pass,1.00,"Image is a UI form screenshot showing network configuration fields (VPC, Subnet, Security Group, EIP, Bandwidth). | Matches the RST step 7 'Configure network parameters' section directly. | VPC field shows a selected VPC with a 'View VPC' link, matching the RST description. | Subnet shows 'subnet-fd1b(192.168.0.0/24)' consistent with the RST description of selecting a subnet. | Security Group shows 'Automatic creation' matching the RST. | EIP shows 'Automatically assign' selected, matching the RST instruction. | Bandwidth slider shows 51 Mbit/s, consistent with the RST mention of setting EIP bandwidth.","The RST mentions 'vpc-dws' as an example VPC name, but the image shows 'vpc-fcbe'; however, the RST uses 'for example' so this is not a contradiction."
umn/source/getting_started/step_2_creating_a_cluster.rst,Step 2: Creating a Cluster,en-us_image_0000002235494812.png,icon,pass,1.00,"Image is a small circular refresh/reload icon (circular arrow). | Used in the RST as |image1| next to the VPC drop-down list for refreshing the VPC selection. | Matches the RST context: 'click |image1| next to the VPC drop-down list, and select the new VPC.' | The icon is a standard refresh symbol appropriate for reloading a dropdown list.","The icon is very small and low-resolution, making fine details hard to discern, but the circular arrow shape is clearly identifiable as a refresh icon."
umn/source/getting_started/step_3_connecting_to_a_cluster.rst,Step 3: Connecting to a Cluster,en-us_image_0000002270374253.png,screenshot,pass,0.95,"Image shows a cluster management table with cluster name, status, node type, and network addresses, matching the RST description of obtaining the public network address. | The red box highlights the Private and Public Network Address fields, consistent with the RST instruction to obtain the public network address. | The RST uses 'dws-demo' as an example cluster name while the image shows 'dws-test-02', a minor illustrative difference. | The Public Network Address shows '--' (not configured), which is a slight inconsistency with the RST narrative of obtaining an address.","The RST mentions clicking an icon next to the cluster name, but the icon itself is not clearly visible in this cropped view."
umn/source/getting_started/step_3_connecting_to_a_cluster.rst,Step 3: Connecting to a Cluster,en-us_image_0000002235494868.png,screenshot,pass,1.00,"Image shows the 'Download Client and Driver' page with Data Studio GUI Client section, matching RST step 4. | The Windows x64 dropdown and Download button are visible, consistent with the RST instructions. | The note about Java 8 installation matches the RST prerequisite about JDK.",
umn/source/getting_started/step_3_connecting_to_a_cluster.rst,Step 3: Connecting to a Cluster,en-us_image_0000002235335040.png,screenshot,pass,1.00,"Image shows the decompressed Data Studio directory with Data Studio.exe visible, matching RST steps 5-6. | The file listing includes Data Studio.exe, Data Studio.ini, and other expected files. | This directly illustrates the instruction to open the installation directory and double-click Data Studio.exe.",
umn/source/getting_started/step_3_connecting_to_a_cluster.rst,Step 3: Connecting to a Cluster,en-us_image_0000002270374233.png,screenshot,pass,1.00,"Image shows the Data Studio application with the File menu open and 'New Connection' highlighted, exactly matching RST step 7. | The menu bar shows File, Edit, Run, Debug, Settings, Help as expected. | The Ctrl+N shortcut is visible next to New Connection.",
umn/source/getting_started/step_3_connecting_to_a_cluster.rst,Step 3: Connecting to a Cluster,en-us_image_0000002235335020.png,screenshot,pass,1.00,"Image shows the New Database Connection window with the SSL tab active, displaying Client SSL Certificate, Client SSL Key, Root Certificate, SSL Password, and SSL Mode fields. | These fields exactly match Table 2 in the RST for configuring SSL parameters. | The SSL Mode dropdown shows 'require' which is one of the supported modes listed in the RST.",
umn/source/getting_started/step_3_connecting_to_a_cluster.rst,Step 3: Connecting to a Cluster,en-us_image_0000002270494173.png,screenshot,pass,0.88,"Image shows the RECENT LOGIN ACTIVITY dialog box, matching RST step 9 description of successful login. | The dialog displays Database, Connection name, and Last Successful Login fields. | The RST mentions the default database is 'gaussdb' but the image shows 'Database: postgres', a minor inconsistency. | The connection name 'dws' is shown, which is reasonable for a DWS cluster connection.","The RST mentions the SQL Terminal window should be available after login, but it is not visible in this cropped image."
umn/source/getting_started/step_3_connecting_to_a_cluster.rst,Step 3: Connecting to a Cluster,en-us_image_0000002270374241.png,icon,pass,0.88,"Image is a small chevron/arrow icon used as the expand control referenced by |image1| in the RST. | The RST instructs to 'click |image1| next to the cluster name to obtain the public network address', and this icon serves that purpose. | The icon is low-resolution and small, making detailed visual assessment limited. | It functions as a UI expand/collapse indicator in the cluster list.","The icon is very small and low-resolution, limiting detailed visual verification."
umn/source/preparations/rbac_syntax_of_rbac_policies.rst,RBAC Syntax of RBAC Policies,en-us_image_0000002270494449.jpg,other,pass,1.00,"Image shows three labeled boxes: Version, Statement, Depends | Matches the RST statement 'An RBAC policy consists of a Version, a Statement, and Depends' | Figure 1 caption in RST is 'RBAC policy structure' which aligns with the diagram | Simple structural diagram with no UI elements or interactive controls",
umn/source/preparations/rbac_syntax_of_rbac_policies.rst,RBAC Syntax of RBAC Policies,en-us_image_0000002270374517.png,screenshot,pass,1.00,"Screenshot shows 'Assign Permissions' page with DWS Administrator policy | JSON displayed matches the code-block in the RST exactly (Version 1.0, Statement with dws:dws:*, Depends on Server Administrator and Tenant Guest) | Figure 2 caption in RST is 'Syntax of RBAC Policies' which matches the content | Interactive controls visible: View by Policy button, View by Project button, JSON button, checkboxes, dropdowns",
umn/source/preparations/rbac_syntax_of_rbac_policies.rst,RBAC Syntax of RBAC Policies,en-us_image_0000002270494441.png,icon,pass,1.00,"Small chevron/arrow icon consistent with an expand/collapse control | RST references it as 'click |image1| below the policy to view the details of the policy' | The icon is a downward-pointing chevron, typical for expanding a row to show details | Isolated small symbolic graphic with no surrounding UI context","Image is very small and low-resolution, making it difficult to confirm exact appearance beyond a chevron shape"
umn/source/preparations/syntax_of_fine-grained_permission_policies.rst,Syntax of Fine-Grained Permission Policies,en-us_image_0000002235495224.jpg,other,fail,0.00,Local color check detected #3298ff.,
umn/source/preparations/syntax_of_fine-grained_permission_policies.rst,Syntax of Fine-Grained Permission Policies,en-us_image_0000002270374613.jpg,other,pass,1.00,"The image is a structural diagram labeled 'Policy structure', matching the RST figure caption 'Figure 1 Policy structure'. | It depicts a top-level 'Version' block and a 'Statement' block containing 'Statement 1', 'Statement 2', 'Statement ...', consistent with the RST text that a policy consists of a Version and multiple Statements. | An arrow from the Statement block points to a block containing 'Action' and 'Effect', matching the RST description that a Statement includes Effect and Action. | The diagram is a static schematic with no UI interface, buttons, or interactive controls, so it is classified as 'other'.","No additional metadata or labels beyond Version, Statement, Action, and Effect are shown, but this is sufficient for the section's purpose."
umn/source/service_overview/accessing_dws.rst,Accessing DWS,en-us_image_0000002270374529.png,other,pass,1.00,"Image is a process diagram labeled 'Process for using DWS' matching Figure 1 in the RST. | Shows User, DWS console, Database client, JDBC/ODBC app, DWS cluster, OBS, MRS, CDM, Analyze data, and Data source with directional arrows. | Aligns with the RST description of accessing DWS via console, client, JDBC/ODBC, and data loading/import paths.",psycopg2 and PyGreSQL drivers mentioned in the RST are not explicitly labeled in the diagram. | HTTPS-compliant APIs are not explicitly shown as a separate element.
umn/source/service_overview/accessing_dws.rst,Accessing DWS,en-us_image_0000002270374533.png,other,pass,1.00,"Image is a four-stage flowchart (Data processing, Data storage, Data analysis and computing, Data visualization) matching Figure 2 'End-to-end data analysis process'. | Shows services MRS, OBS, RDS, DWS, and BI system mapped to each stage, consistent with the RST statement that services in use during each process are displayed. | Directly supports the 'End-to-End Data Analysis Process' section of the document.","No additional services beyond MRS, OBS, RDS, DWS, and BI system are shown, though the RST does not enumerate a specific list."
umn/source/service_overview/application_scenarios.rst,Application Scenarios,en-us_image_0000002397118524.png,other,pass,1.00,"Diagram directly illustrates the ETL+BI analysis architecture described in the first section. | Shows BI applications (OLAP, Report, Data mining), DWS data warehouse, ETL tools (MRS, DataArts Studio, third-party), and business data sources (CRM, ERP, etc.), matching the text's data migration and BI support claims. | Placed as Figure 1 in the 'Enhanced ETL + Real-time BI analysis' section, fully aligned.","No explicit real-time consolidation detail shown, but the overall ETL+BI flow is well represented."
umn/source/service_overview/application_scenarios.rst,Application Scenarios,en-us_image_0000002429538417.png,other,pass,1.00,"Diagram matches the E-commerce section, showing an E-commerce server feeding MRS-Spark, DCS, DWS, MRS, and OBS. | Left panel lists Marketing recommendation, Operating analysis, Full text search, User profile, matching the text's marketing recommendation, operations analysis, full-text search, and customer analysis. | Placed as Figure 2 in the E-commerce section, fully aligned.","Text mentions 'customer analysis' while image labels it 'User profile'; semantically equivalent, not a contradiction."
umn/source/service_overview/application_scenarios.rst,Application Scenarios,en-us_image_0000002270374377.png,other,pass,1.00,"Diagram illustrates the Lakehouse scenario with DWS virtual warehouses, MRS, Spark, and Hive MetaStore interconnection. | Shows CREATE EXTERNAL SCHEMA with hive source and a hybrid JOIN query, matching the text's external schema and convergent/hybrid query description. | Bottom row lists data formats ORC, Text, Parq, CSV, Json, consistent with the text's mention of ORC and Parquet support. | Placed as image1 in the Lakehouse section, fully aligned.","Image shows additional formats (Text, CSV, Json) beyond the two named in the text, but this is not a contradiction."
umn/source/service_overview/application_scenarios.rst,Application Scenarios,en-us_image_0000002595060122.png,other,pass,0.93,"Diagram titled 'Real-time data ingestion and analysis' aligns with the Real-Time Write section's theme of high-throughput real-time write and OBS sync. | Shows real-time data sources, Kafka/DRS ingestion, CDC and buffering mode, hybrid data warehouse, and OBS unified data storage, matching the text's OBS sync and real-time write concept. | Placed as image2 in the Real-Time Write section, aligned with the section's purpose.","The text's specific mention of the HStore storage engine and micro-batch local storage is not explicitly labeled in the diagram. | Text's use cases (dashboard statistics, risk control, recommendations) are only partially reflected as generic 'Data applications' (Apps, Web, BI reports)."
umn/source/service_overview/what_is_dws.rst,What Is DWS?,en-us_image_0000002235334812.png,other,pass,1.00,"Image is a logical cluster architecture diagram matching Figure 1 caption in the RST. | Shows CM, GTM, WLM, CN, DN, and Storage components exactly as listed in Table 1. | Depicts Applications connecting to CNs over a Network Channel (10GE) to DNs with Storage, consistent with the described architecture. | No interactive UI controls; it is a static schematic diagram.","Does not show primary/standby pairs for CM/GTM/DN, which the text describes but the diagram omits."
umn/source/service_overview/what_is_dws.rst,What Is DWS?,en-us_image_0000002270493961.png,other,pass,1.00,"Image is a logical database architecture diagram matching Figure 2 caption. | Shows Cluster -> Database 1/Database 2 -> Tables -> Datafile Segments -> Blocks hierarchy. | Aligns with the bullet points describing database, datafile segment, table, and block relationships. | Static schematic with no interactive controls.",Does not explicitly label the 8 KB default block size mentioned in the text.
umn/source/service_overview/what_is_dws.rst,What Is DWS?,en-us_image_0000002270493965.png,other,pass,1.00,Image is an architecture selection diagram matching Figure 3 caption. | Contrasts storage-compute integration (sharing nothing) with local data DNs versus storage-compute decoupling (sharing data) with cache DNs and OBS. | Directly matches the Physical Architecture section describing coupled vs decoupled architectures and OBS usage. | Static schematic with no interactive controls.,Does not show the Coordinator-to-DN connection detail in the decoupled panel beyond a single arrow.
umn/source/service_overview/what_is_dws.rst,What Is DWS?,en-us_image_0000002270493969.png,other,pass,1.00,"Image is a full architecture diagram matching Figure 4 caption. | Shows Application layer, Standard JDBC/ODBC interface, DWS MPP cluster with CNs, high-performance network, DNs with cores and storage, EB-level OBS backup, and Tool chain (data migration, SQL development, O&M monitoring). | Covers all bullet points in the Storage-Compute Coupled Architecture section (application layer, API, DWS, automatic data backup, tool chain). | Static schematic with no interactive controls.","Tool chain icons are symbolic and do not name GDS, Data Studio, or GDS-Kafka explicitly."
umn/source/using_dws.rst,Using DWS,en-us_image_0000002270374001.png,other,fail,0.00,Local color check detected #3298ff.,
