document_file,document_title,image_file,image_reference_type,image_reference_line,detected_image_type,has_interactive_buttons,interactive_buttons_magenta,hard_fail_triggered,hard_fail_reason,score_topic_match,score_detail_match,score_section_relevance,score_visual_evidence,score_contradictions,overall_score,final_verdict,processing_error,processing_warning,image_reference_error,api_http_status,api_finish_reason,api_attempt,match_reasons,missing_evidence
api-ref/source/appendix/obtaining_project_id.rst,Obtaining Project ID,,,,,,,,,,,,,,,fail,kein valides Bild,,,,,0,,
api-ref/source/appendix/obtaining_project_id.rst,Obtaining Project ID,/home/ubuntu/repotesting/data-warehouse-service/umn/source/_static/images/en-us_image_0000002531894011.jpg,figure,55,,,,,,,,,,,,fail,,,kein valides Bild,,,0,,
api-ref/source/appendix/obtaining_the_cluster_id.rst,Obtaining the Cluster ID,,,,,,,,,,,,,,,fail,kein valides Bild,,,,,0,,
api-ref/source/appendix/obtaining_the_cluster_id.rst,Obtaining the Cluster ID,/home/ubuntu/repotesting/data-warehouse-service/umn/source/_static/images/en-us_image_0000002531894009.png,figure,88,,,,,,,,,,,,fail,,,kein valides Bild,,,0,,
api-ref/source/before_you_start.rst,Before You Start,,,,,,,,,,,,,,,fail,kein valides Bild,,,,,0,,
api-ref/source/before_you_start.rst,Before You Start,/home/ubuntu/repotesting/data-warehouse-service/umn/source/_static/images/en-us_image_0000002500014136.png,figure,50,,,,,,,,,,,,fail,,,kein valides Bild,,,0,,
api-ref/source/calling_apis/response.rst,Response,,,,,,,,,,,,,,,fail,kein valides Bild,,,,,0,,
api-ref/source/calling_apis/response.rst,Response,/home/ubuntu/repotesting/data-warehouse-service/umn/source/_static/images/en-us_image_0000002531894007.png,figure,21,,,,,,,,,,,,fail,,,kein valides Bild,,,0,,
doc/dev-guide/source/creating_and_managing_dws_database_objects/creating_and_managing_dws_partitioned_tables.rst,Creating and Managing DWS Partitioned Tables,,,,,,,,,,,,,,,fail,kein valides Bild,,,,,0,,
doc/dev-guide/source/creating_and_managing_dws_database_objects/creating_and_managing_dws_partitioned_tables.rst,Creating and Managing DWS Partitioned Tables,/home/ubuntu/repotesting/data-warehouse-service/umn/source/_static/images/en-us_image_0000002568591613.png,substitution_image,471,,,,,,,,,,,,fail,,,kein valides Bild,,,0,,
doc/dev-guide/source/creating_and_managing_dws_database_objects/creating_and_managing_dws_partitioned_tables.rst,Creating and Managing DWS Partitioned Tables,/home/ubuntu/repotesting/data-warehouse-service/umn/source/_static/images/en-us_image_0000002537513428.png,substitution_image,472,,,,,,,,,,,,fail,,,kein valides Bild,,,0,,
doc/dev-guide/source/creating_and_managing_dws_database_objects/creating_and_managing_dws_partitioned_tables.rst,Creating and Managing DWS Partitioned Tables,/home/ubuntu/repotesting/data-warehouse-service/umn/source/_static/images/en-us_image_0000002537673762.png,substitution_image,473,,,,,,,,,,,,fail,,,kein valides Bild,,,0,,
doc/dev-guide/source/creating_and_managing_dws_database_objects/creating_and_managing_dws_tables.rst,Creating and Managing DWS Tables,,,,,,,,,,,,,,,fail,kein valides Bild,,,,,0,,
doc/dev-guide/source/creating_and_managing_dws_database_objects/creating_and_managing_dws_tables.rst,Creating and Managing DWS Tables,/home/ubuntu/repotesting/data-warehouse-service/umn/source/_static/images/en-us_image_0000001972893569.png,substitution_image,280,,,,,,,,,,,,fail,,,kein valides Bild,,,0,,
doc/dev-guide/source/creating_and_managing_dws_database_objects/selecting_a_dws_table_storage_model.rst,Selecting a DWS Table Storage Model,,,,,,,,,,,,,,,fail,kein valides Bild,,,,,0,,
doc/dev-guide/source/creating_and_managing_dws_database_objects/selecting_a_dws_table_storage_model.rst,Selecting a DWS Table Storage Model,/home/ubuntu/repotesting/data-warehouse-service/umn/source/_static/images/en-us_image_0000001188323816.png,figure,14,,,,,,,,,,,,fail,,,kein valides Bild,,,0,,
doc/dev-guide/source/dws_data_query/sql_on_hudi/introduction_to_hudi.rst,Introduction to Hudi,,,,,,,,,,,,,,,fail,kein valides Bild,,,,,0,,
doc/dev-guide/source/dws_data_query/sql_on_hudi/introduction_to_hudi.rst,Introduction to Hudi,/home/ubuntu/repotesting/data-warehouse-service/umn/source/_static/images/en-us_image_0000001811491577.png,substitution_image,38,,,,,,,,,,,,fail,,,kein valides Bild,,,0,,
doc/dev-guide/source/dws_data_query/subquery_expressions.rst,Subquery Expressions,,,,,,,,,,,,,,,fail,kein valides Bild,,,,,0,,
doc/dev-guide/source/dws_data_query/subquery_expressions.rst,Subquery Expressions,/home/ubuntu/repotesting/data-warehouse-service/umn/source/_static/images/en-us_image_0000001787832492.png,substitution_image,178,,,,,,,,,,,,fail,,,kein valides Bild,,,0,,
doc/dev-guide/source/dws_data_query/subquery_expressions.rst,Subquery Expressions,/home/ubuntu/repotesting/data-warehouse-service/umn/source/_static/images/en-us_image_0000001834631725.png,substitution_image,179,,,,,,,,,,,,fail,,,kein valides Bild,,,0,,
doc/dev-guide/source/dws_data_query/subquery_expressions.rst,Subquery Expressions,/home/ubuntu/repotesting/data-warehouse-service/umn/source/_static/images/en-us_image_0000001787831724.png,substitution_image,180,,,,,,,,,,,,fail,,,kein valides Bild,,,0,,
doc/dev-guide/source/dws_data_query/subquery_expressions.rst,Subquery Expressions,/home/ubuntu/repotesting/data-warehouse-service/umn/source/_static/images/en-us_image_0000001834631305.png,substitution_image,181,,,,,,,,,,,,fail,,,kein valides Bild,,,0,,
doc/dev-guide/source/dws_data_query/subquery_expressions.rst,Subquery Expressions,/home/ubuntu/repotesting/data-warehouse-service/umn/source/_static/images/en-us_image_0000001814324420.png,substitution_image,182,,,,,,,,,,,,fail,,,kein valides Bild,,,0,,
doc/dev-guide/source/dws_data_query/subquery_expressions.rst,Subquery Expressions,/home/ubuntu/repotesting/data-warehouse-service/umn/source/_static/images/en-us_image_0000001861124593.png,substitution_image,183,,,,,,,,,,,,fail,,,kein valides Bild,,,0,,
doc/dev-guide/source/dws_data_query/subquery_expressions.rst,Subquery Expressions,/home/ubuntu/repotesting/data-warehouse-service/umn/source/_static/images/en-us_image_0000001814165292.png,substitution_image,184,,,,,,,,,,,,fail,,,kein valides Bild,,,0,,
doc/dev-guide/source/dws_data_query/subquery_expressions.rst,Subquery Expressions,/home/ubuntu/repotesting/data-warehouse-service/umn/source/_static/images/en-us_image_0000001861005333.png,substitution_image,185,,,,,,,,,,,,fail,,,kein valides Bild,,,0,,
doc/dev-guide/source/dws_data_query/subquery_expressions.rst,Subquery Expressions,/home/ubuntu/repotesting/data-warehouse-service/umn/source/_static/images/en-us_image_0000001814165600.png,substitution_image,186,,,,,,,,,,,,fail,,,kein valides Bild,,,0,,
doc/dev-guide/source/dws_data_query/subquery_expressions.rst,Subquery Expressions,/home/ubuntu/repotesting/data-warehouse-service/umn/source/_static/images/en-us_image_0000001814325508.png,substitution_image,187,,,,,,,,,,,,fail,,,kein valides Bild,,,0,,
doc/dev-guide/source/dws_data_query/union_operators.rst,UNION Operators,,,,,,,,,,,,,,,fail,kein valides Bild,,,,,0,,
doc/dev-guide/source/dws_data_query/union_operators.rst,UNION Operators,/home/ubuntu/repotesting/data-warehouse-service/umn/source/_static/images/en-us_image_0000001775288212.png,substitution_image,143,,,,,,,,,,,,fail,,,kein valides Bild,,,0,,
doc/dev-guide/source/dws_data_query/union_operators.rst,UNION Operators,/home/ubuntu/repotesting/data-warehouse-service/umn/source/_static/images/en-us_image_0000002489171010.png,substitution_image,144,,,,,,,,,,,,fail,,,kein valides Bild,,,0,,
doc/dev-guide/source/dws_data_query/union_operators.rst,UNION Operators,/home/ubuntu/repotesting/data-warehouse-service/umn/source/_static/images/en-us_image_0000002086543721.png,substitution_image,145,,,,,,,,,,,,fail,,,kein valides Bild,,,0,,
doc/dev-guide/source/dws_data_query/union_operators.rst,UNION Operators,/home/ubuntu/repotesting/data-warehouse-service/umn/source/_static/images/en-us_image_0000001820529137.png,substitution_image,146,,,,,,,,,,,,fail,,,kein valides Bild,,,0,,
doc/dev-guide/source/dws_data_query/union_operators.rst,UNION Operators,/home/ubuntu/repotesting/data-warehouse-service/umn/source/_static/images/en-us_image_0000001773729626.png,substitution_image,147,,,,,,,,,,,,fail,,,kein valides Bild,,,0,,
doc/dev-guide/source/dws_data_query/with_expressions.rst,WITH Expressions,,,,,,,,,,,,,,,fail,kein valides Bild,,,,,0,,
doc/dev-guide/source/dws_data_query/with_expressions.rst,WITH Expressions,/home/ubuntu/repotesting/data-warehouse-service/umn/source/_static/images/en-us_image_0000001587804470.png,substitution_image,365,,,,,,,,,,,,fail,,,kein valides Bild,,,0,,
doc/dev-guide/source/dws_database_security_management/dws_user_and_permissions_management/dws_database_permissions_management.rst,DWS Database Permissions Management,,,,,,,,,,,,,,,fail,kein valides Bild,,,,,0,,
doc/dev-guide/source/dws_database_security_management/dws_user_and_permissions_management/dws_database_permissions_management.rst,DWS Database Permissions Management,/home/ubuntu/repotesting/data-warehouse-service/umn/source/_static/images/en-us_image_0000001865354729.png,figure,43,,,,,,,,,,,,fail,,,kein valides Bild,,,0,,
doc/dev-guide/source/dws_development_design_proposal/dws_sql_statement_development_specifications/ddl_operations.rst,DDL Operations,,,,,,,,,,,,,,,fail,kein valides Bild,,,,,0,,
doc/dev-guide/source/dws_development_design_proposal/dws_sql_statement_development_specifications/ddl_operations.rst,DDL Operations,/home/ubuntu/repotesting/data-warehouse-service/umn/source/_static/images/danger_3.0-en-us.png,substitution_image,46,,,,,,,,,,,,fail,,,kein valides Bild,,,0,,
doc/dev-guide/source/dws_development_design_proposal/dws_stored_procedure_development_specifications.rst,DWS Stored Procedure Development Specifications,,,,,,,,,,,,,,,fail,kein valides Bild,,,,,0,,
doc/dev-guide/source/dws_development_design_proposal/dws_stored_procedure_development_specifications.rst,DWS Stored Procedure Development Specifications,/home/ubuntu/repotesting/data-warehouse-service/umn/source/_static/images/en-us_image_0000002100390820.png,substitution_image,118,,,,,,,,,,,,fail,,,kein valides Bild,,,0,,
doc/dev-guide/source/dws_hot_and_cold_data_management.rst,DWS Hot and Cold Data Management,,,,,,,,,,,,,,,fail,kein valides Bild,,,,,0,,
doc/dev-guide/source/dws_hot_and_cold_data_management.rst,DWS Hot and Cold Data Management,/home/ubuntu/repotesting/data-warehouse-service/umn/source/_static/images/en-us_image_0000001925462370.png,substitution_image,157,,,,,,,,,,,,fail,,,kein valides Bild,,,0,,
doc/dev-guide/source/dws_hot_and_cold_data_management.rst,DWS Hot and Cold Data Management,/home/ubuntu/repotesting/data-warehouse-service/umn/source/_static/images/en-us_image_0000001952581373.png,substitution_image,158,,,,,,,,,,,,fail,,,kein valides Bild,,,0,,
doc/dev-guide/source/dws_hot_and_cold_data_management.rst,DWS Hot and Cold Data Management,/home/ubuntu/repotesting/data-warehouse-service/umn/source/_static/images/en-us_image_0000001925621754.png,substitution_image,159,,,,,,,,,,,,fail,,,kein valides Bild,,,0,,
doc/dev-guide/source/dws_materialized_views/asynchronous_materialized_views/nested_materialized_views/creating_a_nested_materialized_view.rst,Creating a Nested Materialized View,,,,,,,,,,,,,,,fail,kein valides Bild,,,,,0,,
doc/dev-guide/source/dws_materialized_views/asynchronous_materialized_views/nested_materialized_views/creating_a_nested_materialized_view.rst,Creating a Nested Materialized View,/home/ubuntu/repotesting/data-warehouse-service/umn/source/_static/images/en-us_image_0000002121960909.png,figure,87,,,,,,,,,,,,fail,,,kein valides Bild,,,0,,
doc/dev-guide/source/dws_materialized_views/asynchronous_materialized_views/nested_materialized_views/refreshing_a_nested_materialized_view.rst,Refreshing a Nested Materialized View,,,,,,,,,,,,,,,fail,kein valides Bild,,,,,0,,
doc/dev-guide/source/dws_materialized_views/asynchronous_materialized_views/nested_materialized_views/refreshing_a_nested_materialized_view.rst,Refreshing a Nested Materialized View,/home/ubuntu/repotesting/data-warehouse-service/umn/source/_static/images/en-us_image_0000002069905908.png,substitution_image,100,,,,,,,,,,,,fail,,,kein valides Bild,,,0,,
doc/dev-guide/source/dws_materialized_views/asynchronous_materialized_views/nested_materialized_views/refreshing_a_nested_materialized_view.rst,Refreshing a Nested Materialized View,/home/ubuntu/repotesting/data-warehouse-service/umn/source/_static/images/en-us_image_0000002105745569.png,substitution_image,101,,,,,,,,,,,,fail,,,kein valides Bild,,,0,,
doc/dev-guide/source/dws_materialized_views/asynchronous_materialized_views/partitioned_materialized_views/creating_a_partitioned_materialized_view.rst,Creating a Partitioned Materialized View,,,,,,,,,,,,,,,fail,kein valides Bild,,,,,0,,
doc/dev-guide/source/dws_materialized_views/asynchronous_materialized_views/partitioned_materialized_views/creating_a_partitioned_materialized_view.rst,Creating a Partitioned Materialized View,/home/ubuntu/repotesting/data-warehouse-service/umn/source/_static/images/en-us_image_0000002084209550.png,substitution_image,148,,,,,,,,,,,,fail,,,kein valides Bild,,,0,,
doc/dev-guide/source/dws_materialized_views/asynchronous_materialized_views/partitioned_materialized_views/creating_a_partitioned_materialized_view.rst,Creating a Partitioned Materialized View,/home/ubuntu/repotesting/data-warehouse-service/umn/source/_static/images/en-us_image_0000002119776793.png,substitution_image,149,,,,,,,,,,,,fail,,,kein valides Bild,,,0,,
doc/dev-guide/source/dws_materialized_views/asynchronous_materialized_views/partitioned_materialized_views/creating_a_partitioned_materialized_view.rst,Creating a Partitioned Materialized View,/home/ubuntu/repotesting/data-warehouse-service/umn/source/_static/images/en-us_image_0000002084058636.png,substitution_image,150,,,,,,,,,,,,fail,,,kein valides Bild,,,0,,
doc/dev-guide/source/dws_performance_tuning/overview.rst,Overview,,,,,,,,,,,,,,,fail,kein valides Bild,,,,,0,,
doc/dev-guide/source/dws_performance_tuning/overview.rst,Overview,/home/ubuntu/repotesting/data-warehouse-service/umn/source/_static/images/en-us_image_0000001188482356.png,figure,25,,,,,,,,,,,,fail,,,kein valides Bild,,,0,,
doc/dev-guide/source/dws_performance_tuning/sql_tuning/advanced_sql_tuning/optimizing_data_skew.rst,Optimizing Data Skew,,,,,,,,,,,,,,,fail,kein valides Bild,,,,,0,,
doc/dev-guide/source/dws_performance_tuning/sql_tuning/advanced_sql_tuning/optimizing_data_skew.rst,Optimizing Data Skew,/home/ubuntu/repotesting/data-warehouse-service/umn/source/_static/images/en-us_image_0000001163552957.png,substitution_image,372,,,,,,,,,,,,fail,,,kein valides Bild,,,0,,
doc/dev-guide/source/dws_performance_tuning/sql_tuning/advanced_sql_tuning/optimizing_data_skew.rst,Optimizing Data Skew,/home/ubuntu/repotesting/data-warehouse-service/umn/source/_static/images/en-us_image_0000001119917890.png,substitution_image,373,,,,,,,,,,,,fail,,,kein valides Bild,,,0,,
doc/dev-guide/source/dws_performance_tuning/sql_tuning/advanced_sql_tuning/optimizing_data_skew.rst,Optimizing Data Skew,/home/ubuntu/repotesting/data-warehouse-service/umn/source/_static/images/en-us_image_0000001163513637.png,substitution_image,374,,,,,,,,,,,,fail,,,kein valides Bild,,,0,,
doc/dev-guide/source/dws_performance_tuning/sql_tuning/advanced_sql_tuning/optimizing_data_skew.rst,Optimizing Data Skew,/home/ubuntu/repotesting/data-warehouse-service/umn/source/_static/images/en-us_image_0000001163553799.png,substitution_image,375,,,,,,,,,,,,fail,,,kein valides Bild,,,0,,
doc/dev-guide/source/dws_performance_tuning/sql_tuning/advanced_sql_tuning/optimizing_statement_pushdown.rst,Optimizing Statement Pushdown,,,,,,,,,,,,,,,fail,kein valides Bild,,,,,0,,
doc/dev-guide/source/dws_performance_tuning/sql_tuning/advanced_sql_tuning/optimizing_statement_pushdown.rst,Optimizing Statement Pushdown,/home/ubuntu/repotesting/data-warehouse-service/umn/source/_static/images/en-us_image_0000001811610629.png,substitution_image,370,,,,,,,,,,,,fail,,,kein valides Bild,,,0,,
doc/dev-guide/source/dws_performance_tuning/sql_tuning/advanced_sql_tuning/optimizing_statement_pushdown.rst,Optimizing Statement Pushdown,/home/ubuntu/repotesting/data-warehouse-service/umn/source/_static/images/en-us_image_0000001764492284.png,substitution_image,371,,,,,,,,,,,,fail,,,kein valides Bild,,,0,,
doc/dev-guide/source/dws_performance_tuning/sql_tuning/advanced_sql_tuning/optimizing_statistics.rst,Optimizing Statistics,,,,,,,,,,,,,,,fail,kein valides Bild,,,,,0,,
doc/dev-guide/source/dws_performance_tuning/sql_tuning/advanced_sql_tuning/optimizing_statistics.rst,Optimizing Statistics,/home/ubuntu/repotesting/data-warehouse-service/umn/source/_static/images/en-us_image_0000001233681839.png,figure,140,,,,,,,,,,,,fail,,,kein valides Bild,,,0,,
doc/dev-guide/source/dws_performance_tuning/sql_tuning/advanced_sql_tuning/optimizing_statistics.rst,Optimizing Statistics,/home/ubuntu/repotesting/data-warehouse-service/umn/source/_static/images/en-us_image_0000001188323770.png,figure,210,,,,,,,,,,,,fail,,,kein valides Bild,,,0,,
doc/dev-guide/source/dws_performance_tuning/sql_tuning/advanced_sql_tuning/optimizing_statistics.rst,Optimizing Statistics,/home/ubuntu/repotesting/data-warehouse-service/umn/source/_static/images/en-us_image_0000001188642238.png,figure,229,,,,,,,,,,,,fail,,,kein valides Bild,,,0,,
doc/dev-guide/source/dws_performance_tuning/sql_tuning/advanced_sql_tuning/optimizing_subqueries.rst,Optimizing Subqueries,,,,,,,,,,,,,,,fail,kein valides Bild,,,,,0,,
doc/dev-guide/source/dws_performance_tuning/sql_tuning/advanced_sql_tuning/optimizing_subqueries.rst,Optimizing Subqueries,/home/ubuntu/repotesting/data-warehouse-service/umn/source/_static/images/en-us_image_0000002228586378.png,substitution_image,503,,,,,,,,,,,,fail,,,kein valides Bild,,,0,,
doc/dev-guide/source/dws_performance_tuning/sql_tuning/advanced_sql_tuning/optimizing_subqueries.rst,Optimizing Subqueries,/home/ubuntu/repotesting/data-warehouse-service/umn/source/_static/images/en-us_image_0000002228746202.png,substitution_image,504,,,,,,,,,,,,fail,,,kein valides Bild,,,0,,
doc/dev-guide/source/dws_performance_tuning/sql_tuning/advanced_sql_tuning/optimizing_subqueries.rst,Optimizing Subqueries,/home/ubuntu/repotesting/data-warehouse-service/umn/source/_static/images/en-us_image_0000002263585769.png,substitution_image,505,,,,,,,,,,,,fail,,,kein valides Bild,,,0,,
doc/dev-guide/source/dws_performance_tuning/sql_tuning/advanced_sql_tuning/optimizing_subqueries.rst,Optimizing Subqueries,/home/ubuntu/repotesting/data-warehouse-service/umn/source/_static/images/en-us_image_0000002263665701.png,substitution_image,506,,,,,,,,,,,,fail,,,kein valides Bild,,,0,,
doc/dev-guide/source/dws_performance_tuning/sql_tuning/advanced_sql_tuning/proactive_preheating_and_tuning_of_disk_cache.rst,Proactive Preheating and Tuning of Disk Cache,,,,,,,,,,,,,,,fail,kein valides Bild,,,,,0,,
doc/dev-guide/source/dws_performance_tuning/sql_tuning/advanced_sql_tuning/proactive_preheating_and_tuning_of_disk_cache.rst,Proactive Preheating and Tuning of Disk Cache,/home/ubuntu/repotesting/data-warehouse-service/umn/source/_static/images/en-us_image_0000002059501845.png,substitution_image,46,,,,,,,,,,,,fail,,,kein valides Bild,,,0,,
doc/dev-guide/source/dws_performance_tuning/sql_tuning/advanced_sql_tuning/proactive_preheating_and_tuning_of_disk_cache.rst,Proactive Preheating and Tuning of Disk Cache,/home/ubuntu/repotesting/data-warehouse-service/umn/source/_static/images/en-us_image_0000002023418392.png,substitution_image,47,,,,,,,,,,,,fail,,,kein valides Bild,,,0,,
doc/dev-guide/source/dws_performance_tuning/sql_tuning/advanced_sql_tuning/sql_statement_rewriting_rules.rst,SQL Statement Rewriting Rules,,,,,,,,,,,,,,,fail,kein valides Bild,,,,,0,,
doc/dev-guide/source/dws_performance_tuning/sql_tuning/advanced_sql_tuning/sql_statement_rewriting_rules.rst,SQL Statement Rewriting Rules,/home/ubuntu/repotesting/data-warehouse-service/umn/source/_static/images/en-us_image_0000001233883423.png,figure,33,,,,,,,,,,,,fail,,,kein valides Bild,,,0,,
doc/dev-guide/source/dws_performance_tuning/sql_tuning/advanced_sql_tuning/tuning_operators.rst,Tuning Operators,,,,,,,,,,,,,,,fail,kein valides Bild,,,,,0,,
doc/dev-guide/source/dws_performance_tuning/sql_tuning/advanced_sql_tuning/tuning_operators.rst,Tuning Operators,/home/ubuntu/repotesting/data-warehouse-service/umn/source/_static/images/en-us_image_0000001233563361.jpg,substitution_image,62,,,,,,,,,,,,fail,,,kein valides Bild,,,0,,
doc/dev-guide/source/dws_performance_tuning/sql_tuning/advanced_sql_tuning/tuning_operators.rst,Tuning Operators,/home/ubuntu/repotesting/data-warehouse-service/umn/source/_static/images/en-us_image_0000001233883415.png,substitution_image,63,,,,,,,,,,,,fail,,,kein valides Bild,,,0,,
doc/dev-guide/source/dws_performance_tuning/sql_tuning/advanced_sql_tuning/tuning_operators.rst,Tuning Operators,/home/ubuntu/repotesting/data-warehouse-service/umn/source/_static/images/en-us_image_0000001233681853.png,substitution_image,64,,,,,,,,,,,,fail,,,kein valides Bild,,,0,,
doc/dev-guide/source/dws_performance_tuning/sql_tuning/advanced_sql_tuning/tuning_operators.rst,Tuning Operators,/home/ubuntu/repotesting/data-warehouse-service/umn/source/_static/images/en-us_image_0000001188482338.png,substitution_image,65,,,,,,,,,,,,fail,,,kein valides Bild,,,0,,
doc/dev-guide/source/dws_performance_tuning/sql_tuning/advanced_sql_tuning/tuning_operators.rst,Tuning Operators,/home/ubuntu/repotesting/data-warehouse-service/umn/source/_static/images/en-us_image_0000001188642252.png,substitution_image,66,,,,,,,,,,,,fail,,,kein valides Bild,,,0,,
doc/dev-guide/source/dws_performance_tuning/sql_tuning/hint-based_tuning/configuration_parameter_hints.rst,Configuration Parameter Hints,,,,,,,,,,,,,,,fail,kein valides Bild,,,,,0,,
doc/dev-guide/source/dws_performance_tuning/sql_tuning/hint-based_tuning/configuration_parameter_hints.rst,Configuration Parameter Hints,/home/ubuntu/repotesting/data-warehouse-service/umn/source/_static/images/en-us_image_0000001811610593.png,substitution_image,167,,,,,,,,,,,,fail,,,kein valides Bild,,,0,,
doc/dev-guide/source/dws_performance_tuning/sql_tuning/hint-based_tuning/dictionary_code_hint.rst,Dictionary Code Hint,,,,,,,,,,,,,,,fail,kein valides Bild,,,,,0,,
doc/dev-guide/source/dws_performance_tuning/sql_tuning/hint-based_tuning/dictionary_code_hint.rst,Dictionary Code Hint,/home/ubuntu/repotesting/data-warehouse-service/umn/source/_static/images/en-us_image_0000001764651288.png,substitution_image,53,,,,,,,,,,,,fail,,,kein valides Bild,,,0,,
doc/dev-guide/source/dws_performance_tuning/sql_tuning/hint-based_tuning/drive_hints.rst,Drive Hints,,,,,,,,,,,,,,,fail,kein valides Bild,,,,,0,,
doc/dev-guide/source/dws_performance_tuning/sql_tuning/hint-based_tuning/drive_hints.rst,Drive Hints,/home/ubuntu/repotesting/data-warehouse-service/umn/source/_static/images/en-us_image_0000001858040366.png,substitution_image,60,,,,,,,,,,,,fail,,,kein valides Bild,,,0,,
doc/dev-guide/source/dws_performance_tuning/sql_tuning/hint-based_tuning/drive_hints.rst,Drive Hints,/home/ubuntu/repotesting/data-warehouse-service/umn/source/_static/images/en-us_image_0000001904120381.png,substitution_image,61,,,,,,,,,,,,fail,,,kein valides Bild,,,0,,
doc/dev-guide/source/dws_performance_tuning/sql_tuning/hint-based_tuning/hint_that_disables_subquery_pull-up.rst,Hint That Disables Subquery Pull-up,,,,,,,,,,,,,,,fail,kein valides Bild,,,,,0,,
doc/dev-guide/source/dws_performance_tuning/sql_tuning/hint-based_tuning/hint_that_disables_subquery_pull-up.rst,Hint That Disables Subquery Pull-up,/home/ubuntu/repotesting/data-warehouse-service/umn/source/_static/images/en-us_image_0000001460563364.png,substitution_image,64,,,,,,,,,,,,fail,,,kein valides Bild,,,0,,
doc/dev-guide/source/dws_performance_tuning/sql_tuning/hint-based_tuning/hint_that_disables_subquery_pull-up.rst,Hint That Disables Subquery Pull-up,/home/ubuntu/repotesting/data-warehouse-service/umn/source/_static/images/en-us_image_0000001460882872.png,substitution_image,65,,,,,,,,,,,,fail,,,kein valides Bild,,,0,,
doc/dev-guide/source/dws_performance_tuning/sql_tuning/hint-based_tuning/join_operation_hints.rst,Join Operation Hints,,,,,,,,,,,,,,,fail,kein valides Bild,,,,,0,,
doc/dev-guide/source/dws_performance_tuning/sql_tuning/hint-based_tuning/join_operation_hints.rst,Join Operation Hints,/home/ubuntu/repotesting/data-warehouse-service/umn/source/_static/images/en-us_image_0000001460723036.png,substitution_image,49,,,,,,,,,,,,fail,,,kein valides Bild,,,0,,
doc/dev-guide/source/dws_performance_tuning/sql_tuning/hint-based_tuning/join_order_hints.rst,Join Order Hints,,,,,,,,,,,,,,,fail,kein valides Bild,,,,,0,,
doc/dev-guide/source/dws_performance_tuning/sql_tuning/hint-based_tuning/join_order_hints.rst,Join Order Hints,/home/ubuntu/repotesting/data-warehouse-service/umn/source/_static/images/en-us_image_0000001510402845.png,substitution_image,165,,,,,,,,,,,,fail,,,kein valides Bild,,,0,,
doc/dev-guide/source/dws_performance_tuning/sql_tuning/hint-based_tuning/plan_hint_cases.rst,Plan Hint Cases,,,,,,,,,,,,,,,fail,kein valides Bild,,,,,0,,
doc/dev-guide/source/dws_performance_tuning/sql_tuning/hint-based_tuning/plan_hint_cases.rst,Plan Hint Cases,/home/ubuntu/repotesting/data-warehouse-service/umn/source/_static/images/en-us_image_0000001764492316.png,figure,52,,,,,,,,,,,,fail,,,kein valides Bild,,,0,,
doc/dev-guide/source/dws_performance_tuning/sql_tuning/hint-based_tuning/plan_hint_cases.rst,Plan Hint Cases,/home/ubuntu/repotesting/data-warehouse-service/umn/source/_static/images/en-us_image_0000001764651264.png,figure,67,,,,,,,,,,,,fail,,,kein valides Bild,,,0,,
doc/dev-guide/source/dws_performance_tuning/sql_tuning/hint-based_tuning/plan_hint_cases.rst,Plan Hint Cases,/home/ubuntu/repotesting/data-warehouse-service/umn/source/_static/images/en-us_image_0000001764492324.png,figure,84,,,,,,,,,,,,fail,,,kein valides Bild,,,0,,
doc/dev-guide/source/dws_performance_tuning/sql_tuning/hint-based_tuning/plan_hint_cases.rst,Plan Hint Cases,/home/ubuntu/repotesting/data-warehouse-service/umn/source/_static/images/en-us_image_0000001764651272.png,figure,101,,,,,,,,,,,,fail,,,kein valides Bild,,,0,,
doc/dev-guide/source/dws_performance_tuning/sql_tuning/hint-based_tuning/plan_hint_cases.rst,Plan Hint Cases,/home/ubuntu/repotesting/data-warehouse-service/umn/source/_static/images/en-us_image_0000001811610665.png,figure,119,,,,,,,,,,,,fail,,,kein valides Bild,,,0,,
doc/dev-guide/source/dws_performance_tuning/sql_tuning/hint-based_tuning/plan_hint_cases.rst,Plan Hint Cases,/home/ubuntu/repotesting/data-warehouse-service/umn/source/_static/images/en-us_image_0000001811491585.png,figure,127,,,,,,,,,,,,fail,,,kein valides Bild,,,0,,
doc/dev-guide/source/dws_performance_tuning/sql_tuning/hint-based_tuning/plan_hint_cases.rst,Plan Hint Cases,/home/ubuntu/repotesting/data-warehouse-service/umn/source/_static/images/en-us_image_0000001764651268.png,figure,137,,,,,,,,,,,,fail,,,kein valides Bild,,,0,,
doc/dev-guide/source/dws_performance_tuning/sql_tuning/hint-based_tuning/plan_hint_cases.rst,Plan Hint Cases,/home/ubuntu/repotesting/data-warehouse-service/umn/source/_static/images/en-us_image_0000001764492328.png,figure,145,,,,,,,,,,,,fail,,,kein valides Bild,,,0,,
doc/dev-guide/source/dws_performance_tuning/sql_tuning/hint-based_tuning/plan_hint_cases.rst,Plan Hint Cases,/home/ubuntu/repotesting/data-warehouse-service/umn/source/_static/images/en-us_image_0000001811610661.png,figure,153,,,,,,,,,,,,fail,,,kein valides Bild,,,0,,
doc/dev-guide/source/dws_performance_tuning/sql_tuning/hint-based_tuning/plan_hint_optimization.rst,Plan Hint Optimization,,,,,,,,,,,,,,,fail,kein valides Bild,,,,,0,,
doc/dev-guide/source/dws_performance_tuning/sql_tuning/hint-based_tuning/plan_hint_optimization.rst,Plan Hint Optimization,/home/ubuntu/repotesting/data-warehouse-service/umn/source/_static/images/en-us_image_0000001657868950.png,substitution_image,109,,,,,,,,,,,,fail,,,kein valides Bild,,,0,,
doc/dev-guide/source/dws_performance_tuning/sql_tuning/hint-based_tuning/rows_hints.rst,Rows Hints,,,,,,,,,,,,,,,fail,kein valides Bild,,,,,0,,
doc/dev-guide/source/dws_performance_tuning/sql_tuning/hint-based_tuning/rows_hints.rst,Rows Hints,/home/ubuntu/repotesting/data-warehouse-service/umn/source/_static/images/en-us_image_0000001510283913.png,substitution_image,55,,,,,,,,,,,,fail,,,kein valides Bild,,,0,,
doc/dev-guide/source/dws_performance_tuning/sql_tuning/hint-based_tuning/scan_operation_hints.rst,Scan Operation Hints,,,,,,,,,,,,,,,fail,kein valides Bild,,,,,0,,
doc/dev-guide/source/dws_performance_tuning/sql_tuning/hint-based_tuning/scan_operation_hints.rst,Scan Operation Hints,/home/ubuntu/repotesting/data-warehouse-service/umn/source/_static/images/en-us_image_0000001460723188.png,substitution_image,69,,,,,,,,,,,,fail,,,kein valides Bild,,,0,,
doc/dev-guide/source/dws_performance_tuning/sql_tuning/hint-based_tuning/skew_hints.rst,Skew Hints,,,,,,,,,,,,,,,fail,kein valides Bild,,,,,0,,
doc/dev-guide/source/dws_performance_tuning/sql_tuning/hint-based_tuning/skew_hints.rst,Skew Hints,/home/ubuntu/repotesting/data-warehouse-service/umn/source/_static/images/en-us_image_0000001460723200.png,substitution_image,227,,,,,,,,,,,,fail,,,kein valides Bild,,,0,,
doc/dev-guide/source/dws_performance_tuning/sql_tuning/hint-based_tuning/skew_hints.rst,Skew Hints,/home/ubuntu/repotesting/data-warehouse-service/umn/source/_static/images/en-us_image_0000001510284029.png,substitution_image,228,,,,,,,,,,,,fail,,,kein valides Bild,,,0,,
doc/dev-guide/source/dws_performance_tuning/sql_tuning/hint-based_tuning/skew_hints.rst,Skew Hints,/home/ubuntu/repotesting/data-warehouse-service/umn/source/_static/images/en-us_image_0000001510522957.png,substitution_image,229,,,,,,,,,,,,fail,,,kein valides Bild,,,0,,
doc/dev-guide/source/dws_performance_tuning/sql_tuning/hint-based_tuning/skew_hints.rst,Skew Hints,/home/ubuntu/repotesting/data-warehouse-service/umn/source/_static/images/en-us_image_0000001510163285.png,substitution_image,230,,,,,,,,,,,,fail,,,kein valides Bild,,,0,,
doc/dev-guide/source/dws_performance_tuning/sql_tuning/hint-based_tuning/skew_hints.rst,Skew Hints,/home/ubuntu/repotesting/data-warehouse-service/umn/source/_static/images/en-us_image_0000001460563396.png,substitution_image,231,,,,,,,,,,,,fail,,,kein valides Bild,,,0,,
doc/dev-guide/source/dws_performance_tuning/sql_tuning/hint-based_tuning/stream_operation_hints.rst,Stream Operation Hints,,,,,,,,,,,,,,,fail,kein valides Bild,,,,,0,,
doc/dev-guide/source/dws_performance_tuning/sql_tuning/hint-based_tuning/stream_operation_hints.rst,Stream Operation Hints,/home/ubuntu/repotesting/data-warehouse-service/umn/source/_static/images/en-us_image_0000001460882748.png,substitution_image,81,,,,,,,,,,,,fail,,,kein valides Bild,,,0,,
doc/dev-guide/source/dws_performance_tuning/sql_tuning/hint-based_tuning/stream_operation_hints.rst,Stream Operation Hints,/home/ubuntu/repotesting/data-warehouse-service/umn/source/_static/images/en-us_image_0000001510402789.png,substitution_image,82,,,,,,,,,,,,fail,,,kein valides Bild,,,0,,
doc/dev-guide/source/dws_performance_tuning/sql_tuning/hint-based_tuning/stream_operation_hints.rst,Stream Operation Hints,/home/ubuntu/repotesting/data-warehouse-service/umn/source/_static/images/en-us_image_0000001460563240.png,substitution_image,83,,,,,,,,,,,,fail,,,kein valides Bild,,,0,,
doc/dev-guide/source/dws_performance_tuning/sql_tuning/hint-based_tuning/sublink_name_hints.rst,Sublink Name Hints,,,,,,,,,,,,,,,fail,kein valides Bild,,,,,0,,
doc/dev-guide/source/dws_performance_tuning/sql_tuning/hint-based_tuning/sublink_name_hints.rst,Sublink Name Hints,/home/ubuntu/repotesting/data-warehouse-service/umn/source/_static/images/en-us_image_0000001510523041.png,substitution_image,57,,,,,,,,,,,,fail,,,kein valides Bild,,,0,,
doc/dev-guide/source/dws_performance_tuning/sql_tuning/reviewing_and_modifying_a_table_definition.rst,Reviewing and Modifying a Table Definition,,,,,,,,,,,,,,,fail,kein valides Bild,,,,,0,,
doc/dev-guide/source/dws_performance_tuning/sql_tuning/reviewing_and_modifying_a_table_definition.rst,Reviewing and Modifying a Table Definition,/home/ubuntu/repotesting/data-warehouse-service/umn/source/_static/images/en-us_image_0000002054191302.png,figure,22,,,,,,,,,,,,fail,,,kein valides Bild,,,0,,
doc/dev-guide/source/dws_performance_tuning/sql_tuning/sql_execution_plan.rst,SQL Execution Plan,,,,,,,,,,,,,,,fail,kein valides Bild,,,,,0,,
doc/dev-guide/source/dws_performance_tuning/sql_tuning/sql_execution_plan.rst,SQL Execution Plan,/home/ubuntu/repotesting/data-warehouse-service/umn/source/_static/images/en-us_image_0000001764651088.png,figure,90,,,,,,,,,,,,fail,,,kein valides Bild,,,0,,
doc/dev-guide/source/dws_performance_tuning/sql_tuning/sql_execution_plan.rst,SQL Execution Plan,/home/ubuntu/repotesting/data-warehouse-service/umn/source/_static/images/en-us_image_0000001811610489.png,figure,99,,,,,,,,,,,,fail,,,kein valides Bild,,,0,,
doc/dev-guide/source/dws_performance_tuning/sql_tuning/sql_execution_plan.rst,SQL Execution Plan,/home/ubuntu/repotesting/data-warehouse-service/umn/source/_static/images/en-us_image_0000001811491433.png,substitution_image,398,,,,,,,,,,,,fail,,,kein valides Bild,,,0,,
doc/dev-guide/source/dws_performance_tuning/sql_tuning/sql_execution_plan.rst,SQL Execution Plan,/home/ubuntu/repotesting/data-warehouse-service/umn/source/_static/images/en-us_image_0000001811610497.png,substitution_image,399,,,,,,,,,,,,fail,,,kein valides Bild,,,0,,
doc/dev-guide/source/dws_performance_tuning/sql_tuning/sql_execution_plan.rst,SQL Execution Plan,/home/ubuntu/repotesting/data-warehouse-service/umn/source/_static/images/en-us_image_0000001764651100.png,substitution_image,400,,,,,,,,,,,,fail,,,kein valides Bild,,,0,,
doc/dev-guide/source/dws_performance_tuning/sql_tuning/sql_execution_plan.rst,SQL Execution Plan,/home/ubuntu/repotesting/data-warehouse-service/umn/source/_static/images/en-us_image_0000001764651096.png,substitution_image,401,,,,,,,,,,,,fail,,,kein valides Bild,,,0,,
doc/dev-guide/source/dws_performance_tuning/sql_tuning/sql_execution_plan.rst,SQL Execution Plan,/home/ubuntu/repotesting/data-warehouse-service/umn/source/_static/images/en-us_image_0000001764492152.png,substitution_image,402,,,,,,,,,,,,fail,,,kein valides Bild,,,0,,
doc/dev-guide/source/dws_performance_tuning/sql_tuning/sql_execution_plan.rst,SQL Execution Plan,/home/ubuntu/repotesting/data-warehouse-service/umn/source/_static/images/en-us_image_0000001811610501.png,substitution_image,403,,,,,,,,,,,,fail,,,kein valides Bild,,,0,,
doc/dev-guide/source/dws_performance_tuning/sql_tuning/sql_execution_plan.rst,SQL Execution Plan,/home/ubuntu/repotesting/data-warehouse-service/umn/source/_static/images/en-us_image_0000001811491429.png,substitution_image,404,,,,,,,,,,,,fail,,,kein valides Bild,,,0,,
doc/dev-guide/source/dws_performance_tuning/sql_tuning/sql_execution_plan.rst,SQL Execution Plan,/home/ubuntu/repotesting/data-warehouse-service/umn/source/_static/images/en-us_image_0000001943357608.png,substitution_image,405,,,,,,,,,,,,fail,,,kein valides Bild,,,0,,
doc/dev-guide/source/dws_performance_tuning/sql_tuning/sql_execution_plan.rst,SQL Execution Plan,/home/ubuntu/repotesting/data-warehouse-service/umn/source/_static/images/en-us_image_0000001943516888.png,substitution_image,406,,,,,,,,,,,,fail,,,kein valides Bild,,,0,,
doc/dev-guide/source/dws_performance_tuning/sql_tuning/sql_execution_plan.rst,SQL Execution Plan,/home/ubuntu/repotesting/data-warehouse-service/umn/source/_static/images/en-us_image_0000001970476065.png,substitution_image,407,,,,,,,,,,,,fail,,,kein valides Bild,,,0,,
doc/dev-guide/source/dws_performance_tuning/sql_tuning/sql_execution_plan.rst,SQL Execution Plan,/home/ubuntu/repotesting/data-warehouse-service/umn/source/_static/images/en-us_image_0000001970595813.png,substitution_image,408,,,,,,,,,,,,fail,,,kein valides Bild,,,0,,
doc/dev-guide/source/dws_performance_tuning/sql_tuning/sql_execution_plan.rst,SQL Execution Plan,/home/ubuntu/repotesting/data-warehouse-service/umn/source/_static/images/en-us_image_0000001965682128.png,substitution_image,409,,,,,,,,,,,,fail,,,kein valides Bild,,,0,,
doc/dev-guide/source/dws_performance_tuning/sql_tuning/sql_execution_plan.rst,SQL Execution Plan,/home/ubuntu/repotesting/data-warehouse-service/umn/source/_static/images/en-us_image_0000001764492156.png,substitution_image,410,,,,,,,,,,,,fail,,,kein valides Bild,,,0,,
doc/dev-guide/source/dws_performance_tuning/sql_tuning/sql_execution_plan.rst,SQL Execution Plan,/home/ubuntu/repotesting/data-warehouse-service/umn/source/_static/images/en-us_image_0000001764651108.png,substitution_image,411,,,,,,,,,,,,fail,,,kein valides Bild,,,0,,
doc/dev-guide/source/dws_performance_tuning/sql_tuning/sql_query_execution_process.rst,SQL Query Execution Process,,,,,,,,,,,,,,,fail,kein valides Bild,,,,,0,,
doc/dev-guide/source/dws_performance_tuning/sql_tuning/sql_query_execution_process.rst,SQL Query Execution Process,/home/ubuntu/repotesting/data-warehouse-service/umn/source/_static/images/en-us_image_0000001233563355.png,figure,12,,,,,,,,,,,,fail,,,kein valides Bild,,,0,,
doc/dev-guide/source/dws_performance_tuning/sql_tuning_examples/case_adding_not_null_for_join_columns.rst,Case: Adding NOT NULL for JOIN Columns,,,,,,,,,,,,,,,fail,kein valides Bild,,,,,0,,
doc/dev-guide/source/dws_performance_tuning/sql_tuning_examples/case_adding_not_null_for_join_columns.rst,Case: Adding NOT NULL for JOIN Columns,/home/ubuntu/repotesting/data-warehouse-service/umn/source/_static/images/en-us_image_0000001233761911.jpg,figure,55,,,,,,,,,,,,fail,,,kein valides Bild,,,0,,
doc/dev-guide/source/dws_performance_tuning/sql_tuning_examples/case_adding_not_null_for_join_columns.rst,Case: Adding NOT NULL for JOIN Columns,/home/ubuntu/repotesting/data-warehouse-service/umn/source/_static/images/en-us_image_0000001493802070.jpg,figure,113,,,,,,,,,,,,fail,,,kein valides Bild,,,0,,
doc/dev-guide/source/dws_performance_tuning/sql_tuning_examples/case_adjusting_the_partial_clustering_key.rst,Case: Adjusting the Partial Clustering Key,,,,,,,,,,,,,,,fail,kein valides Bild,,,,,0,,
doc/dev-guide/source/dws_performance_tuning/sql_tuning_examples/case_adjusting_the_partial_clustering_key.rst,Case: Adjusting the Partial Clustering Key,/home/ubuntu/repotesting/data-warehouse-service/umn/source/_static/images/en-us_image_0000001598442429.png,substitution_image,58,,,,,,,,,,,,fail,,,kein valides Bild,,,0,,
doc/dev-guide/source/dws_performance_tuning/sql_tuning_examples/case_adjusting_the_partial_clustering_key.rst,Case: Adjusting the Partial Clustering Key,/home/ubuntu/repotesting/data-warehouse-service/umn/source/_static/images/en-us_image_0000001547757780.png,substitution_image,59,,,,,,,,,,,,fail,,,kein valides Bild,,,0,,
doc/dev-guide/source/dws_performance_tuning/sql_tuning_examples/case_adjusting_the_partial_clustering_key.rst,Case: Adjusting the Partial Clustering Key,/home/ubuntu/repotesting/data-warehouse-service/umn/source/_static/images/en-us_image_0000001598557569.png,substitution_image,60,,,,,,,,,,,,fail,,,kein valides Bild,,,0,,
doc/dev-guide/source/dws_performance_tuning/sql_tuning_examples/case_adjusting_the_partial_clustering_key.rst,Case: Adjusting the Partial Clustering Key,/home/ubuntu/repotesting/data-warehouse-service/umn/source/_static/images/en-us_image_0000001598641405.png,substitution_image,61,,,,,,,,,,,,fail,,,kein valides Bild,,,0,,
doc/dev-guide/source/dws_performance_tuning/sql_tuning_examples/case_adjusting_the_partial_clustering_key.rst,Case: Adjusting the Partial Clustering Key,/home/ubuntu/repotesting/data-warehouse-service/umn/source/_static/images/en-us_image_0000001547777474.png,substitution_image,62,,,,,,,,,,,,fail,,,kein valides Bild,,,0,,
doc/dev-guide/source/dws_performance_tuning/sql_tuning_examples/case_adjusting_the_partial_clustering_key.rst,Case: Adjusting the Partial Clustering Key,/home/ubuntu/repotesting/data-warehouse-service/umn/source/_static/images/en-us_image_0000001598622253.png,substitution_image,63,,,,,,,,,,,,fail,,,kein valides Bild,,,0,,
doc/dev-guide/source/dws_performance_tuning/sql_tuning_examples/case_adjusting_the_partial_clustering_key.rst,Case: Adjusting the Partial Clustering Key,/home/ubuntu/repotesting/data-warehouse-service/umn/source/_static/images/en-us_image_0000001547437736.png,substitution_image,64,,,,,,,,,,,,fail,,,kein valides Bild,,,0,,
doc/dev-guide/source/dws_performance_tuning/sql_tuning_examples/case_adjusting_the_table_storage_mode_in_a_medium_table.rst,Case: Adjusting the Table Storage Mode in a Medium Table,,,,,,,,,,,,,,,fail,kein valides Bild,,,,,0,,
doc/dev-guide/source/dws_performance_tuning/sql_tuning_examples/case_adjusting_the_table_storage_mode_in_a_medium_table.rst,Case: Adjusting the Table Storage Mode in a Medium Table,/home/ubuntu/repotesting/data-warehouse-service/umn/source/_static/images/en-us_image_0000001188323768.jpg,substitution_image,26,,,,,,,,,,,,fail,,,kein valides Bild,,,0,,
doc/dev-guide/source/dws_performance_tuning/sql_tuning_examples/case_adjusting_the_table_storage_mode_in_a_medium_table.rst,Case: Adjusting the Table Storage Mode in a Medium Table,/home/ubuntu/repotesting/data-warehouse-service/umn/source/_static/images/en-us_image_0000001233883401.png,substitution_image,27,,,,,,,,,,,,fail,,,kein valides Bild,,,0,,
doc/dev-guide/source/dws_performance_tuning/sql_tuning_examples/case_configuring_cost_param_for_better_query_performance.rst,Case: Configuring cost_param for Better Query Performance,,,,,,,,,,,,,,,fail,kein valides Bild,,,,,0,,
doc/dev-guide/source/dws_performance_tuning/sql_tuning_examples/case_configuring_cost_param_for_better_query_performance.rst,Case: Configuring cost_param for Better Query Performance,/home/ubuntu/repotesting/data-warehouse-service/umn/source/_static/images/en-us_image_0000001188163834.png,substitution_image,168,,,,,,,,,,,,fail,,,kein valides Bild,,,0,,
doc/dev-guide/source/dws_performance_tuning/sql_tuning_examples/case_configuring_cost_param_for_better_query_performance.rst,Case: Configuring cost_param for Better Query Performance,/home/ubuntu/repotesting/data-warehouse-service/umn/source/_static/images/en-us_image_0000001233681879.png,substitution_image,169,,,,,,,,,,,,fail,,,kein valides Bild,,,0,,
doc/dev-guide/source/dws_performance_tuning/sql_tuning_examples/case_configuring_cost_param_for_better_query_performance.rst,Case: Configuring cost_param for Better Query Performance,/home/ubuntu/repotesting/data-warehouse-service/umn/source/_static/images/en-us_image_0000001233563387.png,substitution_image,170,,,,,,,,,,,,fail,,,kein valides Bild,,,0,,
doc/dev-guide/source/dws_performance_tuning/sql_tuning_examples/case_configuring_cost_param_for_better_query_performance.rst,Case: Configuring cost_param for Better Query Performance,/home/ubuntu/repotesting/data-warehouse-service/umn/source/_static/images/en-us_image_0000001233883443.png,substitution_image,171,,,,,,,,,,,,fail,,,kein valides Bild,,,0,,
doc/dev-guide/source/dws_performance_tuning/sql_tuning_examples/case_converting_from_not_in_to_not_exists.rst,Case: Converting from NOT IN to NOT EXISTS,,,,,,,,,,,,,,,fail,kein valides Bild,,,,,0,,
doc/dev-guide/source/dws_performance_tuning/sql_tuning_examples/case_converting_from_not_in_to_not_exists.rst,Case: Converting from NOT IN to NOT EXISTS,/home/ubuntu/repotesting/data-warehouse-service/umn/source/_static/images/en-us_image_0000001555962590.png,substitution_image,59,,,,,,,,,,,,fail,,,kein valides Bild,,,0,,
doc/dev-guide/source/dws_performance_tuning/sql_tuning_examples/case_converting_from_not_in_to_not_exists.rst,Case: Converting from NOT IN to NOT EXISTS,/home/ubuntu/repotesting/data-warehouse-service/umn/source/_static/images/en-us_image_0000001605933889.png,substitution_image,60,,,,,,,,,,,,fail,,,kein valides Bild,,,0,,
doc/dev-guide/source/dws_performance_tuning/sql_tuning_examples/case_creating_an_appropriate_index.rst,Case: Creating an Appropriate Index,,,,,,,,,,,,,,,fail,kein valides Bild,,,,,0,,
doc/dev-guide/source/dws_performance_tuning/sql_tuning_examples/case_creating_an_appropriate_index.rst,Case: Creating an Appropriate Index,/home/ubuntu/repotesting/data-warehouse-service/umn/source/_static/images/en-us_image_0000001551160526.png,substitution_image,45,,,,,,,,,,,,fail,,,kein valides Bild,,,0,,
doc/dev-guide/source/dws_performance_tuning/sql_tuning_examples/case_creating_an_appropriate_index.rst,Case: Creating an Appropriate Index,/home/ubuntu/repotesting/data-warehouse-service/umn/source/_static/images/en-us_image_0000001601476601.png,substitution_image,46,,,,,,,,,,,,fail,,,kein valides Bild,,,0,,
doc/dev-guide/source/dws_performance_tuning/sql_tuning_examples/case_creating_an_appropriate_index.rst,Case: Creating an Appropriate Index,/home/ubuntu/repotesting/data-warehouse-service/umn/source/_static/images/en-us_image_0000001602017897.png,substitution_image,47,,,,,,,,,,,,fail,,,kein valides Bild,,,0,,
doc/dev-guide/source/dws_performance_tuning/sql_tuning_examples/case_reconstructing_partition_tables.rst,Case: Reconstructing Partition Tables,,,,,,,,,,,,,,,fail,kein valides Bild,,,,,0,,
doc/dev-guide/source/dws_performance_tuning/sql_tuning_examples/case_reconstructing_partition_tables.rst,Case: Reconstructing Partition Tables,/home/ubuntu/repotesting/data-warehouse-service/umn/source/_static/images/en-us_image_0000001601785621.png,substitution_image,50,,,,,,,,,,,,fail,,,kein valides Bild,,,0,,
doc/dev-guide/source/dws_performance_tuning/sql_tuning_examples/case_reconstructing_partition_tables.rst,Case: Reconstructing Partition Tables,/home/ubuntu/repotesting/data-warehouse-service/umn/source/_static/images/en-us_image_0000001550427578.png,substitution_image,51,,,,,,,,,,,,fail,,,kein valides Bild,,,0,,
doc/dev-guide/source/dws_performance_tuning/sql_tuning_examples/case_reconstructing_partition_tables.rst,Case: Reconstructing Partition Tables,/home/ubuntu/repotesting/data-warehouse-service/umn/source/_static/images/en-us_image_0000001601788033.png,substitution_image,52,,,,,,,,,,,,fail,,,kein valides Bild,,,0,,
doc/dev-guide/source/dws_performance_tuning/sql_tuning_examples/case_reconstructing_partition_tables.rst,Case: Reconstructing Partition Tables,/home/ubuntu/repotesting/data-warehouse-service/umn/source/_static/images/en-us_image_0000001550748802.png,substitution_image,53,,,,,,,,,,,,fail,,,kein valides Bild,,,0,,
doc/dev-guide/source/dws_performance_tuning/sql_tuning_examples/case_rewriting_sql_statements_and_deleting_in-clause.rst,Case: Rewriting SQL Statements and Deleting in-clause,,,,,,,,,,,,,,,fail,kein valides Bild,,,,,0,,
doc/dev-guide/source/dws_performance_tuning/sql_tuning_examples/case_rewriting_sql_statements_and_deleting_in-clause.rst,Case: Rewriting SQL Statements and Deleting in-clause,/home/ubuntu/repotesting/data-warehouse-service/umn/source/_static/images/en-us_image_0000001188163812.png,substitution_image,80,,,,,,,,,,,,fail,,,kein valides Bild,,,0,,
doc/dev-guide/source/dws_performance_tuning/sql_tuning_examples/case_rewriting_sql_statements_and_deleting_in-clause.rst,Case: Rewriting SQL Statements and Deleting in-clause,/home/ubuntu/repotesting/data-warehouse-service/umn/source/_static/images/en-us_image_0000001233761929.jpg,substitution_image,81,,,,,,,,,,,,fail,,,kein valides Bild,,,0,,
doc/dev-guide/source/dws_performance_tuning/sql_tuning_examples/case_selecting_an_appropriate_distribution_column.rst,Case: Selecting an Appropriate Distribution Column,,,,,,,,,,,,,,,fail,kein valides Bild,,,,,0,,
doc/dev-guide/source/dws_performance_tuning/sql_tuning_examples/case_selecting_an_appropriate_distribution_column.rst,Case: Selecting an Appropriate Distribution Column,/home/ubuntu/repotesting/data-warehouse-service/umn/source/_static/images/en-us_image_0000001595721561.png,figure,32,,,,,,,,,,,,fail,,,kein valides Bild,,,0,,
doc/dev-guide/source/dws_performance_tuning/sql_tuning_examples/case_selecting_an_appropriate_distribution_column.rst,Case: Selecting an Appropriate Distribution Column,/home/ubuntu/repotesting/data-warehouse-service/umn/source/_static/images/en-us_image_0000001188163808.png,figure,50,,,,,,,,,,,,fail,,,kein valides Bild,,,0,,
doc/dev-guide/source/dws_performance_tuning/sql_tuning_examples/case_setting_partial_cluster_keys.rst,Case: Setting Partial Cluster Keys,,,,,,,,,,,,,,,fail,kein valides Bild,,,,,0,,
doc/dev-guide/source/dws_performance_tuning/sql_tuning_examples/case_setting_partial_cluster_keys.rst,Case: Setting Partial Cluster Keys,/home/ubuntu/repotesting/data-warehouse-service/umn/source/_static/images/en-us_image_0000001551738404.png,figure,54,,,,,,,,,,,,fail,,,kein valides Bild,,,0,,
doc/dev-guide/source/dws_performance_tuning/sql_tuning_examples/case_setting_partial_cluster_keys.rst,Case: Setting Partial Cluster Keys,/home/ubuntu/repotesting/data-warehouse-service/umn/source/_static/images/en-us_image_0000001602937273.png,figure,60,,,,,,,,,,,,fail,,,kein valides Bild,,,0,,
doc/dev-guide/source/dws_performance_tuning/sql_tuning_examples/case_setting_partial_cluster_keys.rst,Case: Setting Partial Cluster Keys,/home/ubuntu/repotesting/data-warehouse-service/umn/source/_static/images/en-us_image_0000001602802473.png,figure,98,,,,,,,,,,,,fail,,,kein valides Bild,,,0,,
doc/dev-guide/source/dws_performance_tuning/sql_tuning_examples/case_setting_partial_cluster_keys.rst,Case: Setting Partial Cluster Keys,/home/ubuntu/repotesting/data-warehouse-service/umn/source/_static/images/en-us_image_0000001551897872.png,figure,104,,,,,,,,,,,,fail,,,kein valides Bild,,,0,,
doc/dev-guide/source/dws_performance_tuning/sql_tuning_examples/cases_modifying_statements_that_cannot_be_pushed_down/case_main_plan_exec_on_cn_and_subplan_exec_on_dn_can_not_be_shipped.rst,Case: Main Plan Exec on CN and Subplan Exec on DN Can Not Be Shipped,,,,,,,,,,,,,,,fail,kein valides Bild,,,,,0,,
doc/dev-guide/source/dws_performance_tuning/sql_tuning_examples/cases_modifying_statements_that_cannot_be_pushed_down/case_main_plan_exec_on_cn_and_subplan_exec_on_dn_can_not_be_shipped.rst,Case: Main Plan Exec on CN and Subplan Exec on DN Can Not Be Shipped,/home/ubuntu/repotesting/data-warehouse-service/umn/source/_static/images/en-us_image_0000002493938586.png,substitution_image,51,,,,,,,,,,,,fail,,,kein valides Bild,,,0,,
doc/dev-guide/source/dws_performance_tuning/sql_tuning_examples/cases_modifying_statements_that_cannot_be_pushed_down/case_merge_into_cant_be_shipped_in_the_scene_temporarily.rst,Case: MERGE INTO Can't Be Shipped in the Scene Temporarily,,,,,,,,,,,,,,,fail,kein valides Bild,,,,,0,,
doc/dev-guide/source/dws_performance_tuning/sql_tuning_examples/cases_modifying_statements_that_cannot_be_pushed_down/case_merge_into_cant_be_shipped_in_the_scene_temporarily.rst,Case: MERGE INTO Can't Be Shipped in the Scene Temporarily,/home/ubuntu/repotesting/data-warehouse-service/umn/source/_static/images/en-us_image_0000002526310177.png,substitution_image,52,,,,,,,,,,,,fail,,,kein valides Bild,,,0,,
doc/dev-guide/source/dws_performance_tuning/sql_tuning_examples/cases_modifying_statements_that_cannot_be_pushed_down/case_row_expression_can_not_be_shipped.rst,"Case: ""Row () Expression"" Can Not Be Shipped",,,,,,,,,,,,,,,fail,kein valides Bild,,,,,0,,
doc/dev-guide/source/dws_performance_tuning/sql_tuning_examples/cases_modifying_statements_that_cannot_be_pushed_down/case_row_expression_can_not_be_shipped.rst,"Case: ""Row () Expression"" Can Not Be Shipped",/home/ubuntu/repotesting/data-warehouse-service/umn/source/_static/images/en-us_image_0000002526265757.png,substitution_image,60,,,,,,,,,,,,fail,,,kein valides Bild,,,0,,
doc/dev-guide/source/dws_performance_tuning/sql_tuning_examples/cases_modifying_statements_that_cannot_be_pushed_down/case_row_expression_can_not_be_shipped.rst,"Case: ""Row () Expression"" Can Not Be Shipped",/home/ubuntu/repotesting/data-warehouse-service/umn/source/_static/images/en-us_image_0000002526306787.png,substitution_image,61,,,,,,,,,,,,fail,,,kein valides Bild,,,0,,
doc/dev-guide/source/dws_performance_tuning/sql_tuning_examples/cases_modifying_statements_that_cannot_be_pushed_down/case_row_expression_can_not_be_shipped.rst,"Case: ""Row () Expression"" Can Not Be Shipped",/home/ubuntu/repotesting/data-warehouse-service/umn/source/_static/images/en-us_image_0000002526307817.png,substitution_image,62,,,,,,,,,,,,fail,,,kein valides Bild,,,0,,
doc/dev-guide/source/dws_performance_tuning/sql_tuning_examples/cases_modifying_statements_that_cannot_be_pushed_down/case_subplan_exec_on_cn_can_not_be_shipped.rst,Case: Subplan Exec on CN Can Not Be Shipped,,,,,,,,,,,,,,,fail,kein valides Bild,,,,,0,,
doc/dev-guide/source/dws_performance_tuning/sql_tuning_examples/cases_modifying_statements_that_cannot_be_pushed_down/case_subplan_exec_on_cn_can_not_be_shipped.rst,Case: Subplan Exec on CN Can Not Be Shipped,/home/ubuntu/repotesting/data-warehouse-service/umn/source/_static/images/en-us_image_0000002528872995.png,substitution_image,92,,,,,,,,,,,,fail,,,kein valides Bild,,,0,,
doc/dev-guide/source/dws_performance_tuning/sql_tuning_examples/cases_modifying_statements_that_cannot_be_pushed_down/case_table_in_targetlist_can_not_be_shipped.rst,Case: Table in TargetList Can Not Be Shipped,,,,,,,,,,,,,,,fail,kein valides Bild,,,,,0,,
doc/dev-guide/source/dws_performance_tuning/sql_tuning_examples/cases_modifying_statements_that_cannot_be_pushed_down/case_table_in_targetlist_can_not_be_shipped.rst,Case: Table in TargetList Can Not Be Shipped,/home/ubuntu/repotesting/data-warehouse-service/umn/source/_static/images/en-us_image_0000002493971718.png,substitution_image,34,,,,,,,,,,,,fail,,,kein valides Bild,,,0,,
doc/dev-guide/source/dws_performance_tuning/sql_tuning_examples/cases_modifying_statements_that_cannot_be_pushed_down/case_table_in_targetlist_can_not_be_shipped.rst,Case: Table in TargetList Can Not Be Shipped,/home/ubuntu/repotesting/data-warehouse-service/umn/source/_static/images/en-us_image_0000002526131815.png,substitution_image,35,,,,,,,,,,,,fail,,,kein valides Bild,,,0,,
doc/dev-guide/source/dws_performance_tuning/sql_tuning_examples/cases_modifying_statements_that_cannot_be_pushed_down/case_the_type_of_record_in_dual_that_is_not_a_real_table_can_not_be_shipped.rst,Case: The Type of Record in DUAL That Is Not a Real Table Can Not Be Shipped,,,,,,,,,,,,,,,fail,kein valides Bild,,,,,0,,
doc/dev-guide/source/dws_performance_tuning/sql_tuning_examples/cases_modifying_statements_that_cannot_be_pushed_down/case_the_type_of_record_in_dual_that_is_not_a_real_table_can_not_be_shipped.rst,Case: The Type of Record in DUAL That Is Not a Real Table Can Not Be Shipped,/home/ubuntu/repotesting/data-warehouse-service/umn/source/_static/images/en-us_image_0000002526271425.png,substitution_image,55,,,,,,,,,,,,fail,,,kein valides Bild,,,0,,
doc/dev-guide/source/dws_performance_tuning/sql_tuning_examples/cases_modifying_statements_that_cannot_be_pushed_down/case_the_type_of_record_in_dual_that_is_not_a_real_table_can_not_be_shipped.rst,Case: The Type of Record in DUAL That Is Not a Real Table Can Not Be Shipped,/home/ubuntu/repotesting/data-warehouse-service/umn/source/_static/images/en-us_image_0000002526313205.png,substitution_image,56,,,,,,,,,,,,fail,,,kein valides Bild,,,0,,
doc/dev-guide/source/dws_performance_tuning/sql_tuning_examples/cases_modifying_statements_that_cannot_be_pushed_down/case_the_type_of_record_in_dual_that_is_not_a_real_table_can_not_be_shipped.rst,Case: The Type of Record in DUAL That Is Not a Real Table Can Not Be Shipped,/home/ubuntu/repotesting/data-warehouse-service/umn/source/_static/images/en-us_image_0000002493993772.png,substitution_image,57,,,,,,,,,,,,fail,,,kein valides Bild,,,0,,
doc/dev-guide/source/dws_performance_tuning/sql_tuning_examples/cases_modifying_statements_that_cannot_be_pushed_down/case_type_of_record_in_targetlist_can_not_be_shipped.rst,Case: Type of Record in TargetList Can Not Be Shipped,,,,,,,,,,,,,,,fail,kein valides Bild,,,,,0,,
doc/dev-guide/source/dws_performance_tuning/sql_tuning_examples/cases_modifying_statements_that_cannot_be_pushed_down/case_type_of_record_in_targetlist_can_not_be_shipped.rst,Case: Type of Record in TargetList Can Not Be Shipped,/home/ubuntu/repotesting/data-warehouse-service/umn/source/_static/images/en-us_image_0000002493930042.png,substitution_image,67,,,,,,,,,,,,fail,,,kein valides Bild,,,0,,
doc/dev-guide/source/dws_performance_tuning/sql_tuning_examples/cases_modifying_statements_that_cannot_be_pushed_down/case_with-recursive_contains_conflict_distribution_in_none-recursive_xxx_recursive_xxx.rst,Case: WITH-RECURSIVE Contains Conflict Distribution in None-RECURSIVE (Xxx) RECURSIVE (Xxx),,,,,,,,,,,,,,,fail,kein valides Bild,,,,,0,,
doc/dev-guide/source/dws_performance_tuning/sql_tuning_examples/cases_modifying_statements_that_cannot_be_pushed_down/case_with-recursive_contains_conflict_distribution_in_none-recursive_xxx_recursive_xxx.rst,Case: WITH-RECURSIVE Contains Conflict Distribution in None-RECURSIVE (Xxx) RECURSIVE (Xxx),/home/ubuntu/repotesting/data-warehouse-service/umn/source/_static/images/en-us_image_0000002494126958.png,substitution_image,96,,,,,,,,,,,,fail,,,kein valides Bild,,,0,,
doc/dev-guide/source/dws_performance_tuning/sql_tuning_examples/cases_modifying_statements_that_cannot_be_pushed_down/case_with-recursive_contains_conflict_distribution_in_none-recursive_xxx_recursive_xxx.rst,Case: WITH-RECURSIVE Contains Conflict Distribution in None-RECURSIVE (Xxx) RECURSIVE (Xxx),/home/ubuntu/repotesting/data-warehouse-service/umn/source/_static/images/en-us_image_0000002494127274.png,substitution_image,97,,,,,,,,,,,,fail,,,kein valides Bild,,,0,,
doc/dev-guide/source/dws_performance_tuning/sql_tuning_examples/cases_modifying_statements_that_cannot_be_pushed_down/case_with-recursive_contains_system_table_is_not_shippable.rst,Case: WITH-RECURSIVE Contains System Table Is Not Shippable,,,,,,,,,,,,,,,fail,kein valides Bild,,,,,0,,
doc/dev-guide/source/dws_performance_tuning/sql_tuning_examples/cases_modifying_statements_that_cannot_be_pushed_down/case_with-recursive_contains_system_table_is_not_shippable.rst,Case: WITH-RECURSIVE Contains System Table Is Not Shippable,/home/ubuntu/repotesting/data-warehouse-service/umn/source/_static/images/en-us_image_0000002525801453.png,substitution_image,62,,,,,,,,,,,,fail,,,kein valides Bild,,,0,,
doc/dev-guide/source/dws_performance_tuning/sql_tuning_examples/cases_modifying_statements_that_cannot_be_pushed_down/cases_with-recursive_contains_only_values_rte_is_not_shippable.rst,Cases: WITH-RECURSIVE Contains Only VALUES RTE Is Not Shippable,,,,,,,,,,,,,,,fail,kein valides Bild,,,,,0,,
doc/dev-guide/source/dws_performance_tuning/sql_tuning_examples/cases_modifying_statements_that_cannot_be_pushed_down/cases_with-recursive_contains_only_values_rte_is_not_shippable.rst,Cases: WITH-RECURSIVE Contains Only VALUES RTE Is Not Shippable,/home/ubuntu/repotesting/data-warehouse-service/umn/source/_static/images/en-us_image_0000002525799813.png,substitution_image,219,,,,,,,,,,,,fail,,,kein valides Bild,,,0,,
doc/dev-guide/source/dws_performance_tuning/sql_tuning_examples/cases_modifying_statements_that_cannot_be_pushed_down/cases_with-recursive_contains_only_values_rte_is_not_shippable.rst,Cases: WITH-RECURSIVE Contains Only VALUES RTE Is Not Shippable,/home/ubuntu/repotesting/data-warehouse-service/umn/source/_static/images/en-us_image_0000002493600422.png,substitution_image,220,,,,,,,,,,,,fail,,,kein valides Bild,,,0,,
doc/dev-guide/source/dws_performance_tuning/sql_tuning_examples/cases_modifying_statements_that_cannot_be_pushed_down/cases_with-recursive_contains_only_values_rte_is_not_shippable.rst,Cases: WITH-RECURSIVE Contains Only VALUES RTE Is Not Shippable,/home/ubuntu/repotesting/data-warehouse-service/umn/source/_static/images/en-us_image_0000002525800527.png,substitution_image,221,,,,,,,,,,,,fail,,,kein valides Bild,,,0,,
doc/dev-guide/source/dws_performance_tuning/sql_tuning_examples/cases_modifying_statements_that_cannot_be_pushed_down/cases_with-recursive_contains_only_values_rte_is_not_shippable.rst,Cases: WITH-RECURSIVE Contains Only VALUES RTE Is Not Shippable,/home/ubuntu/repotesting/data-warehouse-service/umn/source/_static/images/en-us_image_0000002525920565.png,substitution_image,222,,,,,,,,,,,,fail,,,kein valides Bild,,,0,,
doc/dev-guide/source/dws_performance_tuning/sql_tuning_examples/cases_modifying_statements_that_cannot_be_pushed_down/cases_with-recursive_under_multi-nodegroup_scenario_is_not_shippable.rst,Cases: WITH-RECURSIVE under Multi-nodegroup Scenario Is Not Shippable,,,,,,,,,,,,,,,fail,kein valides Bild,,,,,0,,
doc/dev-guide/source/dws_performance_tuning/sql_tuning_examples/cases_modifying_statements_that_cannot_be_pushed_down/cases_with-recursive_under_multi-nodegroup_scenario_is_not_shippable.rst,Cases: WITH-RECURSIVE under Multi-nodegroup Scenario Is Not Shippable,/home/ubuntu/repotesting/data-warehouse-service/umn/source/_static/images/en-us_image_0000002494108170.png,substitution_image,220,,,,,,,,,,,,fail,,,kein valides Bild,,,0,,
doc/dev-guide/source/dws_performance_tuning/sql_tuning_examples/cases_modifying_statements_that_cannot_be_pushed_down/cases_with-recursive_under_multi-nodegroup_scenario_is_not_shippable.rst,Cases: WITH-RECURSIVE under Multi-nodegroup Scenario Is Not Shippable,/home/ubuntu/repotesting/data-warehouse-service/umn/source/_static/images/en-us_image_0000002494109438.png,substitution_image,221,,,,,,,,,,,,fail,,,kein valides Bild,,,0,,
doc/dev-guide/source/dws_performance_tuning/sql_tuning_examples/cases_modifying_statements_that_cannot_be_pushed_down/cases_with-recursive_under_multi-nodegroup_scenario_is_not_shippable.rst,Cases: WITH-RECURSIVE under Multi-nodegroup Scenario Is Not Shippable,/home/ubuntu/repotesting/data-warehouse-service/umn/source/_static/images/en-us_image_0000002494126362.png,substitution_image,222,,,,,,,,,,,,fail,,,kein valides Bild,,,0,,
doc/dev-guide/source/dws_performance_tuning/system_optimization/smp_parallel_execution.rst,SMP Parallel Execution,,,,,,,,,,,,,,,fail,kein valides Bild,,,,,0,,
doc/dev-guide/source/dws_performance_tuning/system_optimization/smp_parallel_execution.rst,SMP Parallel Execution,/home/ubuntu/repotesting/data-warehouse-service/umn/source/_static/images/en-us_image_0000002628857678.jpg,substitution_image,150,,,,,,,,,,,,fail,,,kein valides Bild,,,0,,
doc/dev-guide/source/dws_resource_monitoring/example_for_querying_for_top_sqls.rst,Example for Querying for Top SQLs,,,,,,,,,,,,,,,fail,kein valides Bild,,,,,0,,
doc/dev-guide/source/dws_resource_monitoring/example_for_querying_for_top_sqls.rst,Example for Querying for Top SQLs,/home/ubuntu/repotesting/data-warehouse-service/umn/source/_static/images/en-us_image_0000001764651120.png,figure,63,,,,,,,,,,,,fail,,,kein valides Bild,,,0,,
doc/dev-guide/source/dws_stored_procedures/basic_statements_of_dws_stored_procedures.rst,Basic Statements of DWS Stored Procedures,,,,,,,,,,,,,,,fail,kein valides Bild,,,,,0,,
doc/dev-guide/source/dws_stored_procedures/basic_statements_of_dws_stored_procedures.rst,Basic Statements of DWS Stored Procedures,/home/ubuntu/repotesting/data-warehouse-service/umn/source/_static/images/en-us_image_0000002040329244.png,figure,19,,,,,,,,,,,,fail,,,kein valides Bild,,,0,,
doc/dev-guide/source/dws_stored_procedures/basic_statements_of_dws_stored_procedures.rst,Basic Statements of DWS Stored Procedures,/home/ubuntu/repotesting/data-warehouse-service/umn/source/_static/images/en-us_image_0000002040170940.png,figure,101,,,,,,,,,,,,fail,,,kein valides Bild,,,0,,
doc/dev-guide/source/dws_stored_procedures/basic_statements_of_dws_stored_procedures.rst,Basic Statements of DWS Stored Procedures,/home/ubuntu/repotesting/data-warehouse-service/umn/source/_static/images/en-us_image_0000002076330085.png,figure,132,,,,,,,,,,,,fail,,,kein valides Bild,,,0,,
doc/dev-guide/source/dws_stored_procedures/control_statements_of_dws_stored_procedure/branch_statements.rst,Branch Statements,,,,,,,,,,,,,,,fail,kein valides Bild,,,,,0,,
doc/dev-guide/source/dws_stored_procedures/control_statements_of_dws_stored_procedure/branch_statements.rst,Branch Statements,/home/ubuntu/repotesting/data-warehouse-service/umn/source/_static/images/en-us_image_0000001811491505.png,figure,15,,,,,,,,,,,,fail,,,kein valides Bild,,,0,,
doc/dev-guide/source/dws_stored_procedures/control_statements_of_dws_stored_procedure/branch_statements.rst,Branch Statements,/home/ubuntu/repotesting/data-warehouse-service/umn/source/_static/images/en-us_image_0000001811610581.png,figure,24,,,,,,,,,,,,fail,,,kein valides Bild,,,0,,
doc/dev-guide/source/dws_stored_procedures/control_statements_of_dws_stored_procedure/conditional_statements.rst,Conditional Statements,,,,,,,,,,,,,,,fail,kein valides Bild,,,,,0,,
doc/dev-guide/source/dws_stored_procedures/control_statements_of_dws_stored_procedure/conditional_statements.rst,Conditional Statements,/home/ubuntu/repotesting/data-warehouse-service/umn/source/_static/images/en-us_image_0000001764492144.jpg,figure,15,,,,,,,,,,,,fail,,,kein valides Bild,,,0,,
doc/dev-guide/source/dws_stored_procedures/control_statements_of_dws_stored_procedure/conditional_statements.rst,Conditional Statements,/home/ubuntu/repotesting/data-warehouse-service/umn/source/_static/images/en-us_image_0000001764492148.jpg,figure,33,,,,,,,,,,,,fail,,,kein valides Bild,,,0,,
doc/dev-guide/source/dws_stored_procedures/control_statements_of_dws_stored_procedure/conditional_statements.rst,Conditional Statements,/home/ubuntu/repotesting/data-warehouse-service/umn/source/_static/images/en-us_image_0000001811610493.png,figure,70,,,,,,,,,,,,fail,,,kein valides Bild,,,0,,
doc/dev-guide/source/dws_stored_procedures/control_statements_of_dws_stored_procedure/goto_statements.rst,GOTO Statements,,,,,,,,,,,,,,,fail,kein valides Bild,,,,,0,,
doc/dev-guide/source/dws_stored_procedures/control_statements_of_dws_stored_procedure/goto_statements.rst,GOTO Statements,/home/ubuntu/repotesting/data-warehouse-service/umn/source/_static/images/en-us_image_0000001811610621.png,substitution_image,132,,,,,,,,,,,,fail,,,kein valides Bild,,,0,,
doc/dev-guide/source/dws_stored_procedures/control_statements_of_dws_stored_procedure/goto_statements.rst,GOTO Statements,/home/ubuntu/repotesting/data-warehouse-service/umn/source/_static/images/en-us_image_0000001811491541.png,substitution_image,133,,,,,,,,,,,,fail,,,kein valides Bild,,,0,,
doc/dev-guide/source/dws_stored_procedures/control_statements_of_dws_stored_procedure/loop_statements.rst,Loop Statements,,,,,,,,,,,,,,,fail,kein valides Bild,,,,,0,,
doc/dev-guide/source/dws_stored_procedures/control_statements_of_dws_stored_procedure/loop_statements.rst,Loop Statements,/home/ubuntu/repotesting/data-warehouse-service/umn/source/_static/images/en-us_image_0000001764492168.png,figure,14,,,,,,,,,,,,fail,,,kein valides Bild,,,0,,
doc/dev-guide/source/dws_stored_procedures/control_statements_of_dws_stored_procedure/loop_statements.rst,Loop Statements,/home/ubuntu/repotesting/data-warehouse-service/umn/source/_static/images/en-us_image_0000001764492164.png,figure,50,,,,,,,,,,,,fail,,,kein valides Bild,,,0,,
doc/dev-guide/source/dws_stored_procedures/control_statements_of_dws_stored_procedure/loop_statements.rst,Loop Statements,/home/ubuntu/repotesting/data-warehouse-service/umn/source/_static/images/en-us_image_0000001811491441.png,figure,87,,,,,,,,,,,,fail,,,kein valides Bild,,,0,,
doc/dev-guide/source/dws_stored_procedures/control_statements_of_dws_stored_procedure/loop_statements.rst,Loop Statements,/home/ubuntu/repotesting/data-warehouse-service/umn/source/_static/images/en-us_image_0000001811610513.png,figure,123,,,,,,,,,,,,fail,,,kein valides Bild,,,0,,
doc/dev-guide/source/dws_stored_procedures/control_statements_of_dws_stored_procedure/loop_statements.rst,Loop Statements,/home/ubuntu/repotesting/data-warehouse-service/umn/source/_static/images/en-us_image_0000001811491437.png,figure,159,,,,,,,,,,,,fail,,,kein valides Bild,,,0,,
doc/dev-guide/source/dws_stored_procedures/control_statements_of_dws_stored_procedure/return_statements.rst,RETURN Statements,,,,,,,,,,,,,,,fail,kein valides Bild,,,,,0,,
doc/dev-guide/source/dws_stored_procedures/control_statements_of_dws_stored_procedure/return_statements.rst,RETURN Statements,/home/ubuntu/repotesting/data-warehouse-service/umn/source/_static/images/en-us_image_0000002076373741.jpg,figure,19,,,,,,,,,,,,fail,,,kein valides Bild,,,0,,
doc/dev-guide/source/dws_stored_procedures/control_statements_of_dws_stored_procedure/return_statements.rst,RETURN Statements,/home/ubuntu/repotesting/data-warehouse-service/umn/source/_static/images/en-us_image_0000002040176034.png,substitution_image,148,,,,,,,,,,,,fail,,,kein valides Bild,,,0,,
doc/dev-guide/source/dws_stored_procedures/control_statements_of_dws_stored_procedure/return_statements.rst,RETURN Statements,/home/ubuntu/repotesting/data-warehouse-service/umn/source/_static/images/en-us_image_0000002076335169.png,substitution_image,149,,,,,,,,,,,,fail,,,kein valides Bild,,,0,,
doc/dev-guide/source/dws_stored_procedures/declaration_syntax_of_dws_stored_procedures.rst,Declaration Syntax of DWS Stored Procedures,,,,,,,,,,,,,,,fail,kein valides Bild,,,,,0,,
doc/dev-guide/source/dws_stored_procedures/declaration_syntax_of_dws_stored_procedures.rst,Declaration Syntax of DWS Stored Procedures,/home/ubuntu/repotesting/data-warehouse-service/umn/source/_static/images/en-us_image_0000002040296520.png,figure,70,,,,,,,,,,,,fail,,,kein valides Bild,,,0,,
doc/dev-guide/source/dws_stored_procedures/dws_stored_procedure_array_and_record/record.rst,record,,,,,,,,,,,,,,,fail,kein valides Bild,,,,,0,,
doc/dev-guide/source/dws_stored_procedures/dws_stored_procedure_array_and_record/record.rst,record,/home/ubuntu/repotesting/data-warehouse-service/umn/source/_static/images/en-us_image_0000001764492120.png,figure,22,,,,,,,,,,,,fail,,,kein valides Bild,,,0,,
doc/dev-guide/source/dws_stored_procedures/dws_stored_procedure_cursors/cursor_loop.rst,Cursor Loop,,,,,,,,,,,,,,,fail,kein valides Bild,,,,,0,,
doc/dev-guide/source/dws_stored_procedures/dws_stored_procedure_cursors/cursor_loop.rst,Cursor Loop,/home/ubuntu/repotesting/data-warehouse-service/umn/source/_static/images/en-us_image_0000001764651064.png,figure,17,,,,,,,,,,,,fail,,,kein valides Bild,,,0,,
doc/dev-guide/source/dws_stored_procedures/dws_stored_procedure_cursors/explicit_cursor.rst,Explicit Cursor,,,,,,,,,,,,,,,fail,kein valides Bild,,,,,0,,
doc/dev-guide/source/dws_stored_procedures/dws_stored_procedure_cursors/explicit_cursor.rst,Explicit Cursor,/home/ubuntu/repotesting/data-warehouse-service/umn/source/_static/images/en-us_image_0000001764492260.jpg,figure,21,,,,,,,,,,,,fail,,,kein valides Bild,,,0,,
doc/dev-guide/source/dws_stored_procedures/dws_stored_procedure_cursors/explicit_cursor.rst,Explicit Cursor,/home/ubuntu/repotesting/data-warehouse-service/umn/source/_static/images/en-us_image_0000001764651216.png,figure,48,,,,,,,,,,,,fail,,,kein valides Bild,,,0,,
doc/dev-guide/source/dws_stored_procedures/dws_stored_procedure_cursors/explicit_cursor.rst,Explicit Cursor,/home/ubuntu/repotesting/data-warehouse-service/umn/source/_static/images/en-us_image_0000001764492264.png,figure,57,,,,,,,,,,,,fail,,,kein valides Bild,,,0,,
doc/dev-guide/source/dws_stored_procedures/dws_stored_procedure_cursors/explicit_cursor.rst,Explicit Cursor,/home/ubuntu/repotesting/data-warehouse-service/umn/source/_static/images/en-us_image_0000001811610617.png,figure,68,,,,,,,,,,,,fail,,,kein valides Bild,,,0,,
doc/dev-guide/source/dws_stored_procedures/dws_stored_procedure_cursors/explicit_cursor.rst,Explicit Cursor,/home/ubuntu/repotesting/data-warehouse-service/umn/source/_static/images/en-us_image_0000001764492268.png,figure,79,,,,,,,,,,,,fail,,,kein valides Bild,,,0,,
doc/dev-guide/source/dws_stored_procedures/dws_stored_procedure_cursors/explicit_cursor.rst,Explicit Cursor,/home/ubuntu/repotesting/data-warehouse-service/umn/source/_static/images/en-us_image_0000001811491529.png,figure,92,,,,,,,,,,,,fail,,,kein valides Bild,,,0,,
doc/dev-guide/source/dws_stored_procedures/dws_stored_procedure_cursors/explicit_cursor.rst,Explicit Cursor,/home/ubuntu/repotesting/data-warehouse-service/umn/source/_static/images/en-us_image_0000001811610605.jpg,figure,107,,,,,,,,,,,,fail,,,kein valides Bild,,,0,,
doc/dev-guide/source/dws_stored_procedures/dws_stored_procedure_debugging.rst,DWS Stored Procedure Debugging,,,,,,,,,,,,,,,fail,kein valides Bild,,,,,0,,
doc/dev-guide/source/dws_stored_procedures/dws_stored_procedure_debugging.rst,DWS Stored Procedure Debugging,/home/ubuntu/repotesting/data-warehouse-service/umn/source/_static/images/en-us_image_0000001811491549.png,figure,14,,,,,,,,,,,,fail,,,kein valides Bild,,,0,,
doc/dev-guide/source/dws_stored_procedures/dws_stored_procedure_debugging.rst,DWS Stored Procedure Debugging,/home/ubuntu/repotesting/data-warehouse-service/umn/source/_static/images/en-us_image_0000001764651228.png,figure,20,,,,,,,,,,,,fail,,,kein valides Bild,,,0,,
doc/dev-guide/source/dws_stored_procedures/dws_stored_procedure_debugging.rst,DWS Stored Procedure Debugging,/home/ubuntu/repotesting/data-warehouse-service/umn/source/_static/images/en-us_image_0000001811491545.png,figure,26,,,,,,,,,,,,fail,,,kein valides Bild,,,0,,
doc/dev-guide/source/dws_stored_procedures/dws_stored_procedure_debugging.rst,DWS Stored Procedure Debugging,/home/ubuntu/repotesting/data-warehouse-service/umn/source/_static/images/en-us_image_0000001764651232.png,figure,32,,,,,,,,,,,,fail,,,kein valides Bild,,,0,,
doc/dev-guide/source/dws_stored_procedures/dws_stored_procedure_debugging.rst,DWS Stored Procedure Debugging,/home/ubuntu/repotesting/data-warehouse-service/umn/source/_static/images/en-us_image_0000001764651224.png,figure,39,,,,,,,,,,,,fail,,,kein valides Bild,,,0,,
doc/dev-guide/source/dws_stored_procedures/dynamic_statements_of_dws_stored_procedures/dynamically_calling_anonymous_blocks.rst,Dynamically Calling Anonymous Blocks,,,,,,,,,,,,,,,fail,kein valides Bild,,,,,0,,
doc/dev-guide/source/dws_stored_procedures/dynamic_statements_of_dws_stored_procedures/dynamically_calling_anonymous_blocks.rst,Dynamically Calling Anonymous Blocks,/home/ubuntu/repotesting/data-warehouse-service/umn/source/_static/images/en-us_image_0000001764492280.png,figure,17,,,,,,,,,,,,fail,,,kein valides Bild,,,0,,
doc/dev-guide/source/dws_stored_procedures/dynamic_statements_of_dws_stored_procedures/dynamically_calling_anonymous_blocks.rst,Dynamically Calling Anonymous Blocks,/home/ubuntu/repotesting/data-warehouse-service/umn/source/_static/images/en-us_image_0000001811610625.png,figure,26,,,,,,,,,,,,fail,,,kein valides Bild,,,0,,
doc/dev-guide/source/dws_stored_procedures/dynamic_statements_of_dws_stored_procedures/dynamically_calling_stored_procedures.rst,Dynamically Calling Stored Procedures,,,,,,,,,,,,,,,fail,kein valides Bild,,,,,0,,
doc/dev-guide/source/dws_stored_procedures/dynamic_statements_of_dws_stored_procedures/dynamically_calling_stored_procedures.rst,Dynamically Calling Stored Procedures,/home/ubuntu/repotesting/data-warehouse-service/umn/source/_static/images/en-us_image_0000001764492252.png,figure,17,,,,,,,,,,,,fail,,,kein valides Bild,,,0,,
doc/dev-guide/source/dws_stored_procedures/dynamic_statements_of_dws_stored_procedures/dynamically_calling_stored_procedures.rst,Dynamically Calling Stored Procedures,/home/ubuntu/repotesting/data-warehouse-service/umn/source/_static/images/en-us_image_0000001811491517.png,figure,26,,,,,,,,,,,,fail,,,kein valides Bild,,,0,,
doc/dev-guide/source/dws_stored_procedures/dynamic_statements_of_dws_stored_procedures/executing_dynamic_non-query_statements.rst,Executing Dynamic Non-query Statements,,,,,,,,,,,,,,,fail,kein valides Bild,,,,,0,,
doc/dev-guide/source/dws_stored_procedures/dynamic_statements_of_dws_stored_procedures/executing_dynamic_non-query_statements.rst,Executing Dynamic Non-query Statements,/home/ubuntu/repotesting/data-warehouse-service/umn/source/_static/images/en-us_image_0000001811610649.png,figure,15,,,,,,,,,,,,fail,,,kein valides Bild,,,0,,
doc/dev-guide/source/dws_stored_procedures/dynamic_statements_of_dws_stored_procedures/executing_dynamic_non-query_statements.rst,Executing Dynamic Non-query Statements,/home/ubuntu/repotesting/data-warehouse-service/umn/source/_static/images/en-us_image_0000001811491569.png,figure,24,,,,,,,,,,,,fail,,,kein valides Bild,,,0,,
doc/dev-guide/source/dws_stored_procedures/dynamic_statements_of_dws_stored_procedures/executing_dynamic_query_statements.rst,Executing Dynamic Query Statements,,,,,,,,,,,,,,,fail,kein valides Bild,,,,,0,,
doc/dev-guide/source/dws_stored_procedures/dynamic_statements_of_dws_stored_procedures/executing_dynamic_query_statements.rst,Executing Dynamic Query Statements,/home/ubuntu/repotesting/data-warehouse-service/umn/source/_static/images/en-us_image_0000001764651252.png,figure,17,,,,,,,,,,,,fail,,,kein valides Bild,,,0,,
doc/dev-guide/source/dws_stored_procedures/dynamic_statements_of_dws_stored_procedures/executing_dynamic_query_statements.rst,Executing Dynamic Query Statements,/home/ubuntu/repotesting/data-warehouse-service/umn/source/_static/images/en-us_image_0000001811610645.png,figure,26,,,,,,,,,,,,fail,,,kein valides Bild,,,0,,
doc/dev-guide/source/dws_stored_procedures/dynamic_statements_of_dws_stored_procedures/executing_dynamic_query_statements.rst,Executing Dynamic Query Statements,/home/ubuntu/repotesting/data-warehouse-service/umn/source/_static/images/en-us_image_0000001764651248.png,figure,87,,,,,,,,,,,,fail,,,kein valides Bild,,,0,,
doc/dev-guide/source/dws_system_catalogs_and_views/system_views/dba_tab_columns.rst,DBA_TAB_COLUMNS,,,,,,,,,,,,,,,fail,kein valides Bild,,,,,0,,
doc/dev-guide/source/dws_system_catalogs_and_views/system_views/dba_tab_columns.rst,DBA_TAB_COLUMNS,/home/ubuntu/repotesting/data-warehouse-service/umn/source/_static/images/en-us_image_0000002622089233.png,substitution_image,53,,,,,,,,,,,,fail,,,kein valides Bild,,,0,,
doc/dev-guide/source/dws_system_catalogs_and_views/system_views/dba_tab_partitions.rst,DBA_TAB_PARTITIONS,,,,,,,,,,,,,,,fail,kein valides Bild,,,,,0,,
doc/dev-guide/source/dws_system_catalogs_and_views/system_views/dba_tab_partitions.rst,DBA_TAB_PARTITIONS,/home/ubuntu/repotesting/data-warehouse-service/umn/source/_static/images/en-us_image_0000002591689546.png,substitution_image,62,,,,,,,,,,,,fail,,,kein valides Bild,,,0,,
doc/dev-guide/source/dws_system_catalogs_and_views/system_views/pg_indexes.rst,PG_INDEXES,,,,,,,,,,,,,,,fail,kein valides Bild,,,,,0,,
doc/dev-guide/source/dws_system_catalogs_and_views/system_views/pg_indexes.rst,PG_INDEXES,/home/ubuntu/repotesting/data-warehouse-service/umn/source/_static/images/en-us_image_0000002622009099.png,substitution_image,45,,,,,,,,,,,,fail,,,kein valides Bild,,,0,,
doc/dev-guide/source/dws_system_catalogs_and_views/system_views/pg_indexes.rst,PG_INDEXES,/home/ubuntu/repotesting/data-warehouse-service/umn/source/_static/images/en-us_image_0000002591529644.png,substitution_image,46,,,,,,,,,,,,fail,,,kein valides Bild,,,0,,
doc/dev-guide/source/dws_system_catalogs_and_views/system_views/pg_pooler_status.rst,PG_POOLER_STATUS,,,,,,,,,,,,,,,fail,kein valides Bild,,,,,0,,
doc/dev-guide/source/dws_system_catalogs_and_views/system_views/pg_pooler_status.rst,PG_POOLER_STATUS,/home/ubuntu/repotesting/data-warehouse-service/umn/source/_static/images/en-us_image_0000002622089235.png,substitution_image,48,,,,,,,,,,,,fail,,,kein valides Bild,,,0,,
doc/dev-guide/source/dws_system_catalogs_and_views/system_views/pg_stat_all_tables.rst,PG_STAT_ALL_TABLES,,,,,,,,,,,,,,,fail,kein valides Bild,,,,,0,,
doc/dev-guide/source/dws_system_catalogs_and_views/system_views/pg_stat_all_tables.rst,PG_STAT_ALL_TABLES,/home/ubuntu/repotesting/data-warehouse-service/umn/source/_static/images/en-us_image_0000002591689548.png,substitution_image,71,,,,,,,,,,,,fail,,,kein valides Bild,,,0,,
doc/dev-guide/source/dws_system_catalogs_and_views/system_views/pg_tables.rst,PG_TABLES,,,,,,,,,,,,,,,fail,kein valides Bild,,,,,0,,
doc/dev-guide/source/dws_system_catalogs_and_views/system_views/pg_tables.rst,PG_TABLES,/home/ubuntu/repotesting/data-warehouse-service/umn/source/_static/images/en-us_image_0000002622009101.png,substitution_image,47,,,,,,,,,,,,fail,,,kein valides Bild,,,0,,
doc/dev-guide/source/dws_system_catalogs_and_views/system_views/pg_tde_info.rst,PG_TDE_INFO,,,,,,,,,,,,,,,fail,kein valides Bild,,,,,0,,
doc/dev-guide/source/dws_system_catalogs_and_views/system_views/pg_tde_info.rst,PG_TDE_INFO,/home/ubuntu/repotesting/data-warehouse-service/umn/source/_static/images/en-us_image_0000002591529646.png,substitution_image,38,,,,,,,,,,,,fail,,,kein valides Bild,,,0,,
doc/dev-guide/source/dws_system_catalogs_and_views/system_views/pg_user.rst,PG_USER,,,,,,,,,,,,,,,fail,kein valides Bild,,,,,0,,
doc/dev-guide/source/dws_system_catalogs_and_views/system_views/pg_user.rst,PG_USER,/home/ubuntu/repotesting/data-warehouse-service/umn/source/_static/images/en-us_image_0000002622089237.png,substitution_image,59,,,,,,,,,,,,fail,,,kein valides Bild,,,0,,
doc/dev-guide/source/dws_system_catalogs_and_views/system_views/pg_views.rst,PG_VIEWS,,,,,,,,,,,,,,,fail,kein valides Bild,,,,,0,,
doc/dev-guide/source/dws_system_catalogs_and_views/system_views/pg_views.rst,PG_VIEWS,/home/ubuntu/repotesting/data-warehouse-service/umn/source/_static/images/en-us_image_0000002591689550.png,substitution_image,35,,,,,,,,,,,,fail,,,kein valides Bild,,,0,,
doc/dev-guide/source/dws_system_catalogs_and_views/system_views/pgxc_disk_cache_all_stats.rst,PGXC_DISK_CACHE_ALL_STATS,,,,,,,,,,,,,,,fail,kein valides Bild,,,,,0,,
doc/dev-guide/source/dws_system_catalogs_and_views/system_views/pgxc_disk_cache_all_stats.rst,PGXC_DISK_CACHE_ALL_STATS,/home/ubuntu/repotesting/data-warehouse-service/umn/source/_static/images/en-us_image_0000002591491894.png,substitution_image,59,,,,,,,,,,,,fail,,,kein valides Bild,,,0,,
doc/dev-guide/source/dws_system_catalogs_and_views/system_views/pgxc_disk_cache_path_info.rst,PGXC_DISK_CACHE_PATH_INFO,,,,,,,,,,,,,,,fail,kein valides Bild,,,,,0,,
doc/dev-guide/source/dws_system_catalogs_and_views/system_views/pgxc_disk_cache_path_info.rst,PGXC_DISK_CACHE_PATH_INFO,/home/ubuntu/repotesting/data-warehouse-service/umn/source/_static/images/en-us_image_0000002621971765.png,substitution_image,39,,,,,,,,,,,,fail,,,kein valides Bild,,,0,,
doc/dev-guide/source/dws_system_catalogs_and_views/system_views/pgxc_disk_cache_stats.rst,PGXC_DISK_CACHE_STATS,,,,,,,,,,,,,,,fail,kein valides Bild,,,,,0,,
doc/dev-guide/source/dws_system_catalogs_and_views/system_views/pgxc_disk_cache_stats.rst,PGXC_DISK_CACHE_STATS,/home/ubuntu/repotesting/data-warehouse-service/umn/source/_static/images/en-us_image_0000002621970923.png,substitution_image,41,,,,,,,,,,,,fail,,,kein valides Bild,,,0,,
doc/dev-guide/source/dws_system_catalogs_and_views/system_views/pgxc_get_stat_all_tables.rst,PGXC_GET_STAT_ALL_TABLES,,,,,,,,,,,,,,,fail,kein valides Bild,,,,,0,,
doc/dev-guide/source/dws_system_catalogs_and_views/system_views/pgxc_get_stat_all_tables.rst,PGXC_GET_STAT_ALL_TABLES,/home/ubuntu/repotesting/data-warehouse-service/umn/source/_static/images/en-us_image_0000002591492636.png,substitution_image,47,,,,,,,,,,,,fail,,,kein valides Bild,,,0,,
doc/dev-guide/source/dws_system_catalogs_and_views/system_views/pgxc_lwlocks.rst,PGXC_LWLOCKS,,,,,,,,,,,,,,,fail,kein valides Bild,,,,,0,,
doc/dev-guide/source/dws_system_catalogs_and_views/system_views/pgxc_lwlocks.rst,PGXC_LWLOCKS,/home/ubuntu/repotesting/data-warehouse-service/umn/source/_static/images/en-us_image_0000002591529642.png,substitution_image,47,,,,,,,,,,,,fail,,,kein valides Bild,,,0,,
doc/dev-guide/source/dws_system_catalogs_and_views/system_views/pgxc_obs_io_scheduler_periodic_stats.rst,PGXC_OBS_IO_SCHEDULER_PERIODIC_STATS,,,,,,,,,,,,,,,fail,kein valides Bild,,,,,0,,
doc/dev-guide/source/dws_system_catalogs_and_views/system_views/pgxc_obs_io_scheduler_periodic_stats.rst,PGXC_OBS_IO_SCHEDULER_PERIODIC_STATS,/home/ubuntu/repotesting/data-warehouse-service/umn/source/_static/images/en-us_image_0000002622348211.png,substitution_image,67,,,,,,,,,,,,fail,,,kein valides Bild,,,0,,
doc/dev-guide/source/dws_system_catalogs_and_views/system_views/pgxc_obs_io_scheduler_periodic_stats.rst,PGXC_OBS_IO_SCHEDULER_PERIODIC_STATS,/home/ubuntu/repotesting/data-warehouse-service/umn/source/_static/images/en-us_image_0000002591987484.png,substitution_image,68,,,,,,,,,,,,fail,,,kein valides Bild,,,0,,
doc/dev-guide/source/dws_system_catalogs_and_views/system_views/pgxc_stat_activity.rst,PGXC_STAT_ACTIVITY,,,,,,,,,,,,,,,fail,kein valides Bild,,,,,0,,
doc/dev-guide/source/dws_system_catalogs_and_views/system_views/pgxc_stat_activity.rst,PGXC_STAT_ACTIVITY,/home/ubuntu/repotesting/data-warehouse-service/umn/source/_static/images/en-us_image_0000002591828648.png,substitution_image,113,,,,,,,,,,,,fail,,,kein valides Bild,,,0,,
doc/dev-guide/source/dws_system_catalogs_and_views/system_views/pgxc_stat_activity.rst,PGXC_STAT_ACTIVITY,/home/ubuntu/repotesting/data-warehouse-service/umn/source/_static/images/en-us_image_0000002622308077.png,substitution_image,114,,,,,,,,,,,,fail,,,kein valides Bild,,,0,,
doc/dev-guide/source/dws_system_catalogs_and_views/system_views/pgxc_wlm_table_distribution_skewness.rst,PGXC_WLM_TABLE_DISTRIBUTION_SKEWNESS,,,,,,,,,,,,,,,fail,kein valides Bild,,,,,0,,
doc/dev-guide/source/dws_system_catalogs_and_views/system_views/pgxc_wlm_table_distribution_skewness.rst,PGXC_WLM_TABLE_DISTRIBUTION_SKEWNESS,/home/ubuntu/repotesting/data-warehouse-service/umn/source/_static/images/en-us_image_0000001764651192.png,substitution_image,67,,,,,,,,,,,,fail,,,kein valides Bild,,,0,,
doc/dev-guide/source/dws_system_catalogs_and_views/system_views/pgxc_wlm_table_distribution_skewness.rst,PGXC_WLM_TABLE_DISTRIBUTION_SKEWNESS,/home/ubuntu/repotesting/data-warehouse-service/umn/source/_static/images/en-us_image_0000001811610589.png,substitution_image,68,,,,,,,,,,,,fail,,,kein valides Bild,,,0,,
doc/dev-guide/source/hybrid_data_warehouse/hybrid_data_warehouse_binlog/subscribing_to_hybrid_data_warehouse_binlog.rst,Subscribing to Hybrid Data Warehouse Binlog,,,,,,,,,,,,,,,fail,kein valides Bild,,,,,0,,
doc/dev-guide/source/hybrid_data_warehouse/hybrid_data_warehouse_binlog/subscribing_to_hybrid_data_warehouse_binlog.rst,Subscribing to Hybrid Data Warehouse Binlog,/home/ubuntu/repotesting/data-warehouse-service/umn/source/_static/images/en-us_image_0000002080517038.png,substitution_image,226,,,,,,,,,,,,fail,,,kein valides Bild,,,0,,
doc/dev-guide/source/hybrid_data_warehouse/hybrid_data_warehouse_binlog/subscribing_to_hybrid_data_warehouse_binlog.rst,Subscribing to Hybrid Data Warehouse Binlog,/home/ubuntu/repotesting/data-warehouse-service/umn/source/_static/images/en-us_image_0000002473386344.png,substitution_image,227,,,,,,,,,,,,fail,,,kein valides Bild,,,0,,
doc/dev-guide/source/hybrid_data_warehouse/hybrid_data_warehouse_binlog/subscribing_to_hybrid_data_warehouse_binlog.rst,Subscribing to Hybrid Data Warehouse Binlog,/home/ubuntu/repotesting/data-warehouse-service/umn/source/_static/images/en-us_image_0000002080540000.png,substitution_image,228,,,,,,,,,,,,fail,,,kein valides Bild,,,0,,
doc/dev-guide/source/hybrid_data_warehouse/hybrid_data_warehouse_binlog/subscribing_to_hybrid_data_warehouse_binlog.rst,Subscribing to Hybrid Data Warehouse Binlog,/home/ubuntu/repotesting/data-warehouse-service/umn/source/_static/images/en-us_image_0000002080725436.png,substitution_image,229,,,,,,,,,,,,fail,,,kein valides Bild,,,0,,
doc/dev-guide/source/hybrid_data_warehouse/hybrid_data_warehouse_binlog/subscribing_to_hybrid_data_warehouse_binlog.rst,Subscribing to Hybrid Data Warehouse Binlog,/home/ubuntu/repotesting/data-warehouse-service/umn/source/_static/images/en-us_image_0000002116285845.png,substitution_image,230,,,,,,,,,,,,fail,,,kein valides Bild,,,0,,
doc/dev-guide/source/hybrid_data_warehouse/hybrid_data_warehouse_binlog/subscribing_to_hybrid_data_warehouse_binlog.rst,Subscribing to Hybrid Data Warehouse Binlog,/home/ubuntu/repotesting/data-warehouse-service/umn/source/_static/images/en-us_image_0000002080726488.png,substitution_image,231,,,,,,,,,,,,fail,,,kein valides Bild,,,0,,
doc/dev-guide/source/hybrid_data_warehouse/hybrid_data_warehouse_binlog/subscribing_to_hybrid_data_warehouse_binlog.rst,Subscribing to Hybrid Data Warehouse Binlog,/home/ubuntu/repotesting/data-warehouse-service/umn/source/_static/images/en-us_image_0000002080734274.png,substitution_image,232,,,,,,,,,,,,fail,,,kein valides Bild,,,0,,
doc/dev-guide/source/migrating_dws_data/exporting_data/exporting_data_to_obs/parallel_obs_data_export.rst,Parallel OBS Data Export,,,,,,,,,,,,,,,fail,kein valides Bild,,,,,0,,
doc/dev-guide/source/migrating_dws_data/exporting_data/exporting_data_to_obs/parallel_obs_data_export.rst,Parallel OBS Data Export,/home/ubuntu/repotesting/data-warehouse-service/umn/source/_static/images/en-us_image_0000002256307377.png,figure,85,,,,,,,,,,,,fail,,,kein valides Bild,,,0,,
doc/dev-guide/source/migrating_dws_data/exporting_data/exporting_data_to_obs/parallel_obs_data_export.rst,Parallel OBS Data Export,/home/ubuntu/repotesting/data-warehouse-service/umn/source/_static/images/en-us_image_0000002221267732.png,figure,119,,,,,,,,,,,,fail,,,kein valides Bild,,,0,,
doc/dev-guide/source/migrating_dws_data/exporting_data/using_gds_to_export_data_to_a_remote_server/exporting_data_in_parallel_using_gds.rst,Exporting Data In Parallel Using GDS,,,,,,,,,,,,,,,fail,kein valides Bild,,,,,0,,
doc/dev-guide/source/migrating_dws_data/exporting_data/using_gds_to_export_data_to_a_remote_server/exporting_data_in_parallel_using_gds.rst,Exporting Data In Parallel Using GDS,/home/ubuntu/repotesting/data-warehouse-service/umn/source/_static/images/en-us_image_0000001188163824.png,figure,40,,,,,,,,,,,,fail,,,kein valides Bild,,,0,,
doc/dev-guide/source/migrating_dws_data/exporting_data/using_gds_to_export_data_to_a_remote_server/exporting_data_in_parallel_using_gds.rst,Exporting Data In Parallel Using GDS,/home/ubuntu/repotesting/data-warehouse-service/umn/source/_static/images/en-us_image_0000001233563377.png,figure,69,,,,,,,,,,,,fail,,,kein valides Bild,,,0,,
doc/dev-guide/source/migrating_dws_data/importing_data/importing_data_from_mrs_to_a_cluster/preparing_data_in_an_mrs_cluster.rst,Preparing Data in an MRS Cluster,,,,,,,,,,,,,,,fail,kein valides Bild,,,,,0,,
doc/dev-guide/source/migrating_dws_data/importing_data/importing_data_from_mrs_to_a_cluster/preparing_data_in_an_mrs_cluster.rst,Preparing Data in an MRS Cluster,/home/ubuntu/repotesting/data-warehouse-service/umn/source/_static/images/en-us_image_0000001636122557.png,substitution_image,200,,,,,,,,,,,,fail,,,kein valides Bild,,,0,,
doc/dev-guide/source/migrating_dws_data/importing_data/importing_data_from_obs_in_parallel/parallel_data_import_from_obs.rst,Parallel Data Import from OBS,,,,,,,,,,,,,,,fail,kein valides Bild,,,,,0,,
doc/dev-guide/source/migrating_dws_data/importing_data/importing_data_from_obs_in_parallel/parallel_data_import_from_obs.rst,Parallel Data Import from OBS,/home/ubuntu/repotesting/data-warehouse-service/umn/source/_static/images/en-us_image_0000002221491198.jpg,figure,108,,,,,,,,,,,,fail,,,kein valides Bild,,,0,,
doc/dev-guide/source/migrating_dws_data/importing_data/importing_data_from_obs_in_parallel/parallel_data_import_from_obs.rst,Parallel Data Import from OBS,/home/ubuntu/repotesting/data-warehouse-service/umn/source/_static/images/en-us_image_0000002256410929.png,figure,117,,,,,,,,,,,,fail,,,kein valides Bild,,,0,,
doc/dev-guide/source/migrating_dws_data/importing_data/using_gds_to_import_data_from_a_remote_server/importing_data_in_parallel_using_gds.rst,Importing Data In Parallel Using GDS,,,,,,,,,,,,,,,fail,kein valides Bild,,,,,0,,
doc/dev-guide/source/migrating_dws_data/importing_data/using_gds_to_import_data_from_a_remote_server/importing_data_in_parallel_using_gds.rst,Importing Data In Parallel Using GDS,/home/ubuntu/repotesting/data-warehouse-service/umn/source/_static/images/en-us_image_0000001799299941.png,figure,39,,,,,,,,,,,,fail,,,kein valides Bild,,,0,,
doc/dev-guide/source/migrating_dws_data/importing_data/using_gds_to_import_data_from_a_remote_server/importing_data_in_parallel_using_gds.rst,Importing Data In Parallel Using GDS,/home/ubuntu/repotesting/data-warehouse-service/umn/source/_static/images/en-us_image_0000001188163822.png,figure,60,,,,,,,,,,,,fail,,,kein valides Bild,,,0,,
doc/dev-guide/source/migrating_dws_data/importing_data/using_gds_to_import_data_from_a_remote_server/importing_data_in_parallel_using_gds.rst,Importing Data In Parallel Using GDS,/home/ubuntu/repotesting/data-warehouse-service/umn/source/_static/images/en-us_image_0000001188482352.png,figure,85,,,,,,,,,,,,fail,,,kein valides Bild,,,0,,
doc/dev-guide/source/sql_syntax_reference/data_types/boolean_type.rst,Boolean Type,,,,,,,,,,,,,,,fail,kein valides Bild,,,,,0,,
doc/dev-guide/source/sql_syntax_reference/data_types/boolean_type.rst,Boolean Type,/home/ubuntu/repotesting/data-warehouse-service/umn/source/_static/images/en-us_image_0000002568800157.png,substitution_image,71,,,,,,,,,,,,fail,,,kein valides Bild,,,0,,
doc/dev-guide/source/sql_syntax_reference/data_types/boolean_type.rst,Boolean Type,/home/ubuntu/repotesting/data-warehouse-service/umn/source/_static/images/en-us_image_0000002537960450.png,substitution_image,72,,,,,,,,,,,,fail,,,kein valides Bild,,,0,,
doc/dev-guide/source/sql_syntax_reference/dcl_syntax/analyze_|_analyse.rst,ANALYZE \| ANALYSE,,,,,,,,,,,,,,,fail,kein valides Bild,,,,,0,,
doc/dev-guide/source/sql_syntax_reference/dcl_syntax/analyze_|_analyse.rst,ANALYZE \| ANALYSE,/home/ubuntu/repotesting/data-warehouse-service/umn/source/_static/images/en-us_image_0000002568839293.png,substitution_image,232,,,,,,,,,,,,fail,,,kein valides Bild,,,0,,
doc/dev-guide/source/sql_syntax_reference/dcl_syntax/execute_direct.rst,EXECUTE DIRECT,,,,,,,,,,,,,,,fail,kein valides Bild,,,,,0,,
doc/dev-guide/source/sql_syntax_reference/dcl_syntax/execute_direct.rst,EXECUTE DIRECT,/home/ubuntu/repotesting/data-warehouse-service/umn/source/_static/images/en-us_image_0000002611738189.png,substitution_image,53,,,,,,,,,,,,fail,,,kein valides Bild,,,0,,
doc/dev-guide/source/sql_syntax_reference/ddl_syntax/connections_sessions_and_resource_clearing/discard.rst,DISCARD,,,,,,,,,,,,,,,fail,kein valides Bild,,,,,0,,
doc/dev-guide/source/sql_syntax_reference/ddl_syntax/connections_sessions_and_resource_clearing/discard.rst,DISCARD,/home/ubuntu/repotesting/data-warehouse-service/umn/source/_static/images/en-us_image_0000002611632297.png,substitution_image,143,,,,,,,,,,,,fail,,,kein valides Bild,,,0,,
doc/dev-guide/source/sql_syntax_reference/ddl_syntax/connections_sessions_and_resource_clearing/discard.rst,DISCARD,/home/ubuntu/repotesting/data-warehouse-service/umn/source/_static/images/en-us_image_0000002611632449.png,substitution_image,144,,,,,,,,,,,,fail,,,kein valides Bild,,,0,,
doc/dev-guide/source/sql_syntax_reference/ddl_syntax/connections_sessions_and_resource_clearing/discard.rst,DISCARD,/home/ubuntu/repotesting/data-warehouse-service/umn/source/_static/images/en-us_image_0000002581233602.png,substitution_image,145,,,,,,,,,,,,fail,,,kein valides Bild,,,0,,
doc/dev-guide/source/sql_syntax_reference/ddl_syntax/connections_sessions_and_resource_clearing/discard.rst,DISCARD,/home/ubuntu/repotesting/data-warehouse-service/umn/source/_static/images/en-us_image_0000002611633027.png,substitution_image,146,,,,,,,,,,,,fail,,,kein valides Bild,,,0,,
doc/dev-guide/source/sql_syntax_reference/ddl_syntax/connections_sessions_and_resource_clearing/discard.rst,DISCARD,/home/ubuntu/repotesting/data-warehouse-service/umn/source/_static/images/en-us_image_0000002611633103.png,substitution_image,147,,,,,,,,,,,,fail,,,kein valides Bild,,,0,,
doc/dev-guide/source/sql_syntax_reference/ddl_syntax/connections_sessions_and_resource_clearing/discard.rst,DISCARD,/home/ubuntu/repotesting/data-warehouse-service/umn/source/_static/images/en-us_image_0000002611633753.png,substitution_image,148,,,,,,,,,,,,fail,,,kein valides Bild,,,0,,
doc/dev-guide/source/sql_syntax_reference/ddl_syntax/connections_sessions_and_resource_clearing/discard.rst,DISCARD,/home/ubuntu/repotesting/data-warehouse-service/umn/source/_static/images/en-us_image_0000002611713949.png,substitution_image,149,,,,,,,,,,,,fail,,,kein valides Bild,,,0,,
doc/dev-guide/source/sql_syntax_reference/ddl_syntax/connections_sessions_and_resource_clearing/discard.rst,DISCARD,/home/ubuntu/repotesting/data-warehouse-service/umn/source/_static/images/en-us_image_0000002611714013.png,substitution_image,150,,,,,,,,,,,,fail,,,kein valides Bild,,,0,,
doc/dev-guide/source/sql_syntax_reference/ddl_syntax/connections_sessions_and_resource_clearing/truncate.rst,TRUNCATE,,,,,,,,,,,,,,,fail,kein valides Bild,,,,,0,,
doc/dev-guide/source/sql_syntax_reference/ddl_syntax/connections_sessions_and_resource_clearing/truncate.rst,TRUNCATE,/home/ubuntu/repotesting/data-warehouse-service/umn/source/_static/images/en-us_image_0000002624990338.png,substitution_image,136,,,,,,,,,,,,fail,,,kein valides Bild,,,0,,
doc/dev-guide/source/sql_syntax_reference/ddl_syntax/connections_sessions_and_resource_clearing/truncate.rst,TRUNCATE,/home/ubuntu/repotesting/data-warehouse-service/umn/source/_static/images/en-us_image_0000002624990554.png,substitution_image,137,,,,,,,,,,,,fail,,,kein valides Bild,,,0,,
doc/dev-guide/source/sql_syntax_reference/ddl_syntax/connections_sessions_and_resource_clearing/truncate.rst,TRUNCATE,/home/ubuntu/repotesting/data-warehouse-service/umn/source/_static/images/en-us_image_0000002624990560.png,substitution_image,138,,,,,,,,,,,,fail,,,kein valides Bild,,,0,,
doc/dev-guide/source/sql_syntax_reference/ddl_syntax/data_masking_and_security/create_redaction_policy.rst,CREATE REDACTION POLICY,,,,,,,,,,,,,,,fail,kein valides Bild,,,,,0,,
doc/dev-guide/source/sql_syntax_reference/ddl_syntax/data_masking_and_security/create_redaction_policy.rst,CREATE REDACTION POLICY,/home/ubuntu/repotesting/data-warehouse-service/umn/source/_static/images/en-us_image_0000002583981178.png,substitution_image,199,,,,,,,,,,,,fail,,,kein valides Bild,,,0,,
doc/dev-guide/source/sql_syntax_reference/ddl_syntax/data_masking_and_security/create_redaction_policy.rst,CREATE REDACTION POLICY,/home/ubuntu/repotesting/data-warehouse-service/umn/source/_static/images/en-us_image_0000002583986126.png,substitution_image,200,,,,,,,,,,,,fail,,,kein valides Bild,,,0,,
doc/dev-guide/source/sql_syntax_reference/ddl_syntax/data_masking_and_security/create_redaction_policy.rst,CREATE REDACTION POLICY,/home/ubuntu/repotesting/data-warehouse-service/umn/source/_static/images/en-us_image_0000002583833820.png,substitution_image,201,,,,,,,,,,,,fail,,,kein valides Bild,,,0,,
doc/dev-guide/source/sql_syntax_reference/ddl_syntax/data_masking_and_security/create_redaction_policy.rst,CREATE REDACTION POLICY,/home/ubuntu/repotesting/data-warehouse-service/umn/source/_static/images/en-us_image_0000002583834358.png,substitution_image,202,,,,,,,,,,,,fail,,,kein valides Bild,,,0,,
doc/dev-guide/source/sql_syntax_reference/ddl_syntax/data_masking_and_security/create_row_level_security_policy.rst,CREATE ROW LEVEL SECURITY POLICY,,,,,,,,,,,,,,,fail,kein valides Bild,,,,,0,,
doc/dev-guide/source/sql_syntax_reference/ddl_syntax/data_masking_and_security/create_row_level_security_policy.rst,CREATE ROW LEVEL SECURITY POLICY,/home/ubuntu/repotesting/data-warehouse-service/umn/source/_static/images/en-us_image_0000002661248201.png,substitution_image,269,,,,,,,,,,,,fail,,,kein valides Bild,,,0,,
doc/dev-guide/source/sql_syntax_reference/ddl_syntax/data_masking_and_security/create_row_level_security_policy.rst,CREATE ROW LEVEL SECURITY POLICY,/home/ubuntu/repotesting/data-warehouse-service/umn/source/_static/images/en-us_image_0000002541921574.png,substitution_image,270,,,,,,,,,,,,fail,,,kein valides Bild,,,0,,
doc/dev-guide/source/sql_syntax_reference/ddl_syntax/data_masking_and_security/create_row_level_security_policy.rst,CREATE ROW LEVEL SECURITY POLICY,/home/ubuntu/repotesting/data-warehouse-service/umn/source/_static/images/en-us_image_0000002541921592.png,substitution_image,271,,,,,,,,,,,,fail,,,kein valides Bild,,,0,,
doc/dev-guide/source/sql_syntax_reference/ddl_syntax/data_masking_and_security/create_row_level_security_policy.rst,CREATE ROW LEVEL SECURITY POLICY,/home/ubuntu/repotesting/data-warehouse-service/umn/source/_static/images/en-us_image_0000002572521567.png,substitution_image,272,,,,,,,,,,,,fail,,,kein valides Bild,,,0,,
doc/dev-guide/source/sql_syntax_reference/ddl_syntax/data_masking_and_security/create_row_level_security_policy.rst,CREATE ROW LEVEL SECURITY POLICY,/home/ubuntu/repotesting/data-warehouse-service/umn/source/_static/images/en-us_image_0000002572601605.png,substitution_image,273,,,,,,,,,,,,fail,,,kein valides Bild,,,0,,
doc/dev-guide/source/sql_syntax_reference/ddl_syntax/databases_schemas_and_data_types/alter_schema.rst,ALTER SCHEMA,,,,,,,,,,,,,,,fail,kein valides Bild,,,,,0,,
doc/dev-guide/source/sql_syntax_reference/ddl_syntax/databases_schemas_and_data_types/alter_schema.rst,ALTER SCHEMA,/home/ubuntu/repotesting/data-warehouse-service/umn/source/_static/images/en-us_image_0000002565133741.png,substitution_image,140,,,,,,,,,,,,fail,,,kein valides Bild,,,0,,
doc/dev-guide/source/sql_syntax_reference/ddl_syntax/databases_schemas_and_data_types/alter_schema.rst,ALTER SCHEMA,/home/ubuntu/repotesting/data-warehouse-service/umn/source/_static/images/en-us_image_0000002534495786.png,substitution_image,141,,,,,,,,,,,,fail,,,kein valides Bild,,,0,,
doc/dev-guide/source/sql_syntax_reference/ddl_syntax/databases_schemas_and_data_types/alter_schema.rst,ALTER SCHEMA,/home/ubuntu/repotesting/data-warehouse-service/umn/source/_static/images/en-us_image_0000002565526677.png,substitution_image,142,,,,,,,,,,,,fail,,,kein valides Bild,,,0,,
doc/dev-guide/source/sql_syntax_reference/ddl_syntax/databases_schemas_and_data_types/alter_schema.rst,ALTER SCHEMA,/home/ubuntu/repotesting/data-warehouse-service/umn/source/_static/images/en-us_image_0000002565447077.png,substitution_image,143,,,,,,,,,,,,fail,,,kein valides Bild,,,0,,
doc/dev-guide/source/sql_syntax_reference/ddl_syntax/databases_schemas_and_data_types/create_schema.rst,CREATE SCHEMA,,,,,,,,,,,,,,,fail,kein valides Bild,,,,,0,,
doc/dev-guide/source/sql_syntax_reference/ddl_syntax/databases_schemas_and_data_types/create_schema.rst,CREATE SCHEMA,/home/ubuntu/repotesting/data-warehouse-service/umn/source/_static/images/en-us_image_0000002565133741.png,substitution_image,167,,,,,,,,,,,,fail,,,kein valides Bild,,,0,,
doc/dev-guide/source/sql_syntax_reference/ddl_syntax/databases_schemas_and_data_types/create_schema.rst,CREATE SCHEMA,/home/ubuntu/repotesting/data-warehouse-service/umn/source/_static/images/en-us_image_0000002534495786.png,substitution_image,168,,,,,,,,,,,,fail,,,kein valides Bild,,,0,,
doc/dev-guide/source/sql_syntax_reference/ddl_syntax/databases_schemas_and_data_types/create_schema.rst,CREATE SCHEMA,/home/ubuntu/repotesting/data-warehouse-service/umn/source/_static/images/en-us_image_0000002565526677.png,substitution_image,169,,,,,,,,,,,,fail,,,kein valides Bild,,,0,,
doc/dev-guide/source/sql_syntax_reference/ddl_syntax/databases_schemas_and_data_types/create_schema.rst,CREATE SCHEMA,/home/ubuntu/repotesting/data-warehouse-service/umn/source/_static/images/en-us_image_0000002565447077.png,substitution_image,170,,,,,,,,,,,,fail,,,kein valides Bild,,,0,,
doc/dev-guide/source/sql_syntax_reference/ddl_syntax/databases_schemas_and_data_types/create_type.rst,CREATE TYPE,,,,,,,,,,,,,,,fail,kein valides Bild,,,,,0,,
doc/dev-guide/source/sql_syntax_reference/ddl_syntax/databases_schemas_and_data_types/create_type.rst,CREATE TYPE,/home/ubuntu/repotesting/data-warehouse-service/umn/source/_static/images/en-us_image_0000002515751986.png,substitution_image,478,,,,,,,,,,,,fail,,,kein valides Bild,,,0,,
doc/dev-guide/source/sql_syntax_reference/ddl_syntax/databases_schemas_and_data_types/create_type.rst,CREATE TYPE,/home/ubuntu/repotesting/data-warehouse-service/umn/source/_static/images/en-us_image_0000002516045246.png,substitution_image,479,,,,,,,,,,,,fail,,,kein valides Bild,,,0,,
doc/dev-guide/source/sql_syntax_reference/ddl_syntax/databases_schemas_and_data_types/create_type.rst,CREATE TYPE,/home/ubuntu/repotesting/data-warehouse-service/umn/source/_static/images/en-us_image_0000002547734785.png,substitution_image,480,,,,,,,,,,,,fail,,,kein valides Bild,,,0,,
doc/dev-guide/source/sql_syntax_reference/ddl_syntax/databases_schemas_and_data_types/drop_database.rst,DROP DATABASE,,,,,,,,,,,,,,,fail,kein valides Bild,,,,,0,,
doc/dev-guide/source/sql_syntax_reference/ddl_syntax/databases_schemas_and_data_types/drop_database.rst,DROP DATABASE,/home/ubuntu/repotesting/data-warehouse-service/umn/source/_static/images/danger_3.0-en-us.png,substitution_image,85,,,,,,,,,,,,fail,,,kein valides Bild,,,0,,
doc/dev-guide/source/sql_syntax_reference/ddl_syntax/databases_schemas_and_data_types/drop_schema.rst,DROP SCHEMA,,,,,,,,,,,,,,,fail,kein valides Bild,,,,,0,,
doc/dev-guide/source/sql_syntax_reference/ddl_syntax/databases_schemas_and_data_types/drop_schema.rst,DROP SCHEMA,/home/ubuntu/repotesting/data-warehouse-service/umn/source/_static/images/danger_3.0-en-us.png,substitution_image,71,,,,,,,,,,,,fail,,,kein valides Bild,,,0,,
doc/dev-guide/source/sql_syntax_reference/ddl_syntax/indexes_sequences_and_file_directories/alter_text_search_configuration.rst,ALTER TEXT SEARCH CONFIGURATION,,,,,,,,,,,,,,,fail,kein valides Bild,,,,,0,,
doc/dev-guide/source/sql_syntax_reference/ddl_syntax/indexes_sequences_and_file_directories/alter_text_search_configuration.rst,ALTER TEXT SEARCH CONFIGURATION,/home/ubuntu/repotesting/data-warehouse-service/umn/source/_static/images/en-us_image_0000002627037910.png,substitution_image,204,,,,,,,,,,,,fail,,,kein valides Bild,,,0,,
doc/dev-guide/source/sql_syntax_reference/ddl_syntax/indexes_sequences_and_file_directories/create_index.rst,CREATE INDEX,,,,,,,,,,,,,,,fail,kein valides Bild,,,,,0,,
doc/dev-guide/source/sql_syntax_reference/ddl_syntax/indexes_sequences_and_file_directories/create_index.rst,CREATE INDEX,/home/ubuntu/repotesting/data-warehouse-service/umn/source/_static/images/en-us_image_0000002274564324.png,substitution_image,468,,,,,,,,,,,,fail,,,kein valides Bild,,,0,,
doc/dev-guide/source/sql_syntax_reference/ddl_syntax/indexes_sequences_and_file_directories/create_sequence.rst,CREATE SEQUENCE,,,,,,,,,,,,,,,fail,kein valides Bild,,,,,0,,
doc/dev-guide/source/sql_syntax_reference/ddl_syntax/indexes_sequences_and_file_directories/create_sequence.rst,CREATE SEQUENCE,/home/ubuntu/repotesting/data-warehouse-service/umn/source/_static/images/en-us_image_0000002567948268.png,substitution_image,155,,,,,,,,,,,,fail,,,kein valides Bild,,,0,,
doc/dev-guide/source/sql_syntax_reference/ddl_syntax/indexes_sequences_and_file_directories/create_sequence.rst,CREATE SEQUENCE,/home/ubuntu/repotesting/data-warehouse-service/umn/source/_static/images/en-us_image_0000002598547875.png,substitution_image,156,,,,,,,,,,,,fail,,,kein valides Bild,,,0,,
doc/dev-guide/source/sql_syntax_reference/ddl_syntax/indexes_sequences_and_file_directories/create_sequence.rst,CREATE SEQUENCE,/home/ubuntu/repotesting/data-warehouse-service/umn/source/_static/images/en-us_image_0000002598388275.png,substitution_image,157,,,,,,,,,,,,fail,,,kein valides Bild,,,0,,
doc/dev-guide/source/sql_syntax_reference/ddl_syntax/other/create_synonym.rst,CREATE SYNONYM,,,,,,,,,,,,,,,fail,kein valides Bild,,,,,0,,
doc/dev-guide/source/sql_syntax_reference/ddl_syntax/other/create_synonym.rst,CREATE SYNONYM,/home/ubuntu/repotesting/data-warehouse-service/umn/source/_static/images/en-us_image_0000002598390897.png,substitution_image,143,,,,,,,,,,,,fail,,,kein valides Bild,,,0,,
doc/dev-guide/source/sql_syntax_reference/ddl_syntax/other/create_synonym.rst,CREATE SYNONYM,/home/ubuntu/repotesting/data-warehouse-service/umn/source/_static/images/en-us_image_0000002598391165.png,substitution_image,144,,,,,,,,,,,,fail,,,kein valides Bild,,,0,,
doc/dev-guide/source/sql_syntax_reference/ddl_syntax/resource_pools_and_filtering_rules/alter_block_rule.rst,ALTER BLOCK RULE,,,,,,,,,,,,,,,fail,kein valides Bild,,,,,0,,
doc/dev-guide/source/sql_syntax_reference/ddl_syntax/resource_pools_and_filtering_rules/alter_block_rule.rst,ALTER BLOCK RULE,/home/ubuntu/repotesting/data-warehouse-service/umn/source/_static/images/en-us_image_0000002503156223.png,substitution_image,189,,,,,,,,,,,,fail,,,kein valides Bild,,,0,,
doc/dev-guide/source/sql_syntax_reference/ddl_syntax/resource_pools_and_filtering_rules/alter_block_rule.rst,ALTER BLOCK RULE,/home/ubuntu/repotesting/data-warehouse-service/umn/source/_static/images/en-us_image_0000002567713529.png,substitution_image,190,,,,,,,,,,,,fail,,,kein valides Bild,,,0,,
doc/dev-guide/source/sql_syntax_reference/ddl_syntax/resource_pools_and_filtering_rules/alter_block_rule.rst,ALTER BLOCK RULE,/home/ubuntu/repotesting/data-warehouse-service/umn/source/_static/images/en-us_image_0000002536954446.png,substitution_image,191,,,,,,,,,,,,fail,,,kein valides Bild,,,0,,
doc/dev-guide/source/sql_syntax_reference/ddl_syntax/resource_pools_and_filtering_rules/alter_block_rule.rst,ALTER BLOCK RULE,/home/ubuntu/repotesting/data-warehouse-service/umn/source/_static/images/en-us_image_0000002536834434.png,substitution_image,192,,,,,,,,,,,,fail,,,kein valides Bild,,,0,,
doc/dev-guide/source/sql_syntax_reference/ddl_syntax/resource_pools_and_filtering_rules/alter_except_rule.rst,ALTER EXCEPT RULE,,,,,,,,,,,,,,,fail,kein valides Bild,,,,,0,,
doc/dev-guide/source/sql_syntax_reference/ddl_syntax/resource_pools_and_filtering_rules/alter_except_rule.rst,ALTER EXCEPT RULE,/home/ubuntu/repotesting/data-warehouse-service/umn/source/_static/images/en-us_image_0000002471319732.png,substitution_image,121,,,,,,,,,,,,fail,,,kein valides Bild,,,0,,
doc/dev-guide/source/sql_syntax_reference/ddl_syntax/resource_pools_and_filtering_rules/alter_except_rule.rst,ALTER EXCEPT RULE,/home/ubuntu/repotesting/data-warehouse-service/umn/source/_static/images/en-us_image_0000002471320058.png,substitution_image,122,,,,,,,,,,,,fail,,,kein valides Bild,,,0,,
doc/dev-guide/source/sql_syntax_reference/ddl_syntax/resource_pools_and_filtering_rules/create_block_rule.rst,CREATE BLOCK RULE,,,,,,,,,,,,,,,fail,kein valides Bild,,,,,0,,
doc/dev-guide/source/sql_syntax_reference/ddl_syntax/resource_pools_and_filtering_rules/create_block_rule.rst,CREATE BLOCK RULE,/home/ubuntu/repotesting/data-warehouse-service/umn/source/_static/images/en-us_image_0000002503084135.png,substitution_image,264,,,,,,,,,,,,fail,,,kein valides Bild,,,0,,
doc/dev-guide/source/sql_syntax_reference/ddl_syntax/resource_pools_and_filtering_rules/create_block_rule.rst,CREATE BLOCK RULE,/home/ubuntu/repotesting/data-warehouse-service/umn/source/_static/images/en-us_image_0000002503311155.png,substitution_image,265,,,,,,,,,,,,fail,,,kein valides Bild,,,0,,
doc/dev-guide/source/sql_syntax_reference/ddl_syntax/resource_pools_and_filtering_rules/create_block_rule.rst,CREATE BLOCK RULE,/home/ubuntu/repotesting/data-warehouse-service/umn/source/_static/images/en-us_image_0000002503311557.png,substitution_image,266,,,,,,,,,,,,fail,,,kein valides Bild,,,0,,
doc/dev-guide/source/sql_syntax_reference/ddl_syntax/resource_pools_and_filtering_rules/create_block_rule.rst,CREATE BLOCK RULE,/home/ubuntu/repotesting/data-warehouse-service/umn/source/_static/images/en-us_image_0000002503311235.png,substitution_image,267,,,,,,,,,,,,fail,,,kein valides Bild,,,0,,
doc/dev-guide/source/sql_syntax_reference/ddl_syntax/resource_pools_and_filtering_rules/create_block_rule.rst,CREATE BLOCK RULE,/home/ubuntu/repotesting/data-warehouse-service/umn/source/_static/images/en-us_image_0000002470231862.png,substitution_image,268,,,,,,,,,,,,fail,,,kein valides Bild,,,0,,
doc/dev-guide/source/sql_syntax_reference/ddl_syntax/resource_pools_and_filtering_rules/create_block_rule.rst,CREATE BLOCK RULE,/home/ubuntu/repotesting/data-warehouse-service/umn/source/_static/images/en-us_image_0000002503151925.png,substitution_image,269,,,,,,,,,,,,fail,,,kein valides Bild,,,0,,
doc/dev-guide/source/sql_syntax_reference/ddl_syntax/resource_pools_and_filtering_rules/create_block_rule.rst,CREATE BLOCK RULE,/home/ubuntu/repotesting/data-warehouse-service/umn/source/_static/images/en-us_image_0000002503313043.png,substitution_image,270,,,,,,,,,,,,fail,,,kein valides Bild,,,0,,
doc/dev-guide/source/sql_syntax_reference/ddl_syntax/resource_pools_and_filtering_rules/create_block_rule.rst,CREATE BLOCK RULE,/home/ubuntu/repotesting/data-warehouse-service/umn/source/_static/images/en-us_image_0000002470232168.png,substitution_image,271,,,,,,,,,,,,fail,,,kein valides Bild,,,0,,
doc/dev-guide/source/sql_syntax_reference/ddl_syntax/resource_pools_and_filtering_rules/create_block_rule.rst,CREATE BLOCK RULE,/home/ubuntu/repotesting/data-warehouse-service/umn/source/_static/images/en-us_image_0000002470517408.png,substitution_image,272,,,,,,,,,,,,fail,,,kein valides Bild,,,0,,
doc/dev-guide/source/sql_syntax_reference/ddl_syntax/resource_pools_and_filtering_rules/create_block_rule.rst,CREATE BLOCK RULE,/home/ubuntu/repotesting/data-warehouse-service/umn/source/_static/images/en-us_image_0000002503437699.png,substitution_image,273,,,,,,,,,,,,fail,,,kein valides Bild,,,0,,
doc/dev-guide/source/sql_syntax_reference/ddl_syntax/resource_pools_and_filtering_rules/create_block_rule.rst,CREATE BLOCK RULE,/home/ubuntu/repotesting/data-warehouse-service/umn/source/_static/images/en-us_image_0000002503597679.png,substitution_image,274,,,,,,,,,,,,fail,,,kein valides Bild,,,0,,
doc/dev-guide/source/sql_syntax_reference/ddl_syntax/resource_pools_and_filtering_rules/create_block_rule.rst,CREATE BLOCK RULE,/home/ubuntu/repotesting/data-warehouse-service/umn/source/_static/images/en-us_image_0000002503439459.png,substitution_image,275,,,,,,,,,,,,fail,,,kein valides Bild,,,0,,
doc/dev-guide/source/sql_syntax_reference/ddl_syntax/resource_pools_and_filtering_rules/create_except_rule.rst,CREATE EXCEPT RULE,,,,,,,,,,,,,,,fail,kein valides Bild,,,,,0,,
doc/dev-guide/source/sql_syntax_reference/ddl_syntax/resource_pools_and_filtering_rules/create_except_rule.rst,CREATE EXCEPT RULE,/home/ubuntu/repotesting/data-warehouse-service/umn/source/_static/images/en-us_image_0000002471311742.png,substitution_image,174,,,,,,,,,,,,fail,,,kein valides Bild,,,0,,
doc/dev-guide/source/sql_syntax_reference/ddl_syntax/resource_pools_and_filtering_rules/create_except_rule.rst,CREATE EXCEPT RULE,/home/ubuntu/repotesting/data-warehouse-service/umn/source/_static/images/en-us_image_0000002504037263.png,substitution_image,175,,,,,,,,,,,,fail,,,kein valides Bild,,,0,,
doc/dev-guide/source/sql_syntax_reference/ddl_syntax/resource_pools_and_filtering_rules/create_resource_pool.rst,CREATE RESOURCE POOL,,,,,,,,,,,,,,,fail,kein valides Bild,,,,,0,,
doc/dev-guide/source/sql_syntax_reference/ddl_syntax/resource_pools_and_filtering_rules/create_resource_pool.rst,CREATE RESOURCE POOL,/home/ubuntu/repotesting/data-warehouse-service/umn/source/_static/images/en-us_image_0000002504906685.png,substitution_image,229,,,,,,,,,,,,fail,,,kein valides Bild,,,0,,
doc/dev-guide/source/sql_syntax_reference/ddl_syntax/resource_pools_and_filtering_rules/create_resource_pool.rst,CREATE RESOURCE POOL,/home/ubuntu/repotesting/data-warehouse-service/umn/source/_static/images/en-us_image_0000002471311742.png,substitution_image,230,,,,,,,,,,,,fail,,,kein valides Bild,,,0,,
doc/dev-guide/source/sql_syntax_reference/ddl_syntax/resource_pools_and_filtering_rules/create_resource_pool.rst,CREATE RESOURCE POOL,/home/ubuntu/repotesting/data-warehouse-service/umn/source/_static/images/en-us_image_0000002504037263.png,substitution_image,231,,,,,,,,,,,,fail,,,kein valides Bild,,,0,,
doc/dev-guide/source/sql_syntax_reference/ddl_syntax/stored_procedures_functions_triggers_and_cursors/create_function.rst,CREATE FUNCTION,,,,,,,,,,,,,,,fail,kein valides Bild,,,,,0,,
doc/dev-guide/source/sql_syntax_reference/ddl_syntax/stored_procedures_functions_triggers_and_cursors/create_function.rst,CREATE FUNCTION,/home/ubuntu/repotesting/data-warehouse-service/umn/source/_static/images/en-us_image_0000002298890268.png,substitution_image,589,,,,,,,,,,,,fail,,,kein valides Bild,,,0,,
doc/dev-guide/source/sql_syntax_reference/ddl_syntax/stored_procedures_functions_triggers_and_cursors/create_function.rst,CREATE FUNCTION,/home/ubuntu/repotesting/data-warehouse-service/umn/source/_static/images/en-us_image_0000002299015008.png,substitution_image,590,,,,,,,,,,,,fail,,,kein valides Bild,,,0,,
doc/dev-guide/source/sql_syntax_reference/ddl_syntax/stored_procedures_functions_triggers_and_cursors/create_function.rst,CREATE FUNCTION,/home/ubuntu/repotesting/data-warehouse-service/umn/source/_static/images/en-us_image_0000002332837085.png,substitution_image,591,,,,,,,,,,,,fail,,,kein valides Bild,,,0,,
doc/dev-guide/source/sql_syntax_reference/ddl_syntax/stored_procedures_functions_triggers_and_cursors/create_function.rst,CREATE FUNCTION,/home/ubuntu/repotesting/data-warehouse-service/umn/source/_static/images/en-us_image_0000002332727277.png,substitution_image,592,,,,,,,,,,,,fail,,,kein valides Bild,,,0,,
doc/dev-guide/source/sql_syntax_reference/ddl_syntax/stored_procedures_functions_triggers_and_cursors/create_function.rst,CREATE FUNCTION,/home/ubuntu/repotesting/data-warehouse-service/umn/source/_static/images/en-us_image_0000002298784012.png,substitution_image,593,,,,,,,,,,,,fail,,,kein valides Bild,,,0,,
doc/dev-guide/source/sql_syntax_reference/ddl_syntax/stored_procedures_functions_triggers_and_cursors/create_function.rst,CREATE FUNCTION,/home/ubuntu/repotesting/data-warehouse-service/umn/source/_static/images/en-us_image_0000002332919913.png,substitution_image,594,,,,,,,,,,,,fail,,,kein valides Bild,,,0,,
doc/dev-guide/source/sql_syntax_reference/ddl_syntax/stored_procedures_functions_triggers_and_cursors/create_function.rst,CREATE FUNCTION,/home/ubuntu/repotesting/data-warehouse-service/umn/source/_static/images/en-us_image_0000002332928221.png,substitution_image,595,,,,,,,,,,,,fail,,,kein valides Bild,,,0,,
doc/dev-guide/source/sql_syntax_reference/ddl_syntax/stored_procedures_functions_triggers_and_cursors/create_function.rst,CREATE FUNCTION,/home/ubuntu/repotesting/data-warehouse-service/umn/source/_static/images/en-us_image_0000002332947029.png,substitution_image,596,,,,,,,,,,,,fail,,,kein valides Bild,,,0,,
doc/dev-guide/source/sql_syntax_reference/ddl_syntax/stored_procedures_functions_triggers_and_cursors/create_function.rst,CREATE FUNCTION,/home/ubuntu/repotesting/data-warehouse-service/umn/source/_static/images/en-us_image_0000002275736692.png,substitution_image,597,,,,,,,,,,,,fail,,,kein valides Bild,,,0,,
doc/dev-guide/source/sql_syntax_reference/ddl_syntax/stored_procedures_functions_triggers_and_cursors/create_function.rst,CREATE FUNCTION,/home/ubuntu/repotesting/data-warehouse-service/umn/source/_static/images/en-us_image_0000002275864882.png,substitution_image,598,,,,,,,,,,,,fail,,,kein valides Bild,,,0,,
doc/dev-guide/source/sql_syntax_reference/ddl_syntax/stored_procedures_functions_triggers_and_cursors/create_function.rst,CREATE FUNCTION,/home/ubuntu/repotesting/data-warehouse-service/umn/source/_static/images/en-us_image_0000002275871894.png,substitution_image,599,,,,,,,,,,,,fail,,,kein valides Bild,,,0,,
doc/dev-guide/source/sql_syntax_reference/ddl_syntax/stored_procedures_functions_triggers_and_cursors/cursor.rst,CURSOR,,,,,,,,,,,,,,,fail,kein valides Bild,,,,,0,,
doc/dev-guide/source/sql_syntax_reference/ddl_syntax/stored_procedures_functions_triggers_and_cursors/cursor.rst,CURSOR,/home/ubuntu/repotesting/data-warehouse-service/umn/source/_static/images/en-us_image_0000002660734375.png,substitution_image,136,,,,,,,,,,,,fail,,,kein valides Bild,,,0,,
doc/dev-guide/source/sql_syntax_reference/ddl_syntax/stored_procedures_functions_triggers_and_cursors/cursor.rst,CURSOR,/home/ubuntu/repotesting/data-warehouse-service/umn/source/_static/images/en-us_image_0000002630495202.png,substitution_image,137,,,,,,,,,,,,fail,,,kein valides Bild,,,0,,
doc/dev-guide/source/sql_syntax_reference/ddl_syntax/stored_procedures_functions_triggers_and_cursors/fetch.rst,FETCH,,,,,,,,,,,,,,,fail,kein valides Bild,,,,,0,,
doc/dev-guide/source/sql_syntax_reference/ddl_syntax/stored_procedures_functions_triggers_and_cursors/fetch.rst,FETCH,/home/ubuntu/repotesting/data-warehouse-service/umn/source/_static/images/en-us_image_0000002630493616.png,substitution_image,176,,,,,,,,,,,,fail,,,kein valides Bild,,,0,,
doc/dev-guide/source/sql_syntax_reference/ddl_syntax/stored_procedures_functions_triggers_and_cursors/fetch.rst,FETCH,/home/ubuntu/repotesting/data-warehouse-service/umn/source/_static/images/en-us_image_0000002660733077.png,substitution_image,177,,,,,,,,,,,,fail,,,kein valides Bild,,,0,,
doc/dev-guide/source/sql_syntax_reference/ddl_syntax/tables_and_external_data_sources/alter_table_partition.rst,ALTER TABLE PARTITION,,,,,,,,,,,,,,,fail,kein valides Bild,,,,,0,,
doc/dev-guide/source/sql_syntax_reference/ddl_syntax/tables_and_external_data_sources/alter_table_partition.rst,ALTER TABLE PARTITION,/home/ubuntu/repotesting/data-warehouse-service/umn/source/_static/images/en-us_image_0000002568591613.png,substitution_image,780,,,,,,,,,,,,fail,,,kein valides Bild,,,0,,
doc/dev-guide/source/sql_syntax_reference/ddl_syntax/tables_and_external_data_sources/alter_table_partition.rst,ALTER TABLE PARTITION,/home/ubuntu/repotesting/data-warehouse-service/umn/source/_static/images/en-us_image_0000002537513428.png,substitution_image,781,,,,,,,,,,,,fail,,,kein valides Bild,,,0,,
doc/dev-guide/source/sql_syntax_reference/ddl_syntax/tables_and_external_data_sources/alter_table_partition.rst,ALTER TABLE PARTITION,/home/ubuntu/repotesting/data-warehouse-service/umn/source/_static/images/en-us_image_0000002537673762.png,substitution_image,782,,,,,,,,,,,,fail,,,kein valides Bild,,,0,,
doc/dev-guide/source/sql_syntax_reference/ddl_syntax/tables_and_external_data_sources/alter_table_partition.rst,ALTER TABLE PARTITION,/home/ubuntu/repotesting/data-warehouse-service/umn/source/_static/images/en-us_image_0000002367955094.png,substitution_image,783,,,,,,,,,,,,fail,,,kein valides Bild,,,0,,
doc/dev-guide/source/sql_syntax_reference/ddl_syntax/tables_and_external_data_sources/alter_table_partition.rst,ALTER TABLE PARTITION,/home/ubuntu/repotesting/data-warehouse-service/umn/source/_static/images/en-us_image_0000002401354461.png,substitution_image,784,,,,,,,,,,,,fail,,,kein valides Bild,,,0,,
doc/dev-guide/source/sql_syntax_reference/ddl_syntax/tables_and_external_data_sources/alter_table_partition.rst,ALTER TABLE PARTITION,/home/ubuntu/repotesting/data-warehouse-service/umn/source/_static/images/en-us_image_0000002401446241.png,substitution_image,785,,,,,,,,,,,,fail,,,kein valides Bild,,,0,,
doc/dev-guide/source/sql_syntax_reference/ddl_syntax/tables_and_external_data_sources/create_foreign_table_sql_on_obs_or_hadoop.rst,CREATE FOREIGN TABLE (SQL on OBS or Hadoop),,,,,,,,,,,,,,,fail,kein valides Bild,,,,,0,,
doc/dev-guide/source/sql_syntax_reference/ddl_syntax/tables_and_external_data_sources/create_foreign_table_sql_on_obs_or_hadoop.rst,CREATE FOREIGN TABLE (SQL on OBS or Hadoop),/home/ubuntu/repotesting/data-warehouse-service/umn/source/_static/images/en-us_image_0000002571578327.png,substitution_image,1012,,,,,,,,,,,,fail,,,kein valides Bild,,,0,,
doc/dev-guide/source/sql_syntax_reference/ddl_syntax/tables_and_external_data_sources/create_foreign_table_sql_on_obs_or_hadoop.rst,CREATE FOREIGN TABLE (SQL on OBS or Hadoop),/home/ubuntu/repotesting/data-warehouse-service/umn/source/_static/images/en-us_image_0000002541098052.png,substitution_image,1013,,,,,,,,,,,,fail,,,kein valides Bild,,,0,,
doc/dev-guide/source/sql_syntax_reference/ddl_syntax/tables_and_external_data_sources/create_foreign_table_sql_on_obs_or_hadoop.rst,CREATE FOREIGN TABLE (SQL on OBS or Hadoop),/home/ubuntu/repotesting/data-warehouse-service/umn/source/_static/images/en-us_image_0000002571698469.png,substitution_image,1014,,,,,,,,,,,,fail,,,kein valides Bild,,,0,,
doc/dev-guide/source/sql_syntax_reference/ddl_syntax/tables_and_external_data_sources/create_foreign_table_sql_on_obs_or_hadoop.rst,CREATE FOREIGN TABLE (SQL on OBS or Hadoop),/home/ubuntu/repotesting/data-warehouse-service/umn/source/_static/images/en-us_image_0000002540938530.png,substitution_image,1015,,,,,,,,,,,,fail,,,kein valides Bild,,,0,,
doc/dev-guide/source/sql_syntax_reference/ddl_syntax/tables_and_external_data_sources/create_foreign_table_sql_on_obs_or_hadoop.rst,CREATE FOREIGN TABLE (SQL on OBS or Hadoop),/home/ubuntu/repotesting/data-warehouse-service/umn/source/_static/images/en-us_image_0000002541098220.png,substitution_image,1016,,,,,,,,,,,,fail,,,kein valides Bild,,,0,,
doc/dev-guide/source/sql_syntax_reference/ddl_syntax/tables_and_external_data_sources/create_foreign_table_sql_on_obs_or_hadoop.rst,CREATE FOREIGN TABLE (SQL on OBS or Hadoop),/home/ubuntu/repotesting/data-warehouse-service/umn/source/_static/images/en-us_image_0000002541098280.png,substitution_image,1017,,,,,,,,,,,,fail,,,kein valides Bild,,,0,,
doc/dev-guide/source/sql_syntax_reference/ddl_syntax/tables_and_external_data_sources/create_foreign_table_sql_on_obs_or_hadoop.rst,CREATE FOREIGN TABLE (SQL on OBS or Hadoop),/home/ubuntu/repotesting/data-warehouse-service/umn/source/_static/images/en-us_image_0000002541098320.png,substitution_image,1018,,,,,,,,,,,,fail,,,kein valides Bild,,,0,,
doc/dev-guide/source/sql_syntax_reference/ddl_syntax/tables_and_external_data_sources/create_table.rst,CREATE TABLE,,,,,,,,,,,,,,,fail,kein valides Bild,,,,,0,,
doc/dev-guide/source/sql_syntax_reference/ddl_syntax/tables_and_external_data_sources/create_table.rst,CREATE TABLE,/home/ubuntu/repotesting/data-warehouse-service/umn/source/_static/images/en-us_image_0000002012629900.png,substitution_image,1047,,,,,,,,,,,,fail,,,kein valides Bild,,,0,,
doc/dev-guide/source/sql_syntax_reference/ddl_syntax/tables_and_external_data_sources/create_table.rst,CREATE TABLE,/home/ubuntu/repotesting/data-warehouse-service/umn/source/_static/images/en-us_image_0000002660093525.png,substitution_image,1048,,,,,,,,,,,,fail,,,kein valides Bild,,,0,,
doc/dev-guide/source/sql_syntax_reference/ddl_syntax/tables_and_external_data_sources/create_table_partition.rst,CREATE TABLE PARTITION,,,,,,,,,,,,,,,fail,kein valides Bild,,,,,0,,
doc/dev-guide/source/sql_syntax_reference/ddl_syntax/tables_and_external_data_sources/create_table_partition.rst,CREATE TABLE PARTITION,/home/ubuntu/repotesting/data-warehouse-service/umn/source/_static/images/en-us_image_0000002400313317.png,substitution_image,1051,,,,,,,,,,,,fail,,,kein valides Bild,,,0,,
doc/dev-guide/source/sql_syntax_reference/ddl_syntax/tables_and_external_data_sources/create_table_partition.rst,CREATE TABLE PARTITION,/home/ubuntu/repotesting/data-warehouse-service/umn/source/_static/images/en-us_image_0000002568019184.png,substitution_image,1052,,,,,,,,,,,,fail,,,kein valides Bild,,,0,,
doc/dev-guide/source/sql_syntax_reference/ddl_syntax/tables_and_external_data_sources/create_table_partition.rst,CREATE TABLE PARTITION,/home/ubuntu/repotesting/data-warehouse-service/umn/source/_static/images/en-us_image_0000002367955094.png,substitution_image,1053,,,,,,,,,,,,fail,,,kein valides Bild,,,0,,
doc/dev-guide/source/sql_syntax_reference/ddl_syntax/tables_and_external_data_sources/create_table_partition.rst,CREATE TABLE PARTITION,/home/ubuntu/repotesting/data-warehouse-service/umn/source/_static/images/en-us_image_0000002401354461.png,substitution_image,1054,,,,,,,,,,,,fail,,,kein valides Bild,,,0,,
doc/dev-guide/source/sql_syntax_reference/ddl_syntax/tables_and_external_data_sources/create_table_partition.rst,CREATE TABLE PARTITION,/home/ubuntu/repotesting/data-warehouse-service/umn/source/_static/images/en-us_image_0000002401446241.png,substitution_image,1055,,,,,,,,,,,,fail,,,kein valides Bild,,,0,,
doc/dev-guide/source/sql_syntax_reference/ddl_syntax/tables_and_external_data_sources/create_table_partition.rst,CREATE TABLE PARTITION,/home/ubuntu/repotesting/data-warehouse-service/umn/source/_static/images/en-us_image_0000002598619621.png,substitution_image,1056,,,,,,,,,,,,fail,,,kein valides Bild,,,0,,
doc/dev-guide/source/sql_syntax_reference/ddl_syntax/tables_and_external_data_sources/create_table_partition.rst,CREATE TABLE PARTITION,/home/ubuntu/repotesting/data-warehouse-service/umn/source/_static/images/en-us_image_0000002568087672.png,substitution_image,1057,,,,,,,,,,,,fail,,,kein valides Bild,,,0,,
doc/dev-guide/source/sql_syntax_reference/ddl_syntax/tables_and_external_data_sources/create_table_partition.rst,CREATE TABLE PARTITION,/home/ubuntu/repotesting/data-warehouse-service/umn/source/_static/images/en-us_image_0000002598687323.png,substitution_image,1058,,,,,,,,,,,,fail,,,kein valides Bild,,,0,,
doc/dev-guide/source/sql_syntax_reference/ddl_syntax/tables_and_external_data_sources/create_table_partition.rst,CREATE TABLE PARTITION,/home/ubuntu/repotesting/data-warehouse-service/umn/source/_static/images/en-us_image_0000002568087762.png,substitution_image,1059,,,,,,,,,,,,fail,,,kein valides Bild,,,0,,
doc/dev-guide/source/sql_syntax_reference/ddl_syntax/tables_and_external_data_sources/create_table_partition.rst,CREATE TABLE PARTITION,/home/ubuntu/repotesting/data-warehouse-service/umn/source/_static/images/en-us_image_0000002598687595.png,substitution_image,1060,,,,,,,,,,,,fail,,,kein valides Bild,,,0,,
doc/dev-guide/source/sql_syntax_reference/ddl_syntax/tables_and_external_data_sources/create_table_partition.rst,CREATE TABLE PARTITION,/home/ubuntu/repotesting/data-warehouse-service/umn/source/_static/images/en-us_image_0000002567928432.png,substitution_image,1061,,,,,,,,,,,,fail,,,kein valides Bild,,,0,,
doc/dev-guide/source/sql_syntax_reference/ddl_syntax/tables_and_external_data_sources/create_table_partition.rst,CREATE TABLE PARTITION,/home/ubuntu/repotesting/data-warehouse-service/umn/source/_static/images/en-us_image_0000002568088082.png,substitution_image,1062,,,,,,,,,,,,fail,,,kein valides Bild,,,0,,
doc/dev-guide/source/sql_syntax_reference/ddl_syntax/tables_and_external_data_sources/create_table_partition.rst,CREATE TABLE PARTITION,/home/ubuntu/repotesting/data-warehouse-service/umn/source/_static/images/en-us_image_0000002598687701.png,substitution_image,1063,,,,,,,,,,,,fail,,,kein valides Bild,,,0,,
doc/dev-guide/source/sql_syntax_reference/ddl_syntax/tables_and_external_data_sources/drop_table.rst,DROP TABLE,,,,,,,,,,,,,,,fail,kein valides Bild,,,,,0,,
doc/dev-guide/source/sql_syntax_reference/ddl_syntax/tables_and_external_data_sources/drop_table.rst,DROP TABLE,/home/ubuntu/repotesting/data-warehouse-service/umn/source/_static/images/danger_3.0-en-us.png,substitution_image,73,,,,,,,,,,,,fail,,,kein valides Bild,,,0,,
doc/dev-guide/source/sql_syntax_reference/ddl_syntax/users_and_roles/drop_role.rst,DROP ROLE,,,,,,,,,,,,,,,fail,kein valides Bild,,,,,0,,
doc/dev-guide/source/sql_syntax_reference/ddl_syntax/users_and_roles/drop_role.rst,DROP ROLE,/home/ubuntu/repotesting/data-warehouse-service/umn/source/_static/images/danger_3.0-en-us.png,substitution_image,59,,,,,,,,,,,,fail,,,kein valides Bild,,,0,,
doc/dev-guide/source/sql_syntax_reference/ddl_syntax/users_and_roles/drop_user.rst,DROP USER,,,,,,,,,,,,,,,fail,kein valides Bild,,,,,0,,
doc/dev-guide/source/sql_syntax_reference/ddl_syntax/users_and_roles/drop_user.rst,DROP USER,/home/ubuntu/repotesting/data-warehouse-service/umn/source/_static/images/danger_3.0-en-us.png,substitution_image,70,,,,,,,,,,,,fail,,,kein valides Bild,,,0,,
doc/dev-guide/source/sql_syntax_reference/ddl_syntax/views_and_materialized_views/drop_view.rst,DROP VIEW,,,,,,,,,,,,,,,fail,kein valides Bild,,,,,0,,
doc/dev-guide/source/sql_syntax_reference/ddl_syntax/views_and_materialized_views/drop_view.rst,DROP VIEW,/home/ubuntu/repotesting/data-warehouse-service/umn/source/_static/images/danger_3.0-en-us.png,substitution_image,68,,,,,,,,,,,,fail,,,kein valides Bild,,,0,,
doc/dev-guide/source/sql_syntax_reference/ddl_syntax/views_and_materialized_views/refresh_materialized_view.rst,REFRESH MATERIALIZED VIEW,,,,,,,,,,,,,,,fail,kein valides Bild,,,,,0,,
doc/dev-guide/source/sql_syntax_reference/ddl_syntax/views_and_materialized_views/refresh_materialized_view.rst,REFRESH MATERIALIZED VIEW,/home/ubuntu/repotesting/data-warehouse-service/umn/source/_static/images/en-us_image_0000002617995731.png,substitution_image,91,,,,,,,,,,,,fail,,,kein valides Bild,,,0,,
doc/dev-guide/source/sql_syntax_reference/ddl_syntax/views_and_materialized_views/refresh_materialized_view.rst,REFRESH MATERIALIZED VIEW,/home/ubuntu/repotesting/data-warehouse-service/umn/source/_static/images/en-us_image_0000002587396514.png,substitution_image,92,,,,,,,,,,,,fail,,,kein valides Bild,,,0,,
doc/dev-guide/source/sql_syntax_reference/dml_syntax/explain_plan.rst,EXPLAIN PLAN,,,,,,,,,,,,,,,fail,kein valides Bild,,,,,0,,
doc/dev-guide/source/sql_syntax_reference/dml_syntax/explain_plan.rst,EXPLAIN PLAN,/home/ubuntu/repotesting/data-warehouse-service/umn/source/_static/images/en-us_image_0000001811634921.png,substitution_image,127,,,,,,,,,,,,fail,,,kein valides Bild,,,0,,
doc/dev-guide/source/sql_syntax_reference/dml_syntax/explain_plan.rst,EXPLAIN PLAN,/home/ubuntu/repotesting/data-warehouse-service/umn/source/_static/images/en-us_image_0000001811515849.png,substitution_image,128,,,,,,,,,,,,fail,,,kein valides Bild,,,0,,
doc/dev-guide/source/sql_syntax_reference/dml_syntax/insert_and_upsert/insert.rst,INSERT,,,,,,,,,,,,,,,fail,kein valides Bild,,,,,0,,
doc/dev-guide/source/sql_syntax_reference/dml_syntax/insert_and_upsert/insert.rst,INSERT,/home/ubuntu/repotesting/data-warehouse-service/umn/source/_static/images/en-us_image_0000002318288577.png,substitution_image,493,,,,,,,,,,,,fail,,,kein valides Bild,,,0,,
doc/dev-guide/source/sql_syntax_reference/dml_syntax/insert_and_upsert/insert.rst,INSERT,/home/ubuntu/repotesting/data-warehouse-service/umn/source/_static/images/en-us_image_0000002318968541.png,substitution_image,494,,,,,,,,,,,,fail,,,kein valides Bild,,,0,,
doc/dev-guide/source/sql_syntax_reference/dml_syntax/insert_and_upsert/insert.rst,INSERT,/home/ubuntu/repotesting/data-warehouse-service/umn/source/_static/images/en-us_image_0000002318853121.png,substitution_image,495,,,,,,,,,,,,fail,,,kein valides Bild,,,0,,
doc/dev-guide/source/sql_syntax_reference/dml_syntax/insert_and_upsert/insert.rst,INSERT,/home/ubuntu/repotesting/data-warehouse-service/umn/source/_static/images/en-us_image_0000002284205078.png,substitution_image,496,,,,,,,,,,,,fail,,,kein valides Bild,,,0,,
doc/dev-guide/source/sql_syntax_reference/dml_syntax/insert_and_upsert/insert.rst,INSERT,/home/ubuntu/repotesting/data-warehouse-service/umn/source/_static/images/en-us_image_0000002318887361.png,substitution_image,497,,,,,,,,,,,,fail,,,kein valides Bild,,,0,,
doc/dev-guide/source/sql_syntax_reference/dml_syntax/insert_and_upsert/insert.rst,INSERT,/home/ubuntu/repotesting/data-warehouse-service/umn/source/_static/images/en-us_image_0000002283848380.png,substitution_image,498,,,,,,,,,,,,fail,,,kein valides Bild,,,0,,
doc/dev-guide/source/sql_syntax_reference/dml_syntax/insert_and_upsert/insert.rst,INSERT,/home/ubuntu/repotesting/data-warehouse-service/umn/source/_static/images/en-us_image_0000002283677652.png,substitution_image,499,,,,,,,,,,,,fail,,,kein valides Bild,,,0,,
doc/dev-guide/source/sql_syntax_reference/dml_syntax/insert_and_upsert/insert.rst,INSERT,/home/ubuntu/repotesting/data-warehouse-service/umn/source/_static/images/en-us_image_0000002283684468.png,substitution_image,500,,,,,,,,,,,,fail,,,kein valides Bild,,,0,,
doc/dev-guide/source/sql_syntax_reference/dml_syntax/insert_and_upsert/insert.rst,INSERT,/home/ubuntu/repotesting/data-warehouse-service/umn/source/_static/images/en-us_image_0000002283915832.png,substitution_image,501,,,,,,,,,,,,fail,,,kein valides Bild,,,0,,
doc/dev-guide/source/sql_syntax_reference/dml_syntax/insert_and_upsert/insert.rst,INSERT,/home/ubuntu/repotesting/data-warehouse-service/umn/source/_static/images/en-us_image_0000002318531533.png,substitution_image,502,,,,,,,,,,,,fail,,,kein valides Bild,,,0,,
doc/dev-guide/source/sql_syntax_reference/dml_syntax/insert_and_upsert/insert.rst,INSERT,/home/ubuntu/repotesting/data-warehouse-service/umn/source/_static/images/en-us_image_0000002283805422.png,substitution_image,503,,,,,,,,,,,,fail,,,kein valides Bild,,,0,,
doc/dev-guide/source/sql_syntax_reference/dml_syntax/insert_and_upsert/insert.rst,INSERT,/home/ubuntu/repotesting/data-warehouse-service/umn/source/_static/images/en-us_image_0000002490483460.png,substitution_image,504,,,,,,,,,,,,fail,,,kein valides Bild,,,0,,
doc/dev-guide/source/sql_syntax_reference/dml_syntax/insert_and_upsert/insert.rst,INSERT,/home/ubuntu/repotesting/data-warehouse-service/umn/source/_static/images/en-us_image_0000002490647638.png,substitution_image,505,,,,,,,,,,,,fail,,,kein valides Bild,,,0,,
doc/dev-guide/source/sql_syntax_reference/dml_syntax/insert_and_upsert/upsert.rst,UPSERT,,,,,,,,,,,,,,,fail,kein valides Bild,,,,,0,,
doc/dev-guide/source/sql_syntax_reference/dml_syntax/insert_and_upsert/upsert.rst,UPSERT,/home/ubuntu/repotesting/data-warehouse-service/umn/source/_static/images/en-us_image_0000002624830876.png,substitution_image,249,,,,,,,,,,,,fail,,,kein valides Bild,,,0,,
doc/dev-guide/source/sql_syntax_reference/dml_syntax/insert_and_upsert/upsert.rst,UPSERT,/home/ubuntu/repotesting/data-warehouse-service/umn/source/_static/images/en-us_image_0000002655190287.png,substitution_image,250,,,,,,,,,,,,fail,,,kein valides Bild,,,0,,
doc/dev-guide/source/sql_syntax_reference/dml_syntax/insert_and_upsert/upsert.rst,UPSERT,/home/ubuntu/repotesting/data-warehouse-service/umn/source/_static/images/en-us_image_0000002655270363.png,substitution_image,251,,,,,,,,,,,,fail,,,kein valides Bild,,,0,,
doc/dev-guide/source/sql_syntax_reference/dml_syntax/insert_and_upsert/upsert.rst,UPSERT,/home/ubuntu/repotesting/data-warehouse-service/umn/source/_static/images/en-us_image_0000002624831032.png,substitution_image,252,,,,,,,,,,,,fail,,,kein valides Bild,,,0,,
doc/dev-guide/source/sql_syntax_reference/dml_syntax/insert_and_upsert/upsert.rst,UPSERT,/home/ubuntu/repotesting/data-warehouse-service/umn/source/_static/images/en-us_image_0000002655190371.png,substitution_image,253,,,,,,,,,,,,fail,,,kein valides Bild,,,0,,
doc/dev-guide/source/sql_syntax_reference/dml_syntax/merge_into.rst,MERGE INTO,,,,,,,,,,,,,,,fail,kein valides Bild,,,,,0,,
doc/dev-guide/source/sql_syntax_reference/dml_syntax/merge_into.rst,MERGE INTO,/home/ubuntu/repotesting/data-warehouse-service/umn/source/_static/images/en-us_image_0000002611748521.png,substitution_image,178,,,,,,,,,,,,fail,,,kein valides Bild,,,0,,
doc/dev-guide/source/sql_syntax_reference/dml_syntax/update.rst,UPDATE,,,,,,,,,,,,,,,fail,kein valides Bild,,,,,0,,
doc/dev-guide/source/sql_syntax_reference/dml_syntax/update.rst,UPDATE,/home/ubuntu/repotesting/data-warehouse-service/umn/source/_static/images/en-us_image_0000002329531189.png,substitution_image,330,,,,,,,,,,,,fail,,,kein valides Bild,,,0,,
doc/dev-guide/source/sql_syntax_reference/dml_syntax/update.rst,UPDATE,/home/ubuntu/repotesting/data-warehouse-service/umn/source/_static/images/en-us_image_0000002329412921.png,substitution_image,331,,,,,,,,,,,,fail,,,kein valides Bild,,,0,,
doc/dev-guide/source/sql_syntax_reference/dml_syntax/update.rst,UPDATE,/home/ubuntu/repotesting/data-warehouse-service/umn/source/_static/images/en-us_image_0000002295496092.png,substitution_image,332,,,,,,,,,,,,fail,,,kein valides Bild,,,0,,
doc/dev-guide/source/sql_syntax_reference/dml_syntax/update.rst,UPDATE,/home/ubuntu/repotesting/data-warehouse-service/umn/source/_static/images/en-us_image_0000002329538117.png,substitution_image,333,,,,,,,,,,,,fail,,,kein valides Bild,,,0,,
doc/dev-guide/source/sql_syntax_reference/dml_syntax/update.rst,UPDATE,/home/ubuntu/repotesting/data-warehouse-service/umn/source/_static/images/en-us_image_0000002329355361.png,substitution_image,334,,,,,,,,,,,,fail,,,kein valides Bild,,,0,,
doc/dev-guide/source/sql_syntax_reference/dml_syntax/update.rst,UPDATE,/home/ubuntu/repotesting/data-warehouse-service/umn/source/_static/images/en-us_image_0000002295276092.png,substitution_image,335,,,,,,,,,,,,fail,,,kein valides Bild,,,0,,
doc/dev-guide/source/sql_syntax_reference/dml_syntax/update.rst,UPDATE,/home/ubuntu/repotesting/data-warehouse-service/umn/source/_static/images/en-us_image_0000002295440492.png,substitution_image,336,,,,,,,,,,,,fail,,,kein valides Bild,,,0,,
doc/dev-guide/source/sql_syntax_reference/dml_syntax/update.rst,UPDATE,/home/ubuntu/repotesting/data-warehouse-service/umn/source/_static/images/en-us_image_0000002329391777.png,substitution_image,337,,,,,,,,,,,,fail,,,kein valides Bild,,,0,,
doc/dev-guide/source/sql_syntax_reference/dml_syntax/update.rst,UPDATE,/home/ubuntu/repotesting/data-warehouse-service/umn/source/_static/images/en-us_image_0000002329395149.png,substitution_image,338,,,,,,,,,,,,fail,,,kein valides Bild,,,0,,
doc/dev-guide/source/sql_syntax_reference/dml_syntax/update.rst,UPDATE,/home/ubuntu/repotesting/data-warehouse-service/umn/source/_static/images/en-us_image_0000002295502584.png,substitution_image,339,,,,,,,,,,,,fail,,,kein valides Bild,,,0,,
doc/dev-guide/source/sql_syntax_reference/dml_syntax/update.rst,UPDATE,/home/ubuntu/repotesting/data-warehouse-service/umn/source/_static/images/en-us_image_0000002329541861.png,substitution_image,340,,,,,,,,,,,,fail,,,kein valides Bild,,,0,,
doc/dev-guide/source/sql_syntax_reference/dml_syntax/values.rst,VALUES,,,,,,,,,,,,,,,fail,kein valides Bild,,,,,0,,
doc/dev-guide/source/sql_syntax_reference/dml_syntax/values.rst,VALUES,/home/ubuntu/repotesting/data-warehouse-service/umn/source/_static/images/en-us_image_0000002318288577.png,substitution_image,98,,,,,,,,,,,,fail,,,kein valides Bild,,,0,,
doc/dev-guide/source/sql_syntax_reference/dql_syntax/select.rst,SELECT,,,,,,,,,,,,,,,fail,kein valides Bild,,,,,0,,
doc/dev-guide/source/sql_syntax_reference/dql_syntax/select.rst,SELECT,/home/ubuntu/repotesting/data-warehouse-service/umn/source/_static/images/en-us_image_0000002620554803.png,substitution_image,1015,,,,,,,,,,,,fail,,,kein valides Bild,,,0,,
doc/dev-guide/source/sql_syntax_reference/dql_syntax/select.rst,SELECT,/home/ubuntu/repotesting/data-warehouse-service/umn/source/_static/images/en-us_image_0000002620474871.png,substitution_image,1016,,,,,,,,,,,,fail,,,kein valides Bild,,,0,,
doc/dev-guide/source/sql_syntax_reference/dql_syntax/select.rst,SELECT,/home/ubuntu/repotesting/data-warehouse-service/umn/source/_static/images/en-us_image_0000002328042830.png,substitution_image,1017,,,,,,,,,,,,fail,,,kein valides Bild,,,0,,
doc/dev-guide/source/sql_syntax_reference/dql_syntax/select.rst,SELECT,/home/ubuntu/repotesting/data-warehouse-service/umn/source/_static/images/en-us_image_0000002361887473.png,substitution_image,1018,,,,,,,,,,,,fail,,,kein valides Bild,,,0,,
doc/dev-guide/source/sql_syntax_reference/dql_syntax/select.rst,SELECT,/home/ubuntu/repotesting/data-warehouse-service/umn/source/_static/images/en-us_image_0000002328057584.png,substitution_image,1019,,,,,,,,,,,,fail,,,kein valides Bild,,,0,,
doc/dev-guide/source/sql_syntax_reference/dql_syntax/select.rst,SELECT,/home/ubuntu/repotesting/data-warehouse-service/umn/source/_static/images/en-us_image_0000002590145640.png,substitution_image,1020,,,,,,,,,,,,fail,,,kein valides Bild,,,0,,
doc/dev-guide/source/sql_syntax_reference/dql_syntax/select.rst,SELECT,/home/ubuntu/repotesting/data-warehouse-service/umn/source/_static/images/en-us_image_0000002590145738.png,substitution_image,1021,,,,,,,,,,,,fail,,,kein valides Bild,,,0,,
doc/dev-guide/source/sql_syntax_reference/dql_syntax/select.rst,SELECT,/home/ubuntu/repotesting/data-warehouse-service/umn/source/_static/images/en-us_image_0000002620505331.png,substitution_image,1022,,,,,,,,,,,,fail,,,kein valides Bild,,,0,,
doc/dev-guide/source/sql_syntax_reference/dql_syntax/select.rst,SELECT,/home/ubuntu/repotesting/data-warehouse-service/umn/source/_static/images/en-us_image_0000002620505369.png,substitution_image,1023,,,,,,,,,,,,fail,,,kein valides Bild,,,0,,
doc/dev-guide/source/sql_syntax_reference/dql_syntax/select.rst,SELECT,/home/ubuntu/repotesting/data-warehouse-service/umn/source/_static/images/en-us_image_0000002590145872.png,substitution_image,1024,,,,,,,,,,,,fail,,,kein valides Bild,,,0,,
doc/dev-guide/source/sql_syntax_reference/dql_syntax/select.rst,SELECT,/home/ubuntu/repotesting/data-warehouse-service/umn/source/_static/images/en-us_image_0000002589986150.png,substitution_image,1025,,,,,,,,,,,,fail,,,kein valides Bild,,,0,,
doc/dev-guide/source/sql_syntax_reference/dql_syntax/select.rst,SELECT,/home/ubuntu/repotesting/data-warehouse-service/umn/source/_static/images/en-us_image_0000002620585799.png,substitution_image,1026,,,,,,,,,,,,fail,,,kein valides Bild,,,0,,
doc/dev-guide/source/sql_syntax_reference/dql_syntax/select.rst,SELECT,/home/ubuntu/repotesting/data-warehouse-service/umn/source/_static/images/en-us_image_0000002589986184.png,substitution_image,1027,,,,,,,,,,,,fail,,,kein valides Bild,,,0,,
doc/dev-guide/source/sql_syntax_reference/dql_syntax/select.rst,SELECT,/home/ubuntu/repotesting/data-warehouse-service/umn/source/_static/images/en-us_image_0000002589987838.png,substitution_image,1028,,,,,,,,,,,,fail,,,kein valides Bild,,,0,,
doc/dev-guide/source/sql_syntax_reference/dql_syntax/select.rst,SELECT,/home/ubuntu/repotesting/data-warehouse-service/umn/source/_static/images/en-us_image_0000002620507515.png,substitution_image,1029,,,,,,,,,,,,fail,,,kein valides Bild,,,0,,
doc/dev-guide/source/sql_syntax_reference/dql_syntax/select.rst,SELECT,/home/ubuntu/repotesting/data-warehouse-service/umn/source/_static/images/en-us_image_0000002620507581.png,substitution_image,1030,,,,,,,,,,,,fail,,,kein valides Bild,,,0,,
doc/dev-guide/source/sql_syntax_reference/dql_syntax/select.rst,SELECT,/home/ubuntu/repotesting/data-warehouse-service/umn/source/_static/images/en-us_image_0000002589988334.png,substitution_image,1031,,,,,,,,,,,,fail,,,kein valides Bild,,,0,,
doc/dev-guide/source/sql_syntax_reference/dql_syntax/select.rst,SELECT,/home/ubuntu/repotesting/data-warehouse-service/umn/source/_static/images/en-us_image_0000002620600599.png,substitution_image,1032,,,,,,,,,,,,fail,,,kein valides Bild,,,0,,
doc/dev-guide/source/sql_syntax_reference/dql_syntax/select.rst,SELECT,/home/ubuntu/repotesting/data-warehouse-service/umn/source/_static/images/en-us_image_0000002620521283.png,substitution_image,1033,,,,,,,,,,,,fail,,,kein valides Bild,,,0,,
doc/dev-guide/source/sql_syntax_reference/dql_syntax/select.rst,SELECT,/home/ubuntu/repotesting/data-warehouse-service/umn/source/_static/images/en-us_image_0000002324210449.png,substitution_image,1034,,,,,,,,,,,,fail,,,kein valides Bild,,,0,,
doc/dev-guide/source/sql_syntax_reference/dql_syntax/select.rst,SELECT,/home/ubuntu/repotesting/data-warehouse-service/umn/source/_static/images/en-us_image_0000002324098581.png,substitution_image,1035,,,,,,,,,,,,fail,,,kein valides Bild,,,0,,
doc/dev-guide/source/sql_syntax_reference/dql_syntax/select.rst,SELECT,/home/ubuntu/repotesting/data-warehouse-service/umn/source/_static/images/en-us_image_0000002324111077.png,substitution_image,1036,,,,,,,,,,,,fail,,,kein valides Bild,,,0,,
doc/dev-guide/source/sql_syntax_reference/dql_syntax/select.rst,SELECT,/home/ubuntu/repotesting/data-warehouse-service/umn/source/_static/images/en-us_image_0000002324253169.png,substitution_image,1037,,,,,,,,,,,,fail,,,kein valides Bild,,,0,,
doc/dev-guide/source/sql_syntax_reference/dql_syntax/select.rst,SELECT,/home/ubuntu/repotesting/data-warehouse-service/umn/source/_static/images/en-us_image_0000002324379433.png,substitution_image,1038,,,,,,,,,,,,fail,,,kein valides Bild,,,0,,
doc/dev-guide/source/sql_syntax_reference/dql_syntax/select_into.rst,SELECT INTO,,,,,,,,,,,,,,,fail,kein valides Bild,,,,,0,,
doc/dev-guide/source/sql_syntax_reference/dql_syntax/select_into.rst,SELECT INTO,/home/ubuntu/repotesting/data-warehouse-service/umn/source/_static/images/en-us_image_0000002618097461.png,substitution_image,82,,,,,,,,,,,,fail,,,kein valides Bild,,,0,,
doc/dev-guide/source/sql_syntax_reference/expressions/conditional_expressions.rst,Conditional Expressions,,,,,,,,,,,,,,,fail,kein valides Bild,,,,,0,,
doc/dev-guide/source/sql_syntax_reference/expressions/conditional_expressions.rst,Conditional Expressions,/home/ubuntu/repotesting/data-warehouse-service/umn/source/_static/images/en-us_image_0000001811634945.jpg,figure,20,,,,,,,,,,,,fail,,,kein valides Bild,,,0,,
doc/dev-guide/source/sql_syntax_reference/expressions/conditional_expressions.rst,Conditional Expressions,/home/ubuntu/repotesting/data-warehouse-service/umn/source/_static/images/en-us_image_0000001764675566.png,figure,68,,,,,,,,,,,,fail,,,kein valides Bild,,,0,,
doc/dev-guide/source/sql_syntax_reference/expressions/conditional_expressions.rst,Conditional Expressions,/home/ubuntu/repotesting/data-warehouse-service/umn/source/_static/images/en-us_image_0000001764675562.png,figure,91,,,,,,,,,,,,fail,,,kein valides Bild,,,0,,
doc/dev-guide/source/sql_syntax_reference/expressions/conditional_expressions.rst,Conditional Expressions,/home/ubuntu/repotesting/data-warehouse-service/umn/source/_static/images/en-us_image_0000001811515869.png,figure,136,,,,,,,,,,,,fail,,,kein valides Bild,,,0,,
doc/dev-guide/source/sql_syntax_reference/expressions/conditional_expressions.rst,Conditional Expressions,/home/ubuntu/repotesting/data-warehouse-service/umn/source/_static/images/en-us_image_0000001811515877.png,figure,180,,,,,,,,,,,,fail,,,kein valides Bild,,,0,,
doc/dev-guide/source/sql_syntax_reference/expressions/conditional_expressions.rst,Conditional Expressions,/home/ubuntu/repotesting/data-warehouse-service/umn/source/_static/images/en-us_image_0000001764675570.png,figure,199,,,,,,,,,,,,fail,,,kein valides Bild,,,0,,
doc/dev-guide/source/sql_syntax_reference/expressions/conditional_expressions.rst,Conditional Expressions,/home/ubuntu/repotesting/data-warehouse-service/umn/source/_static/images/en-us_image_0000001764516602.jpg,figure,226,,,,,,,,,,,,fail,,,kein valides Bild,,,0,,
doc/dev-guide/source/sql_syntax_reference/expressions/conditional_expressions.rst,Conditional Expressions,/home/ubuntu/repotesting/data-warehouse-service/umn/source/_static/images/en-us_image_0000001811634941.png,figure,257,,,,,,,,,,,,fail,,,kein valides Bild,,,0,,
doc/dev-guide/source/sql_syntax_reference/expressions/conditional_expressions.rst,Conditional Expressions,/home/ubuntu/repotesting/data-warehouse-service/umn/source/_static/images/en-us_image_0000001764516598.png,figure,272,,,,,,,,,,,,fail,,,kein valides Bild,,,0,,
doc/dev-guide/source/sql_syntax_reference/expressions/subquery_expressions.rst,Subquery Expressions,,,,,,,,,,,,,,,fail,kein valides Bild,,,,,0,,
doc/dev-guide/source/sql_syntax_reference/expressions/subquery_expressions.rst,Subquery Expressions,/home/ubuntu/repotesting/data-warehouse-service/umn/source/_static/images/en-us_image_0000001811634877.png,figure,16,,,,,,,,,,,,fail,,,kein valides Bild,,,0,,
doc/dev-guide/source/sql_syntax_reference/expressions/subquery_expressions.rst,Subquery Expressions,/home/ubuntu/repotesting/data-warehouse-service/umn/source/_static/images/en-us_image_0000001764675538.png,figure,55,,,,,,,,,,,,fail,,,kein valides Bild,,,0,,
doc/dev-guide/source/sql_syntax_reference/expressions/subquery_expressions.rst,Subquery Expressions,/home/ubuntu/repotesting/data-warehouse-service/umn/source/_static/images/en-us_image_0000001811515809.png,figure,98,,,,,,,,,,,,fail,,,kein valides Bild,,,0,,
doc/dev-guide/source/sql_syntax_reference/expressions/subquery_expressions.rst,Subquery Expressions,/home/ubuntu/repotesting/data-warehouse-service/umn/source/_static/images/en-us_image_0000001764516534.png,figure,139,,,,,,,,,,,,fail,,,kein valides Bild,,,0,,
doc/dev-guide/source/sql_syntax_reference/functions_and_operators/call_stack_recording_functions.rst,Call Stack Recording Functions,,,,,,,,,,,,,,,fail,kein valides Bild,,,,,0,,
doc/dev-guide/source/sql_syntax_reference/functions_and_operators/call_stack_recording_functions.rst,Call Stack Recording Functions,/home/ubuntu/repotesting/data-warehouse-service/umn/source/_static/images/en-us_image_0000001764675554.png,substitution_image,160,,,,,,,,,,,,fail,,,kein valides Bild,,,0,,
doc/dev-guide/source/sql_syntax_reference/functions_and_operators/hll_functions_and_operators/precision_functions.rst,Precision Functions,,,,,,,,,,,,,,,fail,kein valides Bild,,,,,0,,
doc/dev-guide/source/sql_syntax_reference/functions_and_operators/hll_functions_and_operators/precision_functions.rst,Precision Functions,/home/ubuntu/repotesting/data-warehouse-service/umn/source/_static/images/en-us_image_0000001495204945.png,substitution_image,120,,,,,,,,,,,,fail,,,kein valides Bild,,,0,,
doc/dev-guide/source/sql_syntax_reference/functions_and_operators/residual_file_management_functions/using_residual_file_management_functions.rst,Using Residual File Management Functions,,,,,,,,,,,,,,,fail,kein valides Bild,,,,,0,,
doc/dev-guide/source/sql_syntax_reference/functions_and_operators/residual_file_management_functions/using_residual_file_management_functions.rst,Using Residual File Management Functions,/home/ubuntu/repotesting/data-warehouse-service/umn/source/_static/images/en-us_image_0000001764516590.png,substitution_image,120,,,,,,,,,,,,fail,,,kein valides Bild,,,0,,
doc/dev-guide/source/sql_syntax_reference/functions_and_operators/residual_file_management_functions/using_residual_file_management_functions.rst,Using Residual File Management Functions,/home/ubuntu/repotesting/data-warehouse-service/umn/source/_static/images/en-us_image_0000001764516594.png,substitution_image,121,,,,,,,,,,,,fail,,,kein valides Bild,,,0,,
doc/dev-guide/source/sql_syntax_reference/functions_and_operators/residual_file_management_functions/using_residual_file_management_functions.rst,Using Residual File Management Functions,/home/ubuntu/repotesting/data-warehouse-service/umn/source/_static/images/en-us_image_0000001764516586.png,substitution_image,122,,,,,,,,,,,,fail,,,kein valides Bild,,,0,,
doc/dev-guide/source/sql_syntax_reference/functions_and_operators/residual_file_management_functions/using_residual_file_management_functions.rst,Using Residual File Management Functions,/home/ubuntu/repotesting/data-warehouse-service/umn/source/_static/images/en-us_image_0000001764675558.png,substitution_image,123,,,,,,,,,,,,fail,,,kein valides Bild,,,0,,
doc/dev-guide/source/sql_syntax_reference/functions_and_operators/residual_file_management_functions/using_residual_file_management_functions.rst,Using Residual File Management Functions,/home/ubuntu/repotesting/data-warehouse-service/umn/source/_static/images/en-us_image_0000001811515865.png,substitution_image,124,,,,,,,,,,,,fail,,,kein valides Bild,,,0,,
doc/dev-guide/source/sql_syntax_reference/functions_and_operators/residual_file_management_functions/using_residual_file_management_functions.rst,Using Residual File Management Functions,/home/ubuntu/repotesting/data-warehouse-service/umn/source/_static/images/en-us_image_0000001811515861.png,substitution_image,125,,,,,,,,,,,,fail,,,kein valides Bild,,,0,,
doc/dev-guide/source/sql_syntax_reference/functions_and_operators/residual_file_management_functions/using_residual_file_management_functions.rst,Using Residual File Management Functions,/home/ubuntu/repotesting/data-warehouse-service/umn/source/_static/images/en-us_image_0000001811634937.png,substitution_image,126,,,,,,,,,,,,fail,,,kein valides Bild,,,0,,
doc/dev-guide/source/sql_syntax_reference/functions_and_operators/residual_file_management_functions/using_residual_file_management_functions.rst,Using Residual File Management Functions,/home/ubuntu/repotesting/data-warehouse-service/umn/source/_static/images/en-us_image_0000001764516582.png,substitution_image,127,,,,,,,,,,,,fail,,,kein valides Bild,,,0,,
doc/dev-guide/source/sql_syntax_reference/functions_and_operators/residual_file_management_functions/using_residual_file_management_functions.rst,Using Residual File Management Functions,/home/ubuntu/repotesting/data-warehouse-service/umn/source/_static/images/en-us_image_0000001811634933.png,substitution_image,128,,,,,,,,,,,,fail,,,kein valides Bild,,,0,,
doc/dev-guide/source/sql_syntax_reference/functions_and_operators/residual_file_management_functions/using_residual_file_management_functions.rst,Using Residual File Management Functions,/home/ubuntu/repotesting/data-warehouse-service/umn/source/_static/images/en-us_image_0000001811515857.png,substitution_image,129,,,,,,,,,,,,fail,,,kein valides Bild,,,0,,
doc/dev-guide/source/sql_syntax_reference/functions_and_operators/residual_file_management_functions/using_residual_file_management_functions.rst,Using Residual File Management Functions,/home/ubuntu/repotesting/data-warehouse-service/umn/source/_static/images/en-us_image_0000001764675550.png,substitution_image,130,,,,,,,,,,,,fail,,,kein valides Bild,,,0,,
doc/dev-guide/source/sql_syntax_reference/functions_and_operators/residual_file_management_functions/using_residual_file_management_functions.rst,Using Residual File Management Functions,/home/ubuntu/repotesting/data-warehouse-service/umn/source/_static/images/en-us_image_0000001811634929.png,substitution_image,131,,,,,,,,,,,,fail,,,kein valides Bild,,,0,,
doc/dev-guide/source/sql_syntax_reference/functions_and_operators/string_processing_functions_and_operators/obtaining_the_length_of_a_string.rst,Obtaining the Length of a String,,,,,,,,,,,,,,,fail,kein valides Bild,,,,,0,,
doc/dev-guide/source/sql_syntax_reference/functions_and_operators/string_processing_functions_and_operators/obtaining_the_length_of_a_string.rst,Obtaining the Length of a String,/home/ubuntu/repotesting/data-warehouse-service/umn/source/_static/images/en-us_image_0000002483953324.png,substitution_image,216,,,,,,,,,,,,fail,,,kein valides Bild,,,0,,
doc/dev-guide/source/sql_syntax_reference/keyword.rst,Keyword,,,,,,,,,,,,,,,fail,kein valides Bild,,,,,0,,
doc/dev-guide/source/sql_syntax_reference/keyword.rst,Keyword,/home/ubuntu/repotesting/data-warehouse-service/umn/source/_static/images/en-us_image_0000002297008461.png,figure,17,,,,,,,,,,,,fail,,,kein valides Bild,,,0,,
doc/dev-guide/source/sql_syntax_reference/keyword.rst,Keyword,/home/ubuntu/repotesting/data-warehouse-service/umn/source/_static/images/en-us_image_0000002262439914.png,figure,23,,,,,,,,,,,,fail,,,kein valides Bild,,,0,,
doc/dev-guide/source/sql_syntax_reference/tcl_syntax/abort.rst,ABORT,,,,,,,,,,,,,,,fail,kein valides Bild,,,,,0,,
doc/dev-guide/source/sql_syntax_reference/tcl_syntax/abort.rst,ABORT,/home/ubuntu/repotesting/data-warehouse-service/umn/source/_static/images/en-us_image_0000002567737449.png,substitution_image,103,,,,,,,,,,,,fail,,,kein valides Bild,,,0,,
doc/dev-guide/source/sql_syntax_reference/tcl_syntax/abort.rst,ABORT,/home/ubuntu/repotesting/data-warehouse-service/umn/source/_static/images/en-us_image_0000002536904528.png,substitution_image,104,,,,,,,,,,,,fail,,,kein valides Bild,,,0,,
doc/dev-guide/source/sql_syntax_reference/tcl_syntax/abort.rst,ABORT,/home/ubuntu/repotesting/data-warehouse-service/umn/source/_static/images/en-us_image_0000002536746518.png,substitution_image,105,,,,,,,,,,,,fail,,,kein valides Bild,,,0,,
doc/dev-guide/source/sql_syntax_reference/tcl_syntax/rollback_to_savepoint.rst,ROLLBACK TO SAVEPOINT,,,,,,,,,,,,,,,fail,kein valides Bild,,,,,0,,
doc/dev-guide/source/sql_syntax_reference/tcl_syntax/rollback_to_savepoint.rst,ROLLBACK TO SAVEPOINT,/home/ubuntu/repotesting/data-warehouse-service/umn/source/_static/images/en-us_image_0000002587595598.png,substitution_image,88,,,,,,,,,,,,fail,,,kein valides Bild,,,0,,
doc/dev-guide/source/sql_syntax_reference/tcl_syntax/rollback_to_savepoint.rst,ROLLBACK TO SAVEPOINT,/home/ubuntu/repotesting/data-warehouse-service/umn/source/_static/images/en-us_image_0000002587446474.png,substitution_image,89,,,,,,,,,,,,fail,,,kein valides Bild,,,0,,
doc/dev-guide/source/sql_syntax_reference/tcl_syntax/rollback_to_savepoint.rst,ROLLBACK TO SAVEPOINT,/home/ubuntu/repotesting/data-warehouse-service/umn/source/_static/images/en-us_image_0000002587606436.png,substitution_image,90,,,,,,,,,,,,fail,,,kein valides Bild,,,0,,
doc/dev-guide/source/sql_syntax_reference/tcl_syntax/savepoint.rst,SAVEPOINT,,,,,,,,,,,,,,,fail,kein valides Bild,,,,,0,,
doc/dev-guide/source/sql_syntax_reference/tcl_syntax/savepoint.rst,SAVEPOINT,/home/ubuntu/repotesting/data-warehouse-service/umn/source/_static/images/en-us_image_0000002618054283.png,substitution_image,88,,,,,,,,,,,,fail,,,kein valides Bild,,,0,,
doc/dev-guide/source/sql_syntax_reference/tcl_syntax/savepoint.rst,SAVEPOINT,/home/ubuntu/repotesting/data-warehouse-service/umn/source/_static/images/en-us_image_0000002618054745.png,substitution_image,89,,,,,,,,,,,,fail,,,kein valides Bild,,,0,,
doc/dev-guide/source/sql_syntax_reference/transaction_management.rst,Transaction Management,,,,,,,,,,,,,,,fail,kein valides Bild,,,,,0,,
doc/dev-guide/source/sql_syntax_reference/transaction_management.rst,Transaction Management,/home/ubuntu/repotesting/data-warehouse-service/umn/source/_static/images/en-us_image_0000001903326154.png,substitution_image,263,,,,,,,,,,,,fail,,,kein valides Bild,,,0,,
doc/dev-guide/source/sql_syntax_reference/transaction_management.rst,Transaction Management,/home/ubuntu/repotesting/data-warehouse-service/umn/source/_static/images/en-us_image_0000001903326250.png,substitution_image,264,,,,,,,,,,,,fail,,,kein valides Bild,,,0,,
doc/dev-guide/source/sql_syntax_reference/transaction_management.rst,Transaction Management,/home/ubuntu/repotesting/data-warehouse-service/umn/source/_static/images/en-us_image_0000001903486262.png,substitution_image,265,,,,,,,,,,,,fail,,,kein valides Bild,,,0,,
doc/dev-guide/source/sql_syntax_reference/transaction_management.rst,Transaction Management,/home/ubuntu/repotesting/data-warehouse-service/umn/source/_static/images/en-us_image_0000001940645809.png,substitution_image,266,,,,,,,,,,,,fail,,,kein valides Bild,,,0,,
doc/dev-guide/source/sql_syntax_reference/transaction_management.rst,Transaction Management,/home/ubuntu/repotesting/data-warehouse-service/umn/source/_static/images/en-us_image_0000001903486502.png,substitution_image,267,,,,,,,,,,,,fail,,,kein valides Bild,,,0,,
doc/dev-guide/source/sql_syntax_reference/transaction_management.rst,Transaction Management,/home/ubuntu/repotesting/data-warehouse-service/umn/source/_static/images/en-us_image_0000001903326710.png,substitution_image,268,,,,,,,,,,,,fail,,,kein valides Bild,,,0,,
doc/dev-guide/source/sql_syntax_reference/transaction_management.rst,Transaction Management,/home/ubuntu/repotesting/data-warehouse-service/umn/source/_static/images/en-us_image_0000001903486686.png,substitution_image,269,,,,,,,,,,,,fail,,,kein valides Bild,,,0,,
doc/dev-guide/source/sql_syntax_reference/transaction_management.rst,Transaction Management,/home/ubuntu/repotesting/data-warehouse-service/umn/source/_static/images/en-us_image_0000001903486794.png,substitution_image,270,,,,,,,,,,,,fail,,,kein valides Bild,,,0,,
doc/dev-guide/source/sql_syntax_reference/transaction_management.rst,Transaction Management,/home/ubuntu/repotesting/data-warehouse-service/umn/source/_static/images/en-us_image_0000001903486834.png,substitution_image,271,,,,,,,,,,,,fail,,,kein valides Bild,,,0,,
doc/dev-guide/source/sql_syntax_reference/type_conversion/operators.rst,Operators,,,,,,,,,,,,,,,fail,kein valides Bild,,,,,0,,
doc/dev-guide/source/sql_syntax_reference/type_conversion/operators.rst,Operators,/home/ubuntu/repotesting/data-warehouse-service/umn/source/_static/images/en-us_image_0000002537967664.png,substitution_image,87,,,,,,,,,,,,fail,,,kein valides Bild,,,0,,
doc/dev-guide/source/sql_syntax_reference/type_conversion/operators.rst,Operators,/home/ubuntu/repotesting/data-warehouse-service/umn/source/_static/images/en-us_image_0000002537967836.png,substitution_image,88,,,,,,,,,,,,fail,,,kein valides Bild,,,0,,
doc/dev-guide/source/sql_syntax_reference/type_conversion/operators.rst,Operators,/home/ubuntu/repotesting/data-warehouse-service/umn/source/_static/images/en-us_image_0000002568847625.png,substitution_image,89,,,,,,,,,,,,fail,,,kein valides Bild,,,0,,
doc/dev-guide/source/sql_syntax_reference/type_conversion/operators.rst,Operators,/home/ubuntu/repotesting/data-warehouse-service/umn/source/_static/images/en-us_image_0000002568847735.png,substitution_image,90,,,,,,,,,,,,fail,,,kein valides Bild,,,0,,
doc/dev-guide/source/sql_syntax_reference/type_conversion/operators.rst,Operators,/home/ubuntu/repotesting/data-warehouse-service/umn/source/_static/images/en-us_image_0000002568809105.png,substitution_image,91,,,,,,,,,,,,fail,,,kein valides Bild,,,0,,
doc/dev-guide/source/syntax_compatibility_differences_among_oracle_teradata_and_mysql.rst,"Syntax Compatibility Differences Among Oracle, Teradata, and MySQL",,,,,,,,,,,,,,,fail,kein valides Bild,,,,,0,,
doc/dev-guide/source/syntax_compatibility_differences_among_oracle_teradata_and_mysql.rst,"Syntax Compatibility Differences Among Oracle, Teradata, and MySQL",/home/ubuntu/repotesting/data-warehouse-service/umn/source/_static/images/en-us_image_0000002426170825.png,substitution_image,966,,,,,,,,,,,,fail,,,kein valides Bild,,,0,,
doc/dev-guide/source/syntax_compatibility_differences_among_oracle_teradata_and_mysql.rst,"Syntax Compatibility Differences Among Oracle, Teradata, and MySQL",/home/ubuntu/repotesting/data-warehouse-service/umn/source/_static/images/en-us_image_0000002426171541.png,substitution_image,967,,,,,,,,,,,,fail,,,kein valides Bild,,,0,,
doc/dev-guide/source/syntax_compatibility_differences_among_oracle_teradata_and_mysql.rst,"Syntax Compatibility Differences Among Oracle, Teradata, and MySQL",/home/ubuntu/repotesting/data-warehouse-service/umn/source/_static/images/en-us_image_0000002426253001.png,substitution_image,968,,,,,,,,,,,,fail,,,kein valides Bild,,,0,,
doc/dev-guide/source/syntax_compatibility_differences_among_oracle_teradata_and_mysql.rst,"Syntax Compatibility Differences Among Oracle, Teradata, and MySQL",/home/ubuntu/repotesting/data-warehouse-service/umn/source/_static/images/en-us_image_0000002426253069.png,substitution_image,969,,,,,,,,,,,,fail,,,kein valides Bild,,,0,,
doc/dev-guide/source/syntax_compatibility_differences_among_oracle_teradata_and_mysql.rst,"Syntax Compatibility Differences Among Oracle, Teradata, and MySQL",/home/ubuntu/repotesting/data-warehouse-service/umn/source/_static/images/en-us_image_0000002392693412.png,substitution_image,970,,,,,,,,,,,,fail,,,kein valides Bild,,,0,,
doc/dev-guide/source/syntax_compatibility_differences_among_oracle_teradata_and_mysql.rst,"Syntax Compatibility Differences Among Oracle, Teradata, and MySQL",/home/ubuntu/repotesting/data-warehouse-service/umn/source/_static/images/en-us_image_0000002426173749.png,substitution_image,971,,,,,,,,,,,,fail,,,kein valides Bild,,,0,,
doc/dev-guide/source/syntax_compatibility_differences_among_oracle_teradata_and_mysql.rst,"Syntax Compatibility Differences Among Oracle, Teradata, and MySQL",/home/ubuntu/repotesting/data-warehouse-service/umn/source/_static/images/en-us_image_0000002426254089.png,substitution_image,972,,,,,,,,,,,,fail,,,kein valides Bild,,,0,,
doc/dev-guide/source/syntax_compatibility_differences_among_oracle_teradata_and_mysql.rst,"Syntax Compatibility Differences Among Oracle, Teradata, and MySQL",/home/ubuntu/repotesting/data-warehouse-service/umn/source/_static/images/en-us_image_0000002426254281.png,substitution_image,973,,,,,,,,,,,,fail,,,kein valides Bild,,,0,,
doc/dev-guide/source/syntax_compatibility_differences_among_oracle_teradata_and_mysql.rst,"Syntax Compatibility Differences Among Oracle, Teradata, and MySQL",/home/ubuntu/repotesting/data-warehouse-service/umn/source/_static/images/en-us_image_0000002426174385.png,substitution_image,974,,,,,,,,,,,,fail,,,kein valides Bild,,,0,,
doc/dev-guide/source/syntax_compatibility_differences_among_oracle_teradata_and_mysql.rst,"Syntax Compatibility Differences Among Oracle, Teradata, and MySQL",/home/ubuntu/repotesting/data-warehouse-service/umn/source/_static/images/en-us_image_0000002392695528.png,substitution_image,975,,,,,,,,,,,,fail,,,kein valides Bild,,,0,,
doc/dev-guide/source/syntax_compatibility_differences_among_oracle_teradata_and_mysql.rst,"Syntax Compatibility Differences Among Oracle, Teradata, and MySQL",/home/ubuntu/repotesting/data-warehouse-service/umn/source/_static/images/en-us_image_0000002426256057.png,substitution_image,976,,,,,,,,,,,,fail,,,kein valides Bild,,,0,,
doc/dev-guide/source/syntax_compatibility_differences_among_oracle_teradata_and_mysql.rst,"Syntax Compatibility Differences Among Oracle, Teradata, and MySQL",/home/ubuntu/repotesting/data-warehouse-service/umn/source/_static/images/en-us_image_0000002426176485.png,substitution_image,977,,,,,,,,,,,,fail,,,kein valides Bild,,,0,,
doc/dev-guide/source/syntax_compatibility_differences_among_oracle_teradata_and_mysql.rst,"Syntax Compatibility Differences Among Oracle, Teradata, and MySQL",/home/ubuntu/repotesting/data-warehouse-service/umn/source/_static/images/en-us_image_0000002392538680.png,substitution_image,978,,,,,,,,,,,,fail,,,kein valides Bild,,,0,,
doc/dev-guide/source/syntax_compatibility_differences_among_oracle_teradata_and_mysql.rst,"Syntax Compatibility Differences Among Oracle, Teradata, and MySQL",/home/ubuntu/repotesting/data-warehouse-service/umn/source/_static/images/en-us_image_0000002392539140.png,substitution_image,979,,,,,,,,,,,,fail,,,kein valides Bild,,,0,,
doc/dev-guide/source/syntax_compatibility_differences_among_oracle_teradata_and_mysql.rst,"Syntax Compatibility Differences Among Oracle, Teradata, and MySQL",/home/ubuntu/repotesting/data-warehouse-service/umn/source/_static/images/en-us_image_0000002392540264.png,substitution_image,980,,,,,,,,,,,,fail,,,kein valides Bild,,,0,,
doc/dev-guide/source/syntax_compatibility_differences_among_oracle_teradata_and_mysql.rst,"Syntax Compatibility Differences Among Oracle, Teradata, and MySQL",/home/ubuntu/repotesting/data-warehouse-service/umn/source/_static/images/en-us_image_0000002426261241.png,substitution_image,981,,,,,,,,,,,,fail,,,kein valides Bild,,,0,,
doc/dev-guide/source/syntax_compatibility_differences_among_oracle_teradata_and_mysql.rst,"Syntax Compatibility Differences Among Oracle, Teradata, and MySQL",/home/ubuntu/repotesting/data-warehouse-service/umn/source/_static/images/en-us_image_0000002392703052.png,substitution_image,982,,,,,,,,,,,,fail,,,kein valides Bild,,,0,,
doc/dev-guide/source/syntax_compatibility_differences_among_oracle_teradata_and_mysql.rst,"Syntax Compatibility Differences Among Oracle, Teradata, and MySQL",/home/ubuntu/repotesting/data-warehouse-service/umn/source/_static/images/en-us_image_0000002426183829.png,substitution_image,983,,,,,,,,,,,,fail,,,kein valides Bild,,,0,,
doc/dev-guide/source/syntax_compatibility_differences_among_oracle_teradata_and_mysql.rst,"Syntax Compatibility Differences Among Oracle, Teradata, and MySQL",/home/ubuntu/repotesting/data-warehouse-service/umn/source/_static/images/en-us_image_0000002426264229.png,substitution_image,984,,,,,,,,,,,,fail,,,kein valides Bild,,,0,,
doc/dev-guide/source/syntax_compatibility_differences_among_oracle_teradata_and_mysql.rst,"Syntax Compatibility Differences Among Oracle, Teradata, and MySQL",/home/ubuntu/repotesting/data-warehouse-service/umn/source/_static/images/en-us_image_0000002426184269.png,substitution_image,985,,,,,,,,,,,,fail,,,kein valides Bild,,,0,,
doc/dev-guide/source/syntax_compatibility_differences_among_oracle_teradata_and_mysql.rst,"Syntax Compatibility Differences Among Oracle, Teradata, and MySQL",/home/ubuntu/repotesting/data-warehouse-service/umn/source/_static/images/en-us_image_0000002426269185.png,substitution_image,986,,,,,,,,,,,,fail,,,kein valides Bild,,,0,,
doc/dev-guide/source/syntax_compatibility_differences_among_oracle_teradata_and_mysql.rst,"Syntax Compatibility Differences Among Oracle, Teradata, and MySQL",/home/ubuntu/repotesting/data-warehouse-service/umn/source/_static/images/en-us_image_0000002426269509.png,substitution_image,987,,,,,,,,,,,,fail,,,kein valides Bild,,,0,,
doc/dev-guide/source/syntax_compatibility_differences_among_oracle_teradata_and_mysql.rst,"Syntax Compatibility Differences Among Oracle, Teradata, and MySQL",/home/ubuntu/repotesting/data-warehouse-service/umn/source/_static/images/en-us_image_0000002426269713.png,substitution_image,988,,,,,,,,,,,,fail,,,kein valides Bild,,,0,,
doc/dev-guide/source/syntax_compatibility_differences_among_oracle_teradata_and_mysql.rst,"Syntax Compatibility Differences Among Oracle, Teradata, and MySQL",/home/ubuntu/repotesting/data-warehouse-service/umn/source/_static/images/en-us_image_0000002426269789.png,substitution_image,989,,,,,,,,,,,,fail,,,kein valides Bild,,,0,,
doc/dev-guide/source/syntax_compatibility_differences_among_oracle_teradata_and_mysql.rst,"Syntax Compatibility Differences Among Oracle, Teradata, and MySQL",/home/ubuntu/repotesting/data-warehouse-service/umn/source/_static/images/en-us_image_0000002392710060.png,substitution_image,990,,,,,,,,,,,,fail,,,kein valides Bild,,,0,,
doc/dev-guide/source/syntax_compatibility_differences_among_oracle_teradata_and_mysql.rst,"Syntax Compatibility Differences Among Oracle, Teradata, and MySQL",/home/ubuntu/repotesting/data-warehouse-service/umn/source/_static/images/en-us_image_0000002426190225.png,substitution_image,991,,,,,,,,,,,,fail,,,kein valides Bild,,,0,,
doc/dev-guide/source/syntax_compatibility_differences_among_oracle_teradata_and_mysql.rst,"Syntax Compatibility Differences Among Oracle, Teradata, and MySQL",/home/ubuntu/repotesting/data-warehouse-service/umn/source/_static/images/en-us_image_0000002426190521.png,substitution_image,992,,,,,,,,,,,,fail,,,kein valides Bild,,,0,,
doc/dev-guide/source/syntax_compatibility_differences_among_oracle_teradata_and_mysql.rst,"Syntax Compatibility Differences Among Oracle, Teradata, and MySQL",/home/ubuntu/repotesting/data-warehouse-service/umn/source/_static/images/en-us_image_0000002426270845.png,substitution_image,993,,,,,,,,,,,,fail,,,kein valides Bild,,,0,,
doc/dev-guide/source/syntax_compatibility_differences_among_oracle_teradata_and_mysql.rst,"Syntax Compatibility Differences Among Oracle, Teradata, and MySQL",/home/ubuntu/repotesting/data-warehouse-service/umn/source/_static/images/en-us_image_0000002392711004.png,substitution_image,994,,,,,,,,,,,,fail,,,kein valides Bild,,,0,,
doc/dev-guide/source/syntax_compatibility_differences_among_oracle_teradata_and_mysql.rst,"Syntax Compatibility Differences Among Oracle, Teradata, and MySQL",/home/ubuntu/repotesting/data-warehouse-service/umn/source/_static/images/en-us_image_0000002392551372.png,substitution_image,995,,,,,,,,,,,,fail,,,kein valides Bild,,,0,,
doc/dev-guide/source/syntax_compatibility_differences_among_oracle_teradata_and_mysql.rst,"Syntax Compatibility Differences Among Oracle, Teradata, and MySQL",/home/ubuntu/repotesting/data-warehouse-service/umn/source/_static/images/en-us_image_0000002392711696.png,substitution_image,996,,,,,,,,,,,,fail,,,kein valides Bild,,,0,,
doc/dev-guide/source/syntax_compatibility_differences_among_oracle_teradata_and_mysql.rst,"Syntax Compatibility Differences Among Oracle, Teradata, and MySQL",/home/ubuntu/repotesting/data-warehouse-service/umn/source/_static/images/en-us_image_0000002392715096.png,substitution_image,997,,,,,,,,,,,,fail,,,kein valides Bild,,,0,,
doc/dev-guide/source/syntax_compatibility_differences_among_oracle_teradata_and_mysql.rst,"Syntax Compatibility Differences Among Oracle, Teradata, and MySQL",/home/ubuntu/repotesting/data-warehouse-service/umn/source/_static/images/en-us_image_0000002426275133.png,substitution_image,998,,,,,,,,,,,,fail,,,kein valides Bild,,,0,,
doc/dev-guide/source/syntax_compatibility_differences_among_oracle_teradata_and_mysql.rst,"Syntax Compatibility Differences Among Oracle, Teradata, and MySQL",/home/ubuntu/repotesting/data-warehouse-service/umn/source/_static/images/en-us_image_0000002426275441.png,substitution_image,999,,,,,,,,,,,,fail,,,kein valides Bild,,,0,,
doc/dev-guide/source/syntax_compatibility_differences_among_oracle_teradata_and_mysql.rst,"Syntax Compatibility Differences Among Oracle, Teradata, and MySQL",/home/ubuntu/repotesting/data-warehouse-service/umn/source/_static/images/en-us_image_0000002426195685.png,substitution_image,1000,,,,,,,,,,,,fail,,,kein valides Bild,,,0,,
doc/dev-guide/source/syntax_compatibility_differences_among_oracle_teradata_and_mysql.rst,"Syntax Compatibility Differences Among Oracle, Teradata, and MySQL",/home/ubuntu/repotesting/data-warehouse-service/umn/source/_static/images/en-us_image_0000002392556428.png,substitution_image,1001,,,,,,,,,,,,fail,,,kein valides Bild,,,0,,
doc/dev-guide/source/syntax_compatibility_differences_among_oracle_teradata_and_mysql.rst,"Syntax Compatibility Differences Among Oracle, Teradata, and MySQL",/home/ubuntu/repotesting/data-warehouse-service/umn/source/_static/images/en-us_image_0000002392716584.png,substitution_image,1002,,,,,,,,,,,,fail,,,kein valides Bild,,,0,,
doc/dev-guide/source/syntax_compatibility_differences_among_oracle_teradata_and_mysql.rst,"Syntax Compatibility Differences Among Oracle, Teradata, and MySQL",/home/ubuntu/repotesting/data-warehouse-service/umn/source/_static/images/en-us_image_0000002392556972.png,substitution_image,1003,,,,,,,,,,,,fail,,,kein valides Bild,,,0,,
doc/dev-guide/source/syntax_compatibility_differences_among_oracle_teradata_and_mysql.rst,"Syntax Compatibility Differences Among Oracle, Teradata, and MySQL",/home/ubuntu/repotesting/data-warehouse-service/umn/source/_static/images/en-us_image_0000002392557188.png,substitution_image,1004,,,,,,,,,,,,fail,,,kein valides Bild,,,0,,
doc/dev-guide/source/syntax_compatibility_differences_among_oracle_teradata_and_mysql.rst,"Syntax Compatibility Differences Among Oracle, Teradata, and MySQL",/home/ubuntu/repotesting/data-warehouse-service/umn/source/_static/images/en-us_image_0000002426277437.png,substitution_image,1005,,,,,,,,,,,,fail,,,kein valides Bild,,,0,,
doc/dev-guide/source/syntax_compatibility_differences_among_oracle_teradata_and_mysql.rst,"Syntax Compatibility Differences Among Oracle, Teradata, and MySQL",/home/ubuntu/repotesting/data-warehouse-service/umn/source/_static/images/en-us_image_0000002426277905.png,substitution_image,1006,,,,,,,,,,,,fail,,,kein valides Bild,,,0,,
doc/dev-guide/source/syntax_compatibility_differences_among_oracle_teradata_and_mysql.rst,"Syntax Compatibility Differences Among Oracle, Teradata, and MySQL",/home/ubuntu/repotesting/data-warehouse-service/umn/source/_static/images/en-us_image_0000002392558176.png,substitution_image,1007,,,,,,,,,,,,fail,,,kein valides Bild,,,0,,
doc/dev-guide/source/syntax_compatibility_differences_among_oracle_teradata_and_mysql.rst,"Syntax Compatibility Differences Among Oracle, Teradata, and MySQL",/home/ubuntu/repotesting/data-warehouse-service/umn/source/_static/images/en-us_image_0000002392558780.png,substitution_image,1008,,,,,,,,,,,,fail,,,kein valides Bild,,,0,,
doc/dev-guide/source/syntax_compatibility_differences_among_oracle_teradata_and_mysql.rst,"Syntax Compatibility Differences Among Oracle, Teradata, and MySQL",/home/ubuntu/repotesting/data-warehouse-service/umn/source/_static/images/en-us_image_0000002426279461.png,substitution_image,1009,,,,,,,,,,,,fail,,,kein valides Bild,,,0,,
doc/dev-guide/source/syntax_compatibility_differences_among_oracle_teradata_and_mysql.rst,"Syntax Compatibility Differences Among Oracle, Teradata, and MySQL",/home/ubuntu/repotesting/data-warehouse-service/umn/source/_static/images/en-us_image_0000002426203217.png,substitution_image,1010,,,,,,,,,,,,fail,,,kein valides Bild,,,0,,
doc/dev-guide/source/syntax_compatibility_differences_among_oracle_teradata_and_mysql.rst,"Syntax Compatibility Differences Among Oracle, Teradata, and MySQL",/home/ubuntu/repotesting/data-warehouse-service/umn/source/_static/images/en-us_image_0000002426283817.png,substitution_image,1011,,,,,,,,,,,,fail,,,kein valides Bild,,,0,,
doc/dev-guide/source/syntax_compatibility_differences_among_oracle_teradata_and_mysql.rst,"Syntax Compatibility Differences Among Oracle, Teradata, and MySQL",/home/ubuntu/repotesting/data-warehouse-service/umn/source/_static/images/en-us_image_0000002392564192.png,substitution_image,1012,,,,,,,,,,,,fail,,,kein valides Bild,,,0,,
doc/dev-guide/source/syntax_compatibility_differences_among_oracle_teradata_and_mysql.rst,"Syntax Compatibility Differences Among Oracle, Teradata, and MySQL",/home/ubuntu/repotesting/data-warehouse-service/umn/source/_static/images/en-us_image_0000002392724572.png,substitution_image,1013,,,,,,,,,,,,fail,,,kein valides Bild,,,0,,
doc/dev-guide/source/syntax_compatibility_differences_among_oracle_teradata_and_mysql.rst,"Syntax Compatibility Differences Among Oracle, Teradata, and MySQL",/home/ubuntu/repotesting/data-warehouse-service/umn/source/_static/images/en-us_image_0000002392568604.png,substitution_image,1014,,,,,,,,,,,,fail,,,kein valides Bild,,,0,,
doc/dev-guide/source/syntax_compatibility_differences_among_oracle_teradata_and_mysql.rst,"Syntax Compatibility Differences Among Oracle, Teradata, and MySQL",/home/ubuntu/repotesting/data-warehouse-service/umn/source/_static/images/en-us_image_0000002426288805.png,substitution_image,1015,,,,,,,,,,,,fail,,,kein valides Bild,,,0,,
doc/dev-guide/source/syntax_compatibility_differences_among_oracle_teradata_and_mysql.rst,"Syntax Compatibility Differences Among Oracle, Teradata, and MySQL",/home/ubuntu/repotesting/data-warehouse-service/umn/source/_static/images/en-us_image_0000002426208849.png,substitution_image,1016,,,,,,,,,,,,fail,,,kein valides Bild,,,0,,
doc/dev-guide/source/syntax_compatibility_differences_among_oracle_teradata_and_mysql.rst,"Syntax Compatibility Differences Among Oracle, Teradata, and MySQL",/home/ubuntu/repotesting/data-warehouse-service/umn/source/_static/images/en-us_image_0000002392729292.png,substitution_image,1017,,,,,,,,,,,,fail,,,kein valides Bild,,,0,,
doc/dev-guide/source/syntax_compatibility_differences_among_oracle_teradata_and_mysql.rst,"Syntax Compatibility Differences Among Oracle, Teradata, and MySQL",/home/ubuntu/repotesting/data-warehouse-service/umn/source/_static/images/en-us_image_0000002392729676.png,substitution_image,1018,,,,,,,,,,,,fail,,,kein valides Bild,,,0,,
doc/dev-guide/source/syntax_compatibility_differences_among_oracle_teradata_and_mysql.rst,"Syntax Compatibility Differences Among Oracle, Teradata, and MySQL",/home/ubuntu/repotesting/data-warehouse-service/umn/source/_static/images/en-us_image_0000002426289957.png,substitution_image,1019,,,,,,,,,,,,fail,,,kein valides Bild,,,0,,
doc/dev-guide/source/syntax_compatibility_differences_among_oracle_teradata_and_mysql.rst,"Syntax Compatibility Differences Among Oracle, Teradata, and MySQL",/home/ubuntu/repotesting/data-warehouse-service/umn/source/_static/images/en-us_image_0000002426210977.png,substitution_image,1020,,,,,,,,,,,,fail,,,kein valides Bild,,,0,,
doc/dev-guide/source/syntax_compatibility_differences_among_oracle_teradata_and_mysql.rst,"Syntax Compatibility Differences Among Oracle, Teradata, and MySQL",/home/ubuntu/repotesting/data-warehouse-service/umn/source/_static/images/en-us_image_0000002426292105.png,substitution_image,1021,,,,,,,,,,,,fail,,,kein valides Bild,,,0,,
doc/dev-guide/source/syntax_compatibility_differences_among_oracle_teradata_and_mysql.rst,"Syntax Compatibility Differences Among Oracle, Teradata, and MySQL",/home/ubuntu/repotesting/data-warehouse-service/umn/source/_static/images/en-us_image_0000002392572476.png,substitution_image,1022,,,,,,,,,,,,fail,,,kein valides Bild,,,0,,
doc/dev-guide/source/syntax_compatibility_differences_among_oracle_teradata_and_mysql.rst,"Syntax Compatibility Differences Among Oracle, Teradata, and MySQL",/home/ubuntu/repotesting/data-warehouse-service/umn/source/_static/images/en-us_image_0000002392732692.png,substitution_image,1023,,,,,,,,,,,,fail,,,kein valides Bild,,,0,,
doc/dev-guide/source/syntax_compatibility_differences_among_oracle_teradata_and_mysql.rst,"Syntax Compatibility Differences Among Oracle, Teradata, and MySQL",/home/ubuntu/repotesting/data-warehouse-service/umn/source/_static/images/en-us_image_0000002392733514.png,substitution_image,1024,,,,,,,,,,,,fail,,,kein valides Bild,,,0,,
doc/dev-guide/source/syntax_compatibility_differences_among_oracle_teradata_and_mysql.rst,"Syntax Compatibility Differences Among Oracle, Teradata, and MySQL",/home/ubuntu/repotesting/data-warehouse-service/umn/source/_static/images/en-us_image_0000002426293897.png,substitution_image,1025,,,,,,,,,,,,fail,,,kein valides Bild,,,0,,
doc/dev-guide/source/syntax_compatibility_differences_among_oracle_teradata_and_mysql.rst,"Syntax Compatibility Differences Among Oracle, Teradata, and MySQL",/home/ubuntu/repotesting/data-warehouse-service/umn/source/_static/images/en-us_image_0000002426334745.png,substitution_image,1026,,,,,,,,,,,,fail,,,kein valides Bild,,,0,,
doc/dev-guide/source/syntax_compatibility_differences_among_oracle_teradata_and_mysql.rst,"Syntax Compatibility Differences Among Oracle, Teradata, and MySQL",/home/ubuntu/repotesting/data-warehouse-service/umn/source/_static/images/en-us_image_0000002426334881.png,substitution_image,1027,,,,,,,,,,,,fail,,,kein valides Bild,,,0,,
doc/dev-guide/source/syntax_compatibility_differences_among_oracle_teradata_and_mysql.rst,"Syntax Compatibility Differences Among Oracle, Teradata, and MySQL",/home/ubuntu/repotesting/data-warehouse-service/umn/source/_static/images/en-us_image_0000002426297293.png,substitution_image,1028,,,,,,,,,,,,fail,,,kein valides Bild,,,0,,
doc/dev-guide/source/syntax_compatibility_differences_among_oracle_teradata_and_mysql.rst,"Syntax Compatibility Differences Among Oracle, Teradata, and MySQL",/home/ubuntu/repotesting/data-warehouse-service/umn/source/_static/images/en-us_image_0000002426337501.png,substitution_image,1029,,,,,,,,,,,,fail,,,kein valides Bild,,,0,,
doc/dev-guide/source/syntax_compatibility_differences_among_oracle_teradata_and_mysql.rst,"Syntax Compatibility Differences Among Oracle, Teradata, and MySQL",/home/ubuntu/repotesting/data-warehouse-service/umn/source/_static/images/en-us_image_0000002392897862.png,substitution_image,1030,,,,,,,,,,,,fail,,,kein valides Bild,,,0,,
doc/dev-guide/source/syntax_compatibility_differences_among_oracle_teradata_and_mysql.rst,"Syntax Compatibility Differences Among Oracle, Teradata, and MySQL",/home/ubuntu/repotesting/data-warehouse-service/umn/source/_static/images/en-us_image_0000002392738326.png,substitution_image,1031,,,,,,,,,,,,fail,,,kein valides Bild,,,0,,
doc/dev-guide/source/syntax_compatibility_differences_among_oracle_teradata_and_mysql.rst,"Syntax Compatibility Differences Among Oracle, Teradata, and MySQL",/home/ubuntu/repotesting/data-warehouse-service/umn/source/_static/images/en-us_image_0000002392898454.png,substitution_image,1032,,,,,,,,,,,,fail,,,kein valides Bild,,,0,,
doc/dev-guide/source/syntax_compatibility_differences_among_oracle_teradata_and_mysql.rst,"Syntax Compatibility Differences Among Oracle, Teradata, and MySQL",/home/ubuntu/repotesting/data-warehouse-service/umn/source/_static/images/en-us_image_0000002426299017.png,substitution_image,1033,,,,,,,,,,,,fail,,,kein valides Bild,,,0,,
doc/dev-guide/source/syntax_compatibility_differences_among_oracle_teradata_and_mysql.rst,"Syntax Compatibility Differences Among Oracle, Teradata, and MySQL",/home/ubuntu/repotesting/data-warehouse-service/umn/source/_static/images/en-us_image_0000002392899378.png,substitution_image,1034,,,,,,,,,,,,fail,,,kein valides Bild,,,0,,
doc/dev-guide/source/syntax_compatibility_differences_among_oracle_teradata_and_mysql.rst,"Syntax Compatibility Differences Among Oracle, Teradata, and MySQL",/home/ubuntu/repotesting/data-warehouse-service/umn/source/_static/images/en-us_image_0000002392739886.png,substitution_image,1035,,,,,,,,,,,,fail,,,kein valides Bild,,,0,,
doc/dev-guide/source/syntax_compatibility_differences_among_oracle_teradata_and_mysql.rst,"Syntax Compatibility Differences Among Oracle, Teradata, and MySQL",/home/ubuntu/repotesting/data-warehouse-service/umn/source/_static/images/en-us_image_0000002392900142.png,substitution_image,1036,,,,,,,,,,,,fail,,,kein valides Bild,,,0,,
doc/dev-guide/source/syntax_compatibility_differences_among_oracle_teradata_and_mysql.rst,"Syntax Compatibility Differences Among Oracle, Teradata, and MySQL",/home/ubuntu/repotesting/data-warehouse-service/umn/source/_static/images/en-us_image_0000002426340145.png,substitution_image,1037,,,,,,,,,,,,fail,,,kein valides Bild,,,0,,
doc/dev-guide/source/syntax_compatibility_differences_among_oracle_teradata_and_mysql.rst,"Syntax Compatibility Differences Among Oracle, Teradata, and MySQL",/home/ubuntu/repotesting/data-warehouse-service/umn/source/_static/images/en-us_image_0000002392741306.png,substitution_image,1038,,,,,,,,,,,,fail,,,kein valides Bild,,,0,,
doc/dev-guide/source/syntax_compatibility_differences_among_oracle_teradata_and_mysql.rst,"Syntax Compatibility Differences Among Oracle, Teradata, and MySQL",/home/ubuntu/repotesting/data-warehouse-service/umn/source/_static/images/en-us_image_0000002426342429.png,substitution_image,1039,,,,,,,,,,,,fail,,,kein valides Bild,,,0,,
doc/dev-guide/source/using_jdbc_or_odbc_for_dws_secondary_development/jdbc-based_development/jdbc_development_process.rst,JDBC Development Process,,,,,,,,,,,,,,,fail,kein valides Bild,,,,,0,,
doc/dev-guide/source/using_jdbc_or_odbc_for_dws_secondary_development/jdbc-based_development/jdbc_development_process.rst,JDBC Development Process,/home/ubuntu/repotesting/data-warehouse-service/umn/source/_static/images/en-us_image_0000002044100078.png,figure,11,,,,,,,,,,,,fail,,,kein valides Bild,,,0,,
doc/dev-guide/source/using_jdbc_or_odbc_for_dws_secondary_development/jdbc-based_development/processing_roaringbitmap_result_sets_and_importing_it_to_dws.rst,Processing RoaringBitmap Result Sets and Importing It to DWS,,,,,,,,,,,,,,,fail,kein valides Bild,,,,,0,,
doc/dev-guide/source/using_jdbc_or_odbc_for_dws_secondary_development/jdbc-based_development/processing_roaringbitmap_result_sets_and_importing_it_to_dws.rst,Processing RoaringBitmap Result Sets and Importing It to DWS,/home/ubuntu/repotesting/data-warehouse-service/umn/source/_static/images/en-us_image_0000001764383893.png,substitution_image,169,,,,,,,,,,,,fail,,,kein valides Bild,,,0,,
doc/dev-guide/source/using_jdbc_or_odbc_for_dws_secondary_development/odbc-based_development/configuring_a_data_source_in_the_windows_os.rst,Configuring a Data Source in the Windows OS,,,,,,,,,,,,,,,fail,kein valides Bild,,,,,0,,
doc/dev-guide/source/using_jdbc_or_odbc_for_dws_secondary_development/odbc-based_development/configuring_a_data_source_in_the_windows_os.rst,Configuring a Data Source in the Windows OS,/home/ubuntu/repotesting/data-warehouse-service/umn/source/_static/images/en-us_image_0000001764651188.jpg,substitution_image,174,,,,,,,,,,,,fail,,,kein valides Bild,,,0,,
doc/dev-guide/source/using_jdbc_or_odbc_for_dws_secondary_development/odbc-based_development/configuring_a_data_source_in_the_windows_os.rst,Configuring a Data Source in the Windows OS,/home/ubuntu/repotesting/data-warehouse-service/umn/source/_static/images/en-us_image_0000001811491513.jpg,substitution_image,175,,,,,,,,,,,,fail,,,kein valides Bild,,,0,,
doc/dev-guide/source/using_jdbc_or_odbc_for_dws_secondary_development/odbc-based_development/index.rst,ODBC-Based Development,,,,,,,,,,,,,,,fail,kein valides Bild,,,,,0,,
doc/dev-guide/source/using_jdbc_or_odbc_for_dws_secondary_development/odbc-based_development/index.rst,ODBC-Based Development,/home/ubuntu/repotesting/data-warehouse-service/umn/source/_static/images/en-us_image_0000001764492136.jpg,figure,14,,,,,,,,,,,,fail,,,kein valides Bild,,,0,,
doc/tool/source/data_studio/about_data_studio/overview.rst,Overview,,,,,,,,,,,,,,,fail,kein valides Bild,,,,,0,,
doc/tool/source/data_studio/about_data_studio/overview.rst,Overview,/home/ubuntu/repotesting/data-warehouse-service/umn/source/_static/images/en-us_image_0000001860199221.jpg,substitution_image,114,,,,,,,,,,,,fail,,,kein valides Bild,,,0,,
doc/tool/source/data_studio/configuring_data_studio.rst,Configuring Data Studio,,,,,,,,,,,,,,,fail,kein valides Bild,,,,,0,,
doc/tool/source/data_studio/configuring_data_studio.rst,Configuring Data Studio,/home/ubuntu/repotesting/data-warehouse-service/umn/source/_static/images/en-us_image_0000001813439476.jpg,substitution_image,270,,,,,,,,,,,,fail,,,kein valides Bild,,,0,,
doc/tool/source/data_studio/configuring_data_studio.rst,Configuring Data Studio,/home/ubuntu/repotesting/data-warehouse-service/umn/source/_static/images/en-us_image_0000001860199337.png,substitution_image,271,,,,,,,,,,,,fail,,,kein valides Bild,,,0,,
doc/tool/source/data_studio/configuring_ssl_connection.rst,Configuring SSL Connection,,,,,,,,,,,,,,,fail,kein valides Bild,,,,,0,,
doc/tool/source/data_studio/configuring_ssl_connection.rst,Configuring SSL Connection,/home/ubuntu/repotesting/data-warehouse-service/umn/source/_static/images/en-us_image_0000001860199137.png,figure,61,,,,,,,,,,,,fail,,,kein valides Bild,,,0,,
doc/tool/source/data_studio/connection_management.rst,Connection Management,,,,,,,,,,,,,,,fail,kein valides Bild,,,,,0,,
doc/tool/source/data_studio/connection_management.rst,Connection Management,/home/ubuntu/repotesting/data-warehouse-service/umn/source/_static/images/en-us_image_0000001813439300.png,figure,79,,,,,,,,,,,,fail,,,kein valides Bild,,,0,,
doc/tool/source/data_studio/connection_management.rst,Connection Management,/home/ubuntu/repotesting/data-warehouse-service/umn/source/_static/images/en-us_image_0000001860319005.png,figure,89,,,,,,,,,,,,fail,,,kein valides Bild,,,0,,
doc/tool/source/data_studio/connection_management.rst,Connection Management,/home/ubuntu/repotesting/data-warehouse-service/umn/source/_static/images/en-us_image_0000001813599088.png,substitution_image,214,,,,,,,,,,,,fail,,,kein valides Bild,,,0,,
doc/tool/source/data_studio/database_management/database_management.rst,Database Management,,,,,,,,,,,,,,,fail,kein valides Bild,,,,,0,,
doc/tool/source/data_studio/database_management/database_management.rst,Database Management,/home/ubuntu/repotesting/data-warehouse-service/umn/source/_static/images/en-us_image_0000001860319089.png,substitution_image,106,,,,,,,,,,,,fail,,,kein valides Bild,,,0,,
doc/tool/source/data_studio/database_management/database_management.rst,Database Management,/home/ubuntu/repotesting/data-warehouse-service/umn/source/_static/images/en-us_image_0000001860199253.png,substitution_image,107,,,,,,,,,,,,fail,,,kein valides Bild,,,0,,
doc/tool/source/data_studio/database_management/database_management.rst,Database Management,/home/ubuntu/repotesting/data-warehouse-service/umn/source/_static/images/en-us_image_0000001813439392.png,substitution_image,108,,,,,,,,,,,,fail,,,kein valides Bild,,,0,,
doc/tool/source/data_studio/database_management/database_management.rst,Database Management,/home/ubuntu/repotesting/data-warehouse-service/umn/source/_static/images/en-us_image_0000001813599180.png,substitution_image,109,,,,,,,,,,,,fail,,,kein valides Bild,,,0,,
doc/tool/source/data_studio/database_management/database_management.rst,Database Management,/home/ubuntu/repotesting/data-warehouse-service/umn/source/_static/images/en-us_image_0000001813599176.png,substitution_image,110,,,,,,,,,,,,fail,,,kein valides Bild,,,0,,
doc/tool/source/data_studio/database_management/database_management.rst,Database Management,/home/ubuntu/repotesting/data-warehouse-service/umn/source/_static/images/en-us_image_0000001860199237.png,substitution_image,111,,,,,,,,,,,,fail,,,kein valides Bild,,,0,,
doc/tool/source/data_studio/database_management/function_procedure_management.rst,Function/Procedure Management,,,,,,,,,,,,,,,fail,kein valides Bild,,,,,0,,
doc/tool/source/data_studio/database_management/function_procedure_management.rst,Function/Procedure Management,/home/ubuntu/repotesting/data-warehouse-service/umn/source/_static/images/en-us_image_0000001813439448.png,substitution_image,256,,,,,,,,,,,,fail,,,kein valides Bild,,,0,,
doc/tool/source/data_studio/database_management/function_procedure_management.rst,Function/Procedure Management,/home/ubuntu/repotesting/data-warehouse-service/umn/source/_static/images/en-us_image_0000001813599232.png,substitution_image,257,,,,,,,,,,,,fail,,,kein valides Bild,,,0,,
doc/tool/source/data_studio/database_management/function_procedure_management.rst,Function/Procedure Management,/home/ubuntu/repotesting/data-warehouse-service/umn/source/_static/images/en-us_image_0000001813439468.png,substitution_image,258,,,,,,,,,,,,fail,,,kein valides Bild,,,0,,
doc/tool/source/data_studio/database_management/function_procedure_management.rst,Function/Procedure Management,/home/ubuntu/repotesting/data-warehouse-service/umn/source/_static/images/en-us_image_0000001813439436.jpg,substitution_image,259,,,,,,,,,,,,fail,,,kein valides Bild,,,0,,
doc/tool/source/data_studio/database_management/function_procedure_management.rst,Function/Procedure Management,/home/ubuntu/repotesting/data-warehouse-service/umn/source/_static/images/en-us_image_0000001813439456.jpg,substitution_image,260,,,,,,,,,,,,fail,,,kein valides Bild,,,0,,
doc/tool/source/data_studio/database_management/function_procedure_management.rst,Function/Procedure Management,/home/ubuntu/repotesting/data-warehouse-service/umn/source/_static/images/en-us_image_0000001813599220.png,substitution_image,261,,,,,,,,,,,,fail,,,kein valides Bild,,,0,,
doc/tool/source/data_studio/database_management/function_procedure_management.rst,Function/Procedure Management,/home/ubuntu/repotesting/data-warehouse-service/umn/source/_static/images/en-us_image_0000001860199297.jpg,substitution_image,262,,,,,,,,,,,,fail,,,kein valides Bild,,,0,,
doc/tool/source/data_studio/database_management/function_procedure_management.rst,Function/Procedure Management,/home/ubuntu/repotesting/data-warehouse-service/umn/source/_static/images/en-us_image_0000001860199321.png,substitution_image,263,,,,,,,,,,,,fail,,,kein valides Bild,,,0,,
doc/tool/source/data_studio/database_management/function_procedure_management.rst,Function/Procedure Management,/home/ubuntu/repotesting/data-warehouse-service/umn/source/_static/images/en-us_image_0000001813439464.jpg,substitution_image,264,,,,,,,,,,,,fail,,,kein valides Bild,,,0,,
doc/tool/source/data_studio/database_management/function_procedure_management.rst,Function/Procedure Management,/home/ubuntu/repotesting/data-warehouse-service/umn/source/_static/images/en-us_image_0000001860199325.jpg,substitution_image,265,,,,,,,,,,,,fail,,,kein valides Bild,,,0,,
doc/tool/source/data_studio/database_management/function_procedure_management.rst,Function/Procedure Management,/home/ubuntu/repotesting/data-warehouse-service/umn/source/_static/images/en-us_image_0000001860199317.jpg,substitution_image,266,,,,,,,,,,,,fail,,,kein valides Bild,,,0,,
doc/tool/source/data_studio/database_management/function_procedure_management.rst,Function/Procedure Management,/home/ubuntu/repotesting/data-warehouse-service/umn/source/_static/images/en-us_image_0000001813439440.jpg,substitution_image,267,,,,,,,,,,,,fail,,,kein valides Bild,,,0,,
doc/tool/source/data_studio/database_management/function_procedure_management.rst,Function/Procedure Management,/home/ubuntu/repotesting/data-warehouse-service/umn/source/_static/images/en-us_image_0000001860199329.png,substitution_image,268,,,,,,,,,,,,fail,,,kein valides Bild,,,0,,
doc/tool/source/data_studio/database_management/schema_management.rst,Schema Management,,,,,,,,,,,,,,,fail,kein valides Bild,,,,,0,,
doc/tool/source/data_studio/database_management/schema_management.rst,Schema Management,/home/ubuntu/repotesting/data-warehouse-service/umn/source/_static/images/en-us_image_0000001813439296.png,substitution_image,116,,,,,,,,,,,,fail,,,kein valides Bild,,,0,,
doc/tool/source/data_studio/database_management/schema_management.rst,Schema Management,/home/ubuntu/repotesting/data-warehouse-service/umn/source/_static/images/en-us_image_0000001860199153.png,substitution_image,117,,,,,,,,,,,,fail,,,kein valides Bild,,,0,,
doc/tool/source/data_studio/database_management/sequence_management.rst,Sequence Management,,,,,,,,,,,,,,,fail,kein valides Bild,,,,,0,,
doc/tool/source/data_studio/database_management/sequence_management.rst,Sequence Management,/home/ubuntu/repotesting/data-warehouse-service/umn/source/_static/images/en-us_image_0000001813599152.png,substitution_image,87,,,,,,,,,,,,fail,,,kein valides Bild,,,0,,
doc/tool/source/data_studio/database_management/sequence_management.rst,Sequence Management,/home/ubuntu/repotesting/data-warehouse-service/umn/source/_static/images/en-us_image_0000001813439364.png,substitution_image,88,,,,,,,,,,,,fail,,,kein valides Bild,,,0,,
doc/tool/source/data_studio/database_management/table_management/creating_a_partitioned_table.rst,Creating a Partitioned Table,,,,,,,,,,,,,,,fail,kein valides Bild,,,,,0,,
doc/tool/source/data_studio/database_management/table_management/creating_a_partitioned_table.rst,Creating a Partitioned Table,/home/ubuntu/repotesting/data-warehouse-service/umn/source/_static/images/en-us_image_0000001813599320.png,substitution_image,219,,,,,,,,,,,,fail,,,kein valides Bild,,,0,,
doc/tool/source/data_studio/database_management/table_management/creating_a_partitioned_table.rst,Creating a Partitioned Table,/home/ubuntu/repotesting/data-warehouse-service/umn/source/_static/images/en-us_image_0000001860319237.png,substitution_image,220,,,,,,,,,,,,fail,,,kein valides Bild,,,0,,
doc/tool/source/data_studio/database_management/table_management/creating_a_regular_table/defining_a_regular_table.rst,Defining a Regular Table,,,,,,,,,,,,,,,fail,kein valides Bild,,,,,0,,
doc/tool/source/data_studio/database_management/table_management/creating_a_regular_table/defining_a_regular_table.rst,Defining a Regular Table,/home/ubuntu/repotesting/data-warehouse-service/umn/source/_static/images/en-us_image_0000001813599288.png,substitution_image,286,,,,,,,,,,,,fail,,,kein valides Bild,,,0,,
doc/tool/source/data_studio/database_management/table_management/creating_a_regular_table/defining_a_regular_table.rst,Defining a Regular Table,/home/ubuntu/repotesting/data-warehouse-service/umn/source/_static/images/en-us_image_0000001860319217.png,substitution_image,287,,,,,,,,,,,,fail,,,kein valides Bild,,,0,,
doc/tool/source/data_studio/database_management/table_management/creating_a_regular_table/defining_a_regular_table.rst,Defining a Regular Table,/home/ubuntu/repotesting/data-warehouse-service/umn/source/_static/images/en-us_image_0000001813599300.png,substitution_image,288,,,,,,,,,,,,fail,,,kein valides Bild,,,0,,
doc/tool/source/data_studio/database_management/table_management/creating_a_regular_table/defining_a_regular_table.rst,Defining a Regular Table,/home/ubuntu/repotesting/data-warehouse-service/umn/source/_static/images/en-us_image_0000001860199341.png,substitution_image,289,,,,,,,,,,,,fail,,,kein valides Bild,,,0,,
doc/tool/source/data_studio/database_management/table_management/creating_a_regular_table/defining_a_regular_table.rst,Defining a Regular Table,/home/ubuntu/repotesting/data-warehouse-service/umn/source/_static/images/en-us_image_0000001813439484.png,substitution_image,290,,,,,,,,,,,,fail,,,kein valides Bild,,,0,,
doc/tool/source/data_studio/database_management/table_management/creating_a_regular_table/defining_a_regular_table.rst,Defining a Regular Table,/home/ubuntu/repotesting/data-warehouse-service/umn/source/_static/images/en-us_image_0000001860319185.png,substitution_image,291,,,,,,,,,,,,fail,,,kein valides Bild,,,0,,
doc/tool/source/data_studio/database_management/table_management/creating_a_regular_table/defining_a_regular_table.rst,Defining a Regular Table,/home/ubuntu/repotesting/data-warehouse-service/umn/source/_static/images/en-us_image_0000001860199349.png,substitution_image,292,,,,,,,,,,,,fail,,,kein valides Bild,,,0,,
doc/tool/source/data_studio/database_management/table_management/creating_a_regular_table/defining_a_regular_table.rst,Defining a Regular Table,/home/ubuntu/repotesting/data-warehouse-service/umn/source/_static/images/en-us_image_0000001860319193.png,substitution_image,293,,,,,,,,,,,,fail,,,kein valides Bild,,,0,,
doc/tool/source/data_studio/database_management/table_management/creating_a_regular_table/defining_a_regular_table.rst,Defining a Regular Table,/home/ubuntu/repotesting/data-warehouse-service/umn/source/_static/images/en-us_image_0000001860319213.png,substitution_image,294,,,,,,,,,,,,fail,,,kein valides Bild,,,0,,
doc/tool/source/data_studio/database_management/table_management/creating_a_regular_table/defining_a_regular_table.rst,Defining a Regular Table,/home/ubuntu/repotesting/data-warehouse-service/umn/source/_static/images/en-us_image_0000001813599296.png,substitution_image,295,,,,,,,,,,,,fail,,,kein valides Bild,,,0,,
doc/tool/source/data_studio/database_management/table_management/creating_a_regular_table/defining_a_regular_table.rst,Defining a Regular Table,/home/ubuntu/repotesting/data-warehouse-service/umn/source/_static/images/en-us_image_0000001860319197.png,substitution_image,296,,,,,,,,,,,,fail,,,kein valides Bild,,,0,,
doc/tool/source/data_studio/database_management/table_management/creating_a_regular_table/defining_a_regular_table.rst,Defining a Regular Table,/home/ubuntu/repotesting/data-warehouse-service/umn/source/_static/images/en-us_image_0000001860319205.png,substitution_image,297,,,,,,,,,,,,fail,,,kein valides Bild,,,0,,
doc/tool/source/data_studio/database_management/table_management/creating_a_regular_table/defining_a_regular_table.rst,Defining a Regular Table,/home/ubuntu/repotesting/data-warehouse-service/umn/source/_static/images/en-us_image_0000001860319201.jpg,substitution_image,298,,,,,,,,,,,,fail,,,kein valides Bild,,,0,,
doc/tool/source/data_studio/database_management/table_management/creating_a_regular_table/defining_a_regular_table.rst,Defining a Regular Table,/home/ubuntu/repotesting/data-warehouse-service/umn/source/_static/images/en-us_image_0000001813599292.png,substitution_image,299,,,,,,,,,,,,fail,,,kein valides Bild,,,0,,
doc/tool/source/data_studio/database_management/table_management/creating_a_regular_table/managing_columns.rst,Managing Columns,,,,,,,,,,,,,,,fail,kein valides Bild,,,,,0,,
doc/tool/source/data_studio/database_management/table_management/creating_a_regular_table/managing_columns.rst,Managing Columns,/home/ubuntu/repotesting/data-warehouse-service/umn/source/_static/images/en-us_image_0000001813599124.png,substitution_image,78,,,,,,,,,,,,fail,,,kein valides Bild,,,0,,
doc/tool/source/data_studio/database_management/table_management/creating_a_regular_table/managing_columns.rst,Managing Columns,/home/ubuntu/repotesting/data-warehouse-service/umn/source/_static/images/en-us_image_0000001860199193.png,substitution_image,79,,,,,,,,,,,,fail,,,kein valides Bild,,,0,,
doc/tool/source/data_studio/database_management/table_management/creating_a_regular_table/managing_columns.rst,Managing Columns,/home/ubuntu/repotesting/data-warehouse-service/umn/source/_static/images/en-us_image_0000001860199197.png,substitution_image,80,,,,,,,,,,,,fail,,,kein valides Bild,,,0,,
doc/tool/source/data_studio/database_management/table_management/creating_a_regular_table/managing_constraints.rst,Managing Constraints,,,,,,,,,,,,,,,fail,kein valides Bild,,,,,0,,
doc/tool/source/data_studio/database_management/table_management/creating_a_regular_table/managing_constraints.rst,Managing Constraints,/home/ubuntu/repotesting/data-warehouse-service/umn/source/_static/images/en-us_image_0000001813599132.png,substitution_image,55,,,,,,,,,,,,fail,,,kein valides Bild,,,0,,
doc/tool/source/data_studio/database_management/table_management/creating_a_regular_table/managing_indexes.rst,Managing Indexes,,,,,,,,,,,,,,,fail,kein valides Bild,,,,,0,,
doc/tool/source/data_studio/database_management/table_management/creating_a_regular_table/managing_indexes.rst,Managing Indexes,/home/ubuntu/repotesting/data-warehouse-service/umn/source/_static/images/en-us_image_0000001813439480.png,substitution_image,73,,,,,,,,,,,,fail,,,kein valides Bild,,,0,,
doc/tool/source/data_studio/database_management/table_management/creating_a_regular_table/managing_indexes.rst,Managing Indexes,/home/ubuntu/repotesting/data-warehouse-service/umn/source/_static/images/en-us_image_0000001813439492.png,substitution_image,74,,,,,,,,,,,,fail,,,kein valides Bild,,,0,,
doc/tool/source/data_studio/database_management/table_management/creating_a_regular_table/managing_indexes.rst,Managing Indexes,/home/ubuntu/repotesting/data-warehouse-service/umn/source/_static/images/en-us_image_0000001813599276.png,substitution_image,75,,,,,,,,,,,,fail,,,kein valides Bild,,,0,,
doc/tool/source/data_studio/database_management/table_management/editing_temporary_tables.rst,Editing Temporary Tables,,,,,,,,,,,,,,,fail,kein valides Bild,,,,,0,,
doc/tool/source/data_studio/database_management/table_management/editing_temporary_tables.rst,Editing Temporary Tables,/home/ubuntu/repotesting/data-warehouse-service/umn/source/_static/images/en-us_image_0000001860319153.png,substitution_image,24,,,,,,,,,,,,fail,,,kein valides Bild,,,0,,
doc/tool/source/data_studio/database_management/table_management/managing_table_data.rst,Managing Table Data,,,,,,,,,,,,,,,fail,kein valides Bild,,,,,0,,
doc/tool/source/data_studio/database_management/table_management/managing_table_data.rst,Managing Table Data,/home/ubuntu/repotesting/data-warehouse-service/umn/source/_static/images/en-us_image_0000001813439376.png,substitution_image,365,,,,,,,,,,,,fail,,,kein valides Bild,,,0,,
doc/tool/source/data_studio/database_management/table_management/managing_table_data.rst,Managing Table Data,/home/ubuntu/repotesting/data-warehouse-service/umn/source/_static/images/en-us_image_0000001860319081.png,substitution_image,366,,,,,,,,,,,,fail,,,kein valides Bild,,,0,,
doc/tool/source/data_studio/database_management/table_management/managing_table_data.rst,Managing Table Data,/home/ubuntu/repotesting/data-warehouse-service/umn/source/_static/images/en-us_image_0000001860319073.png,substitution_image,367,,,,,,,,,,,,fail,,,kein valides Bild,,,0,,
doc/tool/source/data_studio/database_management/table_management/managing_table_data.rst,Managing Table Data,/home/ubuntu/repotesting/data-warehouse-service/umn/source/_static/images/en-us_image_0000001860199249.png,substitution_image,368,,,,,,,,,,,,fail,,,kein valides Bild,,,0,,
doc/tool/source/data_studio/database_management/table_management/managing_table_data.rst,Managing Table Data,/home/ubuntu/repotesting/data-warehouse-service/umn/source/_static/images/en-us_image_0000001813439372.png,substitution_image,369,,,,,,,,,,,,fail,,,kein valides Bild,,,0,,
doc/tool/source/data_studio/database_management/table_management/managing_table_data.rst,Managing Table Data,/home/ubuntu/repotesting/data-warehouse-service/umn/source/_static/images/en-us_image_0000001860319077.png,substitution_image,370,,,,,,,,,,,,fail,,,kein valides Bild,,,0,,
doc/tool/source/data_studio/database_management/table_management/managing_table_data.rst,Managing Table Data,/home/ubuntu/repotesting/data-warehouse-service/umn/source/_static/images/en-us_image_0000001860199241.png,substitution_image,371,,,,,,,,,,,,fail,,,kein valides Bild,,,0,,
doc/tool/source/data_studio/database_management/table_management/managing_table_data.rst,Managing Table Data,/home/ubuntu/repotesting/data-warehouse-service/umn/source/_static/images/en-us_image_0000001860199225.png,substitution_image,372,,,,,,,,,,,,fail,,,kein valides Bild,,,0,,
doc/tool/source/data_studio/database_management/users_roles.rst,Users/Roles,,,,,,,,,,,,,,,fail,kein valides Bild,,,,,0,,
doc/tool/source/data_studio/database_management/users_roles.rst,Users/Roles,/home/ubuntu/repotesting/data-warehouse-service/umn/source/_static/images/en-us_image_0000001813599128.png,substitution_image,41,,,,,,,,,,,,fail,,,kein valides Bild,,,0,,
doc/tool/source/data_studio/database_management/users_roles.rst,Users/Roles,/home/ubuntu/repotesting/data-warehouse-service/umn/source/_static/images/en-us_image_0000001860319045.png,substitution_image,42,,,,,,,,,,,,fail,,,kein valides Bild,,,0,,
doc/tool/source/data_studio/database_management/view_management.rst,View Management,,,,,,,,,,,,,,,fail,kein valides Bild,,,,,0,,
doc/tool/source/data_studio/database_management/view_management.rst,View Management,/home/ubuntu/repotesting/data-warehouse-service/umn/source/_static/images/en-us_image_0000001860318985.png,substitution_image,112,,,,,,,,,,,,fail,,,kein valides Bild,,,0,,
doc/tool/source/data_studio/database_management/view_management.rst,View Management,/home/ubuntu/repotesting/data-warehouse-service/umn/source/_static/images/en-us_image_0000001860199145.png,substitution_image,113,,,,,,,,,,,,fail,,,kein valides Bild,,,0,,
doc/tool/source/data_studio/database_management/view_management.rst,View Management,/home/ubuntu/repotesting/data-warehouse-service/umn/source/_static/images/en-us_image_0000001813439284.jpg,substitution_image,114,,,,,,,,,,,,fail,,,kein valides Bild,,,0,,
doc/tool/source/data_studio/database_management/view_management.rst,View Management,/home/ubuntu/repotesting/data-warehouse-service/umn/source/_static/images/en-us_image_0000001860318989.png,substitution_image,115,,,,,,,,,,,,fail,,,kein valides Bild,,,0,,
doc/tool/source/data_studio/database_management/view_management.rst,View Management,/home/ubuntu/repotesting/data-warehouse-service/umn/source/_static/images/en-us_image_0000001860199133.png,substitution_image,116,,,,,,,,,,,,fail,,,kein valides Bild,,,0,,
doc/tool/source/data_studio/database_management/view_management.rst,View Management,/home/ubuntu/repotesting/data-warehouse-service/umn/source/_static/images/en-us_image_0000001813599072.png,substitution_image,117,,,,,,,,,,,,fail,,,kein valides Bild,,,0,,
doc/tool/source/data_studio/database_management/view_management.rst,View Management,/home/ubuntu/repotesting/data-warehouse-service/umn/source/_static/images/en-us_image_0000001813599068.png,substitution_image,118,,,,,,,,,,,,fail,,,kein valides Bild,,,0,,
doc/tool/source/data_studio/downloading_and_installing_the_data_studio_client.rst,Downloading and Installing the Data Studio Client,,,,,,,,,,,,,,,fail,kein valides Bild,,,,,0,,
doc/tool/source/data_studio/downloading_and_installing_the_data_studio_client.rst,Downloading and Installing the Data Studio Client,/home/ubuntu/repotesting/data-warehouse-service/umn/source/_static/images/en-us_image_0000002092006144.png,figure,24,,,,,,,,,,,,fail,,,kein valides Bild,,,0,,
doc/tool/source/data_studio/downloading_and_installing_the_data_studio_client.rst,Downloading and Installing the Data Studio Client,/home/ubuntu/repotesting/data-warehouse-service/umn/source/_static/images/en-us_image_0000001860199277.png,figure,34,,,,,,,,,,,,fail,,,kein valides Bild,,,0,,
doc/tool/source/data_studio/faqs.rst,FAQs,,,,,,,,,,,,,,,fail,kein valides Bild,,,,,0,,
doc/tool/source/data_studio/faqs.rst,FAQs,/home/ubuntu/repotesting/data-warehouse-service/umn/source/_static/images/en-us_image_0000001813439260.png,substitution_image,295,,,,,,,,,,,,fail,,,kein valides Bild,,,0,,
doc/tool/source/data_studio/security_management.rst,Security Management,,,,,,,,,,,,,,,fail,kein valides Bild,,,,,0,,
doc/tool/source/data_studio/security_management.rst,Security Management,/home/ubuntu/repotesting/data-warehouse-service/umn/source/_static/images/en-us_image_0000001813599196.png,substitution_image,59,,,,,,,,,,,,fail,,,kein valides Bild,,,0,,
doc/tool/source/data_studio/sql_terminal_management/exporting_query_results.rst,Exporting Query Results,,,,,,,,,,,,,,,fail,kein valides Bild,,,,,0,,
doc/tool/source/data_studio/sql_terminal_management/exporting_query_results.rst,Exporting Query Results,/home/ubuntu/repotesting/data-warehouse-service/umn/source/_static/images/en-us_image_0000001813439432.jpg,substitution_image,80,,,,,,,,,,,,fail,,,kein valides Bild,,,0,,
doc/tool/source/data_studio/sql_terminal_management/exporting_query_results.rst,Exporting Query Results,/home/ubuntu/repotesting/data-warehouse-service/umn/source/_static/images/en-us_image_0000001860199293.jpg,substitution_image,81,,,,,,,,,,,,fail,,,kein valides Bild,,,0,,
doc/tool/source/data_studio/sql_terminal_management/formatting_of_sql_queries.rst,Formatting of SQL Queries,,,,,,,,,,,,,,,fail,kein valides Bild,,,,,0,,
doc/tool/source/data_studio/sql_terminal_management/formatting_of_sql_queries.rst,Formatting of SQL Queries,/home/ubuntu/repotesting/data-warehouse-service/umn/source/_static/images/en-us_image_0000001860318997.jpg,substitution_image,305,,,,,,,,,,,,fail,,,kein valides Bild,,,0,,
doc/tool/source/data_studio/sql_terminal_management/formatting_of_sql_queries.rst,Formatting of SQL Queries,/home/ubuntu/repotesting/data-warehouse-service/umn/source/_static/images/en-us_image_0000001860318993.jpg,substitution_image,306,,,,,,,,,,,,fail,,,kein valides Bild,,,0,,
doc/tool/source/data_studio/sql_terminal_management/formatting_of_sql_queries.rst,Formatting of SQL Queries,/home/ubuntu/repotesting/data-warehouse-service/umn/source/_static/images/en-us_image_0000001860199149.jpg,substitution_image,307,,,,,,,,,,,,fail,,,kein valides Bild,,,0,,
doc/tool/source/data_studio/sql_terminal_management/formatting_of_sql_queries.rst,Formatting of SQL Queries,/home/ubuntu/repotesting/data-warehouse-service/umn/source/_static/images/en-us_image_0000001813439288.jpg,substitution_image,308,,,,,,,,,,,,fail,,,kein valides Bild,,,0,,
doc/tool/source/data_studio/sql_terminal_management/formatting_of_sql_queries.rst,Formatting of SQL Queries,/home/ubuntu/repotesting/data-warehouse-service/umn/source/_static/images/en-us_image_0000001813599084.jpg,substitution_image,309,,,,,,,,,,,,fail,,,kein valides Bild,,,0,,
doc/tool/source/data_studio/sql_terminal_management/formatting_of_sql_queries.rst,Formatting of SQL Queries,/home/ubuntu/repotesting/data-warehouse-service/umn/source/_static/images/en-us_image_0000001813599080.png,substitution_image,310,,,,,,,,,,,,fail,,,kein valides Bild,,,0,,
doc/tool/source/data_studio/sql_terminal_management/managing_connections_in_the_sql_terminal.rst,Managing Connections in the SQL Terminal,,,,,,,,,,,,,,,fail,kein valides Bild,,,,,0,,
doc/tool/source/data_studio/sql_terminal_management/managing_connections_in_the_sql_terminal.rst,Managing Connections in the SQL Terminal,/home/ubuntu/repotesting/data-warehouse-service/umn/source/_static/images/en-us_image_0000001860199201.png,substitution_image,20,,,,,,,,,,,,fail,,,kein valides Bild,,,0,,
doc/tool/source/data_studio/sql_terminal_management/managing_the_sql_query_execution_history.rst,Managing the SQL Query Execution History,,,,,,,,,,,,,,,fail,kein valides Bild,,,,,0,,
doc/tool/source/data_studio/sql_terminal_management/managing_the_sql_query_execution_history.rst,Managing the SQL Query Execution History,/home/ubuntu/repotesting/data-warehouse-service/umn/source/_static/images/en-us_image_0000001813599184.png,substitution_image,136,,,,,,,,,,,,fail,,,kein valides Bild,,,0,,
doc/tool/source/data_studio/sql_terminal_management/managing_the_sql_query_execution_history.rst,Managing the SQL Query Execution History,/home/ubuntu/repotesting/data-warehouse-service/umn/source/_static/images/en-us_image_0000001860319669.jpg,substitution_image,137,,,,,,,,,,,,fail,,,kein valides Bild,,,0,,
doc/tool/source/data_studio/sql_terminal_management/managing_the_sql_query_execution_history.rst,Managing the SQL Query Execution History,/home/ubuntu/repotesting/data-warehouse-service/umn/source/_static/images/en-us_image_0000001813599736.jpg,substitution_image,138,,,,,,,,,,,,fail,,,kein valides Bild,,,0,,
doc/tool/source/data_studio/sql_terminal_management/managing_the_sql_query_execution_history.rst,Managing the SQL Query Execution History,/home/ubuntu/repotesting/data-warehouse-service/umn/source/_static/images/en-us_image_0000001813439396.png,substitution_image,139,,,,,,,,,,,,fail,,,kein valides Bild,,,0,,
doc/tool/source/data_studio/sql_terminal_management/managing_the_sql_query_execution_history.rst,Managing the SQL Query Execution History,/home/ubuntu/repotesting/data-warehouse-service/umn/source/_static/images/en-us_image_0000001813599732.jpg,substitution_image,140,,,,,,,,,,,,fail,,,kein valides Bild,,,0,,
doc/tool/source/data_studio/sql_terminal_management/managing_the_sql_query_execution_history.rst,Managing the SQL Query Execution History,/home/ubuntu/repotesting/data-warehouse-service/umn/source/_static/images/en-us_image_0000001860199813.jpg,substitution_image,141,,,,,,,,,,,,fail,,,kein valides Bild,,,0,,
doc/tool/source/data_studio/sql_terminal_management/managing_the_sql_query_execution_history.rst,Managing the SQL Query Execution History,/home/ubuntu/repotesting/data-warehouse-service/umn/source/_static/images/en-us_image_0000001813439956.jpg,substitution_image,142,,,,,,,,,,,,fail,,,kein valides Bild,,,0,,
doc/tool/source/data_studio/sql_terminal_management/managing_the_sql_query_execution_history.rst,Managing the SQL Query Execution History,/home/ubuntu/repotesting/data-warehouse-service/umn/source/_static/images/en-us_image_0000001813439952.jpg,substitution_image,143,,,,,,,,,,,,fail,,,kein valides Bild,,,0,,
doc/tool/source/data_studio/sql_terminal_management/opening_multiple_sql_terminal_tabs.rst,Opening Multiple SQL Terminal Tabs,,,,,,,,,,,,,,,fail,kein valides Bild,,,,,0,,
doc/tool/source/data_studio/sql_terminal_management/opening_multiple_sql_terminal_tabs.rst,Opening Multiple SQL Terminal Tabs,/home/ubuntu/repotesting/data-warehouse-service/umn/source/_static/images/en-us_image_0000001813599324.png,substitution_image,127,,,,,,,,,,,,fail,,,kein valides Bild,,,0,,
doc/tool/source/data_studio/sql_terminal_management/opening_multiple_sql_terminal_tabs.rst,Opening Multiple SQL Terminal Tabs,/home/ubuntu/repotesting/data-warehouse-service/umn/source/_static/images/en-us_image_0000001860199401.png,substitution_image,128,,,,,,,,,,,,fail,,,kein valides Bild,,,0,,
doc/tool/source/data_studio/sql_terminal_management/opening_multiple_sql_terminal_tabs.rst,Opening Multiple SQL Terminal Tabs,/home/ubuntu/repotesting/data-warehouse-service/umn/source/_static/images/en-us_image_0000001813439536.jpg,substitution_image,129,,,,,,,,,,,,fail,,,kein valides Bild,,,0,,
doc/tool/source/data_studio/sql_terminal_management/opening_multiple_sql_terminal_tabs.rst,Opening Multiple SQL Terminal Tabs,/home/ubuntu/repotesting/data-warehouse-service/umn/source/_static/images/en-us_image_0000001860319241.png,substitution_image,130,,,,,,,,,,,,fail,,,kein valides Bild,,,0,,
doc/tool/source/data_studio/sql_terminal_management/selecting_a_db_object_in_the_sql_terminal.rst,Selecting a DB Object in the SQL Terminal,,,,,,,,,,,,,,,fail,kein valides Bild,,,,,0,,
doc/tool/source/data_studio/sql_terminal_management/selecting_a_db_object_in_the_sql_terminal.rst,Selecting a DB Object in the SQL Terminal,/home/ubuntu/repotesting/data-warehouse-service/umn/source/_static/images/en-us_image_0000001860199285.jpg,substitution_image,53,,,,,,,,,,,,fail,,,kein valides Bild,,,0,,
doc/tool/source/data_studio/sql_terminal_management/selecting_a_db_object_in_the_sql_terminal.rst,Selecting a DB Object in the SQL Terminal,/home/ubuntu/repotesting/data-warehouse-service/umn/source/_static/images/en-us_image_0000001860319125.jpg,substitution_image,54,,,,,,,,,,,,fail,,,kein valides Bild,,,0,,
doc/tool/source/data_studio/sql_terminal_management/terminating_an_ongoing_sql_query.rst,Terminating an Ongoing SQL Query,,,,,,,,,,,,,,,fail,kein valides Bild,,,,,0,,
doc/tool/source/data_studio/sql_terminal_management/terminating_an_ongoing_sql_query.rst,Terminating an Ongoing SQL Query,/home/ubuntu/repotesting/data-warehouse-service/umn/source/_static/images/en-us_image_0000001860199265.jpg,substitution_image,35,,,,,,,,,,,,fail,,,kein valides Bild,,,0,,
doc/tool/source/data_studio/sql_terminal_management/viewing_table_properties_pl_sql_functions_procedures_on_the_sql_terminal_page.rst,"Viewing Table Properties, PL/SQL Functions/Procedures on the SQL Terminal Page",,,,,,,,,,,,,,,fail,kein valides Bild,,,,,0,,
doc/tool/source/data_studio/sql_terminal_management/viewing_table_properties_pl_sql_functions_procedures_on_the_sql_terminal_page.rst,"Viewing Table Properties, PL/SQL Functions/Procedures on the SQL Terminal Page",/home/ubuntu/repotesting/data-warehouse-service/umn/source/_static/images/en-us_image_0000001860319129.jpg,substitution_image,56,,,,,,,,,,,,fail,,,kein valides Bild,,,0,,
doc/tool/source/data_studio/sql_terminal_management/viewing_table_properties_pl_sql_functions_procedures_on_the_sql_terminal_page.rst,"Viewing Table Properties, PL/SQL Functions/Procedures on the SQL Terminal Page",/home/ubuntu/repotesting/data-warehouse-service/umn/source/_static/images/en-us_image_0000001860199289.jpg,substitution_image,57,,,,,,,,,,,,fail,,,kein valides Bild,,,0,,
doc/tool/source/data_studio/sql_terminal_management/viewing_the_execution_plan_and_costs.rst,Viewing the Execution Plan and Costs,,,,,,,,,,,,,,,fail,kein valides Bild,,,,,0,,
doc/tool/source/data_studio/sql_terminal_management/viewing_the_execution_plan_and_costs.rst,Viewing the Execution Plan and Costs,/home/ubuntu/repotesting/data-warehouse-service/umn/source/_static/images/en-us_image_0000001813599224.png,substitution_image,94,,,,,,,,,,,,fail,,,kein valides Bild,,,0,,
doc/tool/source/data_studio/sql_terminal_management/viewing_the_execution_plan_and_costs.rst,Viewing the Execution Plan and Costs,/home/ubuntu/repotesting/data-warehouse-service/umn/source/_static/images/en-us_image_0000001813599764.png,substitution_image,95,,,,,,,,,,,,fail,,,kein valides Bild,,,0,,
doc/tool/source/data_studio/sql_terminal_management/viewing_the_execution_plan_and_costs.rst,Viewing the Execution Plan and Costs,/home/ubuntu/repotesting/data-warehouse-service/umn/source/_static/images/en-us_image_0000001813599764.png,substitution_image,96,,,,,,,,,,,,fail,,,kein valides Bild,,,0,,
doc/tool/source/data_studio/sql_terminal_management/viewing_the_execution_plan_and_costs.rst,Viewing the Execution Plan and Costs,/home/ubuntu/repotesting/data-warehouse-service/umn/source/_static/images/en-us_image_0000001813439452.jpg,substitution_image,97,,,,,,,,,,,,fail,,,kein valides Bild,,,0,,
doc/tool/source/data_studio/sql_terminal_management/viewing_the_execution_plan_and_costs.rst,Viewing the Execution Plan and Costs,/home/ubuntu/repotesting/data-warehouse-service/umn/source/_static/images/en-us_image_0000001860319149.jpg,substitution_image,98,,,,,,,,,,,,fail,,,kein valides Bild,,,0,,
doc/tool/source/data_studio/sql_terminal_management/viewing_the_execution_plan_and_costs.rst,Viewing the Execution Plan and Costs,/home/ubuntu/repotesting/data-warehouse-service/umn/source/_static/images/en-us_image_0000001860319173.jpg,substitution_image,99,,,,,,,,,,,,fail,,,kein valides Bild,,,0,,
doc/tool/source/data_studio/sql_terminal_management/viewing_the_execution_plan_and_costs.rst,Viewing the Execution Plan and Costs,/home/ubuntu/repotesting/data-warehouse-service/umn/source/_static/images/en-us_image_0000001813599252.jpg,substitution_image,100,,,,,,,,,,,,fail,,,kein valides Bild,,,0,,
doc/tool/source/data_studio/sql_terminal_management/viewing_the_execution_plan_and_costs.rst,Viewing the Execution Plan and Costs,/home/ubuntu/repotesting/data-warehouse-service/umn/source/_static/images/en-us_image_0000001860199313.jpg,substitution_image,101,,,,,,,,,,,,fail,,,kein valides Bild,,,0,,
doc/tool/source/data_studio/sql_terminal_management/viewing_the_execution_plan_and_costs.rst,Viewing the Execution Plan and Costs,/home/ubuntu/repotesting/data-warehouse-service/umn/source/_static/images/en-us_image_0000001860319137.jpg,substitution_image,102,,,,,,,,,,,,fail,,,kein valides Bild,,,0,,
doc/tool/source/data_studio/sql_terminal_management/viewing_the_execution_plan_and_costs.rst,Viewing the Execution Plan and Costs,/home/ubuntu/repotesting/data-warehouse-service/umn/source/_static/images/en-us_image_0000001813439444.jpg,substitution_image,103,,,,,,,,,,,,fail,,,kein valides Bild,,,0,,
doc/tool/source/data_studio/sql_terminal_management/viewing_the_execution_plan_and_costs.rst,Viewing the Execution Plan and Costs,/home/ubuntu/repotesting/data-warehouse-service/umn/source/_static/images/en-us_image_0000001813599260.jpg,substitution_image,104,,,,,,,,,,,,fail,,,kein valides Bild,,,0,,
doc/tool/source/data_studio/sql_terminal_management/viewing_the_execution_plan_and_costs.rst,Viewing the Execution Plan and Costs,/home/ubuntu/repotesting/data-warehouse-service/umn/source/_static/images/en-us_image_0000001813439472.jpg,substitution_image,105,,,,,,,,,,,,fail,,,kein valides Bild,,,0,,
doc/tool/source/data_studio/sql_terminal_management/viewing_the_execution_plan_and_costs.rst,Viewing the Execution Plan and Costs,/home/ubuntu/repotesting/data-warehouse-service/umn/source/_static/images/en-us_image_0000001813599256.jpg,substitution_image,106,,,,,,,,,,,,fail,,,kein valides Bild,,,0,,
doc/tool/source/data_studio/sql_terminal_management/viewing_the_execution_plan_and_costs.rst,Viewing the Execution Plan and Costs,/home/ubuntu/repotesting/data-warehouse-service/umn/source/_static/images/en-us_image_0000001860319169.jpg,substitution_image,107,,,,,,,,,,,,fail,,,kein valides Bild,,,0,,
doc/tool/source/data_studio/sql_terminal_management/viewing_the_execution_plan_and_costs.rst,Viewing the Execution Plan and Costs,/home/ubuntu/repotesting/data-warehouse-service/umn/source/_static/images/en-us_image_0000001813599244.jpg,substitution_image,108,,,,,,,,,,,,fail,,,kein valides Bild,,,0,,
doc/tool/source/data_studio/sql_terminal_management/viewing_the_execution_plan_and_costs.rst,Viewing the Execution Plan and Costs,/home/ubuntu/repotesting/data-warehouse-service/umn/source/_static/images/en-us_image_0000001860319161.jpg,substitution_image,109,,,,,,,,,,,,fail,,,kein valides Bild,,,0,,
doc/tool/source/data_studio/sql_terminal_management/viewing_the_execution_plan_and_costs.rst,Viewing the Execution Plan and Costs,/home/ubuntu/repotesting/data-warehouse-service/umn/source/_static/images/en-us_image_0000001813599236.jpg,substitution_image,110,,,,,,,,,,,,fail,,,kein valides Bild,,,0,,
doc/tool/source/data_studio/sql_terminal_management/viewing_the_execution_plan_and_costs.rst,Viewing the Execution Plan and Costs,/home/ubuntu/repotesting/data-warehouse-service/umn/source/_static/images/en-us_image_0000001860319141.jpg,substitution_image,111,,,,,,,,,,,,fail,,,kein valides Bild,,,0,,
doc/tool/source/data_studio/sql_terminal_management/viewing_the_execution_plan_and_costs.rst,Viewing the Execution Plan and Costs,/home/ubuntu/repotesting/data-warehouse-service/umn/source/_static/images/en-us_image_0000001813599228.jpg,substitution_image,112,,,,,,,,,,,,fail,,,kein valides Bild,,,0,,
doc/tool/source/data_studio/sql_terminal_management/viewing_the_execution_plan_and_costs.rst,Viewing the Execution Plan and Costs,/home/ubuntu/repotesting/data-warehouse-service/umn/source/_static/images/en-us_image_0000001860319177.png,substitution_image,113,,,,,,,,,,,,fail,,,kein valides Bild,,,0,,
doc/tool/source/data_studio/sql_terminal_management/viewing_the_execution_plan_and_costs.rst,Viewing the Execution Plan and Costs,/home/ubuntu/repotesting/data-warehouse-service/umn/source/_static/images/en-us_image_0000001860319165.jpg,substitution_image,114,,,,,,,,,,,,fail,,,kein valides Bild,,,0,,
doc/tool/source/data_studio/sql_terminal_management/viewing_the_execution_plan_and_costs.rst,Viewing the Execution Plan and Costs,/home/ubuntu/repotesting/data-warehouse-service/umn/source/_static/images/en-us_image_0000001813599248.jpg,substitution_image,115,,,,,,,,,,,,fail,,,kein valides Bild,,,0,,
doc/tool/source/data_studio/sql_terminal_management/viewing_the_execution_plan_and_costs.rst,Viewing the Execution Plan and Costs,/home/ubuntu/repotesting/data-warehouse-service/umn/source/_static/images/en-us_image_0000001860319145.jpg,substitution_image,116,,,,,,,,,,,,fail,,,kein valides Bild,,,0,,
doc/tool/source/data_studio/sql_terminal_management/viewing_the_execution_plan_and_costs.rst,Viewing the Execution Plan and Costs,/home/ubuntu/repotesting/data-warehouse-service/umn/source/_static/images/en-us_image_0000001860319177.png,substitution_image,117,,,,,,,,,,,,fail,,,kein valides Bild,,,0,,
doc/tool/source/data_studio/sql_terminal_management/viewing_the_execution_plan_and_costs.rst,Viewing the Execution Plan and Costs,/home/ubuntu/repotesting/data-warehouse-service/umn/source/_static/images/en-us_image_0000001860319165.jpg,substitution_image,118,,,,,,,,,,,,fail,,,kein valides Bild,,,0,,
doc/tool/source/data_studio/sql_terminal_management/viewing_the_execution_plan_and_costs.rst,Viewing the Execution Plan and Costs,/home/ubuntu/repotesting/data-warehouse-service/umn/source/_static/images/en-us_image_0000001813599248.jpg,substitution_image,119,,,,,,,,,,,,fail,,,kein valides Bild,,,0,,
doc/tool/source/data_studio/sql_terminal_management/viewing_the_execution_plan_and_costs.rst,Viewing the Execution Plan and Costs,/home/ubuntu/repotesting/data-warehouse-service/umn/source/_static/images/en-us_image_0000001860319145.jpg,substitution_image,120,,,,,,,,,,,,fail,,,kein valides Bild,,,0,,
doc/tool/source/data_studio/sql_terminal_management/viewing_the_query_execution_plan_and_cost_graphically.rst,Viewing the Query Execution Plan and Cost Graphically,,,,,,,,,,,,,,,fail,kein valides Bild,,,,,0,,
doc/tool/source/data_studio/sql_terminal_management/viewing_the_query_execution_plan_and_cost_graphically.rst,Viewing the Query Execution Plan and Cost Graphically,/home/ubuntu/repotesting/data-warehouse-service/umn/source/_static/images/en-us_image_0000001860199209.png,substitution_image,158,,,,,,,,,,,,fail,,,kein valides Bild,,,0,,
doc/tool/source/data_studio/sql_terminal_management/viewing_the_query_execution_plan_and_cost_graphically.rst,Viewing the Query Execution Plan and Cost Graphically,/home/ubuntu/repotesting/data-warehouse-service/umn/source/_static/images/en-us_image_0000001860319049.png,substitution_image,159,,,,,,,,,,,,fail,,,kein valides Bild,,,0,,
doc/tool/source/data_studio/sql_terminal_management/working_with_sql_terminals.rst,Working with SQL Terminals,,,,,,,,,,,,,,,fail,kein valides Bild,,,,,0,,
doc/tool/source/data_studio/sql_terminal_management/working_with_sql_terminals.rst,Working with SQL Terminals,/home/ubuntu/repotesting/data-warehouse-service/umn/source/_static/images/en-us_image_0000001813599308.png,substitution_image,579,,,,,,,,,,,,fail,,,kein valides Bild,,,0,,
doc/tool/source/data_studio/sql_terminal_management/working_with_sql_terminals.rst,Working with SQL Terminals,/home/ubuntu/repotesting/data-warehouse-service/umn/source/_static/images/en-us_image_0000001860199385.png,substitution_image,580,,,,,,,,,,,,fail,,,kein valides Bild,,,0,,
doc/tool/source/data_studio/sql_terminal_management/working_with_sql_terminals.rst,Working with SQL Terminals,/home/ubuntu/repotesting/data-warehouse-service/umn/source/_static/images/en-us_image_0000001860319221.png,substitution_image,581,,,,,,,,,,,,fail,,,kein valides Bild,,,0,,
doc/tool/source/data_studio/sql_terminal_management/working_with_sql_terminals.rst,Working with SQL Terminals,/home/ubuntu/repotesting/data-warehouse-service/umn/source/_static/images/en-us_image_0000001813439512.png,substitution_image,582,,,,,,,,,,,,fail,,,kein valides Bild,,,0,,
doc/tool/source/data_studio/sql_terminal_management/working_with_sql_terminals.rst,Working with SQL Terminals,/home/ubuntu/repotesting/data-warehouse-service/umn/source/_static/images/en-us_image_0000001860319233.png,substitution_image,583,,,,,,,,,,,,fail,,,kein valides Bild,,,0,,
doc/tool/source/data_studio/sql_terminal_management/working_with_sql_terminals.rst,Working with SQL Terminals,/home/ubuntu/repotesting/data-warehouse-service/umn/source/_static/images/en-us_image_0000001813440176.png,substitution_image,584,,,,,,,,,,,,fail,,,kein valides Bild,,,0,,
doc/tool/source/data_studio/sql_terminal_management/working_with_sql_terminals.rst,Working with SQL Terminals,/home/ubuntu/repotesting/data-warehouse-service/umn/source/_static/images/en-us_image_0000001813439516.png,substitution_image,585,,,,,,,,,,,,fail,,,kein valides Bild,,,0,,
doc/tool/source/data_studio/sql_terminal_management/working_with_sql_terminals.rst,Working with SQL Terminals,/home/ubuntu/repotesting/data-warehouse-service/umn/source/_static/images/en-us_image_0000001860199377.png,substitution_image,586,,,,,,,,,,,,fail,,,kein valides Bild,,,0,,
doc/tool/source/data_studio/sql_terminal_management/working_with_sql_terminals.rst,Working with SQL Terminals,/home/ubuntu/repotesting/data-warehouse-service/umn/source/_static/images/en-us_image_0000001813439488.png,substitution_image,587,,,,,,,,,,,,fail,,,kein valides Bild,,,0,,
doc/tool/source/data_studio/sql_terminal_management/working_with_sql_terminals.rst,Working with SQL Terminals,/home/ubuntu/repotesting/data-warehouse-service/umn/source/_static/images/en-us_image_0000001860199357.png,substitution_image,588,,,,,,,,,,,,fail,,,kein valides Bild,,,0,,
doc/tool/source/data_studio/sql_terminal_management/working_with_sql_terminals.rst,Working with SQL Terminals,/home/ubuntu/repotesting/data-warehouse-service/umn/source/_static/images/en-us_image_0000001860199345.png,substitution_image,589,,,,,,,,,,,,fail,,,kein valides Bild,,,0,,
doc/tool/source/data_studio/sql_terminal_management/working_with_sql_terminals.rst,Working with SQL Terminals,/home/ubuntu/repotesting/data-warehouse-service/umn/source/_static/images/en-us_image_0000001860199389.png,substitution_image,590,,,,,,,,,,,,fail,,,kein valides Bild,,,0,,
doc/tool/source/data_studio/sql_terminal_management/working_with_sql_terminals.rst,Working with SQL Terminals,/home/ubuntu/repotesting/data-warehouse-service/umn/source/_static/images/en-us_image_0000001813599284.png,substitution_image,591,,,,,,,,,,,,fail,,,kein valides Bild,,,0,,
doc/tool/source/data_studio/sql_terminal_management/working_with_sql_terminals.rst,Working with SQL Terminals,/home/ubuntu/repotesting/data-warehouse-service/umn/source/_static/images/en-us_image_0000001813599280.png,substitution_image,592,,,,,,,,,,,,fail,,,kein valides Bild,,,0,,
doc/tool/source/data_studio/sql_terminal_management/working_with_sql_terminals.rst,Working with SQL Terminals,/home/ubuntu/repotesting/data-warehouse-service/umn/source/_static/images/en-us_image_0000001813439520.png,substitution_image,593,,,,,,,,,,,,fail,,,kein valides Bild,,,0,,
doc/tool/source/data_studio/sql_terminal_management/working_with_sql_terminals.rst,Working with SQL Terminals,/home/ubuntu/repotesting/data-warehouse-service/umn/source/_static/images/en-us_image_0000001860199369.png,substitution_image,594,,,,,,,,,,,,fail,,,kein valides Bild,,,0,,
doc/tool/source/data_studio/sql_terminal_management/working_with_sql_terminals.rst,Working with SQL Terminals,/home/ubuntu/repotesting/data-warehouse-service/umn/source/_static/images/en-us_image_0000001813439524.png,substitution_image,595,,,,,,,,,,,,fail,,,kein valides Bild,,,0,,
doc/tool/source/data_studio/sql_terminal_management/working_with_sql_terminals.rst,Working with SQL Terminals,/home/ubuntu/repotesting/data-warehouse-service/umn/source/_static/images/en-us_image_0000001860199369.png,substitution_image,596,,,,,,,,,,,,fail,,,kein valides Bild,,,0,,
doc/tool/source/data_studio/sql_terminal_management/working_with_sql_terminals.rst,Working with SQL Terminals,/home/ubuntu/repotesting/data-warehouse-service/umn/source/_static/images/en-us_image_0000001813439524.png,substitution_image,597,,,,,,,,,,,,fail,,,kein valides Bild,,,0,,
doc/tool/source/data_studio/sql_terminal_management/working_with_sql_terminals.rst,Working with SQL Terminals,/home/ubuntu/repotesting/data-warehouse-service/umn/source/_static/images/en-us_image_0000001860199373.jpg,substitution_image,598,,,,,,,,,,,,fail,,,kein valides Bild,,,0,,
doc/tool/source/data_studio/sql_terminal_management/working_with_sql_terminals.rst,Working with SQL Terminals,/home/ubuntu/repotesting/data-warehouse-service/umn/source/_static/images/en-us_image_0000001813599972.png,substitution_image,599,,,,,,,,,,,,fail,,,kein valides Bild,,,0,,
doc/tool/source/data_studio/sql_terminal_management/working_with_sql_terminals.rst,Working with SQL Terminals,/home/ubuntu/repotesting/data-warehouse-service/umn/source/_static/images/en-us_image_0000001860200053.png,substitution_image,600,,,,,,,,,,,,fail,,,kein valides Bild,,,0,,
doc/tool/source/data_studio/sql_terminal_management/working_with_sql_terminals.rst,Working with SQL Terminals,/home/ubuntu/repotesting/data-warehouse-service/umn/source/_static/images/en-us_image_0000001813440172.jpg,substitution_image,601,,,,,,,,,,,,fail,,,kein valides Bild,,,0,,
doc/tool/source/data_studio/sql_terminal_management/working_with_sql_terminals.rst,Working with SQL Terminals,/home/ubuntu/repotesting/data-warehouse-service/umn/source/_static/images/en-us_image_0000001813439500.jpg,substitution_image,602,,,,,,,,,,,,fail,,,kein valides Bild,,,0,,
doc/tool/source/data_studio/sql_terminal_management/working_with_sql_terminals.rst,Working with SQL Terminals,/home/ubuntu/repotesting/data-warehouse-service/umn/source/_static/images/en-us_image_0000001813439528.jpg,substitution_image,603,,,,,,,,,,,,fail,,,kein valides Bild,,,0,,
doc/tool/source/data_studio/sql_terminal_management/working_with_sql_terminals.rst,Working with SQL Terminals,/home/ubuntu/repotesting/data-warehouse-service/umn/source/_static/images/en-us_image_0000001813439504.jpg,substitution_image,604,,,,,,,,,,,,fail,,,kein valides Bild,,,0,,
doc/tool/source/data_studio/sql_terminal_management/working_with_sql_terminals.rst,Working with SQL Terminals,/home/ubuntu/repotesting/data-warehouse-service/umn/source/_static/images/en-us_image_0000001860200049.png,substitution_image,605,,,,,,,,,,,,fail,,,kein valides Bild,,,0,,
doc/tool/source/data_studio/sql_terminal_management/working_with_sql_terminals.rst,Working with SQL Terminals,/home/ubuntu/repotesting/data-warehouse-service/umn/source/_static/images/en-us_image_0000001860319901.png,substitution_image,606,,,,,,,,,,,,fail,,,kein valides Bild,,,0,,
doc/tool/source/data_studio/sql_terminal_management/working_with_sql_terminals.rst,Working with SQL Terminals,/home/ubuntu/repotesting/data-warehouse-service/umn/source/_static/images/en-us_image_0000001860199361.png,substitution_image,607,,,,,,,,,,,,fail,,,kein valides Bild,,,0,,
doc/tool/source/data_studio/troubleshooting.rst,Troubleshooting,,,,,,,,,,,,,,,fail,kein valides Bild,,,,,0,,
doc/tool/source/data_studio/troubleshooting.rst,Troubleshooting,/home/ubuntu/repotesting/data-warehouse-service/umn/source/_static/images/en-us_image_0000001860319117.png,substitution_image,203,,,,,,,,,,,,fail,,,kein valides Bild,,,0,,
doc/tool/source/data_studio/troubleshooting.rst,Troubleshooting,/home/ubuntu/repotesting/data-warehouse-service/umn/source/_static/images/en-us_image_0000001860199281.png,substitution_image,204,,,,,,,,,,,,fail,,,kein valides Bild,,,0,,
doc/tool/source/data_studio/troubleshooting.rst,Troubleshooting,/home/ubuntu/repotesting/data-warehouse-service/umn/source/_static/images/en-us_image_0000001813439420.png,substitution_image,205,,,,,,,,,,,,fail,,,kein valides Bild,,,0,,
doc/tool/source/data_studio/troubleshooting.rst,Troubleshooting,/home/ubuntu/repotesting/data-warehouse-service/umn/source/_static/images/en-us_image_0000001813439416.png,substitution_image,206,,,,,,,,,,,,fail,,,kein valides Bild,,,0,,
doc/tool/source/data_studio/troubleshooting.rst,Troubleshooting,/home/ubuntu/repotesting/data-warehouse-service/umn/source/_static/images/en-us_image_0000001813599204.png,substitution_image,207,,,,,,,,,,,,fail,,,kein valides Bild,,,0,,
doc/tool/source/datacheck/introduction_to_datacheck/overview.rst,Overview,,,,,,,,,,,,,,,fail,kein valides Bild,,,,,0,,
doc/tool/source/datacheck/introduction_to_datacheck/overview.rst,Overview,/home/ubuntu/repotesting/data-warehouse-service/umn/source/_static/images/en-us_image_0000002079758432.png,figure,33,,,,,,,,,,,,fail,,,kein valides Bild,,,0,,
doc/tool/source/datacheck/using_datacheck.rst,Using DataCheck,,,,,,,,,,,,,,,fail,kein valides Bild,,,,,0,,
doc/tool/source/datacheck/using_datacheck.rst,Using DataCheck,/home/ubuntu/repotesting/data-warehouse-service/umn/source/_static/images/en-us_image_0000002114138993.png,substitution_image,113,,,,,,,,,,,,fail,,,kein valides Bild,,,0,,
doc/tool/source/datacheck/using_datacheck.rst,Using DataCheck,/home/ubuntu/repotesting/data-warehouse-service/umn/source/_static/images/en-us_image_0000002114139545.png,substitution_image,114,,,,,,,,,,,,fail,,,kein valides Bild,,,0,,
doc/tool/source/datacheck/using_datacheck.rst,Using DataCheck,/home/ubuntu/repotesting/data-warehouse-service/umn/source/_static/images/en-us_image_0000002114139789.png,substitution_image,115,,,,,,,,,,,,fail,,,kein valides Bild,,,0,,
doc/tool/source/datacheck/using_datacheck.rst,Using DataCheck,/home/ubuntu/repotesting/data-warehouse-service/umn/source/_static/images/en-us_image_0000002078549004.png,substitution_image,116,,,,,,,,,,,,fail,,,kein valides Bild,,,0,,
doc/tool/source/datacheck/using_datacheck.rst,Using DataCheck,/home/ubuntu/repotesting/data-warehouse-service/umn/source/_static/images/en-us_image_0000002114144325.png,substitution_image,117,,,,,,,,,,,,fail,,,kein valides Bild,,,0,,
doc/tool/source/datacheck/using_datacheck.rst,Using DataCheck,/home/ubuntu/repotesting/data-warehouse-service/umn/source/_static/images/en-us_image_0000002114220901.png,substitution_image,118,,,,,,,,,,,,fail,,,kein valides Bild,,,0,,
doc/tool/source/datacheck/using_datacheck.rst,Using DataCheck,/home/ubuntu/repotesting/data-warehouse-service/umn/source/_static/images/en-us_image_0000002078705432.png,substitution_image,119,,,,,,,,,,,,fail,,,kein valides Bild,,,0,,
doc/tool/source/datacheck/using_datacheck.rst,Using DataCheck,/home/ubuntu/repotesting/data-warehouse-service/umn/source/_static/images/en-us_image_0000002114228013.png,substitution_image,120,,,,,,,,,,,,fail,,,kein valides Bild,,,0,,
doc/tool/source/datacheck/using_datacheck.rst,Using DataCheck,/home/ubuntu/repotesting/data-warehouse-service/umn/source/_static/images/en-us_image_0000002114760145.png,substitution_image,121,,,,,,,,,,,,fail,,,kein valides Bild,,,0,,
doc/tool/source/datacheck/using_datacheck.rst,Using DataCheck,/home/ubuntu/repotesting/data-warehouse-service/umn/source/_static/images/en-us_image_0000002079322158.png,substitution_image,122,,,,,,,,,,,,fail,,,kein valides Bild,,,0,,
doc/tool/source/datacheck/using_datacheck.rst,Using DataCheck,/home/ubuntu/repotesting/data-warehouse-service/umn/source/_static/images/en-us_image_0000002079011850.png,substitution_image,123,,,,,,,,,,,,fail,,,kein valides Bild,,,0,,
doc/tool/source/datacheck/using_datacheck.rst,Using DataCheck,/home/ubuntu/repotesting/data-warehouse-service/umn/source/_static/images/en-us_image_0000002079013756.png,substitution_image,124,,,,,,,,,,,,fail,,,kein valides Bild,,,0,,
doc/tool/source/datacheck/using_datacheck.rst,Using DataCheck,/home/ubuntu/repotesting/data-warehouse-service/umn/source/_static/images/en-us_image_0000002114856101.png,substitution_image,125,,,,,,,,,,,,fail,,,kein valides Bild,,,0,,
doc/tool/source/datacheck/using_datacheck.rst,Using DataCheck,/home/ubuntu/repotesting/data-warehouse-service/umn/source/_static/images/en-us_image_0000002079018184.png,substitution_image,126,,,,,,,,,,,,fail,,,kein valides Bild,,,0,,
doc/tool/source/datacheck/using_datacheck.rst,Using DataCheck,/home/ubuntu/repotesting/data-warehouse-service/umn/source/_static/images/en-us_image_0000002079331782.png,substitution_image,127,,,,,,,,,,,,fail,,,kein valides Bild,,,0,,
doc/tool/source/datacheck/using_datacheck.rst,Using DataCheck,/home/ubuntu/repotesting/data-warehouse-service/umn/source/_static/images/en-us_image_0000002084159912.png,substitution_image,128,,,,,,,,,,,,fail,,,kein valides Bild,,,0,,
doc/tool/source/downloading_related_tools.rst,Downloading Related Tools,,,,,,,,,,,,,,,fail,kein valides Bild,,,,,0,,
doc/tool/source/downloading_related_tools.rst,Downloading Related Tools,/home/ubuntu/repotesting/data-warehouse-service/umn/source/_static/images/en-us_image_0000002232440573.png,figure,26,,,,,,,,,,,,fail,,,kein valides Bild,,,0,,
doc/tool/source/dsc/about_this_document/document_conventions.rst,Document Conventions,,,,,,,,,,,,,,,fail,kein valides Bild,,,,,0,,
doc/tool/source/dsc/about_this_document/document_conventions.rst,Document Conventions,/home/ubuntu/repotesting/data-warehouse-service/umn/source/_static/images/en-us_image_0000001382373772.png,substitution_image,62,,,,,,,,,,,,fail,,,kein valides Bild,,,0,,
doc/tool/source/dsc/about_this_document/document_conventions.rst,Document Conventions,/home/ubuntu/repotesting/data-warehouse-service/umn/source/_static/images/en-us_image_0000001432533957.png,substitution_image,63,,,,,,,,,,,,fail,,,kein valides Bild,,,0,,
doc/tool/source/dsc/about_this_document/document_conventions.rst,Document Conventions,/home/ubuntu/repotesting/data-warehouse-service/umn/source/_static/images/en-us_image_0000001432453549.png,substitution_image,64,,,,,,,,,,,,fail,,,kein valides Bild,,,0,,
doc/tool/source/dsc/about_this_document/document_conventions.rst,Document Conventions,/home/ubuntu/repotesting/data-warehouse-service/umn/source/_static/images/en-us_image_0000001432333769.png,substitution_image,65,,,,,,,,,,,,fail,,,kein valides Bild,,,0,,
doc/tool/source/dsc/about_this_document/document_conventions.rst,Document Conventions,/home/ubuntu/repotesting/data-warehouse-service/umn/source/_static/images/en-us_image_0000001432613505.png,substitution_image,66,,,,,,,,,,,,fail,,,kein valides Bild,,,0,,
doc/tool/source/dsc/introduction_to_dsc/overview.rst,Overview,,,,,,,,,,,,,,,fail,kein valides Bild,,,,,0,,
doc/tool/source/dsc/introduction_to_dsc/overview.rst,Overview,/home/ubuntu/repotesting/data-warehouse-service/umn/source/_static/images/en-us_image_0000002205525981.png,figure,32,,,,,,,,,,,,fail,,,kein valides Bild,,,0,,
doc/tool/source/dsc/oracle_syntax_migration/dml.rst,DML,,,,,,,,,,,,,,,fail,kein valides Bild,,,,,0,,
doc/tool/source/dsc/oracle_syntax_migration/dml.rst,DML,/home/ubuntu/repotesting/data-warehouse-service/umn/source/_static/images/en-us_image_0000001706105329.png,figure,46,,,,,,,,,,,,fail,,,kein valides Bild,,,0,,
doc/tool/source/dsc/oracle_syntax_migration/dml.rst,DML,/home/ubuntu/repotesting/data-warehouse-service/umn/source/_static/images/en-us_image_0000001657865890.png,figure,52,,,,,,,,,,,,fail,,,kein valides Bild,,,0,,
doc/tool/source/dsc/oracle_syntax_migration/dml.rst,DML,/home/ubuntu/repotesting/data-warehouse-service/umn/source/_static/images/en-us_image_0000001706224573.png,figure,62,,,,,,,,,,,,fail,,,kein valides Bild,,,0,,
doc/tool/source/dsc/oracle_syntax_migration/dml.rst,DML,/home/ubuntu/repotesting/data-warehouse-service/umn/source/_static/images/en-us_image_0000001706105325.png,figure,68,,,,,,,,,,,,fail,,,kein valides Bild,,,0,,
doc/tool/source/dsc/oracle_syntax_migration/dml.rst,DML,/home/ubuntu/repotesting/data-warehouse-service/umn/source/_static/images/en-us_image_0000001706224565.png,figure,82,,,,,,,,,,,,fail,,,kein valides Bild,,,0,,
doc/tool/source/dsc/oracle_syntax_migration/dml.rst,DML,/home/ubuntu/repotesting/data-warehouse-service/umn/source/_static/images/en-us_image_0000001706224581.png,figure,88,,,,,,,,,,,,fail,,,kein valides Bild,,,0,,
doc/tool/source/dsc/oracle_syntax_migration/dml.rst,DML,/home/ubuntu/repotesting/data-warehouse-service/umn/source/_static/images/en-us_image_0000001706105333.png,figure,286,,,,,,,,,,,,fail,,,kein valides Bild,,,0,,
doc/tool/source/dsc/oracle_syntax_migration/dml.rst,DML,/home/ubuntu/repotesting/data-warehouse-service/umn/source/_static/images/en-us_image_0000001658025226.jpg,figure,292,,,,,,,,,,,,fail,,,kein valides Bild,,,0,,
doc/tool/source/dsc/oracle_syntax_migration/dml.rst,DML,/home/ubuntu/repotesting/data-warehouse-service/umn/source/_static/images/en-us_image_0000001657865902.png,figure,302,,,,,,,,,,,,fail,,,kein valides Bild,,,0,,
doc/tool/source/dsc/oracle_syntax_migration/dml.rst,DML,/home/ubuntu/repotesting/data-warehouse-service/umn/source/_static/images/en-us_image_0000001706224569.jpg,figure,308,,,,,,,,,,,,fail,,,kein valides Bild,,,0,,
doc/tool/source/dsc/oracle_syntax_migration/dml.rst,DML,/home/ubuntu/repotesting/data-warehouse-service/umn/source/_static/images/en-us_image_0000001706224577.png,figure,489,,,,,,,,,,,,fail,,,kein valides Bild,,,0,,
doc/tool/source/dsc/oracle_syntax_migration/dml.rst,DML,/home/ubuntu/repotesting/data-warehouse-service/umn/source/_static/images/en-us_image_0000001658025218.png,figure,495,,,,,,,,,,,,fail,,,kein valides Bild,,,0,,
doc/tool/source/dsc/oracle_syntax_migration/dml.rst,DML,/home/ubuntu/repotesting/data-warehouse-service/umn/source/_static/images/en-us_image_0000001706105337.png,figure,503,,,,,,,,,,,,fail,,,kein valides Bild,,,0,,
doc/tool/source/dsc/oracle_syntax_migration/dml.rst,DML,/home/ubuntu/repotesting/data-warehouse-service/umn/source/_static/images/en-us_image_0000001658025214.png,figure,509,,,,,,,,,,,,fail,,,kein valides Bild,,,0,,
doc/tool/source/dsc/oracle_syntax_migration/outer_join.rst,OUTER JOIN,,,,,,,,,,,,,,,fail,kein valides Bild,,,,,0,,
doc/tool/source/dsc/oracle_syntax_migration/outer_join.rst,OUTER JOIN,/home/ubuntu/repotesting/data-warehouse-service/umn/source/_static/images/en-us_image_0000001706105257.png,figure,18,,,,,,,,,,,,fail,,,kein valides Bild,,,0,,
doc/tool/source/dsc/oracle_syntax_migration/outer_join.rst,OUTER JOIN,/home/ubuntu/repotesting/data-warehouse-service/umn/source/_static/images/en-us_image_0000001706224505.png,figure,24,,,,,,,,,,,,fail,,,kein valides Bild,,,0,,
doc/tool/source/dsc/oracle_syntax_migration/pl_sql.rst,PL/SQL,,,,,,,,,,,,,,,fail,kein valides Bild,,,,,0,,
doc/tool/source/dsc/oracle_syntax_migration/pl_sql.rst,PL/SQL,/home/ubuntu/repotesting/data-warehouse-service/umn/source/_static/images/en-us_image_0000001706105433.png,figure,104,,,,,,,,,,,,fail,,,kein valides Bild,,,0,,
doc/tool/source/dsc/oracle_syntax_migration/pl_sql.rst,PL/SQL,/home/ubuntu/repotesting/data-warehouse-service/umn/source/_static/images/en-us_image_0000001657865990.png,figure,110,,,,,,,,,,,,fail,,,kein valides Bild,,,0,,
doc/tool/source/dsc/oracle_syntax_migration/pl_sql.rst,PL/SQL,/home/ubuntu/repotesting/data-warehouse-service/umn/source/_static/images/en-us_image_0000001706224673.png,figure,174,,,,,,,,,,,,fail,,,kein valides Bild,,,0,,
doc/tool/source/dsc/oracle_syntax_migration/pl_sql.rst,PL/SQL,/home/ubuntu/repotesting/data-warehouse-service/umn/source/_static/images/en-us_image_0000001658025306.png,figure,180,,,,,,,,,,,,fail,,,kein valides Bild,,,0,,
doc/tool/source/dsc/oracle_syntax_migration/pl_sql.rst,PL/SQL,/home/ubuntu/repotesting/data-warehouse-service/umn/source/_static/images/en-us_image_0000001658025314.png,figure,193,,,,,,,,,,,,fail,,,kein valides Bild,,,0,,
doc/tool/source/dsc/oracle_syntax_migration/pl_sql.rst,PL/SQL,/home/ubuntu/repotesting/data-warehouse-service/umn/source/_static/images/en-us_image_0000001657865994.png,figure,199,,,,,,,,,,,,fail,,,kein valides Bild,,,0,,
doc/tool/source/dsc/oracle_syntax_migration/pl_sql.rst,PL/SQL,/home/ubuntu/repotesting/data-warehouse-service/umn/source/_static/images/en-us_image_0000001657865986.png,figure,212,,,,,,,,,,,,fail,,,kein valides Bild,,,0,,
doc/tool/source/dsc/oracle_syntax_migration/pl_sql.rst,PL/SQL,/home/ubuntu/repotesting/data-warehouse-service/umn/source/_static/images/en-us_image_0000001706105429.png,figure,218,,,,,,,,,,,,fail,,,kein valides Bild,,,0,,
doc/tool/source/dsc/oracle_syntax_migration/pl_sql.rst,PL/SQL,/home/ubuntu/repotesting/data-warehouse-service/umn/source/_static/images/en-us_image_0000001657865998.png,figure,282,,,,,,,,,,,,fail,,,kein valides Bild,,,0,,
doc/tool/source/dsc/oracle_syntax_migration/pl_sql.rst,PL/SQL,/home/ubuntu/repotesting/data-warehouse-service/umn/source/_static/images/en-us_image_0000001706105437.png,figure,288,,,,,,,,,,,,fail,,,kein valides Bild,,,0,,
doc/tool/source/dsc/oracle_syntax_migration/pl_sql.rst,PL/SQL,/home/ubuntu/repotesting/data-warehouse-service/umn/source/_static/images/en-us_image_0000001706224669.png,figure,301,,,,,,,,,,,,fail,,,kein valides Bild,,,0,,
doc/tool/source/dsc/oracle_syntax_migration/pl_sql.rst,PL/SQL,/home/ubuntu/repotesting/data-warehouse-service/umn/source/_static/images/en-us_image_0000001658025310.png,figure,307,,,,,,,,,,,,fail,,,kein valides Bild,,,0,,
doc/tool/source/dsc/oracle_syntax_migration/pl_sql_packages/packages.rst,Packages,,,,,,,,,,,,,,,fail,kein valides Bild,,,,,0,,
doc/tool/source/dsc/oracle_syntax_migration/pl_sql_packages/packages.rst,Packages,/home/ubuntu/repotesting/data-warehouse-service/umn/source/_static/images/en-us_image_0000001657865806.png,figure,15,,,,,,,,,,,,fail,,,kein valides Bild,,,0,,
doc/tool/source/dsc/oracle_syntax_migration/pseudo_columns.rst,Pseudo Columns,,,,,,,,,,,,,,,fail,kein valides Bild,,,,,0,,
doc/tool/source/dsc/oracle_syntax_migration/pseudo_columns.rst,Pseudo Columns,/home/ubuntu/repotesting/data-warehouse-service/umn/source/_static/images/en-us_image_0000001658025254.png,figure,18,,,,,,,,,,,,fail,,,kein valides Bild,,,0,,
doc/tool/source/dsc/oracle_syntax_migration/pseudo_columns.rst,Pseudo Columns,/home/ubuntu/repotesting/data-warehouse-service/umn/source/_static/images/en-us_image_0000001657865930.png,figure,24,,,,,,,,,,,,fail,,,kein valides Bild,,,0,,
doc/tool/source/dsc/oracle_syntax_migration/pseudo_columns.rst,Pseudo Columns,/home/ubuntu/repotesting/data-warehouse-service/umn/source/_static/images/en-us_image_0000001658025258.png,figure,35,,,,,,,,,,,,fail,,,kein valides Bild,,,0,,
doc/tool/source/dsc/oracle_syntax_migration/pseudo_columns.rst,Pseudo Columns,/home/ubuntu/repotesting/data-warehouse-service/umn/source/_static/images/en-us_image_0000001657865926.png,figure,41,,,,,,,,,,,,fail,,,kein valides Bild,,,0,,
doc/tool/source/dsc/oracle_syntax_migration/schema_objects/indexes.rst,Indexes,,,,,,,,,,,,,,,fail,kein valides Bild,,,,,0,,
doc/tool/source/dsc/oracle_syntax_migration/schema_objects/indexes.rst,Indexes,/home/ubuntu/repotesting/data-warehouse-service/umn/source/_static/images/en-us_image_0000001658025202.png,figure,11,,,,,,,,,,,,fail,,,kein valides Bild,,,0,,
doc/tool/source/dsc/oracle_syntax_migration/schema_objects/indexes.rst,Indexes,/home/ubuntu/repotesting/data-warehouse-service/umn/source/_static/images/en-us_image_0000001706224557.png,figure,17,,,,,,,,,,,,fail,,,kein valides Bild,,,0,,
doc/tool/source/dsc/oracle_syntax_migration/schema_objects/purge.rst,PURGE,,,,,,,,,,,,,,,fail,kein valides Bild,,,,,0,,
doc/tool/source/dsc/oracle_syntax_migration/schema_objects/purge.rst,PURGE,/home/ubuntu/repotesting/data-warehouse-service/umn/source/_static/images/en-us_image_0000001706105309.jpg,figure,18,,,,,,,,,,,,fail,,,kein valides Bild,,,0,,
doc/tool/source/dsc/oracle_syntax_migration/schema_objects/purge.rst,PURGE,/home/ubuntu/repotesting/data-warehouse-service/umn/source/_static/images/en-us_image_0000001657865874.jpg,figure,27,,,,,,,,,,,,fail,,,kein valides Bild,,,0,,
doc/tool/source/dsc/oracle_syntax_migration/schema_objects/tables.rst,Tables,,,,,,,,,,,,,,,fail,kein valides Bild,,,,,0,,
doc/tool/source/dsc/oracle_syntax_migration/schema_objects/tables.rst,Tables,/home/ubuntu/repotesting/data-warehouse-service/umn/source/_static/images/en-us_image_0000001658025270.png,figure,232,,,,,,,,,,,,fail,,,kein valides Bild,,,0,,
doc/tool/source/dsc/oracle_syntax_migration/schema_objects/temporary_tables.rst,Temporary Tables,,,,,,,,,,,,,,,fail,kein valides Bild,,,,,0,,
doc/tool/source/dsc/oracle_syntax_migration/schema_objects/temporary_tables.rst,Temporary Tables,/home/ubuntu/repotesting/data-warehouse-service/umn/source/_static/images/en-us_image_0000002049908224.png,figure,18,,,,,,,,,,,,fail,,,kein valides Bild,,,0,,
doc/tool/source/dsc/oracle_syntax_migration/schema_objects/temporary_tables.rst,Temporary Tables,/home/ubuntu/repotesting/data-warehouse-service/umn/source/_static/images/en-us_image_0000002085828829.png,figure,27,,,,,,,,,,,,fail,,,kein valides Bild,,,0,,
doc/tool/source/dsc/oracle_syntax_migration/schema_objects/views.rst,Views,,,,,,,,,,,,,,,fail,kein valides Bild,,,,,0,,
doc/tool/source/dsc/oracle_syntax_migration/schema_objects/views.rst,Views,/home/ubuntu/repotesting/data-warehouse-service/umn/source/_static/images/en-us_image_0000001658025090.png,figure,18,,,,,,,,,,,,fail,,,kein valides Bild,,,0,,
doc/tool/source/dsc/oracle_syntax_migration/schema_objects/views.rst,Views,/home/ubuntu/repotesting/data-warehouse-service/umn/source/_static/images/en-us_image_0000001706224445.png,figure,27,,,,,,,,,,,,fail,,,kein valides Bild,,,0,,
doc/tool/source/dsc/oracle_syntax_migration/system_functions/date_functions.rst,Date Functions,,,,,,,,,,,,,,,fail,kein valides Bild,,,,,0,,
doc/tool/source/dsc/oracle_syntax_migration/system_functions/date_functions.rst,Date Functions,/home/ubuntu/repotesting/data-warehouse-service/umn/source/_static/images/en-us_image_0000001658025146.png,figure,215,,,,,,,,,,,,fail,,,kein valides Bild,,,0,,
doc/tool/source/dsc/oracle_syntax_migration/system_functions/date_functions.rst,Date Functions,/home/ubuntu/repotesting/data-warehouse-service/umn/source/_static/images/en-us_image_0000001657865822.png,figure,221,,,,,,,,,,,,fail,,,kein valides Bild,,,0,,
doc/tool/source/dsc/oracle_syntax_migration/system_functions/string_functions.rst,String Functions,,,,,,,,,,,,,,,fail,kein valides Bild,,,,,0,,
doc/tool/source/dsc/oracle_syntax_migration/system_functions/string_functions.rst,String Functions,/home/ubuntu/repotesting/data-warehouse-service/umn/source/_static/images/en-us_image_0000001658025274.png,figure,24,,,,,,,,,,,,fail,,,kein valides Bild,,,0,,
doc/tool/source/dsc/oracle_syntax_migration/system_functions/string_functions.rst,String Functions,/home/ubuntu/repotesting/data-warehouse-service/umn/source/_static/images/en-us_image_0000001706105385.png,figure,30,,,,,,,,,,,,fail,,,kein valides Bild,,,0,,
doc/tool/source/dsc/oracle_syntax_migration/system_functions/string_functions.rst,String Functions,/home/ubuntu/repotesting/data-warehouse-service/umn/source/_static/images/en-us_image_0000001706224629.png,figure,101,,,,,,,,,,,,fail,,,kein valides Bild,,,0,,
doc/tool/source/dsc/oracle_syntax_migration/system_functions/string_functions.rst,String Functions,/home/ubuntu/repotesting/data-warehouse-service/umn/source/_static/images/en-us_image_0000001657865950.png,figure,107,,,,,,,,,,,,fail,,,kein valides Bild,,,0,,
doc/tool/source/dsc/oracle_syntax_migration/system_functions/string_functions.rst,String Functions,/home/ubuntu/repotesting/data-warehouse-service/umn/source/_static/images/en-us_image_0000001657865946.png,figure,223,,,,,,,,,,,,fail,,,kein valides Bild,,,0,,
doc/tool/source/dsc/oracle_syntax_migration/system_functions/string_functions.rst,String Functions,/home/ubuntu/repotesting/data-warehouse-service/umn/source/_static/images/en-us_image_0000001706105389.png,figure,229,,,,,,,,,,,,fail,,,kein valides Bild,,,0,,
doc/tool/source/dsc/teradata_syntax_migration/migrating_views.rst,Migrating Views,,,,,,,,,,,,,,,fail,kein valides Bild,,,,,0,,
doc/tool/source/dsc/teradata_syntax_migration/migrating_views.rst,Migrating Views,/home/ubuntu/repotesting/data-warehouse-service/umn/source/_static/images/en-us_image_0000001773531536.png,figure,221,,,,,,,,,,,,fail,,,kein valides Bild,,,0,,
doc/tool/source/dsc/teradata_syntax_migration/migrating_views.rst,Migrating Views,/home/ubuntu/repotesting/data-warehouse-service/umn/source/_static/images/en-us_image_0000001820491241.png,figure,227,,,,,,,,,,,,fail,,,kein valides Bild,,,0,,
doc/tool/source/dsc/using_dsc/database_schema_conversion/migration_parameters.rst,Migration Parameters,,,,,,,,,,,,,,,fail,kein valides Bild,,,,,0,,
doc/tool/source/dsc/using_dsc/database_schema_conversion/migration_parameters.rst,Migration Parameters,/home/ubuntu/repotesting/data-warehouse-service/umn/source/_static/images/en-us_image_0000001387842380.png,substitution_image,126,,,,,,,,,,,,fail,,,kein valides Bild,,,0,,
doc/tool/source/dsc/using_dsc/downloading_and_installing_dsc.rst,Downloading and Installing DSC,,,,,,,,,,,,,,,fail,kein valides Bild,,,,,0,,
doc/tool/source/dsc/using_dsc/downloading_and_installing_dsc.rst,Downloading and Installing DSC,/home/ubuntu/repotesting/data-warehouse-service/umn/source/_static/images/en-us_image_0000002081683680.png,figure,90,,,,,,,,,,,,fail,,,kein valides Bild,,,0,,
doc/tool/source/dsc/using_dsc/migration_process/preparations.rst,Preparations,,,,,,,,,,,,,,,fail,kein valides Bild,,,,,0,,
doc/tool/source/dsc/using_dsc/migration_process/preparations.rst,Preparations,/home/ubuntu/repotesting/data-warehouse-service/umn/source/_static/images/danger_3.0-en-us.png,substitution_image,38,,,,,,,,,,,,fail,,,kein valides Bild,,,0,,
doc/tool/source/gsql/instruction/establishing_secure_tcp_ip_connections_in_ssl_mode.rst,Establishing Secure TCP/IP Connections in SSL Mode,,,,,,,,,,,,,,,fail,kein valides Bild,,,,,0,,
doc/tool/source/gsql/instruction/establishing_secure_tcp_ip_connections_in_ssl_mode.rst,Establishing Secure TCP/IP Connections in SSL Mode,/home/ubuntu/repotesting/data-warehouse-service/umn/source/_static/images/en-us_image_0000002239145517.png,substitution_image,282,,,,,,,,,,,,fail,,,kein valides Bild,,,0,,
doc/tool/source/gsql/instruction/establishing_secure_tcp_ip_connections_in_ssl_mode.rst,Establishing Secure TCP/IP Connections in SSL Mode,/home/ubuntu/repotesting/data-warehouse-service/umn/source/_static/images/en-us_image_0000002204065540.png,substitution_image,283,,,,,,,,,,,,fail,,,kein valides Bild,,,0,,
doc/tool/source/gsql/instruction/using_the_windows_gsql_client_to_connect_to_a_cluster.rst,Using the Windows gsql Client to Connect to a Cluster,,,,,,,,,,,,,,,fail,kein valides Bild,,,,,0,,
doc/tool/source/gsql/instruction/using_the_windows_gsql_client_to_connect_to_a_cluster.rst,Using the Windows gsql Client to Connect to a Cluster,/home/ubuntu/repotesting/data-warehouse-service/umn/source/_static/images/en-us_image_0000002204225300.png,figure,30,,,,,,,,,,,,fail,,,kein valides Bild,,,0,,
umn/source/dws_cluster_management/managing_dws_logical_clusters/tutorial_dividing_a_new_physical_cluster_into_logical_clusters.rst,Tutorial: Dividing a New Physical Cluster into Logical Clusters,/home/ubuntu/repotesting/data-warehouse-service/umn/source/_static/images/en-us_image_0000002270494093.png,substitution_image,104,screenshot,False,False,False,,0,0,1,1,0,0.12,fail,,,,200,stop,1,"The image shows a table with columns 'id' and 'name' containing values (1, joy) and (2, lily). | The RST places this image after the SQL query 'SELECT group_name FROM PGXC_GROUP;' which should return a single column of logical cluster names (e.g., lc1, lc2). | The displayed columns and values do not correspond to the expected output of the stated query. | The content appears to be from an entirely different context (possibly a user table with names).","No visible group_name column or logical cluster names (lc1, lc2) as expected from the PGXC_GROUP query. | The image does not demonstrate that logical clusters were successfully created."
umn/source/dws_cluster_management/managing_dws_logical_clusters/tutorial_dividing_a_new_physical_cluster_into_logical_clusters.rst,Tutorial: Dividing a New Physical Cluster into Logical Clusters,/home/ubuntu/repotesting/data-warehouse-service/umn/source/_static/images/en-us_image_0000002235334960.png,substitution_image,105,screenshot,False,False,False,,2,2,3,3,2,0.78,partial,,,,200,stop,1,"The image shows 'ERROR: permission denied for schema u1' in red text, consistent with a failed cross-cluster access attempt. | The RST states the user does not have permission when u2 queries u1.t1, which aligns with the error shown. | The RST note mentions the error would be 'permission denied for node group xx' but the image shows 'permission denied for schema u1', a minor discrepancy in the specific error type. | The image is correctly placed in the step demonstrating permission isolation before granting access.",The specific error message in the image (schema-level) differs from the one described in the RST note (node-group-level).
umn/source/dws_cluster_management/viewing_dws_cluster_details.rst,Viewing DWS Cluster Details,/home/ubuntu/repotesting/data-warehouse-service/umn/source/_static/images/en-us_image_0000002486309626.png,substitution_image,181,icon,False,False,False,,2,2,2,3,3,0.77,partial,,,,200,stop,1,"The image is a small pencil/edit icon, consistent with its use in Method 1 step 2 where the user clicks it next to a cluster name to change the name. | The icon is a generic edit symbol, not specific to DWS or the cluster details page, but it is contextually appropriate for the 'Changing a Cluster Name' section. | The document's primary topic is viewing cluster details; the icon belongs to the secondary 'Changing a Cluster Name' subsection. | The visual content (a pencil icon) clearly matches the described action of clicking to edit a cluster name.",The icon does not show any DWS-specific branding or context; it is a generic edit symbol. | No surrounding UI context is visible to confirm it appears in the cluster list as described.
umn/source/dws_cluster_management/viewing_dws_cluster_details.rst,Viewing DWS Cluster Details,/home/ubuntu/repotesting/data-warehouse-service/umn/source/_static/images/en-us_image_0000002486309636.png,substitution_image,182,icon,False,False,False,,2,2,2,3,3,0.77,partial,,,,200,stop,1,"The image is a small pencil/edit icon, consistent with its use in Method 2 step 3 where the user clicks it next to the cluster name in the Basic Information area to change the name. | The icon is a generic edit symbol, not specific to DWS, but it is contextually appropriate for the 'Changing a Cluster Name' section. | The document's primary topic is viewing cluster details; the icon belongs to the secondary 'Changing a Cluster Name' subsection. | The visual content (a pencil icon) clearly matches the described action of clicking to edit a cluster name on the Cluster Information page.",The icon does not show any DWS-specific branding or context; it is a generic edit symbol. | No surrounding UI context is visible to confirm it appears in the Basic Information area of the Cluster Information page as described.
umn/source/dws_cluster_o_and_m/backing_up_and_restoring_a_dws_cluster/restoring_a_dws_cluster/restoring_a_dws_table_snapshot.rst,Restoring a DWS Table Snapshot,/home/ubuntu/repotesting/data-warehouse-service/umn/source/_static/images/en-us_image_0000002329928960.png,substitution_image,127,icon,False,False,False,,1,2,2,2,3,0.62,partial,,,,200,stop,1,"The image is a small circular help icon containing a question mark, consistent with a UI help indicator. | The RST references this image as appearing next to the 'Snapshot Level' parameter, which aligns with a help/info icon placement. | The icon is tangentially related to the document topic (snapshots) but does not directly illustrate the restoration process. | No contradictions between the image content and its textual reference in the RST.","The image does not show the surrounding UI context (e.g., the 'Snapshot Level' label or 'Configure' button) that the RST describes. | No visual confirmation that this specific icon is the one used in the DWS console for the Snapshot Level parameter."
umn/source/faqs/cluster_management/how_do_i_set_the_session_threshold_when_creating_alarm_rules_for_dws_in_cloud_eye.rst,How Do I Set the Session Threshold When Creating Alarm Rules for DWS in Cloud Eye?,/home/ubuntu/repotesting/data-warehouse-service/umn/source/_static/images/en-us_image_0000001381609445.png,substitution_image,30,icon,False,False,False,,2,2,2,2,3,0.72,partial,,,,200,stop,1,"The image is a small back-arrow icon used for navigation | The RST references this icon in step 3 as the element to click in the upper left corner to navigate back | It is a generic UI navigation symbol, not specific to DWS or Cloud Eye",The icon is very small and generic; it does not show any DWS or Cloud Eye-specific context | No surrounding UI is visible to confirm it is in the upper left corner of the Cloud Eye page
umn/source/preparations/syntax_of_fine-grained_permission_policies.rst,Syntax of Fine-Grained Permission Policies,/home/ubuntu/repotesting/data-warehouse-service/umn/source/_static/images/en-us_image_0000002235495224.jpg,figure,1343,other,False,False,True,Forbidden color #3298ff was detected in the image.,0,0,0,0,0,0.00,fail,,Images with the forbidden color were not sent to the AI API.,,200,stop,1,Local color check detected #3298ff.,
umn/source/preparations/syntax_of_fine-grained_permission_policies.rst,Syntax of Fine-Grained Permission Policies,/home/ubuntu/repotesting/data-warehouse-service/umn/source/_static/images/en-us_image_0000002270374613.jpg,figure,18,other,False,False,False,,3,3,3,3,3,1.00,pass,,Images with the forbidden color were not sent to the AI API.,,200,stop,1,"The image is a structural diagram labeled 'Policy structure', matching the RST figure caption 'Figure 1 Policy structure'. | It depicts a top-level 'Version' block and a 'Statement' block containing 'Statement 1', 'Statement 2', 'Statement ...', consistent with the RST text that a policy consists of a Version and multiple Statements. | An arrow from the Statement block points to a block containing 'Action' and 'Effect', matching the RST description that a Statement includes Effect and Action. | The diagram is a static schematic with no UI interface, buttons, or interactive controls, so it is classified as 'other'.","No additional metadata or labels beyond Version, Statement, Action, and Effect are shown, but this is sufficient for the section's purpose."
umn/source/using_dws.rst,Using DWS,/home/ubuntu/repotesting/data-warehouse-service/umn/source/_static/images/en-us_image_0000002270374001.png,figure,16,other,False,False,True,Forbidden color #3298ff was detected in the image.,0,0,0,0,0,0.00,fail,,Images with the forbidden color were not sent to the AI API.,,,local_hard_fail,0,Local color check detected #3298ff.,
