document_file,document_title,image_file,image_reference_type,image_reference_line,detected_image_type,has_interactive_buttons,interactive_buttons_magenta,hard_fail_triggered,hard_fail_reason,score_topic_match,score_detail_match,score_section_relevance,score_visual_evidence,score_contradictions,overall_score,final_verdict,processing_error,processing_warning,image_reference_error,api_http_status,api_finish_reason,api_attempt,match_reasons,missing_evidence
api-ref/source/faqs/what_are_the_relationships_among_firewall_groups_policies_and_rules.rst,"What Are the Relationships Among Firewall Groups, Policies, and Rules?",,,,,,,,,,,,,,,fail,kein valides Bild,,,,,0,,
api-ref/source/faqs/what_are_the_relationships_among_firewall_groups_policies_and_rules.rst,"What Are the Relationships Among Firewall Groups, Policies, and Rules?",/home/ubuntu/repotesting/virtual-private-cloud/umn/source/_static/images/en-us_image_0000001487964866.png,substitution_image,162,,,,,,,,,,,,fail,,,kein valides Bild,,,0,,
api-ref/source/faqs/what_are_the_relationships_among_firewall_groups_policies_and_rules.rst,"What Are the Relationships Among Firewall Groups, Policies, and Rules?",/home/ubuntu/repotesting/virtual-private-cloud/umn/source/_static/images/en-us_image_0000001538445357.png,substitution_image,163,,,,,,,,,,,,fail,,,kein valides Bild,,,0,,
api-ref/source/faqs/what_are_the_relationships_among_firewall_groups_policies_and_rules.rst,"What Are the Relationships Among Firewall Groups, Policies, and Rules?",/home/ubuntu/repotesting/virtual-private-cloud/umn/source/_static/images/en-us_image_0000001538444809.png,substitution_image,164,,,,,,,,,,,,fail,,,kein valides Bild,,,0,,
umn/source/access_control/differences_between_security_groups_and_firewalls.rst,Differences Between Security Groups and Firewalls,/home/ubuntu/repotesting/virtual-private-cloud/umn/source/_static/images/en-us_image_0000001818982946.png,figure,17,other,False,False,True,Forbidden color #3298ff was detected in the image.,0,0,0,0,0,0.00,fail,,Images with the forbidden color were not sent to the AI API.,,,local_hard_fail,0,Local color check detected #3298ff.,
umn/source/access_control/firewall/firewall_overview.rst,Firewall Overview,/home/ubuntu/repotesting/virtual-private-cloud/umn/source/_static/images/en-us_image_0000001818982946.png,figure,14,other,False,False,True,Forbidden color #3298ff was detected in the image.,0,0,0,0,0,0.00,fail,,Images with the forbidden color were not sent to the AI API.,,,local_hard_fail,0,Local color check detected #3298ff.,
umn/source/access_control/firewall/firewall_overview.rst,Firewall Overview,/home/ubuntu/repotesting/virtual-private-cloud/umn/source/_static/images/en-us_image_0000001818982962.png,figure,106,other,False,False,True,Forbidden color #3298ff was detected in the image.,0,0,0,0,0,0.00,fail,,Images with the forbidden color were not sent to the AI API.,,,local_hard_fail,0,Local color check detected #3298ff.,
umn/source/access_control/firewall/management_firewall_rules/changing_the_sequence_of_a_firewall_rule.rst,Changing the Sequence of a Firewall Rule,/home/ubuntu/repotesting/virtual-private-cloud/umn/source/_static/images/en-us_image_0000001818982734.png,substitution_image,36,icon,False,False,False,,1,2,2,2,3,0.62,partial,,,,200,stop,1,"The image is a location pin icon, consistent with the RST instruction to 'select the desired region and project' in step 2. | It is a small symbolic graphic (icon), not a screenshot or page view. | The icon is part of the navigation procedure but not directly related to the core topic of changing firewall rule sequence. | No contradiction between the image and the RST text describing its use.","The image does not show the surrounding UI context (upper-left corner placement, region/project dropdown). | No label or text is visible on the icon to confirm it is specifically the region selector."
umn/source/access_control/firewall/management_firewall_rules/changing_the_sequence_of_a_firewall_rule.rst,Changing the Sequence of a Firewall Rule,/home/ubuntu/repotesting/virtual-private-cloud/umn/source/_static/images/en-us_image_0000001865582933.png,substitution_image,37,icon,False,False,False,,1,2,2,2,3,0.62,partial,,,,200,stop,1,"The image is a hamburger menu icon (three horizontal lines), consistent with the RST instruction to open a navigation menu and choose 'Network > Virtual Private Cloud' in step 3. | It is a small symbolic graphic (icon), not a screenshot or page view. | The icon is part of the navigation procedure but not directly related to the core topic of changing firewall rule sequence. | No contradiction between the image and the RST text describing its use.","The image does not show the surrounding UI context (upper-left corner placement, menu items like Network or Virtual Private Cloud). | No label or text is visible on the icon to confirm it is specifically the navigation menu trigger."
umn/source/access_control/firewall/management_firewall_rules/deleting_a_firewall_rule.rst,Deleting a Firewall Rule,/home/ubuntu/repotesting/virtual-private-cloud/umn/source/_static/images/en-us_image_0000001818982734.png,substitution_image,36,icon,False,False,False,,2,2,2,2,3,0.72,partial,,,,200,stop,1,"Image is a location pin icon, consistent with step 2's instruction to click it to select a region and project | The icon is a small symbolic graphic used as a UI element in the navigation procedure | It is part of the procedure for deleting a firewall rule but does not directly depict firewall rules | The location pin is a standard icon for region/location selection in cloud management consoles",No surrounding UI context visible to confirm it appears in the upper left corner | No text labels visible on the icon itself
umn/source/access_control/firewall/management_firewall_rules/deleting_a_firewall_rule.rst,Deleting a Firewall Rule,/home/ubuntu/repotesting/virtual-private-cloud/umn/source/_static/images/en-us_image_0000001818823162.png,substitution_image,37,icon,False,False,False,,2,2,2,2,3,0.72,partial,,,,200,stop,1,"Image is a hamburger menu icon (three horizontal lines), consistent with step 3's instruction to click it to open a navigation menu | The icon is a small symbolic graphic used as a UI element for accessing the Network > Virtual Private Cloud menu | It is part of the procedure for deleting a firewall rule but does not directly depict firewall rules | The hamburger menu is a standard icon for opening navigation menus in web applications",No surrounding UI context visible to confirm it appears in the upper left corner | No menu items visible to confirm the Network > Virtual Private Cloud path
umn/source/access_control/firewall/management_firewall_rules/enabling_or_disabling_a_firewall_rule.rst,Enabling or Disabling a Firewall Rule,/home/ubuntu/repotesting/virtual-private-cloud/umn/source/_static/images/en-us_image_0000001818982734.png,substitution_image,34,icon,False,False,False,,2,2,2,3,3,0.77,partial,,,,200,stop,1,"The image is a location pin icon, consistent with the RST instruction to click it to select region and project. | It is a small symbolic graphic (icon), not a screenshot of the firewall rule page. | The icon is part of the navigation procedure to reach the firewall rules page, so it is tangentially related to the firewall rule topic. | The RST explicitly references this image in step 2 for region/project selection, and a location pin is a standard icon for that purpose.",The image does not show the actual region/project selection dropdown or any firewall-related UI. | No surrounding UI context is visible to confirm it is in the upper left corner of a management console.
umn/source/access_control/firewall/management_firewall_rules/enabling_or_disabling_a_firewall_rule.rst,Enabling or Disabling a Firewall Rule,/home/ubuntu/repotesting/virtual-private-cloud/umn/source/_static/images/en-us_image_0000001818823738.png,substitution_image,35,icon,False,False,False,,2,2,2,3,3,0.77,partial,,,,200,stop,1,"The image is a hamburger menu icon (three horizontal lines), consistent with the RST instruction to click it to open a service navigation menu. | It is a small symbolic graphic (icon), not a screenshot of the firewall rule page. | The RST references this image in step 3 for navigating to Network > Virtual Private Cloud, and a hamburger menu is a standard icon for opening a service list. | The icon is part of the navigation procedure to reach the firewall rules page, so it is tangentially related to the firewall rule topic.",The image does not show the actual service navigation menu or any firewall-related UI. | No surrounding UI context is visible to confirm it is in the upper left corner of a management console.
umn/source/access_control/firewall/management_firewall_rules/modifying_a_firewall_rule.rst,Modifying a Firewall Rule,/home/ubuntu/repotesting/virtual-private-cloud/umn/source/_static/images/en-us_image_0000001818982734.png,substitution_image,86,icon,False,False,False,,2,2,2,2,3,0.72,partial,,,,200,stop,1,"The image is a small location-pin icon, consistent with the RST instruction to 'Click [icon] in the upper left corner and select the desired region and project.' | It is a generic navigation icon used across the management console, not specific to firewall rule modification. | The icon is small and low-resolution, making fine detail hard to assess.","No surrounding UI context is visible to confirm it is the region/project selector. | The icon is very small and pixelated, limiting visual detail assessment."
umn/source/access_control/firewall/management_firewall_rules/modifying_a_firewall_rule.rst,Modifying a Firewall Rule,/home/ubuntu/repotesting/virtual-private-cloud/umn/source/_static/images/en-us_image_0000001818823406.png,substitution_image,87,icon,False,False,False,,2,2,2,2,3,0.72,partial,,,,200,stop,1,"The image is a hamburger-menu icon (three horizontal lines), consistent with the RST instruction to 'Click [icon] in the upper left corner and choose Network > Virtual Private Cloud.' | It is a generic navigation icon used to open the service menu, not specific to firewall rule modification. | The icon is small and low-resolution, limiting detailed visual assessment.","No surrounding UI context is visible to confirm it is the service navigation menu trigger. | The icon is very small and pixelated, making it difficult to confirm exact appearance."
umn/source/access_control/firewall/managing_firewalls/deleting_a_firewall.rst,Deleting a Firewall,/home/ubuntu/repotesting/virtual-private-cloud/umn/source/_static/images/en-us_image_0000001818982734.png,substitution_image,34,icon,False,False,False,,2,2,2,2,3,0.72,partial,,,,200,stop,1,"The image is a location pin icon, consistent with step 2's instruction to click it to select region and project. | A location/region pin is a standard UI symbol for region selection in cloud management consoles. | The icon is relevant to the Procedure section as a navigation step before reaching the firewall page. | The image is a simple, clearly recognizable location pin symbol.","The icon does not show the surrounding UI context (upper-left corner placement, dropdown menu for region/project). | No label or text is visible on the icon to confirm it is specifically the region selector."
umn/source/access_control/firewall/managing_firewalls/deleting_a_firewall.rst,Deleting a Firewall,/home/ubuntu/repotesting/virtual-private-cloud/umn/source/_static/images/en-us_image_0000001818982830.png,substitution_image,35,icon,False,False,False,,2,2,2,2,3,0.72,partial,,,,200,stop,1,"The image is a hamburger menu icon (three horizontal lines), consistent with step 3's instruction to click it to open navigation and choose Network > Virtual Private Cloud. | A hamburger menu is the standard UI symbol for opening a navigation sidebar or menu in management consoles. | The icon is relevant to the Procedure section as a navigation step to reach the VPC page. | The image is a simple, clearly recognizable three-line menu symbol.","The icon does not show the surrounding UI context (upper-left corner placement, the navigation menu that would appear after clicking). | No label or text is visible to confirm it is specifically the main navigation menu toggle."
umn/source/access_control/firewall/managing_firewalls/enabling_or_disabling_a_firewall.rst,Enabling or Disabling a Firewall,/home/ubuntu/repotesting/virtual-private-cloud/umn/source/_static/images/en-us_image_0000001818982734.png,substitution_image,32,icon,False,False,False,,2,2,2,3,3,0.77,partial,,,,200,stop,1,"The image is a location pin icon used in step 2 to select a region and project | The icon is a small symbolic graphic (map pin), consistent with region selection in a cloud console | It is part of the navigation procedure to reach the firewall management page | The icon clearly depicts a location/marker symbol",The icon is generic and not specific to firewall management | No surrounding UI context is visible to confirm it is the exact region selector in the console
umn/source/access_control/firewall/managing_firewalls/enabling_or_disabling_a_firewall.rst,Enabling or Disabling a Firewall,/home/ubuntu/repotesting/virtual-private-cloud/umn/source/_static/images/en-us_image_0000001818823714.png,substitution_image,33,icon,False,False,False,,2,2,2,3,3,0.77,partial,,,,200,stop,1,"The image is a hamburger menu icon (three horizontal lines) used in step 3 to open the navigation menu | The icon is a small symbolic graphic representing a menu toggle, consistent with choosing Network > Virtual Private Cloud | It is part of the navigation procedure to reach the firewall management page | The icon clearly depicts three horizontal lines (hamburger menu symbol)",The icon is generic and not specific to firewall management | No surrounding UI context is visible to confirm it is the exact menu toggle in the console
umn/source/access_control/firewall/managing_firewalls/managing_firewall_tags.rst,Managing Firewall Tags,/home/ubuntu/repotesting/virtual-private-cloud/umn/source/_static/images/en-us_image_0000001818982734.png,substitution_image,126,icon,False,False,False,,1,2,2,3,3,0.67,partial,,,,200,stop,1,"Image is a location-pin icon, matching the RST instruction to click the region selector in the upper left corner. | Used as |image1|/|image3|/|image5| for selecting region and project in the tag management steps. | Icon is generic navigation UI, not specific to firewall tags, so topic match is limited. | No contradiction between the icon and the described action.",No surrounding UI context shown; only the isolated icon is visible.
umn/source/access_control/firewall/managing_firewalls/managing_firewall_tags.rst,Managing Firewall Tags,/home/ubuntu/repotesting/virtual-private-cloud/umn/source/_static/images/en-us_image_0000001818982750.png,substitution_image,123,icon,False,False,False,,1,2,2,3,3,0.67,partial,,,,200,stop,1,"Image is a hamburger (three-line) menu icon, matching the RST instruction to open the navigation menu and choose Network > Virtual Private Cloud. | Used as |image2| in the Adding Firewall Tags procedure. | Icon is a generic menu symbol, not specific to firewall tags. | No contradiction between the icon and the described action.",No surrounding UI context shown; only the isolated icon is visible.
umn/source/access_control/firewall/managing_firewalls/managing_firewall_tags.rst,Managing Firewall Tags,/home/ubuntu/repotesting/virtual-private-cloud/umn/source/_static/images/en-us_image_0000001818822970.png,substitution_image,125,icon,False,False,False,,1,2,2,3,3,0.67,partial,,,,200,stop,1,"Image is a hamburger (three-line) menu icon, matching the RST instruction to open the navigation menu and choose Network > Virtual Private Cloud. | Used as |image4| in the Modifying Firewall Tags procedure. | Icon is a generic menu symbol, not specific to firewall tags. | No contradiction between the icon and the described action.",No surrounding UI context shown; only the isolated icon is visible.
umn/source/access_control/firewall/managing_firewalls/managing_firewall_tags.rst,Managing Firewall Tags,/home/ubuntu/repotesting/virtual-private-cloud/umn/source/_static/images/en-us_image_0000001818982742.png,substitution_image,127,icon,False,False,False,,1,2,2,3,3,0.67,partial,,,,200,stop,1,"Image is a hamburger (three-line) menu icon, matching the RST instruction to open the navigation menu and choose Network > Virtual Private Cloud. | Used as |image6| in the Deleting Firewall Tags procedure. | Icon is a generic menu symbol, not specific to firewall tags. | No contradiction between the icon and the described action.",No surrounding UI context shown; only the isolated icon is visible.
umn/source/access_control/firewall/managing_firewalls/viewing_a_firewall.rst,Viewing a Firewall,/home/ubuntu/repotesting/virtual-private-cloud/umn/source/_static/images/en-us_image_0000001818982734.png,substitution_image,36,icon,False,False,False,,2,2,2,2,3,0.72,partial,,,,200,stop,1,"Image shows a location pin/marker icon, consistent with a region selector referenced in step 2 | The RST states 'Click |image1| in the upper left corner and select the desired region and project', and a location icon is a common UI symbol for region selection | The icon is small and low-resolution, making fine detail assessment difficult","The icon is very small and pixelated, making it hard to confirm exact visual details | No surrounding UI context is visible to confirm placement in upper left corner"
umn/source/access_control/firewall/managing_firewalls/viewing_a_firewall.rst,Viewing a Firewall,/home/ubuntu/repotesting/virtual-private-cloud/umn/source/_static/images/en-us_image_0000001865662773.png,substitution_image,37,icon,False,False,False,,2,2,2,2,3,0.72,partial,,,,200,stop,1,"Image shows a hamburger menu icon (three horizontal lines), consistent with a navigation menu trigger referenced in step 3 | The RST states 'Click |image2| in the upper left corner and choose Network > Virtual Private Cloud', and a hamburger menu is a standard icon for opening navigation | The icon is small and low-resolution, limiting detailed visual assessment","The icon is very small and pixelated, making it difficult to confirm exact rendering | No surrounding UI context is visible to confirm placement in upper left corner"
umn/source/access_control/firewall/managing_subnets_associated_with_a_firewall/associating_subnets_with_a_firewall.rst,Associating Subnets with a Firewall,/home/ubuntu/repotesting/virtual-private-cloud/umn/source/_static/images/en-us_image_0000001818982734.png,substitution_image,44,icon,False,False,False,,2,2,2,2,3,0.72,partial,,,,200,stop,1,"The image is a location pin icon, consistent with step 2's instruction to click it to select region and project. | It is a standard navigation icon in cloud management consoles for region/project selection. | The icon is small and symbolic, matching the 'icon' classification. | No contradiction between the image and the RST description of clicking it in the upper left corner for region/project selection.","The image is very small and low-resolution, making fine details hard to discern. | No surrounding UI context is visible to confirm it is in the upper left corner of a console."
umn/source/access_control/firewall/managing_subnets_associated_with_a_firewall/associating_subnets_with_a_firewall.rst,Associating Subnets with a Firewall,/home/ubuntu/repotesting/virtual-private-cloud/umn/source/_static/images/en-us_image_0000001818823450.png,substitution_image,45,icon,False,False,False,,2,2,2,2,3,0.72,partial,,,,200,stop,1,"The image is a hamburger menu icon (three horizontal lines), consistent with step 3's instruction to click it to open the navigation menu for choosing Network > Virtual Private Cloud. | It is a standard navigation icon in cloud management consoles for opening the service menu. | The icon is small and symbolic, matching the 'icon' classification. | No contradiction between the image and the RST description of clicking it in the upper left corner to access the service navigation.","The image is very small and low-resolution, making fine details hard to discern. | No surrounding UI context is visible to confirm it is in the upper left corner of a console."
umn/source/access_control/firewall/managing_subnets_associated_with_a_firewall/disassociating_subnets_from_a_firewall.rst,Disassociating Subnets from a Firewall,/home/ubuntu/repotesting/virtual-private-cloud/umn/source/_static/images/en-us_image_0000001818982734.png,substitution_image,38,icon,False,False,False,,2,2,2,3,3,0.77,partial,,,,200,stop,1,"The image is a location pin icon, consistent with its use in step 2 for selecting region and project. | It is a standard navigation icon referenced in the Procedure section of the firewall disassociation guide. | The icon visually matches the described action of clicking to select a region/project.",No surrounding UI context is visible; only the isolated icon is shown. | The specific management console interface is not visible to confirm the icon's placement in the upper left corner.
umn/source/access_control/firewall/managing_subnets_associated_with_a_firewall/disassociating_subnets_from_a_firewall.rst,Disassociating Subnets from a Firewall,/home/ubuntu/repotesting/virtual-private-cloud/umn/source/_static/images/en-us_image_0000001818822962.png,substitution_image,39,icon,False,False,False,,2,2,2,3,3,0.77,partial,,,,200,stop,1,"The image is a hamburger menu icon (three horizontal lines), consistent with its use in step 3 for opening a navigation menu to choose Network > Virtual Private Cloud. | It is a standard navigation icon referenced in the Procedure section of the firewall disassociation guide. | The icon visually matches the described action of clicking to open a menu for navigation.",No surrounding UI context is visible; only the isolated icon is shown. | The specific management console interface is not visible to confirm the icon's placement in the upper left corner.
umn/source/access_control/firewall/managing_subnets_associated_with_a_firewall/exporting_the_information_about_subnets_associated_with_a_firewall.rst,Exporting the Information About Subnets Associated with a Firewall,/home/ubuntu/repotesting/virtual-private-cloud/umn/source/_static/images/en-us_image_0000002028141064.png,substitution_image,43,icon,False,False,False,,2,2,2,3,3,0.77,partial,,,,200,stop,1,Small location pin / map marker icon used as the region and project selector in step 2 | Matches the RST reference |image1| for clicking to select region and project | Icon is a standard UI symbol for region selection in cloud management consoles,No additional context visible beyond the icon itself
umn/source/access_control/firewall/managing_subnets_associated_with_a_firewall/exporting_the_information_about_subnets_associated_with_a_firewall.rst,Exporting the Information About Subnets Associated with a Firewall,/home/ubuntu/repotesting/virtual-private-cloud/umn/source/_static/images/en-us_image_0000002064022321.png,substitution_image,44,icon,False,False,False,,2,2,2,3,3,0.77,partial,,,,200,stop,1,Hamburger menu icon (three horizontal lines) used as the navigation menu trigger in step 3 | Matches the RST reference |image2| for clicking to choose Network > Virtual Private Cloud | Standard UI symbol for opening a navigation menu in cloud management consoles,No additional context visible beyond the icon itself
umn/source/access_control/security_group/default_security_group_and_its_rules.rst,Default Security Group and Its Rules,/home/ubuntu/repotesting/virtual-private-cloud/umn/source/_static/images/en-us_image_0000001865662829.png,figure,14,other,False,False,True,Forbidden color #3298ff was detected in the image.,0,0,0,0,0,0.00,fail,,Images with the forbidden color were not sent to the AI API.,,,local_hard_fail,0,Local color check detected #3298ff.,
umn/source/access_control/security_group/managing_a_security_group/deleting_a_security_group.rst,Deleting a Security Group,/home/ubuntu/repotesting/virtual-private-cloud/umn/source/_static/images/en-us_image_0000001818982734.png,substitution_image,47,icon,False,False,False,,2,2,2,3,3,0.77,partial,,,,200,stop,1,"The image is a location pin icon, consistent with the RST instruction to click it to select the desired region and project. | It is a small symbolic UI icon, not a full screenshot, used as a navigation element in the procedure. | The icon is relevant to the Procedure section step 2 but is not directly about security groups. | No contradiction between the icon and the described action of selecting a region.",The icon does not show the full context of the upper-left corner of the console. | No label or text is visible on the icon to confirm it is specifically the region selector.
umn/source/access_control/security_group/managing_a_security_group/deleting_a_security_group.rst,Deleting a Security Group,/home/ubuntu/repotesting/virtual-private-cloud/umn/source/_static/images/en-us_image_0000001818982846.png,substitution_image,48,icon,False,False,False,,2,2,2,3,3,0.77,partial,,,,200,stop,1,"The image is a hamburger menu icon (three horizontal lines), consistent with the RST instruction to click it to open a navigation menu and choose Network > Virtual Private Cloud. | It is a small symbolic UI icon used as a navigation element in the procedure. | The icon is relevant to the Procedure section step 3 but is not directly about security groups. | No contradiction between the icon and the described action of opening a navigation menu.",The icon does not show the full context of the upper-left corner of the console. | No label or text is visible on the icon to confirm it is specifically the main navigation menu trigger.
umn/source/access_control/security_group/managing_a_security_group/modifying_a_security_group.rst,Modifying a Security Group,/home/ubuntu/repotesting/virtual-private-cloud/umn/source/_static/images/en-us_image_0000001818982734.png,substitution_image,36,icon,False,False,False,,2,2,2,3,3,0.77,partial,,,,200,stop,1,"The image is a location pin icon, consistent with the RST instruction to 'select the desired region and project' in step 2. | It is a generic UI navigation icon used in the procedure for accessing the VPC console, not specific to security groups. | The icon is small and symbolic, fitting the 'icon' classification.","The image does not show the full UI context (upper left corner placement, surrounding interface). | No text label is visible on the icon to confirm it is specifically a region selector."
umn/source/access_control/security_group/managing_a_security_group/modifying_a_security_group.rst,Modifying a Security Group,/home/ubuntu/repotesting/virtual-private-cloud/umn/source/_static/images/en-us_image_0000001818982918.png,substitution_image,37,icon,False,False,False,,2,2,2,3,3,0.77,partial,,,,200,stop,1,"The image is a hamburger menu icon (three horizontal lines), consistent with the RST instruction to click and choose 'Network > Virtual Private Cloud' in step 3. | It is a generic navigation menu icon used in the procedure, not specific to security groups. | The icon is small and symbolic, fitting the 'icon' classification.","The image does not show the full UI context (upper left corner placement, surrounding interface). | No text label is visible on the icon to confirm it opens a service navigation menu."
umn/source/access_control/security_group/managing_instances_associated_with_a_security_group/adding_an_instance_to_or_removing_an_instance_from_a_security_group.rst,Adding an Instance to or Removing an Instance from a Security Group,/home/ubuntu/repotesting/virtual-private-cloud/umn/source/_static/images/en-us_image_0000001818982734.png,substitution_image,83,icon,False,False,False,,2,2,2,2,3,0.72,partial,,,,200,stop,1,"The image is a small location pin / map marker icon, consistent with the RST instruction to 'Click |image1| in the upper left corner and select the desired region and project.' | It is used as an inline icon reference (|image1| and |image3|) for the region/project selector in the management console. | The icon is a standard UI symbol for region selection, which is a prerequisite navigation step in the security group procedure.",The icon is very small and low-resolution; the exact label or tooltip is not visible. | No surrounding UI context is shown to confirm it is in the upper-left corner of the console.
umn/source/access_control/security_group/managing_instances_associated_with_a_security_group/adding_an_instance_to_or_removing_an_instance_from_a_security_group.rst,Adding an Instance to or Removing an Instance from a Security Group,/home/ubuntu/repotesting/virtual-private-cloud/umn/source/_static/images/en-us_image_0000001818982974.png,substitution_image,82,icon,False,False,False,,2,2,2,2,3,0.72,partial,,,,200,stop,1,"The image is a hamburger menu icon (three horizontal lines), consistent with the RST instruction to 'Click |image2| in the upper left corner and choose Network > Virtual Private Cloud.' | It serves as the navigation menu trigger to access the VPC section, a prerequisite step in the security group workflow. | The icon is a standard UI symbol for opening a navigation menu.",The icon is very small and low-resolution; no label or tooltip is visible. | No surrounding UI context is shown to confirm placement in the upper-left corner.
umn/source/access_control/security_group/managing_instances_associated_with_a_security_group/adding_an_instance_to_or_removing_an_instance_from_a_security_group.rst,Adding an Instance to or Removing an Instance from a Security Group,/home/ubuntu/repotesting/virtual-private-cloud/umn/source/_static/images/en-us_image_0000001865582721.png,substitution_image,84,icon,False,False,False,,2,2,2,2,3,0.72,partial,,,,200,stop,1,"The image is a hamburger menu icon (three horizontal lines), consistent with the RST instruction to 'Click |image4| in the upper left corner and choose Network > Virtual Private Cloud.' | It is used in the 'Removing an Instance from a Security Group' section as the navigation menu trigger. | The icon is visually similar to image2 (en-us_image_0000001818982974.png), both representing the same navigation menu control.",The icon is very small and low-resolution; no label or tooltip is visible. | No surrounding UI context is shown to confirm placement in the upper-left corner.
umn/source/access_control/security_group/managing_instances_associated_with_a_security_group/changing_the_security_group_of_an_ecs.rst,Changing the Security Group of an ECS,/home/ubuntu/repotesting/virtual-private-cloud/umn/source/_static/images/en-us_image_0000001818823030.png,substitution_image,44,icon,False,False,False,,2,2,2,2,3,0.72,partial,,,,200,stop,1,"Image is a location pin / map marker icon, referenced as |image1| in step 2 for selecting region and project. | The icon is a generic region selector symbol, not specific to security group management. | It serves a navigational purpose in the procedure but is not directly related to the security group topic.",The icon is very small and low-resolution; no text or label is visible to confirm its exact function beyond a location/region selector.
umn/source/access_control/security_group/managing_instances_associated_with_a_security_group/changing_the_security_group_of_an_ecs.rst,Changing the Security Group of an ECS,/home/ubuntu/repotesting/virtual-private-cloud/umn/source/_static/images/en-us_image_0000001865662757.jpg,substitution_image,45,icon,False,False,False,,2,2,2,2,3,0.72,partial,,,,200,stop,1,"Image is a hamburger menu icon (three horizontal lines), referenced as |image2| in step 3 for navigating to Computing > Elastic Cloud Server. | It is a standard navigation menu icon, not specific to security group management. | Serves a navigational role in the procedure but has no direct semantic connection to the security group topic.",The icon is very small and low-resolution; no label or text is visible to confirm it is specifically the main navigation menu trigger.
umn/source/access_control/security_group/managing_instances_associated_with_a_security_group/viewing_the_security_group_of_an_ecs.rst,Viewing the Security Group of an ECS,/home/ubuntu/repotesting/virtual-private-cloud/umn/source/_static/images/en-us_image_0000001818982734.png,substitution_image,38,icon,False,False,False,,2,2,2,3,3,0.77,partial,,,,200,stop,1,"Image is a small location pin / map marker icon, consistent with a region selector | RST step 2 says 'Click |image1| in the upper left corner and select the desired region and project', which matches a location/region icon | The icon is a standard UI symbol for region or location selection in cloud management consoles | It is a small symbolic graphic, not a full screenshot","The icon is very small and low-resolution, making it difficult to confirm exact visual details | No surrounding UI context is visible to confirm it is in the upper left corner"
umn/source/access_control/security_group/managing_instances_associated_with_a_security_group/viewing_the_security_group_of_an_ecs.rst,Viewing the Security Group of an ECS,/home/ubuntu/repotesting/virtual-private-cloud/umn/source/_static/images/en-us_image_0000001818982866.png,substitution_image,39,icon,False,False,False,,2,2,2,3,3,0.77,partial,,,,200,stop,1,"Image is a hamburger menu icon (three horizontal lines), a standard navigation symbol | RST step 3 says 'In the upper left corner of the page, click |image2|. In the service list, choose Computing > Elastic Cloud Server', which matches a menu/navigation icon | The icon is a small symbolic graphic used for accessing a service list or navigation menu | It is consistent with typical cloud console UI where a hamburger icon opens a service navigation panel",The icon is very small and low-resolution | No surrounding UI context is visible to confirm it is in the upper left corner of a page
umn/source/access_control/security_group/managing_security_group_rules/adding_a_security_group_rule.rst,Adding a Security Group Rule,/home/ubuntu/repotesting/virtual-private-cloud/umn/source/_static/images/en-us_image_0000001818982734.png,substitution_image,184,icon,False,False,False,,2,2,2,2,3,0.72,partial,,,,200,stop,1,"Image is a small gray location-pin icon, referenced as |image1| in step 2 for selecting region and project. | The icon is a generic location marker, semantically appropriate for a region selector. | It is a small symbolic graphic, not a full UI screenshot.",The icon is very small and low-resolution; surrounding UI context is not visible.
umn/source/access_control/security_group/managing_security_group_rules/adding_a_security_group_rule.rst,Adding a Security Group Rule,/home/ubuntu/repotesting/virtual-private-cloud/umn/source/_static/images/en-us_image_0000001818823082.png,substitution_image,185,icon,False,False,False,,2,2,2,2,3,0.72,partial,,,,200,stop,1,"Image is a hamburger-menu icon (three horizontal lines), referenced as |image2| in step 3 for opening the navigation menu. | The icon is a standard navigation symbol, appropriate for the described action of choosing Network > Virtual Private Cloud. | It is a small isolated UI symbol, not a full screenshot.",The icon is very small and low-resolution; surrounding UI context is not visible.
umn/source/access_control/security_group/managing_security_group_rules/deleting_a_security_group_rule.rst,Deleting a Security Group Rule,/home/ubuntu/repotesting/virtual-private-cloud/umn/source/_static/images/en-us_image_0000001818982734.png,substitution_image,48,icon,False,False,False,,2,2,2,3,3,0.77,partial,,,,200,stop,1,"The image is a location pin icon, consistent with the RST instruction to click it to select a region and project in step 2. | It is a small symbolic UI icon, not a screenshot of the security group rule deletion interface. | The icon is relevant to the navigation procedure but not directly to the security group rule deletion topic.",The image does not show the actual region/project selection dropdown or the security group rule list. | No context of the full management console interface is visible.
umn/source/access_control/security_group/managing_security_group_rules/deleting_a_security_group_rule.rst,Deleting a Security Group Rule,/home/ubuntu/repotesting/virtual-private-cloud/umn/source/_static/images/en-us_image_0000001865582633.png,substitution_image,49,icon,False,False,False,,2,2,2,3,3,0.77,partial,,,,200,stop,1,"The image is a hamburger menu icon (three horizontal lines), consistent with the RST instruction to click it to open the navigation menu for Network > Virtual Private Cloud in step 3. | It is a small symbolic UI icon, not a screenshot of the security group rule deletion interface. | The icon is relevant to the navigation procedure but not directly to the security group rule deletion topic.",The image does not show the actual navigation menu with Network > Virtual Private Cloud options. | No context of the full management console interface is visible.
umn/source/access_control/security_group/managing_security_group_rules/fast-adding_security_group_rules.rst,Fast-Adding Security Group Rules,/home/ubuntu/repotesting/virtual-private-cloud/umn/source/_static/images/en-us_image_0000001818982734.png,substitution_image,144,icon,False,False,False,,2,2,2,3,3,0.77,partial,,,,200,stop,1,"Image is a location pin icon, referenced as |image1| in step 2 for selecting region and project. | The icon is a small symbolic graphic (pictogram) used as a UI element, not a full screenshot. | It is relevant to the procedure but not to the core topic of security group rules. | The location pin is semantically appropriate for a region selector.","The icon is very small and low-resolution, making fine details hard to discern."
umn/source/access_control/security_group/managing_security_group_rules/fast-adding_security_group_rules.rst,Fast-Adding Security Group Rules,/home/ubuntu/repotesting/virtual-private-cloud/umn/source/_static/images/en-us_image_0000001818982858.png,substitution_image,145,icon,False,False,False,,2,2,2,3,3,0.77,partial,,,,200,stop,1,"Image is a hamburger menu icon (three horizontal lines), referenced as |image2| in step 3 for navigating to Network > Virtual Private Cloud. | The icon is a small symbolic graphic (pictogram) used as a UI navigation element. | It is relevant to the procedure but not to the core topic of security group rules. | The hamburger menu is semantically appropriate for a navigation menu trigger.","The icon is very small and low-resolution, making fine details hard to discern."
umn/source/access_control/security_group/managing_security_group_rules/importing_and_exporting_security_group_rules.rst,Importing and Exporting Security Group Rules,/home/ubuntu/repotesting/virtual-private-cloud/umn/source/_static/images/en-us_image_0000001818982734.png,substitution_image,98,icon,False,False,False,,1,2,2,3,3,0.67,partial,,,,200,stop,1,"The image is a location pin icon, consistent with a region selector referenced in step 2 of the procedure. | The RST states 'Click |image1| in the upper left corner and select the desired region and project,' which aligns with a location/region icon. | The icon is a generic navigation element and does not directly depict security group rule import/export functionality.",No visible text or UI context in the image to confirm it is specifically a region selector. | The image is a small isolated icon without surrounding interface elements.
umn/source/access_control/security_group/managing_security_group_rules/importing_and_exporting_security_group_rules.rst,Importing and Exporting Security Group Rules,/home/ubuntu/repotesting/virtual-private-cloud/umn/source/_static/images/en-us_image_0000001865582585.png,substitution_image,99,icon,False,False,False,,1,2,2,3,3,0.67,partial,,,,200,stop,1,"The image is a hamburger menu icon (three horizontal lines), consistent with a navigation menu referenced in step 3 of the procedure. | The RST states 'Click |image2| in the upper left corner and choose Network > Virtual Private Cloud,' which aligns with a menu icon. | The icon is a generic navigation element and does not directly depict security group rule import/export functionality.",No visible text or UI context in the image to confirm it is specifically a service navigation menu. | The image is a small isolated icon without surrounding interface elements.
umn/source/access_control/security_group/managing_security_group_rules/modifying_a_security_group_rule.rst,Modifying a Security Group Rule,/home/ubuntu/repotesting/virtual-private-cloud/umn/source/_static/images/en-us_image_0000001818982734.png,substitution_image,40,icon,False,False,False,,2,2,2,3,3,0.77,partial,,,,200,stop,1,"The image is a location pin icon, consistent with the RST instruction to click it to select region and project. | It is a small symbolic graphic (icon) used for navigation in the management console. | The icon is part of the procedure to reach the security group modification page but does not directly depict security group rules. | The RST explicitly references this image in step 2 for region/project selection.","The image does not show the actual region/project selection dropdown or interface. | No context of the full console UI is visible, only the isolated icon."
umn/source/access_control/security_group/managing_security_group_rules/modifying_a_security_group_rule.rst,Modifying a Security Group Rule,/home/ubuntu/repotesting/virtual-private-cloud/umn/source/_static/images/en-us_image_0000001818983190.png,substitution_image,41,icon,False,False,False,,2,2,2,3,3,0.77,partial,,,,200,stop,1,"The image is a hamburger menu icon (three horizontal lines), consistent with the RST instruction to click it to navigate to Network > Virtual Private Cloud. | It is a small symbolic graphic (icon) used for opening a navigation menu in the management console. | The icon is part of the procedure to reach the security group modification page but does not directly depict security group rules. | The RST explicitly references this image in step 3 for navigating to the VPC section.","The image does not show the actual navigation menu or the Network > Virtual Private Cloud path. | No context of the full console UI is visible, only the isolated icon."
umn/source/access_control/security_group/managing_security_group_rules/replicating_a_security_group_rule.rst,Replicating a Security Group Rule,/home/ubuntu/repotesting/virtual-private-cloud/umn/source/_static/images/en-us_image_0000001818982734.png,substitution_image,38,icon,False,False,False,,2,2,2,3,3,0.77,partial,,,,200,stop,1,"The image is a location pin icon, consistent with the RST description of a region selector in the upper left corner. | It is used in step 2 of the procedure to select the desired region and project. | The icon is a small symbolic graphic, not a full UI screenshot. | The icon semantically matches the concept of selecting a region/location.","The actual management console UI is not shown; only the symbolic icon is provided. | No surrounding context (e.g., the full navigation bar) is visible to confirm placement."
umn/source/access_control/security_group/managing_security_group_rules/replicating_a_security_group_rule.rst,Replicating a Security Group Rule,/home/ubuntu/repotesting/virtual-private-cloud/umn/source/_static/images/en-us_image_0000001865583245.png,substitution_image,39,icon,False,False,False,,2,2,2,3,3,0.77,partial,,,,200,stop,1,"The image is a hamburger menu icon (three horizontal lines), consistent with the RST description of a navigation menu in the upper left corner. | It is used in step 3 of the procedure to navigate to Network > Virtual Private Cloud. | The icon is a small symbolic graphic, not a full UI screenshot. | The icon semantically matches the concept of opening a navigation menu.","The actual management console UI is not shown; only the symbolic icon is provided. | No surrounding context (e.g., the full navigation bar or menu items) is visible to confirm the Network > VPC path."
umn/source/access_control/security_group/security_groups_and_security_group_rules.rst,Security Groups and Security Group Rules,/home/ubuntu/repotesting/virtual-private-cloud/umn/source/_static/images/en-us_image_0000001865662813.png,figure,131,other,False,False,True,Forbidden color #3298ff was detected in the image.,0,0,0,0,0,0.00,fail,,Images with the forbidden color were not sent to the AI API.,,,local_hard_fail,0,Local color check detected #3298ff.,
umn/source/elastic_ip/managing_eip_tags.rst,Managing EIP Tags,/home/ubuntu/repotesting/virtual-private-cloud/umn/source/_static/images/en-us_image_0000001818982734.png,substitution_image,88,icon,False,False,False,,2,2,2,2,3,0.72,partial,,,,200,stop,1,"The image is a location pin / map marker icon, consistent with the RST instruction to click it to select the desired region and project. | It is a generic navigation icon used in the Procedure section for accessing the EIP management console. | The icon is small and symbolic, fitting the 'icon' classification.","No surrounding UI context is visible; only the isolated icon is shown. | The RST references this same image for both |image1| and |image3|, so it serves the same role in both procedure blocks."
umn/source/elastic_ip/managing_eip_tags.rst,Managing EIP Tags,/home/ubuntu/repotesting/virtual-private-cloud/umn/source/_static/images/en-us_image_0000001818982822.png,substitution_image,89,icon,False,False,False,,2,2,2,2,3,0.72,partial,,,,200,stop,1,"The image is a hamburger menu icon (three horizontal lines), consistent with the RST instruction to click it to open the navigation menu and choose Network > Elastic IP. | It is a generic navigation icon used in the Procedure section for accessing the EIP management console. | The icon is small and symbolic, fitting the 'icon' classification.","No surrounding UI context is visible; only the isolated icon is shown. | The RST references this same image for both |image2| and |image4|, so it serves the same role in both procedure blocks."
umn/source/elastic_ip/modifying_an_eip_bandwidth.rst,Modifying an EIP Bandwidth,/home/ubuntu/repotesting/virtual-private-cloud/umn/source/_static/images/en-us_image_0000001818982734.png,substitution_image,34,icon,False,False,False,,2,2,2,2,3,0.72,partial,,,,200,stop,1,"The image is a location pin icon, consistent with the RST instruction to select a region and project. | It is used in step 2 of the procedure for navigating to the correct region/project before accessing EIP settings. | The icon is a standard UI symbol for region/location selection, matching the described action.","The icon is very small and low-resolution, making fine details hard to discern. | No surrounding UI context is visible to confirm it is in the upper left corner of a console."
umn/source/elastic_ip/modifying_an_eip_bandwidth.rst,Modifying an EIP Bandwidth,/home/ubuntu/repotesting/virtual-private-cloud/umn/source/_static/images/en-us_image_0000001818982822.png,substitution_image,35,icon,False,False,False,,2,2,2,2,3,0.72,partial,,,,200,stop,1,"The image is a hamburger menu icon (three horizontal lines), consistent with the RST instruction to open a navigation menu and choose Network > Elastic IP. | It is used in step 3 of the procedure for accessing the service navigation. | The icon is a standard UI symbol for opening a navigation/dropdown menu, matching the described action.","The icon is very small and low-resolution, making fine details hard to discern. | No surrounding UI context is visible to confirm it is in the upper left corner of a console."
umn/source/faq/eips/what_is_an_eip.rst,What Is an EIP?,/home/ubuntu/repotesting/virtual-private-cloud/umn/source/_static/images/en-us_image_0000001818823042.png,figure,13,other,False,False,True,Forbidden color #3298ff was detected in the image.,0,0,0,0,0,0.00,fail,,Images with the forbidden color were not sent to the AI API.,,,local_hard_fail,0,Local color check detected #3298ff.,
umn/source/faq/general_questions/what_is_a_quota.rst,What Is a Quota?,/home/ubuntu/repotesting/virtual-private-cloud/umn/source/_static/images/en-us_image_0000001865663101.png,substitution_image,50,icon,False,False,False,,2,2,2,3,3,0.77,partial,,,,200,stop,1,"The image is a location pin icon, consistent with the RST instruction to 'select the desired region and project' | It is used in step 2 of the 'How Do I View My Quotas?' section for navigation | The icon is a standard location/region selector symbol commonly found in cloud management consoles | No contradiction between the icon and its described purpose in the document",The image does not show the full UI context (upper left corner placement) | No text label is visible on the icon to confirm it is specifically a region selector
umn/source/faq/vpc_peering_connections/can_a_vpc_peering_connection_connect_vpcs_in_different_regions.rst,Can a VPC Peering Connection Connect VPCs in Different Regions?,/home/ubuntu/repotesting/virtual-private-cloud/umn/source/_static/images/en-us_image_0000001818983018.png,figure,19,other,False,False,True,Forbidden color #3298ff was detected in the image.,0,0,0,0,0,0.00,fail,,Images with the forbidden color were not sent to the AI API.,,,local_hard_fail,0,Local color check detected #3298ff.,
umn/source/faq/vpc_peering_connections/why_did_communication_fail_between_vpcs_that_were_connected_by_a_vpc_peering_connection.rst,Why Did Communication Fail Between VPCs That Were Connected by a VPC Peering Connection?,/home/ubuntu/repotesting/virtual-private-cloud/umn/source/_static/images/en-us_image_0000001818982898.png,figure,71,other,False,False,True,Forbidden color #3298ff was detected in the image.,0,0,0,0,0,0.00,fail,,Images with the forbidden color were not sent to the AI API.,,,local_hard_fail,0,Local color check detected #3298ff.,
umn/source/faq/vpc_peering_connections/why_did_communication_fail_between_vpcs_that_were_connected_by_a_vpc_peering_connection.rst,Why Did Communication Fail Between VPCs That Were Connected by a VPC Peering Connection?,/home/ubuntu/repotesting/virtual-private-cloud/umn/source/_static/images/en-us_image_0000001818983474.png,figure,78,other,False,False,True,Forbidden color #3298ff was detected in the image.,0,0,0,0,0,0.00,fail,,Images with the forbidden color were not sent to the AI API.,,,local_hard_fail,0,Local color check detected #3298ff.,
umn/source/faq/vpc_peering_connections/why_did_communication_fail_between_vpcs_that_were_connected_by_a_vpc_peering_connection.rst,Why Did Communication Fail Between VPCs That Were Connected by a VPC Peering Connection?,/home/ubuntu/repotesting/virtual-private-cloud/umn/source/_static/images/en-us_image_0000001818823702.png,figure,87,other,False,False,True,Forbidden color #3298ff was detected in the image.,0,0,0,0,0,0.00,fail,,Images with the forbidden color were not sent to the AI API.,,,local_hard_fail,0,Local color check detected #3298ff.,
umn/source/faq/vpcs_and_subnets/what_is_virtual_private_cloud.rst,What Is Virtual Private Cloud?,/home/ubuntu/repotesting/virtual-private-cloud/umn/source/_static/images/en-us_image_0000001865663209.png,figure,13,other,False,False,True,Forbidden color #3298ff was detected in the image.,0,0,0,0,0,0.00,fail,,Images with the forbidden color were not sent to the AI API.,,,local_hard_fail,0,Local color check detected #3298ff.,
umn/source/getting_started/configuring_a_vpc_for_ecss_that_access_the_internet_using_eips/overview.rst,Overview,/home/ubuntu/repotesting/virtual-private-cloud/umn/source/_static/images/en-us_image_0000001818823006.png,figure,12,other,False,False,True,Forbidden color #3298ff was detected in the image.,0,0,0,0,0,0.00,fail,,Images with the forbidden color were not sent to the AI API.,,,local_hard_fail,0,Local color check detected #3298ff.,
umn/source/getting_started/configuring_a_vpc_for_ecss_that_access_the_internet_using_eips/step_4_create_a_security_group.rst,Step 4: Create a Security Group,/home/ubuntu/repotesting/virtual-private-cloud/umn/source/_static/images/en-us_image_0000001818982734.png,substitution_image,145,icon,False,False,False,,2,2,2,2,3,0.72,partial,,,,200,stop,1,"Small location pin / map marker icon, consistent with a region selector in the upper left corner | Referenced in RST step 2 as the element to click to select region and project | Generic UI icon with no specific security-group-related content | No interactive controls visible in the image itself","Icon is very small and low-resolution, making fine details hard to discern | No surrounding UI context visible to confirm placement in upper left corner"
umn/source/getting_started/configuring_a_vpc_for_ecss_that_access_the_internet_using_eips/step_4_create_a_security_group.rst,Step 4: Create a Security Group,/home/ubuntu/repotesting/virtual-private-cloud/umn/source/_static/images/en-us_image_0000001865582681.png,substitution_image,146,icon,False,False,False,,2,2,2,2,3,0.72,partial,,,,200,stop,1,"Small hamburger menu icon (three horizontal lines), consistent with a navigation menu in the upper left corner | Referenced in RST step 3 as the element to click to choose Network > Virtual Private Cloud | Generic UI icon with no specific security-group-related content | No interactive controls visible in the image itself","Icon is very small and low-resolution, making fine details hard to discern | No surrounding UI context visible to confirm placement in upper left corner"
umn/source/getting_started/configuring_a_vpc_for_ecss_that_access_the_internet_using_eips/step_5_add_a_security_group_rule.rst,Step 5: Add a Security Group Rule,/home/ubuntu/repotesting/virtual-private-cloud/umn/source/_static/images/en-us_image_0000001818982734.png,substitution_image,178,icon,False,False,False,,2,2,2,2,3,0.72,partial,,,,200,stop,1,"Image is a location/region pin icon, referenced as |image1| in step 2 for selecting region and project. | The icon is a small symbolic graphic (pictogram), not a full screenshot. | It is semantically relevant to the navigation step of selecting a region in the management console. | No contradiction with the RST text describing clicking the icon in the upper left corner.","The icon is very small and low-resolution, making it hard to confirm exact visual details. | No surrounding UI context is visible to confirm its placement in the upper left corner."
umn/source/getting_started/configuring_a_vpc_for_ecss_that_access_the_internet_using_eips/step_5_add_a_security_group_rule.rst,Step 5: Add a Security Group Rule,/home/ubuntu/repotesting/virtual-private-cloud/umn/source/_static/images/en-us_image_0000001818823082.png,substitution_image,179,icon,False,False,False,,2,2,2,2,3,0.72,partial,,,,200,stop,1,"Image is a hamburger menu icon (three horizontal lines), referenced as |image2| in step 3 for navigating to Network > Virtual Private Cloud. | The icon is a small symbolic graphic (pictogram), not a full screenshot. | It is semantically relevant to the navigation step of opening the main menu in the management console. | No contradiction with the RST text describing clicking the icon in the upper left corner.","The icon is very small and low-resolution, making it hard to confirm exact visual details. | No surrounding UI context is visible to confirm its placement in the upper left corner."
umn/source/getting_started/configuring_a_vpc_for_ecss_that_do_not_require_internet_access/overview.rst,Overview,/home/ubuntu/repotesting/virtual-private-cloud/umn/source/_static/images/en-us_image_0000001818823762.png,figure,12,other,False,False,True,Forbidden color #3298ff was detected in the image.,0,0,0,0,0,0.00,fail,,Images with the forbidden color were not sent to the AI API.,,,local_hard_fail,0,Local color check detected #3298ff.,
umn/source/getting_started/configuring_a_vpc_for_ecss_that_do_not_require_internet_access/step_4_add_a_security_group_rule.rst,Step 4: Add a Security Group Rule,/home/ubuntu/repotesting/virtual-private-cloud/umn/source/_static/images/en-us_image_0000001818982734.png,substitution_image,178,icon,False,False,False,,2,2,2,2,3,0.72,partial,,,,200,stop,1,"Image is a location pin icon, used as |image1| in step 2 for selecting region and project. | The icon is a small symbolic graphic representing a region selector, consistent with the RST instruction. | It is a simple pictogram without interactive controls visible in isolation.","The icon is shown in isolation without surrounding UI context, so its exact placement in the upper-left corner cannot be verified."
umn/source/getting_started/configuring_a_vpc_for_ecss_that_do_not_require_internet_access/step_4_add_a_security_group_rule.rst,Step 4: Add a Security Group Rule,/home/ubuntu/repotesting/virtual-private-cloud/umn/source/_static/images/en-us_image_0000001818823082.png,substitution_image,179,icon,False,False,False,,2,2,2,2,3,0.72,partial,,,,200,stop,1,"Image is a hamburger menu icon (three horizontal lines), used as |image2| in step 3 for navigating to Network > Virtual Private Cloud. | The icon is a small symbolic graphic representing a navigation menu, consistent with the RST instruction. | It is a simple pictogram without interactive controls visible in isolation.","The icon is shown in isolation without surrounding UI context, so its exact placement in the upper-left corner cannot be verified."
umn/source/ip_address_group/managing_an_ip_address_group/creating_an_ip_address_group.rst,Creating an IP Address Group,/home/ubuntu/repotesting/virtual-private-cloud/umn/source/_static/images/en-us_image_0000001818982734.png,substitution_image,89,icon,False,False,False,,2,2,2,2,3,0.72,partial,,,,200,stop,1,"The image shows a location pin icon, consistent with the RST instruction to click it to select region and project in step 2. | The icon is a generic UI element used in the navigation procedure for creating an IP address group. | The RST explicitly references this image as |image1| for the region/project selector in the upper left corner.","The image is small and low-resolution, making fine details hard to discern. | No surrounding UI context is visible to confirm it is specifically a region selector button."
umn/source/ip_address_group/managing_an_ip_address_group/creating_an_ip_address_group.rst,Creating an IP Address Group,/home/ubuntu/repotesting/virtual-private-cloud/umn/source/_static/images/en-us_image_0000001865582865.png,substitution_image,90,icon,False,False,False,,2,2,2,2,3,0.72,partial,,,,200,stop,1,"The image shows a hamburger menu icon (three horizontal lines), consistent with the RST instruction to click it to navigate to Network > Virtual Private Cloud in step 3. | The icon is a generic navigation menu element used in the procedure for creating an IP address group. | The RST explicitly references this image as |image2| for the navigation menu in the upper left corner.","The image is small and low-resolution, making fine details hard to discern. | No surrounding UI context is visible to confirm it is specifically the main navigation menu button."
umn/source/ip_address_group/managing_an_ip_address_group/deleting_an_ip_address_group.rst,Deleting an IP Address Group,/home/ubuntu/repotesting/virtual-private-cloud/umn/source/_static/images/en-us_image_0000001818982734.png,substitution_image,54,icon,False,False,False,,2,2,2,2,3,0.72,partial,,,,200,stop,1,"The image is a small location pin icon, consistent with a region/project selector in a cloud management console. | The RST step 2 instructs to click this icon in the upper left corner to select region and project, which matches the location pin semantics. | It is a generic UI navigation element, not specific to IP address group deletion but part of the login/navigation procedure.",The icon is very small and low-resolution; no text or label is visible to confirm it is specifically a region selector. | No surrounding UI context is visible to confirm placement in the upper left corner.
umn/source/ip_address_group/managing_an_ip_address_group/deleting_an_ip_address_group.rst,Deleting an IP Address Group,/home/ubuntu/repotesting/virtual-private-cloud/umn/source/_static/images/en-us_image_0000001818983350.png,substitution_image,55,icon,False,False,False,,2,2,2,2,3,0.72,partial,,,,200,stop,1,"The image is a hamburger menu icon (three horizontal lines), a standard symbol for opening a navigation menu. | The RST step 3 instructs to click this icon in the upper left corner to choose Network > Virtual Private Cloud, which matches the hamburger menu semantics. | It is a generic UI navigation element, not specific to IP address group deletion but part of the navigation procedure.",The icon is very small and low-resolution; no text or label is visible to confirm it is specifically a navigation menu trigger. | No surrounding UI context is visible to confirm placement in the upper left corner.
umn/source/ip_address_group/managing_an_ip_address_group/disassociating_an_ip_address_group_from_resources.rst,Disassociating an IP Address Group from Resources,/home/ubuntu/repotesting/virtual-private-cloud/umn/source/_static/images/en-us_image_0000001818982734.png,substitution_image,58,icon,False,False,False,,2,2,2,3,3,0.77,partial,,,,200,stop,1,"The image is a location pin icon, consistent with the RST instruction to 'Click |image1| in the upper left corner and select the desired region and project.' | A location/region pin is a standard UI symbol for region selection in cloud management consoles. | The icon is used in step 2 of the procedure, a standard navigation prerequisite before accessing IP Address Groups. | The visual clearly shows a map-pin/location marker symbol.",The icon is small and monochrome; no surrounding UI context is visible to confirm it is specifically a region selector. | No label or text accompanies the icon in the image itself.
umn/source/ip_address_group/managing_an_ip_address_group/disassociating_an_ip_address_group_from_resources.rst,Disassociating an IP Address Group from Resources,/home/ubuntu/repotesting/virtual-private-cloud/umn/source/_static/images/en-us_image_0000001818823746.png,substitution_image,59,icon,False,False,False,,2,2,2,3,3,0.77,partial,,,,200,stop,1,"The image is a hamburger menu icon (three horizontal lines), consistent with the RST instruction to 'Click |image2| in the upper left corner and choose Network > Virtual Private Cloud.' | A hamburger menu is a standard UI symbol for opening a navigation sidebar in cloud management consoles. | The icon is used in step 3 of the procedure, a standard navigation step to reach the VPC section. | The visual clearly shows three horizontal lines representing a menu toggle.",The icon is small and monochrome; no surrounding UI context is visible to confirm it opens a navigation menu specifically. | No label or text accompanies the icon in the image itself.
umn/source/ip_address_group/managing_an_ip_address_group/exporting_ip_address_group_details.rst,Exporting IP Address Group Details,/home/ubuntu/repotesting/virtual-private-cloud/umn/source/_static/images/en-us_image_0000001818982734.png,substitution_image,38,icon,False,False,False,,2,2,2,3,3,0.77,partial,,,,200,stop,1,"The image is a small location-pin (map marker) pictogram, matching the region/project selector referenced in step 2. | The RST uses |image1| for selecting the desired region and project, which is consistent with a location icon. | The icon is part of the Procedure section and supports the navigation steps for reaching the VPC page. | The visual clearly shows an isolated location pin symbol with no surrounding UI.","No surrounding console UI is shown, so the exact placement in the upper-left corner cannot be verified from the image alone."
umn/source/ip_address_group/managing_an_ip_address_group/exporting_ip_address_group_details.rst,Exporting IP Address Group Details,/home/ubuntu/repotesting/virtual-private-cloud/umn/source/_static/images/en-us_image_0000001818823474.png,substitution_image,39,icon,False,False,False,,2,2,2,3,3,0.77,partial,,,,200,stop,1,"The image is a hamburger (three horizontal lines) navigation menu pictogram. | The RST uses |image2| to open the menu and choose Network > Virtual Private Cloud, consistent with a navigation menu icon. | The icon belongs to the Procedure section and supports the navigation steps. | The visual clearly shows an isolated three-line menu symbol with no surrounding UI.","No surrounding console UI is shown, so the exact placement in the upper-left corner cannot be verified from the image alone."
umn/source/ip_address_group/managing_ip_address_entries_in_an_ip_address_group/adding_ip_address_entries_to_an_ip_address_group.rst,Adding IP Address Entries to an IP Address Group,/home/ubuntu/repotesting/virtual-private-cloud/umn/source/_static/images/en-us_image_0000001818982734.png,substitution_image,68,icon,False,False,False,,2,2,2,3,3,0.77,partial,,,,200,stop,1,"The image is a location pin icon, consistent with the RST instruction to 'Click |image1| in the upper left corner and select the desired region and project.' | A location/region pin is a standard UI symbol for region selection in cloud management consoles. | The icon is used in step 2 of the procedure, which is a navigation prerequisite rather than the core IP address group topic. | The visual clearly shows a map pin / location marker symbol.","The image is very small and low-resolution, making it difficult to confirm fine details of the icon design. | No surrounding UI context is visible to confirm it appears in the upper left corner of a console."
umn/source/ip_address_group/managing_ip_address_entries_in_an_ip_address_group/adding_ip_address_entries_to_an_ip_address_group.rst,Adding IP Address Entries to an IP Address Group,/home/ubuntu/repotesting/virtual-private-cloud/umn/source/_static/images/en-us_image_0000001818823122.png,substitution_image,69,icon,False,False,False,,2,2,2,3,3,0.77,partial,,,,200,stop,1,"The image is a hamburger menu icon (three horizontal lines), consistent with the RST instruction to 'Click |image2| in the upper left corner and choose Network > Virtual Private Cloud.' | A hamburger menu is a standard UI symbol for opening a navigation menu in cloud management consoles. | The icon is used in step 3 of the procedure, which is a navigation step to reach the VPC section. | The visual clearly shows three horizontal lines representing a menu toggle.","The image is very small and low-resolution, making it difficult to confirm fine details. | No surrounding UI context is visible to confirm it appears in the upper left corner of a console."
umn/source/ip_address_group/managing_ip_address_entries_in_an_ip_address_group/deleting_ip_address_entries_from_an_ip_address_group.rst,Deleting IP Address Entries from an IP Address Group,/home/ubuntu/repotesting/virtual-private-cloud/umn/source/_static/images/en-us_image_0000001818982734.png,substitution_image,58,icon,False,False,False,,2,2,2,3,3,0.77,partial,,,,200,stop,1,"The image is a location pin icon, consistent with step 2's instruction to click it to select region and project. | It is a standard UI icon for region/location selection in a management console. | The icon is clearly visible and identifiable as a map marker/location pin. | No contradiction between the RST description and the image content.","The image does not show the surrounding UI context (upper-left corner placement, dropdown menu for region/project). | No label or text is visible to confirm it specifically represents region selection."
umn/source/ip_address_group/managing_ip_address_entries_in_an_ip_address_group/deleting_ip_address_entries_from_an_ip_address_group.rst,Deleting IP Address Entries from an IP Address Group,/home/ubuntu/repotesting/virtual-private-cloud/umn/source/_static/images/en-us_image_0000001865582581.png,substitution_image,59,icon,False,False,False,,2,2,2,3,3,0.77,partial,,,,200,stop,1,"The image is a hamburger menu icon (three horizontal lines), consistent with step 3's instruction to click it to open navigation and choose Network > Virtual Private Cloud. | It is a standard UI icon for opening a navigation/menu panel in a management console. | The icon is clearly visible and identifiable as a three-line menu symbol. | No contradiction between the RST description and the image content.","The image does not show the surrounding UI context (upper-left corner placement, the resulting navigation menu with Network > VPC options). | No label or text is visible to confirm it specifically opens the service navigation menu."
umn/source/ip_address_group/managing_ip_address_entries_in_an_ip_address_group/modifying_ip_address_entries_in_an_ip_address_group.rst,Modifying IP Address Entries in an IP Address Group,/home/ubuntu/repotesting/virtual-private-cloud/umn/source/_static/images/en-us_image_0000001818982734.png,substitution_image,74,icon,False,False,False,,2,2,2,3,3,0.77,partial,,,,200,stop,1,"The image is a location pin / map marker icon, consistent with a region selector referenced in step 2 of the procedure. | The RST instructs the user to click this icon to select the desired region and project, which aligns with the location-pin semantics. | The icon is small and symbolic, fitting the 'icon' classification rather than a screenshot.",No surrounding UI context is visible; only the isolated icon is shown. | The specific label or tooltip for the icon is not visible in the image.
umn/source/ip_address_group/managing_ip_address_entries_in_an_ip_address_group/modifying_ip_address_entries_in_an_ip_address_group.rst,Modifying IP Address Entries in an IP Address Group,/home/ubuntu/repotesting/virtual-private-cloud/umn/source/_static/images/en-us_image_0000001818983502.png,substitution_image,75,icon,False,False,False,,2,2,2,3,3,0.77,partial,,,,200,stop,1,"The image is a hamburger menu icon (three horizontal lines), consistent with a navigation menu referenced in step 3 of the procedure. | The RST instructs the user to click this icon to choose Network > Virtual Private Cloud, which aligns with a navigation-menu icon. | The icon is small and symbolic, fitting the 'icon' classification rather than a screenshot.",No surrounding UI context is visible; only the isolated icon is shown. | The specific label or tooltip for the icon is not visible in the image.
umn/source/monitoring/creating_an_alarm_rule.rst,Creating an Alarm Rule,/home/ubuntu/repotesting/virtual-private-cloud/umn/source/_static/images/en-us_image_0000001818982734.png,substitution_image,40,icon,False,False,False,,2,2,2,3,3,0.77,partial,,,,200,stop,1,"Image is a small location pin / map marker icon | Referenced in RST step 2 as the icon to click for selecting region and project | The icon is consistent with a region/project selector in a cloud console UI | It is a supporting UI element in the procedure, not the main topic of alarm rule creation","The icon is very small and low-resolution, making fine details hard to discern"
umn/source/monitoring/creating_an_alarm_rule.rst,Creating an Alarm Rule,/home/ubuntu/repotesting/virtual-private-cloud/umn/source/_static/images/en-us_image_0000001865663473.png,substitution_image,41,icon,False,False,False,,2,2,2,3,3,0.77,partial,,,,200,stop,1,"Image is a hamburger menu icon (three horizontal lines) | Referenced in RST step 3 as the icon to click to open the service list | The icon is consistent with a navigation/menu toggle in a cloud console UI | It is a supporting UI element in the procedure, not the main topic of alarm rule creation","The icon is very small and low-resolution, making fine details hard to discern"
umn/source/permissions_management/creating_a_user_and_granting_vpc_permissions.rst,Creating a User and Granting VPC Permissions,/home/ubuntu/repotesting/virtual-private-cloud/umn/source/_static/images/en-us_image_0000001818823522.png,figure,30,other,False,False,True,Forbidden color #3298ff was detected in the image.,0,0,0,0,0,0.00,fail,,Images with the forbidden color were not sent to the AI API.,,,local_hard_fail,0,Local color check detected #3298ff.,
umn/source/route_tables/configuring_an_snat_server.rst,Configuring an SNAT Server,/home/ubuntu/repotesting/virtual-private-cloud/umn/source/_static/images/en-us_image_0000001818982734.png,substitution_image,136,icon,False,False,False,,2,2,2,2,3,0.72,partial,,,,200,stop,1,"Small location pin icon used as a region selector in the management console | Referenced as |image1| in step 2: 'Click |image1| in the upper left corner and select the desired region and project' | Standard UI navigation icon, not specific to SNAT configuration | The icon is a generic region/project selector, not directly related to SNAT topic",The icon is generic and does not show any SNAT-specific content | Cannot verify the exact console context from the icon alone
umn/source/route_tables/configuring_an_snat_server.rst,Configuring an SNAT Server,/home/ubuntu/repotesting/virtual-private-cloud/umn/source/_static/images/en-us_image_0000001865582817.png,substitution_image,137,icon,False,False,False,,2,2,2,2,3,0.72,partial,,,,200,stop,1,"Hamburger menu icon (three horizontal lines) used for navigation | Referenced as |image2| in step 3: 'In the upper left corner of the page, click |image2|. In the service list, choose Computing > Elastic Cloud Server' | Standard UI navigation icon for accessing service lists | The icon is generic and not specific to SNAT configuration",The icon is generic and does not show any SNAT-specific content | Cannot verify the exact console context from the icon alone
umn/source/route_tables/managing_route_tables/associating_a_route_table_with_a_subnet.rst,Associating a Route Table with a Subnet,/home/ubuntu/repotesting/virtual-private-cloud/umn/source/_static/images/en-us_image_0000001818982734.png,substitution_image,50,icon,False,False,False,,2,2,2,2,3,0.72,partial,,,,200,stop,1,"The image is a location pin / map marker icon, consistent with a region selector in a management console. | The RST references this as |image1| in step 2: 'Click |image1| in the upper left corner and select the desired region and project.' | The icon is small and symbolic, fitting the 'icon' classification. | It is a supporting UI element for the procedure rather than the main topic content.","The icon is very small and low-resolution, making it difficult to confirm exact visual details beyond the pin shape."
umn/source/route_tables/managing_route_tables/associating_a_route_table_with_a_subnet.rst,Associating a Route Table with a Subnet,/home/ubuntu/repotesting/virtual-private-cloud/umn/source/_static/images/en-us_image_0000001818983026.png,substitution_image,51,icon,False,False,False,,2,2,2,2,3,0.72,partial,,,,200,stop,1,"The image shows three horizontal lines (hamburger menu icon), a common navigation menu symbol. | The RST references this as |image2| in step 3: 'Click |image2| in the upper left corner and choose Network > Virtual Private Cloud.' | The icon is small and symbolic, fitting the 'icon' classification. | It is a supporting UI element for navigating to the VPC section of the procedure.",The icon is very small and low-resolution; the three lines are visible but fine details are unclear.
umn/source/route_tables/managing_route_tables/changing_the_route_table_associated_with_a_subnet.rst,Changing the Route Table Associated with a Subnet,/home/ubuntu/repotesting/virtual-private-cloud/umn/source/_static/images/en-us_image_0000001818982734.png,substitution_image,34,icon,False,False,False,,2,2,2,3,3,0.77,partial,,,,200,stop,1,"The image is a location pin icon, consistent with step 2's instruction to select region and project. | It is a small symbolic graphic (icon) used as a UI element in the management console. | The icon is relevant to the procedure as a prerequisite navigation step for accessing VPC route tables.",The icon does not show any text or label confirming it is specifically the region/project selector. | No surrounding UI context is visible to confirm its placement in the upper left corner.
umn/source/route_tables/managing_route_tables/exporting_route_tables.rst,Exporting Route Tables,/home/ubuntu/repotesting/virtual-private-cloud/umn/source/_static/images/en-us_image_0000001818982734.png,substitution_image,33,icon,False,False,False,,2,2,2,2,3,0.72,partial,,,,200,stop,1,"The image is a location pin icon, consistent with step 2 which instructs the user to click it to select region and project. | It is a small symbolic graphic (icon), not a full screenshot of the interface. | The icon is semantically appropriate for a region/location selector in a cloud management console. | The RST explicitly references this image as the element to click for region/project selection.","The image does not show the surrounding UI context (upper-left corner placement, dropdown menu). | No text labels are visible on the icon itself."
umn/source/route_tables/managing_route_tables/exporting_route_tables.rst,Exporting Route Tables,/home/ubuntu/repotesting/virtual-private-cloud/umn/source/_static/images/en-us_image_0000001865582809.png,substitution_image,34,icon,False,False,False,,2,2,2,2,3,0.72,partial,,,,200,stop,1,"The image is a hamburger menu icon (three horizontal lines), consistent with step 3 which instructs the user to click it to open a navigation menu for Network > Virtual Private Cloud. | It is a small symbolic graphic (icon), not a full screenshot of the interface. | The hamburger menu is a standard UI symbol for opening a navigation/sidebar menu. | The RST explicitly references this image as the element to click to access the Network > VPC navigation path.","The image does not show the surrounding UI context (upper-left corner placement, the menu that appears after clicking). | No text labels are visible on the icon itself."
umn/source/route_tables/managing_route_tables/viewing_the_route_table_associated_with_a_subnet.rst,Viewing the Route Table Associated with a Subnet,/home/ubuntu/repotesting/virtual-private-cloud/umn/source/_static/images/en-us_image_0000001818982734.png,substitution_image,50,icon,False,False,False,,2,2,2,2,3,0.72,partial,,,,200,stop,1,"A small location-pin (map marker) icon, used in step 2 to select the desired region and project. | Symbolic graphic consistent with a region selector control in the upper left corner.","No surrounding UI context is shown; it is an isolated icon, so its exact label is not visible."
umn/source/route_tables/managing_route_tables/viewing_the_route_table_associated_with_a_subnet.rst,Viewing the Route Table Associated with a Subnet,/home/ubuntu/repotesting/virtual-private-cloud/umn/source/_static/images/en-us_image_0000001865582701.png,substitution_image,51,icon,False,False,False,,2,2,2,2,3,0.72,partial,,,,200,stop,1,"A hamburger menu icon (three horizontal lines), used in step 3 to open the navigation menu for choosing Network > Virtual Private Cloud. | Symbolic UI icon consistent with a top-left navigation toggle.","No surrounding UI context is shown; it is an isolated icon, so the menu it opens is not visible."
umn/source/route_tables/managing_routes/deleting_a_route.rst,Deleting a Route,/home/ubuntu/repotesting/virtual-private-cloud/umn/source/_static/images/en-us_image_0000001818982734.png,substitution_image,48,icon,False,False,False,,2,2,2,3,3,0.77,partial,,,,200,stop,1,"The image is a location pin/marker icon, which is a standard UI symbol for region selection. | The RST step 2 says 'Click |image1| in the upper left corner and select the desired region and project,' which aligns with a location/region icon. | The icon is small and isolated, consistent with an icon classification. | No contradictions between the image content and the RST description.",The image does not show the full UI context (upper left corner placement) since it is an isolated icon. | No visible text or labels in the image to confirm it is specifically a region selector.
umn/source/route_tables/managing_routes/deleting_a_route.rst,Deleting a Route,/home/ubuntu/repotesting/virtual-private-cloud/umn/source/_static/images/en-us_image_0000001818823286.png,substitution_image,49,icon,False,False,False,,2,2,2,3,3,0.77,partial,,,,200,stop,1,"The image is a hamburger menu icon (three horizontal lines), a standard UI symbol for opening a navigation menu. | The RST step 3 says 'Click |image2| in the upper left corner and choose Network > Virtual Private Cloud,' which aligns with a menu icon that opens a service navigation panel. | The icon is small and isolated, consistent with an icon classification. | No contradictions between the image content and the RST description.",The image does not show the full UI context (upper left corner placement) since it is an isolated icon. | No visible text or labels in the image to confirm it is specifically a service navigation menu.
umn/source/route_tables/managing_routes/exporting_routes.rst,Exporting Routes,/home/ubuntu/repotesting/virtual-private-cloud/umn/source/_static/images/en-us_image_0141273034.png,substitution_image,47,icon,False,False,False,,2,2,2,3,3,0.77,partial,,,,200,stop,1,"Small location-pin / map-marker icon used as |image1| in step 2 to select region and project. | It is an isolated symbolic UI icon, not a full interface screenshot. | Relevant to the Procedure but not directly to the exporting-routes action itself.",No surrounding UI context is visible to confirm the exact placement in the upper left corner.
umn/source/route_tables/managing_routes/exporting_routes.rst,Exporting Routes,/home/ubuntu/repotesting/virtual-private-cloud/umn/source/_static/images/en-us_image_0000002064000897.png,substitution_image,48,icon,False,False,False,,2,2,2,3,3,0.77,partial,,,,200,stop,1,"Hamburger menu icon (three horizontal lines) used as |image2| in step 3 to expand the service list. | It is an isolated symbolic UI icon, not a full interface screenshot. | Relevant to the Procedure navigation but not directly to the exporting-routes action.",No surrounding UI context is visible to confirm the service list expansion behavior.
umn/source/route_tables/managing_routes/modifying_a_route.rst,Modifying a Route,/home/ubuntu/repotesting/virtual-private-cloud/umn/source/_static/images/en-us_image_0000001818982734.png,substitution_image,74,icon,False,False,False,,2,2,2,3,3,0.77,partial,,,,200,stop,1,"Image is a location pin / map marker icon. | RST step 2 references |image1| for selecting the desired region and project, which matches a location/region selector icon. | Icon is consistent with a navigation control in the upper left corner of a management console. | No interactive button states or colors are present; it is a static symbolic graphic.",No surrounding UI context is visible to confirm it is the region selector specifically. | No label or text accompanies the icon in the image.
umn/source/route_tables/managing_routes/modifying_a_route.rst,Modifying a Route,/home/ubuntu/repotesting/virtual-private-cloud/umn/source/_static/images/en-us_image_0000001818823338.png,substitution_image,75,icon,False,False,False,,2,2,2,3,3,0.77,partial,,,,200,stop,1,"Image is a hamburger / three-line menu icon. | RST step 3 references |image2| for opening the menu to choose Network > Virtual Private Cloud, which matches a navigation menu icon. | Icon is consistent with a top-left navigation control in a management console. | No interactive button states or colors are present; it is a static symbolic graphic.",No surrounding UI context is visible to confirm it is the main navigation menu specifically. | No label or text accompanies the icon in the image.
umn/source/route_tables/route_tables_and_routes.rst,Route Tables and Routes,/home/ubuntu/repotesting/virtual-private-cloud/umn/source/_static/images/en-us_image_0000001865662949.png,figure,14,other,False,False,True,Forbidden color #3298ff was detected in the image.,0,0,0,0,0,0.00,fail,,Images with the forbidden color were not sent to the AI API.,,,local_hard_fail,0,Local color check detected #3298ff.,
umn/source/route_tables/route_tables_and_routes.rst,Route Tables and Routes,/home/ubuntu/repotesting/virtual-private-cloud/umn/source/_static/images/en-us_image_0000001818823214.png,figure,117,other,False,False,True,Forbidden color #3298ff was detected in the image.,0,0,0,0,0,0.00,fail,,Images with the forbidden color were not sent to the AI API.,,,local_hard_fail,0,Local color check detected #3298ff.,
umn/source/service_overview/basic_concepts/elastic_ip.rst,Elastic IP,/home/ubuntu/repotesting/virtual-private-cloud/umn/source/_static/images/en-us_image_0000001818823042.png,figure,13,other,False,False,True,Forbidden color #3298ff was detected in the image.,0,0,0,0,0,0.00,fail,,Images with the forbidden color were not sent to the AI API.,,,local_hard_fail,0,Local color check detected #3298ff.,
umn/source/service_overview/basic_concepts/firewall.rst,Firewall,/home/ubuntu/repotesting/virtual-private-cloud/umn/source/_static/images/en-us_image_0000001818982946.png,figure,11,other,False,False,True,Forbidden color #3298ff was detected in the image.,0,0,0,0,0,0.00,fail,,Images with the forbidden color were not sent to the AI API.,,,local_hard_fail,0,Local color check detected #3298ff.,
umn/source/service_overview/basic_concepts/route_table.rst,Route Table,/home/ubuntu/repotesting/virtual-private-cloud/umn/source/_static/images/en-us_image_0000001865662949.png,figure,14,other,False,False,True,Forbidden color #3298ff was detected in the image.,0,0,0,0,0,0.00,fail,,Images with the forbidden color were not sent to the AI API.,,,local_hard_fail,0,Local color check detected #3298ff.,
umn/source/service_overview/basic_concepts/virtual_ip_address.rst,Virtual IP Address,/home/ubuntu/repotesting/virtual-private-cloud/umn/source/_static/images/en-us_image_0209608153.png,figure,22,other,False,False,True,Forbidden color #3298ff was detected in the image.,0,0,0,0,0,0.00,fail,,Images with the forbidden color were not sent to the AI API.,,,local_hard_fail,0,Local color check detected #3298ff.,
umn/source/service_overview/basic_concepts/virtual_ip_address.rst,Virtual IP Address,/home/ubuntu/repotesting/virtual-private-cloud/umn/source/_static/images/en-us_image_0209608154.png,figure,35,other,False,False,True,Forbidden color #3298ff was detected in the image.,0,0,0,0,0,0.00,fail,,Images with the forbidden color were not sent to the AI API.,,,local_hard_fail,0,Local color check detected #3298ff.,
umn/source/service_overview/basic_concepts/vpc_peering_connection.rst,VPC Peering Connection,/home/ubuntu/repotesting/virtual-private-cloud/umn/source/_static/images/en-us_image_0000001818983018.png,figure,21,other,False,False,True,Forbidden color #3298ff was detected in the image.,0,0,0,0,0,0.00,fail,,Images with the forbidden color were not sent to the AI API.,,,local_hard_fail,0,Local color check detected #3298ff.,
umn/source/service_overview/product_advantages.rst,Product Advantages,/home/ubuntu/repotesting/virtual-private-cloud/umn/source/_static/images/en-us_image_0000001818983218.png,figure,19,other,False,False,True,Forbidden color #3298ff was detected in the image.,0,0,0,0,0,0.00,fail,,Images with the forbidden color were not sent to the AI API.,,,local_hard_fail,0,Local color check detected #3298ff.,
umn/source/service_overview/region_and_az.rst,Region and AZ,/home/ubuntu/repotesting/virtual-private-cloud/umn/source/_static/images/en-us_image_0184026531.png,figure,20,other,False,False,True,Forbidden color #3298ff was detected in the image.,0,0,0,0,0,0.00,fail,,Images with the forbidden color were not sent to the AI API.,,,local_hard_fail,0,Local color check detected #3298ff.,
umn/source/service_overview/what_is_virtual_private_cloud.rst,What Is Virtual Private Cloud?,/home/ubuntu/repotesting/virtual-private-cloud/umn/source/_static/images/en-us_image_0000001865663209.png,figure,16,other,False,False,True,Forbidden color #3298ff was detected in the image.,0,0,0,0,0,0.00,fail,,Images with the forbidden color were not sent to the AI API.,,,local_hard_fail,0,Local color check detected #3298ff.,
umn/source/shared_bandwidth/deleting_a_shared_bandwidth.rst,Deleting a Shared Bandwidth,/home/ubuntu/repotesting/virtual-private-cloud/umn/source/_static/images/en-us_image_0000001818982734.png,substitution_image,31,icon,False,False,False,,2,2,2,3,3,0.77,partial,,,,200,stop,1,"The image is a location pin icon, consistent with a region/project selector in a cloud management console. | The RST text in step 2 says 'Click |image1| in the upper left corner and select the desired region and project,' which matches a location/region icon. | The icon is a standard navigation element used in the Procedure section of the document. | The image clearly shows a map-pin shape, providing clear visual evidence of a region selector.","The icon is very small and low-resolution, making it hard to confirm exact styling or branding. | No surrounding UI context is visible to confirm it is specifically in the upper-left corner of a console."
umn/source/shared_bandwidth/deleting_a_shared_bandwidth.rst,Deleting a Shared Bandwidth,/home/ubuntu/repotesting/virtual-private-cloud/umn/source/_static/images/en-us_image_0000001818982822.png,substitution_image,32,icon,False,False,False,,2,2,2,3,3,0.77,partial,,,,200,stop,1,"The image is a hamburger menu icon (three horizontal lines), consistent with a navigation menu toggle in a cloud management console. | The RST text in step 3 says 'Click |image2| in the upper left corner, and choose Network > Elastic IP,' which matches a navigation menu icon. | The icon is a standard navigation element used in the Procedure section of the document. | The image clearly shows three horizontal bars, providing clear visual evidence of a hamburger/menu icon.","The icon is very small and low-resolution, making it hard to confirm exact styling or branding. | No surrounding UI context is visible to confirm it is specifically in the upper-left corner of a console."
umn/source/virtual_ip_address/assigning_a_virtual_ip_address.rst,Assigning a Virtual IP Address,/home/ubuntu/repotesting/virtual-private-cloud/umn/source/_static/images/en-us_image_0000001818982734.png,substitution_image,52,icon,False,False,False,,2,2,3,2,3,0.78,partial,,,,200,stop,1,Location pin icon matches the region selector described in step 2 ('select the desired region and project') | Referenced as |image1| in the RST for the upper-left corner region selector | Icon is small and slightly blurry but recognizable as a map/location pin symbol,Icon is low resolution making fine details hard to discern | No surrounding UI context visible to confirm exact placement in the console
umn/source/virtual_ip_address/assigning_a_virtual_ip_address.rst,Assigning a Virtual IP Address,/home/ubuntu/repotesting/virtual-private-cloud/umn/source/_static/images/en-us_image_0000001865663157.png,substitution_image,53,icon,False,False,False,,2,2,3,2,3,0.78,partial,,,,200,stop,1,Hamburger menu icon (three horizontal lines) matches the navigation menu described in step 3 | Referenced as |image2| in the RST for accessing Network > Virtual Private Cloud | Icon is small and slightly blurry but recognizable as a standard menu/navigation symbol,Icon is low resolution making fine details hard to discern | No surrounding UI context visible to confirm exact placement in the console
umn/source/virtual_ip_address/binding_a_virtual_ip_address_to_an_eip.rst,Binding a Virtual IP Address to an EIP,/home/ubuntu/repotesting/virtual-private-cloud/umn/source/_static/images/en-us_image_0000001818982734.png,substitution_image,35,icon,False,False,False,,2,2,2,2,3,0.72,partial,,,,200,stop,1,"The image is a location pin icon, consistent with the RST instruction to click it in the upper left corner to select region and project. | It is a small symbolic graphic (icon), not a full UI screenshot. | The icon is relevant to the Procedure section as a navigation element for region selection. | The visual clearly shows a map/location pin marker, matching the expected region selector icon.",The image does not show the full management console context or the region/project selection dropdown. | No text labels are visible to confirm it is specifically a region selector.
umn/source/virtual_ip_address/binding_a_virtual_ip_address_to_an_eip.rst,Binding a Virtual IP Address to an EIP,/home/ubuntu/repotesting/virtual-private-cloud/umn/source/_static/images/en-us_image_0000001865582665.png,substitution_image,36,icon,False,False,False,,2,2,2,2,3,0.72,partial,,,,200,stop,1,"The image is a hamburger menu icon (three horizontal lines), consistent with the RST instruction to click it to navigate to Network > Elastic IP. | It is a small symbolic graphic (icon), not a full UI screenshot. | The icon is relevant to the Procedure section as a navigation menu trigger. | The visual clearly shows three horizontal bars, the standard hamburger menu symbol.",The image does not show the expanded menu or the Network > Elastic IP path. | No text labels are visible to confirm it is specifically the main navigation menu.
umn/source/virtual_ip_address/releasing_a_virtual_ip_address.rst,Releasing a Virtual IP Address,/home/ubuntu/repotesting/virtual-private-cloud/umn/source/_static/images/en-us_image_0000001818982734.png,substitution_image,58,icon,False,False,False,,2,2,2,3,3,0.77,partial,,,,200,stop,1,"The image is a location pin icon, consistent with the RST instruction to 'select the desired region and project' in step 2. | It is a standard cloud console navigation icon for region selection, relevant to the procedure but not directly about releasing a VIP. | The icon is clearly visible and matches the described purpose of region/project selection.","The image is very small and low-resolution, making fine details hard to discern. | No surrounding UI context is visible to confirm it is in the upper left corner of a console."
umn/source/virtual_ip_address/releasing_a_virtual_ip_address.rst,Releasing a Virtual IP Address,/home/ubuntu/repotesting/virtual-private-cloud/umn/source/_static/images/en-us_image_0000001818983414.png,substitution_image,59,icon,False,False,False,,2,2,2,3,3,0.77,partial,,,,200,stop,1,"The image is a hamburger menu icon (three horizontal lines), consistent with the RST instruction to open a navigation menu and choose 'Network > Virtual Private Cloud' in step 3. | It is a standard cloud console navigation icon for accessing the service menu, relevant to the procedure but not directly about releasing a VIP. | The icon is clearly visible and matches the described purpose of opening a navigation menu.","The image is very small and low-resolution, making fine details hard to discern. | No surrounding UI context is visible to confirm it is in the upper left corner of a console."
umn/source/virtual_ip_address/unbinding_a_virtual_ip_address_from_an_eip.rst,Unbinding a Virtual IP Address from an EIP,/home/ubuntu/repotesting/virtual-private-cloud/umn/source/_static/images/en-us_image_0000001818982734.png,substitution_image,42,icon,False,False,False,,2,2,2,3,3,0.77,partial,,,,200,stop,1,"The image is a location pin icon, a standard symbol for region/area selection in cloud management consoles. | The RST step 2 instructs to 'Click |image1| in the upper left corner and select the desired region and project,' which aligns with a region selector icon. | The icon is part of the navigation procedure but does not directly illustrate the core topic of unbinding a virtual IP from an EIP. | No contradictions between the image and the RST text.",The image is a generic location pin; it does not show the actual console UI or region/project selection interface. | No surrounding UI context is visible to confirm it is specifically a region selector in this product's console.
umn/source/virtual_ip_address/unbinding_a_virtual_ip_address_from_an_eip.rst,Unbinding a Virtual IP Address from an EIP,/home/ubuntu/repotesting/virtual-private-cloud/umn/source/_static/images/en-us_image_0000001818823302.png,substitution_image,43,icon,False,False,False,,2,2,2,3,3,0.77,partial,,,,200,stop,1,"The image is a hamburger menu icon (three horizontal lines), a standard navigation menu symbol. | The RST step 3 instructs to 'Click |image2| in the upper left corner and choose Network > Virtual Private Cloud,' which aligns with a navigation menu icon. | The icon is part of the navigation procedure but does not directly illustrate the core topic of unbinding a virtual IP from an EIP. | No contradictions between the image and the RST text.","The image is a generic hamburger menu; it does not show the actual menu items (Network, Virtual Private Cloud) or the console UI. | No surrounding UI context is visible to confirm it is specifically the navigation menu in this product's console."
umn/source/virtual_ip_address/unbinding_a_virtual_ip_address_from_an_instance.rst,Unbinding a Virtual IP Address from an Instance,/home/ubuntu/repotesting/virtual-private-cloud/umn/source/_static/images/en-us_image_0000001818982734.png,substitution_image,56,icon,False,False,False,,2,2,2,2,3,0.72,partial,,,,200,stop,1,Small location pin / map marker icon | Referenced in RST step 2 as the icon to click for selecting region and project | A location pin is a standard icon for region/area selection in cloud consoles | Icon is generic and does not show VPC-specific content,No text or labels visible on the icon to confirm it is specifically the region selector | Icon is very small and low-resolution
umn/source/virtual_ip_address/unbinding_a_virtual_ip_address_from_an_instance.rst,Unbinding a Virtual IP Address from an Instance,/home/ubuntu/repotesting/virtual-private-cloud/umn/source/_static/images/en-us_image_0000002456862761.png,substitution_image,57,icon,False,False,False,,2,2,2,2,3,0.72,partial,,,,200,stop,1,Small hamburger menu icon (three horizontal lines) | Referenced in RST step 3 as the icon to click to navigate to Network > Virtual Private Cloud | A hamburger menu is a standard navigation icon in cloud management consoles | Icon is generic and does not show VPC-specific content,No text or labels visible on the icon to confirm it is specifically the navigation menu | Icon is very small and low-resolution
umn/source/virtual_ip_address/virtual_ip_address_overview.rst,Virtual IP Address Overview,/home/ubuntu/repotesting/virtual-private-cloud/umn/source/_static/images/en-us_image_0000001865663033.png,figure,27,other,False,False,True,Forbidden color #3298ff was detected in the image.,0,0,0,0,0,0.00,fail,,Images with the forbidden color were not sent to the AI API.,,,local_hard_fail,0,Local color check detected #3298ff.,
umn/source/virtual_ip_address/virtual_ip_address_overview.rst,Virtual IP Address Overview,/home/ubuntu/repotesting/virtual-private-cloud/umn/source/_static/images/en-us_image_0000001865663537.png,figure,40,other,False,False,True,Forbidden color #3298ff was detected in the image.,0,0,0,0,0,0.00,fail,,Images with the forbidden color were not sent to the AI API.,,,local_hard_fail,0,Local color check detected #3298ff.,
umn/source/vpc_and_subnet/subnet/deleting_a_subnet.rst,Deleting a Subnet,/home/ubuntu/repotesting/virtual-private-cloud/umn/source/_static/images/en-us_image_0000001818982734.png,substitution_image,45,icon,False,False,False,,2,2,2,3,3,0.77,partial,,,,200,stop,1,"The image is a location pin icon, consistent with the RST instruction to 'select the desired region and project' in step 2. | It is a generic UI navigation icon used in the procedure, not specific to subnet deletion. | The icon clearly depicts a map/location pin symbol. | No contradictions between the image and the RST text.","The image is very small and low-resolution, making it difficult to confirm exact styling or context within a full UI."
umn/source/vpc_and_subnet/subnet/deleting_a_subnet.rst,Deleting a Subnet,/home/ubuntu/repotesting/virtual-private-cloud/umn/source/_static/images/en-us_image_0000001865663521.png,substitution_image,46,icon,False,False,False,,2,2,2,3,3,0.77,partial,,,,200,stop,1,"The image is a hamburger menu icon (three horizontal lines), consistent with the RST instruction to 'choose Network > Virtual Private Cloud' in step 3. | It is a generic navigation menu icon used in the procedure, not specific to subnet deletion. | The icon clearly depicts three horizontal lines representing a menu toggle. | No contradictions between the image and the RST text.","The image is very small and low-resolution, making it difficult to confirm exact styling or context within a full UI."
umn/source/vpc_and_subnet/subnet/exporting_ip_addresses_in_a_subnet.rst,Exporting IP Addresses in a Subnet,/home/ubuntu/repotesting/virtual-private-cloud/umn/source/_static/images/en-us_image_0000002027767176.png,substitution_image,57,icon,False,False,False,,2,2,2,3,3,0.77,partial,,,,200,stop,1,"The image is a small location-pin icon, referenced as |image1| in step 2 of the RST procedure. | The RST instructs to 'Click |image1| in the upper left corner and select the desired region and project', which is consistent with a region/project selector icon. | The icon is a generic navigation element and not specific to the IP address export topic. | No contradiction between the icon and its usage in the RST.","The icon is very small and low-resolution, making it difficult to confirm exact visual details beyond the location-pin shape."
umn/source/vpc_and_subnet/subnet/exporting_ip_addresses_in_a_subnet.rst,Exporting IP Addresses in a Subnet,/home/ubuntu/repotesting/virtual-private-cloud/umn/source/_static/images/en-us_image_0000002027925628.png,substitution_image,58,icon,False,False,False,,2,2,2,3,3,0.77,partial,,,,200,stop,1,"The image is a small hamburger-menu (three horizontal lines) icon, referenced as |image2| in step 3 of the RST procedure. | The RST instructs to 'Click |image2| in the upper left corner and choose Network > Virtual Private Cloud', which is consistent with a navigation menu icon. | The icon is a generic navigation element and not specific to the IP address export topic. | No contradiction between the icon and its usage in the RST.","The icon is very small and low-resolution, making it difficult to confirm exact visual details beyond the three-line shape."
umn/source/vpc_and_subnet/subnet/exporting_subnets.rst,Exporting Subnets,/home/ubuntu/repotesting/virtual-private-cloud/umn/source/_static/images/en-us_image_0000001818982734.png,substitution_image,37,icon,False,False,False,,2,2,2,3,3,0.77,partial,,,,200,stop,1,"The image is a location pin icon, consistent with the RST instruction to 'select the desired region and project' in step 2. | It is a small symbolic UI icon, not a full screenshot, used as an inline reference in the procedure. | The icon is relevant to the navigation steps but not directly about subnets or exporting. | No contradiction between the icon and its described purpose in the RST.","The image does not show the full UI context (e.g., the management console header) where this icon would appear. | No label or text is visible in the image to confirm it is specifically a region selector."
umn/source/vpc_and_subnet/subnet/exporting_subnets.rst,Exporting Subnets,/home/ubuntu/repotesting/virtual-private-cloud/umn/source/_static/images/en-us_image_0000001865583297.png,substitution_image,38,icon,False,False,False,,2,2,2,3,3,0.77,partial,,,,200,stop,1,"The image is a hamburger menu icon (three horizontal lines), consistent with the RST instruction to click it and choose 'Network > Virtual Private Cloud' in step 3. | It is a small symbolic UI icon used as an inline navigation reference in the procedure. | The icon is relevant to the navigation steps but not directly about subnets or exporting. | No contradiction between the icon and its described purpose in the RST.","The image does not show the full UI context (e.g., the management console header) where this menu icon would appear. | No label or text is visible in the image to confirm it is specifically the main navigation menu."
umn/source/vpc_and_subnet/subnet/managing_subnet_tags.rst,Managing Subnet Tags,/home/ubuntu/repotesting/virtual-private-cloud/umn/source/_static/images/en-us_image_0000001818982734.png,substitution_image,104,icon,False,False,False,,2,2,2,3,3,0.77,partial,,,,200,stop,1,"The image is a location pin icon used for selecting region and project in the management console. | It matches the RST instruction: 'Click |image1| in the upper left corner and select the desired region and project.' | The icon is a standard UI symbol for region/location selection, appropriate for the navigation step described.",The icon is generic and does not show any VPC or subnet-specific context. | No text or labels are visible in the icon to confirm its exact function beyond region selection.
umn/source/vpc_and_subnet/subnet/managing_subnet_tags.rst,Managing Subnet Tags,/home/ubuntu/repotesting/virtual-private-cloud/umn/source/_static/images/en-us_image_0000001818983406.png,substitution_image,103,icon,False,False,False,,2,2,2,3,3,0.77,partial,,,,200,stop,1,"The image is a hamburger menu icon (three horizontal lines) used to open the navigation menu. | It matches the RST instruction: 'Click |image2| in the upper left corner and choose Network > Virtual Private Cloud.' | The icon is a standard UI symbol for opening a navigation menu, appropriate for the step described.",The icon is generic and does not show any VPC or subnet-specific context. | No text or labels are visible in the icon to confirm its exact function beyond menu navigation.
umn/source/vpc_and_subnet/subnet/managing_subnet_tags.rst,Managing Subnet Tags,/home/ubuntu/repotesting/virtual-private-cloud/umn/source/_static/images/en-us_image_0000001865583165.png,substitution_image,105,icon,False,False,False,,2,2,2,3,3,0.77,partial,,,,200,stop,1,"The image is a hamburger menu icon (three horizontal lines) used to open the navigation menu. | It matches the RST instruction: 'Click |image4| in the upper left corner and choose Network > Virtual Private Cloud.' | The icon is a standard UI symbol for opening a navigation menu, appropriate for the step described.",The icon is generic and does not show any VPC or subnet-specific context. | No text or labels are visible in the icon to confirm its exact function beyond menu navigation.
umn/source/vpc_and_subnet/subnet/modifying_a_subnet.rst,Modifying a Subnet,/home/ubuntu/repotesting/virtual-private-cloud/umn/source/_static/images/en-us_image_0000001818982734.png,substitution_image,58,icon,False,False,False,,2,2,2,3,3,0.77,partial,,,,200,stop,1,"The image is a location pin icon, consistent with step 2 which instructs to click it to select region and project. | It is a small symbolic graphic (icon) used as a UI element in the management console. | The icon is semantically appropriate for a region/project selector in a cloud management interface.","The icon is very small and low-resolution, making fine details hard to discern. | No surrounding UI context is visible to confirm it is in the upper left corner of a console."
umn/source/vpc_and_subnet/subnet/modifying_a_subnet.rst,Modifying a Subnet,/home/ubuntu/repotesting/virtual-private-cloud/umn/source/_static/images/en-us_image_0000001818823766.png,substitution_image,59,icon,False,False,False,,2,2,2,3,3,0.77,partial,,,,200,stop,1,"The image is a hamburger menu icon (three horizontal lines), consistent with step 3 which instructs to click it to navigate to Network > Virtual Private Cloud. | It is a small symbolic graphic (icon) used as a navigation menu trigger. | The icon is semantically appropriate for opening a navigation menu in a management console.",The icon is very small and low-resolution. | No surrounding UI context is visible to confirm it is in the upper left corner of a console.
umn/source/vpc_and_subnet/subnet/viewing_ip_addresses_in_a_subnet.rst,Viewing IP Addresses in a Subnet,/home/ubuntu/repotesting/virtual-private-cloud/umn/source/_static/images/en-us_image_0000001818982734.png,substitution_image,54,icon,False,False,False,,2,2,2,2,3,0.72,partial,,,,200,stop,1,"The image is a location pin icon, consistent with the RST instruction to 'select the desired region and project' in step 2. | It is a small symbolic graphic (icon) used as a UI element for region selection, not a screenshot or page view. | The icon is relevant to the Procedure section as a navigation aid to reach the subnet details page. | The image is small and slightly blurry but clearly identifiable as a location/region pin symbol.","The image does not show the full UI context (e.g., the upper-left corner of the console) to confirm exact placement. | No text label is visible on the icon to confirm it specifically represents 'region and project' selection."
umn/source/vpc_and_subnet/subnet/viewing_ip_addresses_in_a_subnet.rst,Viewing IP Addresses in a Subnet,/home/ubuntu/repotesting/virtual-private-cloud/umn/source/_static/images/en-us_image_0000001818983610.png,substitution_image,55,icon,False,False,False,,2,2,2,2,3,0.72,partial,,,,200,stop,1,"The image is a hamburger menu icon (three horizontal lines), consistent with the RST instruction to click and choose 'Network > Virtual Private Cloud' in step 3. | It is a small symbolic graphic (icon) representing a navigation menu, not a screenshot or page view. | The icon is relevant to the Procedure section as a navigation aid to reach the VPC page. | The image is small and slightly blurry but clearly identifiable as a three-line menu symbol.","The image does not show the full UI context (e.g., the upper-left corner of the console) to confirm exact placement. | No text label is visible on the icon to confirm it specifically opens the 'Network > Virtual Private Cloud' menu."
umn/source/vpc_and_subnet/vpc/adding_a_secondary_ipv4_cidr_block_to_a_vpc.rst,Adding a Secondary IPv4 CIDR Block to a VPC,/home/ubuntu/repotesting/virtual-private-cloud/umn/source/_static/images/en-us_image_0000001818983054.png,substitution_image,71,icon,False,False,False,,2,2,2,3,3,0.77,partial,,,,200,stop,1,"The image is a location pin icon, consistent with the RST instruction to click it to select region and project in step 2 | It is a generic UI navigation icon, not specific to VPC or CIDR block configuration | The icon is clearly visible and matches the described purpose of region/project selection | No contradictions between the image and the RST text","The image does not show the full UI context (upper left corner placement, surrounding interface elements) | No text labels are visible on the icon to confirm it is specifically the region/project selector"
umn/source/vpc_and_subnet/vpc/adding_a_secondary_ipv4_cidr_block_to_a_vpc.rst,Adding a Secondary IPv4 CIDR Block to a VPC,/home/ubuntu/repotesting/virtual-private-cloud/umn/source/_static/images/en-us_image_0000001865663001.png,substitution_image,72,icon,False,False,False,,2,2,2,3,3,0.77,partial,,,,200,stop,1,"The image is a hamburger menu icon (three horizontal lines), consistent with the RST instruction to click it to open navigation and choose Network > Virtual Private Cloud in step 3 | It is a generic UI navigation icon, not specific to VPC or CIDR block configuration | The icon is clearly visible and matches the described purpose of opening the navigation menu | No contradictions between the image and the RST text","The image does not show the full UI context (upper left corner placement, surrounding interface elements) | No text labels are visible on the icon to confirm it is specifically the navigation menu trigger"
umn/source/vpc_and_subnet/vpc/deleting_a_secondary_ipv4_cidr_block_from_a_vpc.rst,Deleting a Secondary IPv4 CIDR Block from a VPC,/home/ubuntu/repotesting/virtual-private-cloud/umn/source/_static/images/en-us_image_0000001818823194.png,substitution_image,35,icon,False,False,False,,2,2,2,3,3,0.77,partial,,,,200,stop,1,"The image is a location pin icon, consistent with a region/project selector in a cloud management console. | The RST references this icon in step 2 for selecting the desired region and project, which matches the location pin semantics. | The icon is a generic navigation element, not specific to VPC or CIDR block operations. | The visual clearly shows a map pin / location marker symbol.",No surrounding UI context is visible; only the isolated icon is shown. | No text label or tooltip is visible to confirm it is specifically a region selector.
umn/source/vpc_and_subnet/vpc/deleting_a_secondary_ipv4_cidr_block_from_a_vpc.rst,Deleting a Secondary IPv4 CIDR Block from a VPC,/home/ubuntu/repotesting/virtual-private-cloud/umn/source/_static/images/en-us_image_0000001865582729.png,substitution_image,36,icon,False,False,False,,2,2,2,3,3,0.77,partial,,,,200,stop,1,"The image is a hamburger menu icon (three horizontal lines), consistent with a navigation menu in a cloud management console. | The RST references this icon in step 3 for opening the menu to choose Network > Virtual Private Cloud, which matches the hamburger menu semantics. | The icon is a generic navigation element, not specific to VPC or CIDR block operations. | The visual clearly shows three horizontal lines representing a menu toggle.",No surrounding UI context is visible; only the isolated icon is shown. | No text label or tooltip is visible to confirm it is specifically the main navigation menu.
umn/source/vpc_and_subnet/vpc/deleting_a_vpc.rst,Deleting a VPC,/home/ubuntu/repotesting/virtual-private-cloud/umn/source/_static/images/en-us_image_0000001818982734.png,substitution_image,41,icon,False,False,False,,2,2,2,3,3,0.77,partial,,,,200,stop,1,"The image is a location pin/marker icon, consistent with the RST instruction to 'select the desired region and project' in step 2. | It is a small symbolic UI element (icon), not a screenshot of the VPC page. | The icon is relevant to the procedure for navigating the console but is not directly about VPC deletion itself. | No contradiction between the icon and its described purpose in the RST.",The icon does not show any text label or context indicating it is specifically a region selector. | No surrounding UI context is visible to confirm it appears in the upper left corner of a console.
umn/source/vpc_and_subnet/vpc/exporting_vpcs.rst,Exporting VPCs,/home/ubuntu/repotesting/virtual-private-cloud/umn/source/_static/images/en-us_image_0000001818982734.png,substitution_image,33,icon,False,False,False,,2,2,2,2,3,0.72,partial,,,,200,stop,1,"Image is a location pin icon, consistent with the RST instruction to click it to select region and project | The icon matches the typical UI element for region/project selection in a cloud management console | Referenced in step 2 of the Procedure section for navigating to the desired region and project | The icon is small and slightly blurry but clearly identifiable as a location/marker symbol",The icon does not show any text or additional context confirming it is specifically for region/project selection | No surrounding UI context is visible to confirm placement in the upper left corner
umn/source/vpc_and_subnet/vpc/exporting_vpcs.rst,Exporting VPCs,/home/ubuntu/repotesting/virtual-private-cloud/umn/source/_static/images/en-us_image_0000001818823378.png,substitution_image,34,icon,False,False,False,,2,2,2,2,3,0.72,partial,,,,200,stop,1,"Image is a hamburger menu icon (three horizontal lines), consistent with the RST instruction to click it to navigate to Network > Virtual Private Cloud | The icon matches the typical UI element for opening a navigation menu in a cloud management console | Referenced in step 3 of the Procedure section for accessing the Network > VPC menu | The icon is small and slightly blurry but clearly identifiable as a three-line menu symbol","The icon does not show any text or additional context confirming it opens a navigation menu | No surrounding UI context is visible to confirm placement in the upper left corner | No visible menu items (Network, Virtual Private Cloud) are shown in the image"
umn/source/vpc_and_subnet/vpc/managing_vpc_tags.rst,Managing VPC Tags,/home/ubuntu/repotesting/virtual-private-cloud/umn/source/_static/images/en-us_image_0000001818982734.png,substitution_image,98,icon,False,False,False,,2,2,2,3,3,0.77,partial,,"Expected 3 image results, but received 1 unique valid results. Missing results for: /home/ubuntu/repotesting/virtual-private-cloud/umn/source/_static/images/en-us_image_0000001865583185.png, /home/ubuntu/repotesting/virtual-private-cloud/umn/source/_static/images/en-us_image_0000001818983426.png",,200,stop,1,The image is a location pin icon used in the procedure to select region and project. | It is a standard navigation icon in cloud management consoles. | The icon is semantically appropriate for region/project selection as described in the RST.,No direct visual connection to VPC tags themselves. | The icon is generic and not specific to VPC tag management.
umn/source/vpc_and_subnet/vpc/viewing_a_vpc_topology.rst,Viewing a VPC Topology,/home/ubuntu/repotesting/virtual-private-cloud/umn/source/_static/images/en-us_image_0000001865662737.png,substitution_image,37,icon,False,False,False,,2,2,2,3,3,0.77,partial,,,,200,stop,1,"The image is a location pin icon, consistent with the RST instruction to click it to select region and project. | It is a small symbolic graphic (icon) used as a UI element in the management console navigation. | The icon is referenced in step 2 of the Procedure section for region/project selection, which is a prerequisite step for viewing VPC topology. | The visual content (a map/location pin) semantically aligns with selecting a geographic region.","The image does not show the full UI context (e.g., the management console header) where this icon would appear. | No label or text is visible in the image to confirm it specifically represents region/project selection."
umn/source/vpc_and_subnet/vpc/viewing_a_vpc_topology.rst,Viewing a VPC Topology,/home/ubuntu/repotesting/virtual-private-cloud/umn/source/_static/images/en-us_image_0000001818982798.png,substitution_image,38,icon,False,False,False,,2,2,2,3,3,0.77,partial,,,,200,stop,1,"The image is a hamburger menu icon (three horizontal lines), consistent with the RST instruction to click it to open a navigation menu for choosing Network > Virtual Private Cloud. | It is a small symbolic graphic (icon) used as a UI navigation element in the management console. | The icon is referenced in step 3 of the Procedure section for navigating to the VPC page, a prerequisite for viewing the topology. | The visual content (three horizontal lines) is a standard representation of a navigation/menu button.","The image does not show the full UI context (e.g., the management console header) where this icon would appear. | No label or text is visible in the image to confirm it specifically opens the Network/VPC navigation path."
umn/source/vpc_flow_log/deleting_a_vpc_flow_log.rst,Deleting a VPC Flow Log,/home/ubuntu/repotesting/virtual-private-cloud/umn/source/_static/images/en-us_image_0000001818982734.png,substitution_image,40,icon,False,False,False,,2,2,2,2,3,0.72,partial,,,,200,stop,1,"Small location-pin / map-marker icon used as a region selector | Referenced in step 2 as the icon to click for selecting region and project | Generic navigation icon, not specific to VPC flow log deletion | Consistent with typical Huawei Cloud console region selector placement in upper-left corner",No surrounding UI context visible to confirm exact placement in the console header
umn/source/vpc_flow_log/deleting_a_vpc_flow_log.rst,Deleting a VPC Flow Log,/home/ubuntu/repotesting/virtual-private-cloud/umn/source/_static/images/en-us_image_0000001865582989.png,substitution_image,41,icon,False,False,False,,2,2,2,2,3,0.72,partial,,,,200,stop,1,"Hamburger menu icon (three horizontal lines) used to open the main navigation | Referenced in step 3 as the icon to click to choose Network > Virtual Private Cloud | Generic navigation icon, not specific to VPC flow log deletion | Consistent with typical console hamburger menu in the upper-left corner",No surrounding UI context visible to confirm exact placement in the console header
umn/source/vpc_flow_log/enabling_or_disabling_vpc_flow_log.rst,Enabling or Disabling VPC Flow Log,/home/ubuntu/repotesting/virtual-private-cloud/umn/source/_static/images/en-us_image_0000001818982734.png,substitution_image,34,icon,False,False,False,,2,2,2,3,3,0.77,partial,,,,200,stop,1,"The image is a small location pin icon, consistent with a region/project selector referenced in step 2 of the procedure. | The RST states 'Click |image1| in the upper left corner and select the desired region and project,' which aligns with a location/region icon. | The icon is a generic UI navigation element, not directly depicting VPC Flow Log content, but is part of the procedural steps. | No contradictions between the image and the RST description.",The image does not show the actual region/project selection dropdown or any VPC Flow Log interface. | No surrounding UI context is visible to confirm it is in the upper left corner of a management console.
umn/source/vpc_flow_log/enabling_or_disabling_vpc_flow_log.rst,Enabling or Disabling VPC Flow Log,/home/ubuntu/repotesting/virtual-private-cloud/umn/source/_static/images/en-us_image_0000001818983174.png,substitution_image,35,icon,False,False,False,,2,2,2,3,3,0.77,partial,,,,200,stop,1,"The image is a hamburger menu icon (three horizontal lines), consistent with a navigation menu selector referenced in step 3. | The RST states 'Click |image2| in the upper left corner and choose Network > Virtual Private Cloud,' which aligns with a menu icon that opens a navigation panel. | The icon is a generic UI navigation element, not directly depicting VPC Flow Log content, but is part of the procedural steps. | No contradictions between the image and the RST description.",The image does not show the actual navigation menu with Network > Virtual Private Cloud options. | No surrounding UI context is visible to confirm it is in the upper left corner of a management console.
umn/source/vpc_flow_log/viewing_a_vpc_flow_log.rst,Viewing a VPC Flow Log,/home/ubuntu/repotesting/virtual-private-cloud/umn/source/_static/images/en-us_image_0000001818982734.png,substitution_image,123,icon,False,False,False,,2,2,2,3,3,0.77,partial,,,,200,stop,1,"A small location/map-pin pictogram used as the region selector icon. | Matches |image1| in step 2: 'Click |image1| in the upper left corner and select the desired region and project.' | It is an isolated symbolic graphic, not a full UI screenshot.",No surrounding UI context is shown; only the icon itself is visible.
umn/source/vpc_flow_log/viewing_a_vpc_flow_log.rst,Viewing a VPC Flow Log,/home/ubuntu/repotesting/virtual-private-cloud/umn/source/_static/images/en-us_image_0000001865582981.png,substitution_image,124,icon,False,False,False,,2,2,2,3,3,0.77,partial,,,,200,stop,1,"A hamburger menu icon (three horizontal lines) used to open the navigation menu. | Matches |image2| in step 3: 'Click |image2| in the upper left corner and choose Network > Virtual Private Cloud.' | It is an isolated UI symbol, not a full screenshot.",No surrounding UI context is shown; only the menu icon is visible.
umn/source/vpc_flow_log/vpc_flow_log_overview.rst,VPC Flow Log Overview,/home/ubuntu/repotesting/virtual-private-cloud/umn/source/_static/images/en-us_image_0000001865583169.png,figure,17,other,False,False,True,Forbidden color #3298ff was detected in the image.,0,0,0,0,0,0.00,fail,,Images with the forbidden color were not sent to the AI API.,,,local_hard_fail,0,Local color check detected #3298ff.,
umn/source/vpc_peering_connection/creating_a_vpc_peering_connection_to_connect_two_vpcs_in_different_accounts.rst,Creating a VPC Peering Connection to Connect Two VPCs in Different Accounts,/home/ubuntu/repotesting/virtual-private-cloud/umn/source/_static/images/en-us_image_0000001818823598.png,figure,26,other,False,False,True,Forbidden color #3298ff was detected in the image.,0,0,0,0,0,0.00,fail,,Images with the forbidden color were not sent to the AI API.,,200,stop,1,Local color check detected #3298ff.,
umn/source/vpc_peering_connection/creating_a_vpc_peering_connection_to_connect_two_vpcs_in_different_accounts.rst,Creating a VPC Peering Connection to Connect Two VPCs in Different Accounts,/home/ubuntu/repotesting/virtual-private-cloud/umn/source/_static/images/en-us_image_0000002029088858.png,figure,75,screenshot,True,False,False,,3,3,3,3,3,1.00,pass,,Images with the forbidden color were not sent to the AI API.,,200,stop,1,"Image is the 'Create VPC Peering Connection' dialog box referenced as Figure 2 in Step 1. | All parameters from Table 1 are visible: VPC Peering Connection Name, Local VPC, Local VPC CIDR Block, Account (My account / Another account), Peer Project ID, Peer VPC ID, Description. | The 'Another account' option is highlighted, matching the cross-account scenario described in the document. | Cancel and OK buttons are present at the bottom, consistent with the procedure.",
umn/source/vpc_peering_connection/creating_a_vpc_peering_connection_to_connect_two_vpcs_in_different_accounts.rst,Creating a VPC Peering Connection to Connect Two VPCs in Different Accounts,/home/ubuntu/repotesting/virtual-private-cloud/umn/source/_static/images/en-us_image_0000001865583153.png,figure,146,screenshot,True,False,False,,3,3,3,3,3,1.00,pass,,Images with the forbidden color were not sent to the AI API.,,200,stop,1,"Image is the VPC Peering Connections list showing a pending request, referenced as Figure 3 in Step 2. | The 'Accept Request' button is highlighted in the Operation column, matching the instruction to click Accept Request. | The list shows Name/ID, Local VPC, Local VPC CIDR Block, Peer Project ID, Peer VPC, Peer VPC CIDR Block, and Operation columns. | A banner indicates 'You have 1 VPC peering connection requests to accept', consistent with the cross-account acceptance flow.",
umn/source/vpc_peering_connection/creating_a_vpc_peering_connection_to_connect_two_vpcs_in_different_accounts.rst,Creating a VPC Peering Connection to Connect Two VPCs in Different Accounts,/home/ubuntu/repotesting/virtual-private-cloud/umn/source/_static/images/en-us_image_0000002064973289.png,figure,177,screenshot,True,False,False,,3,3,3,3,3,1.00,pass,,Images with the forbidden color were not sent to the AI API.,,200,stop,1,"Image is the 'Add Route' dialog box referenced as Figure 4 in Step 3a (local VPC route). | Fields VPC, Route Table, Destination, Next Hop, and Description are all visible, matching Table 2 parameters. | A 'View Route Table' link is present next to the Route Table field. | Cancel and OK buttons are at the bottom, consistent with the procedure.",
umn/source/vpc_peering_connection/creating_a_vpc_peering_connection_to_connect_two_vpcs_in_different_accounts.rst,Creating a VPC Peering Connection to Connect Two VPCs in Different Accounts,/home/ubuntu/repotesting/virtual-private-cloud/umn/source/_static/images/en-us_image_0000002065222681.png,figure,226,screenshot,True,False,False,,3,3,3,3,3,1.00,pass,,Images with the forbidden color were not sent to the AI API.,,200,stop,1,"Image is the 'Add Route' dialog box referenced as Figure 5 in Step 3b (peer VPC route). | Fields VPC, Route Table, Destination, Next Hop, and Description are visible, matching Table 3 parameters. | The dialog is structurally identical to Figure 4, as expected since both accounts add routes with the same form. | Cancel and OK buttons are present.",
umn/source/vpc_peering_connection/creating_a_vpc_peering_connection_to_connect_two_vpcs_in_different_accounts.rst,Creating a VPC Peering Connection to Connect Two VPCs in Different Accounts,/home/ubuntu/repotesting/virtual-private-cloud/umn/source/_static/images/en-us_image_0000001818982734.png,substitution_image,299,icon,False,False,False,,2,2,2,2,3,0.72,partial,,Images with the forbidden color were not sent to the AI API.,,200,stop,1,"Image is a location-pin / map-marker icon used as |image1| in Step 1 step 2 to select region and project. | The icon is a generic region selector symbol, semantically aligned with 'select the desired region and project'. | It is a small isolated UI symbol, classified as an icon.",The icon is generic and does not show any account- or VPC-specific detail.
umn/source/vpc_peering_connection/creating_a_vpc_peering_connection_to_connect_two_vpcs_in_different_accounts.rst,Creating a VPC Peering Connection to Connect Two VPCs in Different Accounts,/home/ubuntu/repotesting/virtual-private-cloud/umn/source/_static/images/en-us_image_0000001865583133.png,substitution_image,300,icon,False,False,False,,2,2,2,2,3,0.72,partial,,Images with the forbidden color were not sent to the AI API.,,200,stop,1,"Image is a hamburger-menu (three horizontal lines) icon used as |image2| in Step 1 step 3 to open the navigation menu for Network > Virtual Private Cloud. | The icon is a standard navigation symbol, consistent with the instruction to click it and choose a menu path. | It is a small isolated UI symbol, classified as an icon.","The icon does not display the actual menu items (Network, Virtual Private Cloud) it opens."
umn/source/vpc_peering_connection/creating_a_vpc_peering_connection_to_connect_two_vpcs_in_different_accounts.rst,Creating a VPC Peering Connection to Connect Two VPCs in Different Accounts,/home/ubuntu/repotesting/virtual-private-cloud/umn/source/_static/images/en-us_image_0000001818983374.png,substitution_image,301,icon,False,False,False,,2,2,2,2,3,0.72,partial,,Images with the forbidden color were not sent to the AI API.,,200,stop,1,"Image is a hamburger-menu (three horizontal lines) icon used as |image3| in Step 2 step 2 to open the navigation menu for Network > Virtual Private Cloud. | The icon is identical in form to |image2|, serving the same navigation purpose in the peer account's console. | It is a small isolated UI symbol, classified as an icon.",The icon does not display the actual menu items it opens.
umn/source/vpc_peering_connection/creating_a_vpc_peering_connection_to_connect_two_vpcs_in_the_same_account.rst,Creating a VPC Peering Connection to Connect Two VPCs in the Same Account,/home/ubuntu/repotesting/virtual-private-cloud/umn/source/_static/images/en-us_image_0000001865663449.png,figure,24,other,False,False,True,Forbidden color #3298ff was detected in the image.,0,0,0,0,0,0.00,fail,,Images with the forbidden color were not sent to the AI API.,,200,stop,1,Local color check detected #3298ff.,
umn/source/vpc_peering_connection/creating_a_vpc_peering_connection_to_connect_two_vpcs_in_the_same_account.rst,Creating a VPC Peering Connection to Connect Two VPCs in the Same Account,/home/ubuntu/repotesting/virtual-private-cloud/umn/source/_static/images/en-us_image_0000002029083886.png,figure,68,screenshot,True,False,False,,3,3,3,3,3,1.00,pass,,Images with the forbidden color were not sent to the AI API.,,200,stop,1,"Image is the 'Create VPC Peering Connection' dialog, matching Figure 2 in the RST. | Fields (VPC Peering Connection Name, Local VPC, Local VPC CIDR Block, Account, Peer Project, Peer VPC, Peer VPC CIDR Block) align with Table 1 parameters. | The 'My account' / 'Another account' tabs match the Account parameter description. | Cancel and OK buttons are visible, consistent with step 7 (Click OK).","Description field is not visible in the cropped view, though it is listed in Table 1."
umn/source/vpc_peering_connection/creating_a_vpc_peering_connection_to_connect_two_vpcs_in_the_same_account.rst,Creating a VPC Peering Connection to Connect Two VPCs in the Same Account,/home/ubuntu/repotesting/virtual-private-cloud/umn/source/_static/images/en-us_image_0000002029103832.png,figure,130,screenshot,True,False,False,,3,3,3,3,3,1.00,pass,,Images with the forbidden color were not sent to the AI API.,,200,stop,1,"Image is the 'Add Route' dialog, matching Figure 3 in the RST. | Fields (VPC, Route Table, Destination, Next Hop, Description) match Table 2 parameters. | The 'Add a route for the other VPC' checkbox and second VPC/Route Table/Destination/Next Hop block match the table's dual-route description. | Next Hop shows a 'peering-' value, consistent with the default peering connection next hop.","Some field values are partially redacted/blurred, but the structure is clear."
umn/source/vpc_peering_connection/creating_a_vpc_peering_connection_to_connect_two_vpcs_in_the_same_account.rst,Creating a VPC Peering Connection to Connect Two VPCs in the Same Account,/home/ubuntu/repotesting/virtual-private-cloud/umn/source/_static/images/en-us_image_0000001818982734.png,substitution_image,224,icon,False,False,False,,3,2,3,3,3,0.93,pass,,Images with the forbidden color were not sent to the AI API.,,200,stop,1,"Image is a location/map-pin icon, used as |image1| in step 2 for selecting region and project. | A location pin is the standard symbol for a region selector, matching the RST instruction. | It is an isolated symbolic graphic, classified as an icon.",The icon alone does not show the region/project dropdown it opens.
umn/source/vpc_peering_connection/creating_a_vpc_peering_connection_to_connect_two_vpcs_in_the_same_account.rst,Creating a VPC Peering Connection to Connect Two VPCs in the Same Account,/home/ubuntu/repotesting/virtual-private-cloud/umn/source/_static/images/en-us_image_0000001818983506.png,substitution_image,225,icon,False,False,False,,3,2,3,3,3,0.93,pass,,Images with the forbidden color were not sent to the AI API.,,200,stop,1,"Image is a hamburger (three-line) menu icon, used as |image2| in step 3 to open the navigation menu. | A hamburger menu is the standard symbol for opening the service/navigation menu, matching the RST instruction to choose Network > Virtual Private Cloud. | It is an isolated symbolic graphic, classified as an icon.",The icon alone does not show the resulting Network > Virtual Private Cloud menu.
umn/source/vpc_peering_connection/deleting_a_vpc_peering_connection.rst,Deleting a VPC Peering Connection,/home/ubuntu/repotesting/virtual-private-cloud/umn/source/_static/images/en-us_image_0000001818982734.png,substitution_image,41,icon,False,False,False,,2,2,2,3,3,0.77,partial,,,,200,stop,1,"The image is a location pin/marker icon, consistent with the RST instruction to 'select the desired region and project' in step 2. | It is a small symbolic UI icon, not a full screenshot or application interface. | The icon is relevant to the procedure as a navigation element for region selection, though not directly depicting VPC peering. | No contradictions between the image content and the RST description.",The image does not show the surrounding UI context (upper left corner placement) that the RST references. | No visible text or labels confirming this is specifically a region selector.
umn/source/vpc_peering_connection/deleting_a_vpc_peering_connection.rst,Deleting a VPC Peering Connection,/home/ubuntu/repotesting/virtual-private-cloud/umn/source/_static/images/en-us_image_0000001818823798.png,substitution_image,42,icon,False,False,False,,2,2,2,3,3,0.77,partial,,,,200,stop,1,"The image is a hamburger menu icon (three horizontal lines), consistent with the RST instruction to open a navigation menu and choose 'Network > Virtual Private Cloud' in step 3. | It is a small symbolic UI icon, not a full screenshot or application interface. | The icon is relevant to the procedure as a navigation element for accessing the VPC section, though not directly depicting VPC peering. | No contradictions between the image content and the RST description.",The image does not show the surrounding UI context (upper left corner placement) that the RST references. | No visible menu items or labels confirming this leads to 'Network > Virtual Private Cloud'.
umn/source/vpc_peering_connection/deleting_routes_configured_for_a_vpc_peering_connection.rst,Deleting Routes Configured for a VPC Peering Connection,/home/ubuntu/repotesting/virtual-private-cloud/umn/source/_static/images/en-us_image_0000001818982734.png,substitution_image,78,icon,False,False,False,,2,2,2,3,3,0.77,partial,,,,200,stop,1,"The image is a location pin icon used for selecting region and project in the management console | The RST references this icon as the element to click for selecting region and project in step 2 | The icon is a standard UI navigation element, not directly related to VPC peering content but part of the procedure",No additional context visible in the icon itself about VPC peering functionality
umn/source/vpc_peering_connection/deleting_routes_configured_for_a_vpc_peering_connection.rst,Deleting Routes Configured for a VPC Peering Connection,/home/ubuntu/repotesting/virtual-private-cloud/umn/source/_static/images/en-us_image_0000001818823058.png,substitution_image,77,icon,False,False,False,,2,2,2,3,3,0.77,partial,,,,200,stop,1,The image is a hamburger menu icon (three horizontal lines) used to open the navigation menu | The RST references this icon as the element to click to choose Network > Virtual Private Cloud in step 3 | The icon is a standard UI navigation element consistent with opening a service menu,No additional context visible in the icon itself about VPC peering functionality
umn/source/vpc_peering_connection/deleting_routes_configured_for_a_vpc_peering_connection.rst,Deleting Routes Configured for a VPC Peering Connection,/home/ubuntu/repotesting/virtual-private-cloud/umn/source/_static/images/en-us_image_0000001865582593.png,substitution_image,79,icon,False,False,False,,2,2,2,3,3,0.77,partial,,,,200,stop,1,The image is a hamburger menu icon (three horizontal lines) used to open the navigation menu | The RST references this icon as |image4| for choosing Network > Virtual Private Cloud in the different accounts section | The icon is a standard UI navigation element consistent with opening a service menu,No additional context visible in the icon itself about VPC peering functionality
umn/source/vpc_peering_connection/modifying_a_vpc_peering_connection.rst,Modifying a VPC Peering Connection,/home/ubuntu/repotesting/virtual-private-cloud/umn/source/_static/images/en-us_image_0000001818982734.png,substitution_image,36,icon,False,False,False,,2,2,2,3,3,0.77,partial,,,,200,stop,1,"The image is a location pin icon, consistent with step 2's instruction to select a region and project. | It is a generic UI navigation icon, not specific to VPC peering connections. | The icon matches the described action of clicking to select region/project in the upper left corner.",The icon is generic and does not show any VPC-specific context. | No surrounding UI is visible to confirm it is in the upper left corner of a management console.
umn/source/vpc_peering_connection/modifying_a_vpc_peering_connection.rst,Modifying a VPC Peering Connection,/home/ubuntu/repotesting/virtual-private-cloud/umn/source/_static/images/en-us_image_0000001865582893.png,substitution_image,37,icon,False,False,False,,2,2,2,3,3,0.77,partial,,,,200,stop,1,"The image is a hamburger menu icon (three horizontal lines), consistent with step 3's instruction to open a navigation menu to choose Network > Virtual Private Cloud. | It is a generic UI navigation icon, not specific to VPC peering connections. | The icon matches the described action of clicking to open a menu in the upper left corner.",The icon is generic and does not show any VPC-specific context. | No surrounding UI is visible to confirm it is in the upper left corner of a management console.
umn/source/vpc_peering_connection/modifying_routes_configured_for_a_vpc_peering_connection.rst,Modifying Routes Configured for a VPC Peering Connection,/home/ubuntu/repotesting/virtual-private-cloud/umn/source/_static/images/en-us_image_0000001818982734.png,substitution_image,84,icon,False,False,False,,2,2,2,3,3,0.77,partial,,,,200,stop,1,"The image is a location pin icon used for selecting region and project in the VPC peering connection procedure | The icon is semantically appropriate for region/project selection as described in the RST | It is a generic UI navigation icon, not specific to VPC peering content",No VPC-specific branding or context visible in the icon | The icon is generic and could appear in any cloud management console
umn/source/vpc_peering_connection/modifying_routes_configured_for_a_vpc_peering_connection.rst,Modifying Routes Configured for a VPC Peering Connection,/home/ubuntu/repotesting/virtual-private-cloud/umn/source/_static/images/en-us_image_0000001865662901.png,substitution_image,83,icon,False,False,False,,2,2,2,3,3,0.77,partial,,,,200,stop,1,"The image is a hamburger menu icon (three horizontal lines) used to open the navigation menu | It matches the RST instruction to click the icon and choose Network > Virtual Private Cloud | It is a standard UI navigation element, not specific to VPC peering",No VPC-specific branding or context visible in the icon | The icon is generic and could appear in any application with a navigation menu
umn/source/vpc_peering_connection/modifying_routes_configured_for_a_vpc_peering_connection.rst,Modifying Routes Configured for a VPC Peering Connection,/home/ubuntu/repotesting/virtual-private-cloud/umn/source/_static/images/en-us_image_0000001818823166.png,substitution_image,85,icon,False,False,False,,2,2,2,3,3,0.77,partial,,,,200,stop,1,"The image is a hamburger menu icon (three horizontal lines) used to open the navigation menu | It matches the RST instruction for the different-accounts section to click the icon and choose Network > Virtual Private Cloud | It is a standard UI navigation element, not specific to VPC peering",No VPC-specific branding or context visible in the icon | The icon is generic and could appear in any application with a navigation menu
umn/source/vpc_peering_connection/viewing_routes_configured_for_a_vpc_peering_connection.rst,Viewing Routes Configured for a VPC Peering Connection,/home/ubuntu/repotesting/virtual-private-cloud/umn/source/_static/images/en-us_image_0000001818982734.png,substitution_image,94,icon,True,False,False,,2,2,2,3,3,0.77,partial,,,,200,stop,1,"A location-pin icon used in the RST as the region/project selector (|image1|/|image3|), relevant to the login/region step. | It is an isolated UI symbol, not a full page, so detail match is limited to its function. | Used in the step 'Click |image1| in the upper left corner and select the desired region and project.' | The icon is clearly visible and unambiguous.",No surrounding UI context; only the standalone icon is shown.
umn/source/vpc_peering_connection/viewing_routes_configured_for_a_vpc_peering_connection.rst,Viewing Routes Configured for a VPC Peering Connection,/home/ubuntu/repotesting/virtual-private-cloud/umn/source/_static/images/en-us_image_0000001865662765.png,substitution_image,93,icon,True,False,False,,2,2,2,3,3,0.77,partial,,,,200,stop,1,"A hamburger/menu icon used in the RST as |image2| to open the navigation menu for choosing Network > Virtual Private Cloud. | It is an isolated UI symbol, so detail match is limited to its menu-opening function. | Used in the step 'Click |image2| in the upper left corner and choose Network > Virtual Private Cloud.' | The icon is clearly visible.",No surrounding UI context; only the standalone menu icon is shown.
umn/source/vpc_peering_connection/viewing_routes_configured_for_a_vpc_peering_connection.rst,Viewing Routes Configured for a VPC Peering Connection,/home/ubuntu/repotesting/virtual-private-cloud/umn/source/_static/images/en-us_image_0000001818982826.png,substitution_image,95,icon,True,False,False,,2,2,2,3,3,0.77,partial,,,,200,stop,1,"A hamburger/menu icon used in the RST as |image4| to open the navigation menu in the different-accounts section. | It is an isolated UI symbol, so detail match is limited to its menu-opening function. | Used in the step 'Click |image4| in the upper left corner and choose Network > Virtual Private Cloud.' | The icon is clearly visible.",No surrounding UI context; only the standalone menu icon is shown.
umn/source/vpc_peering_connection/vpc_peering_connection_overview.rst,VPC Peering Connection Overview,/home/ubuntu/repotesting/virtual-private-cloud/umn/source/_static/images/en-us_image_0000001818983018.png,figure,24,other,False,False,True,Forbidden color #3298ff was detected in the image.,0,0,0,0,0,0.00,fail,,Images with the forbidden color were not sent to the AI API.,,,local_hard_fail,0,Local color check detected #3298ff.,
umn/source/vpc_peering_connection/vpc_peering_connection_overview.rst,VPC Peering Connection Overview,/home/ubuntu/repotesting/virtual-private-cloud/umn/source/_static/images/en-us_image_0000001818823678.png,figure,40,other,False,False,True,Forbidden color #3298ff was detected in the image.,0,0,0,0,0,0.00,fail,,Images with the forbidden color were not sent to the AI API.,,,local_hard_fail,0,Local color check detected #3298ff.,
umn/source/vpc_peering_connection/vpc_peering_connection_overview.rst,VPC Peering Connection Overview,/home/ubuntu/repotesting/virtual-private-cloud/umn/source/_static/images/en-us_image_0000001865583217.png,figure,53,other,False,False,True,Forbidden color #3298ff was detected in the image.,0,0,0,0,0,0.00,fail,,Images with the forbidden color were not sent to the AI API.,,,local_hard_fail,0,Local color check detected #3298ff.,
umn/source/vpc_peering_connection/vpc_peering_connection_usage_examples.rst,VPC Peering Connection Usage Examples,/home/ubuntu/repotesting/virtual-private-cloud/umn/source/_static/images/en-us_image_0000001865662841.png,figure,38,other,False,False,True,Forbidden color #3298ff was detected in the image.,0,0,0,0,0,0.00,fail,,Images with the forbidden color were not sent to the AI API.,,,local_hard_fail,0,Local color check detected #3298ff.,
umn/source/vpc_peering_connection/vpc_peering_connection_usage_examples.rst,VPC Peering Connection Usage Examples,/home/ubuntu/repotesting/virtual-private-cloud/umn/source/_static/images/en-us_image_0000001818982906.png,figure,65,other,False,False,True,Forbidden color #3298ff was detected in the image.,0,0,0,0,0,0.00,fail,,Images with the forbidden color were not sent to the AI API.,,,local_hard_fail,0,Local color check detected #3298ff.,
umn/source/vpc_peering_connection/vpc_peering_connection_usage_examples.rst,VPC Peering Connection Usage Examples,/home/ubuntu/repotesting/virtual-private-cloud/umn/source/_static/images/en-us_image_0000001818823110.png,figure,107,other,False,False,True,Forbidden color #3298ff was detected in the image.,0,0,0,0,0,0.00,fail,,Images with the forbidden color were not sent to the AI API.,,,local_hard_fail,0,Local color check detected #3298ff.,
umn/source/vpc_peering_connection/vpc_peering_connection_usage_examples.rst,VPC Peering Connection Usage Examples,/home/ubuntu/repotesting/virtual-private-cloud/umn/source/_static/images/en-us_image_0000001865662833.png,figure,164,other,False,False,True,Forbidden color #3298ff was detected in the image.,0,0,0,0,0,0.00,fail,,Images with the forbidden color were not sent to the AI API.,,,local_hard_fail,0,Local color check detected #3298ff.,
umn/source/vpc_peering_connection/vpc_peering_connection_usage_examples.rst,VPC Peering Connection Usage Examples,/home/ubuntu/repotesting/virtual-private-cloud/umn/source/_static/images/en-us_image_0000001818823118.png,figure,199,other,False,False,True,Forbidden color #3298ff was detected in the image.,0,0,0,0,0,0.00,fail,,Images with the forbidden color were not sent to the AI API.,,,local_hard_fail,0,Local color check detected #3298ff.,
umn/source/vpc_peering_connection/vpc_peering_connection_usage_examples.rst,VPC Peering Connection Usage Examples,/home/ubuntu/repotesting/virtual-private-cloud/umn/source/_static/images/en-us_image_0000001818982898.png,figure,238,other,False,False,True,Forbidden color #3298ff was detected in the image.,0,0,0,0,0,0.00,fail,,Images with the forbidden color were not sent to the AI API.,,,local_hard_fail,0,Local color check detected #3298ff.,
