document,title,image,image_type,result,score,reasons,missing_evidence
api-ref/source/faqs/what_are_the_relationships_among_firewall_groups_policies_and_rules.rst,"What Are the Relationships Among Firewall Groups, Policies, and Rules?",,,fail,,kein valides Bild,No model result was produced.
umn/source/access_control/differences_between_security_groups_and_firewalls.rst,Differences Between Security Groups and Firewalls,en-us_image_0000001818982946.png,other,fail,0.00,Local color check detected #3298ff.,
umn/source/access_control/firewall/firewall_overview.rst,Firewall Overview,en-us_image_0000001818982946.png,other,fail,0.00,Local color check detected #3298ff.,
umn/source/access_control/firewall/firewall_overview.rst,Firewall Overview,en-us_image_0000001818982962.png,other,fail,0.00,Local color check detected #3298ff.,
umn/source/access_control/firewall/management_firewall_rules/adding_a_firewall_rule.rst,Adding a Firewall Rule,en-us_image_0000002065200717.png,screenshot,pass,1.00,"Image shows the 'Add Inbound Rule' dialog matching Figure 1 caption in the RST | All parameter columns (Type, Action, Protocol, Source, Source Port Range, Destination, Destination Port Range, Description, Operation) match Table 1 in the RST | Example values (IPv4, Allow, TCP, 0.0.0.0/0) match the table examples | The 'Add Rule' button, Replicate/Delete operations, and OK/Cancel buttons are visible as described in step 6",
umn/source/access_control/firewall/management_firewall_rules/adding_a_firewall_rule.rst,Adding a Firewall Rule,en-us_image_0000001818982734.png,icon,pass,0.88,"Image is a location pin icon referenced as |image1| in step 2 for selecting region and project | The icon is consistent with a region/project selector in a cloud management console | The icon is small and slightly blurry, limiting detail verification","Icon is very small and low resolution, making it difficult to confirm exact visual details"
umn/source/access_control/firewall/management_firewall_rules/adding_a_firewall_rule.rst,Adding a Firewall Rule,en-us_image_0000001818983162.png,icon,pass,0.88,"Image is a hamburger menu icon (three horizontal lines) referenced as |image2| in step 3 for navigating to Network > Virtual Private Cloud | The icon is consistent with a navigation menu toggle in a cloud management console | The icon is small and slightly blurry, limiting detail verification","Icon is very small and low resolution, making it difficult to confirm exact visual details"
umn/source/access_control/firewall/management_firewall_rules/changing_the_sequence_of_a_firewall_rule.rst,Changing the Sequence of a Firewall Rule,en-us_image_0000001818982734.png,icon,partial,0.62,"The image is a location pin icon, consistent with the RST instruction to 'select the desired region and project' in step 2. | It is a small symbolic graphic (icon), not a screenshot or page view. | The icon is part of the navigation procedure but not directly related to the core topic of changing firewall rule sequence. | No contradiction between the image and the RST text describing its use.","The image does not show the surrounding UI context (upper-left corner placement, region/project dropdown). | No label or text is visible on the icon to confirm it is specifically the region selector."
umn/source/access_control/firewall/management_firewall_rules/changing_the_sequence_of_a_firewall_rule.rst,Changing the Sequence of a Firewall Rule,en-us_image_0000001865582933.png,icon,partial,0.62,"The image is a hamburger menu icon (three horizontal lines), consistent with the RST instruction to open a navigation menu and choose 'Network > Virtual Private Cloud' in step 3. | It is a small symbolic graphic (icon), not a screenshot or page view. | The icon is part of the navigation procedure but not directly related to the core topic of changing firewall rule sequence. | No contradiction between the image and the RST text describing its use.","The image does not show the surrounding UI context (upper-left corner placement, menu items like Network or Virtual Private Cloud). | No label or text is visible on the icon to confirm it is specifically the navigation menu trigger."
umn/source/access_control/firewall/management_firewall_rules/deleting_a_firewall_rule.rst,Deleting a Firewall Rule,en-us_image_0000001818982734.png,icon,partial,0.72,"Image is a location pin icon, consistent with step 2's instruction to click it to select a region and project | The icon is a small symbolic graphic used as a UI element in the navigation procedure | It is part of the procedure for deleting a firewall rule but does not directly depict firewall rules | The location pin is a standard icon for region/location selection in cloud management consoles",No surrounding UI context visible to confirm it appears in the upper left corner | No text labels visible on the icon itself
umn/source/access_control/firewall/management_firewall_rules/deleting_a_firewall_rule.rst,Deleting a Firewall Rule,en-us_image_0000001818823162.png,icon,partial,0.72,"Image is a hamburger menu icon (three horizontal lines), consistent with step 3's instruction to click it to open a navigation menu | The icon is a small symbolic graphic used as a UI element for accessing the Network > Virtual Private Cloud menu | It is part of the procedure for deleting a firewall rule but does not directly depict firewall rules | The hamburger menu is a standard icon for opening navigation menus in web applications",No surrounding UI context visible to confirm it appears in the upper left corner | No menu items visible to confirm the Network > Virtual Private Cloud path
umn/source/access_control/firewall/management_firewall_rules/enabling_or_disabling_a_firewall_rule.rst,Enabling or Disabling a Firewall Rule,en-us_image_0000001818982734.png,icon,partial,0.77,"The image is a location pin icon, consistent with the RST instruction to click it to select region and project. | It is a small symbolic graphic (icon), not a screenshot of the firewall rule page. | The icon is part of the navigation procedure to reach the firewall rules page, so it is tangentially related to the firewall rule topic. | The RST explicitly references this image in step 2 for region/project selection, and a location pin is a standard icon for that purpose.",The image does not show the actual region/project selection dropdown or any firewall-related UI. | No surrounding UI context is visible to confirm it is in the upper left corner of a management console.
umn/source/access_control/firewall/management_firewall_rules/enabling_or_disabling_a_firewall_rule.rst,Enabling or Disabling a Firewall Rule,en-us_image_0000001818823738.png,icon,partial,0.77,"The image is a hamburger menu icon (three horizontal lines), consistent with the RST instruction to click it to open a service navigation menu. | It is a small symbolic graphic (icon), not a screenshot of the firewall rule page. | The RST references this image in step 3 for navigating to Network > Virtual Private Cloud, and a hamburger menu is a standard icon for opening a service list. | The icon is part of the navigation procedure to reach the firewall rules page, so it is tangentially related to the firewall rule topic.",The image does not show the actual service navigation menu or any firewall-related UI. | No surrounding UI context is visible to confirm it is in the upper left corner of a management console.
umn/source/access_control/firewall/management_firewall_rules/modifying_a_firewall_rule.rst,Modifying a Firewall Rule,en-us_image_0000001865582941.png,screenshot,pass,1.00,"The image shows the Inbound Rules tab of a firewall detail page, matching the RST step 6 description. | The Operation column contains 'Modify' links, directly corresponding to the 'click Modify in the Operation column' instruction. | Table columns (Priority, Status, Type, Action, Protocol, Source, Source Port Range, Destination, Destination Port Range, Description, Operation) align with the parameter table in the RST. | The figure caption in the RST is 'Modify Rule', and the screenshot shows the rule list where modification is performed.",The actual Modify dialog box is not shown; only the rule list page is visible.
umn/source/access_control/firewall/management_firewall_rules/modifying_a_firewall_rule.rst,Modifying a Firewall Rule,en-us_image_0000001818982734.png,icon,partial,0.72,"The image is a small location-pin icon, consistent with the RST instruction to 'Click [icon] in the upper left corner and select the desired region and project.' | It is a generic navigation icon used across the management console, not specific to firewall rule modification. | The icon is small and low-resolution, making fine detail hard to assess.","No surrounding UI context is visible to confirm it is the region/project selector. | The icon is very small and pixelated, limiting visual detail assessment."
umn/source/access_control/firewall/management_firewall_rules/modifying_a_firewall_rule.rst,Modifying a Firewall Rule,en-us_image_0000001818823406.png,icon,partial,0.72,"The image is a hamburger-menu icon (three horizontal lines), consistent with the RST instruction to 'Click [icon] in the upper left corner and choose Network > Virtual Private Cloud.' | It is a generic navigation icon used to open the service menu, not specific to firewall rule modification. | The icon is small and low-resolution, limiting detailed visual assessment.","No surrounding UI context is visible to confirm it is the service navigation menu trigger. | The icon is very small and pixelated, making it difficult to confirm exact appearance."
umn/source/access_control/firewall/managing_firewalls/creating_a_firewall.rst,Creating a Firewall,en-us_image_0000002065202201.png,screenshot,pass,1.00,"Image shows the 'Create Firewall' dialog matching Figure 1 in the RST | All parameters from Table 1 are visible: Name, Enterprise Project, Tag, Description | The Name field shows 'fw-1a2b' which is a valid example consistent with the naming rules | Enterprise Project dropdown, Tag key/value fields, and Description text area with 0/255 counter are all present | Cancel and OK buttons at the bottom match step 7 instruction to click OK",
umn/source/access_control/firewall/managing_firewalls/creating_a_firewall.rst,Creating a Firewall,en-us_image_0000001818982734.png,icon,pass,1.00,Image is a location pin / map marker icon | Referenced as |image1| in step 2: 'Click |image1| in the upper left corner and select the desired region and project' | A location pin icon is semantically appropriate for selecting a region | Small isolated symbolic graphic consistent with an icon classification,
umn/source/access_control/firewall/managing_firewalls/creating_a_firewall.rst,Creating a Firewall,en-us_image_0000001865663057.png,icon,pass,1.00,Image is a hamburger menu icon (three horizontal lines) | Referenced as |image2| in step 3: 'Click |image2| in the upper left corner and choose Network > Virtual Private Cloud' | A hamburger menu icon is the standard symbol for opening a navigation menu | Small isolated symbolic graphic consistent with an icon classification,
umn/source/access_control/firewall/managing_firewalls/deleting_a_firewall.rst,Deleting a Firewall,en-us_image_0000001818982734.png,icon,partial,0.72,"The image is a location pin icon, consistent with step 2's instruction to click it to select region and project. | A location/region pin is a standard UI symbol for region selection in cloud management consoles. | The icon is relevant to the Procedure section as a navigation step before reaching the firewall page. | The image is a simple, clearly recognizable location pin symbol.","The icon does not show the surrounding UI context (upper-left corner placement, dropdown menu for region/project). | No label or text is visible on the icon to confirm it is specifically the region selector."
umn/source/access_control/firewall/managing_firewalls/deleting_a_firewall.rst,Deleting a Firewall,en-us_image_0000001818982830.png,icon,partial,0.72,"The image is a hamburger menu icon (three horizontal lines), consistent with step 3's instruction to click it to open navigation and choose Network > Virtual Private Cloud. | A hamburger menu is the standard UI symbol for opening a navigation sidebar or menu in management consoles. | The icon is relevant to the Procedure section as a navigation step to reach the VPC page. | The image is a simple, clearly recognizable three-line menu symbol.","The icon does not show the surrounding UI context (upper-left corner placement, the navigation menu that would appear after clicking). | No label or text is visible to confirm it is specifically the main navigation menu toggle."
umn/source/access_control/firewall/managing_firewalls/enabling_or_disabling_a_firewall.rst,Enabling or Disabling a Firewall,en-us_image_0000001818982734.png,icon,partial,0.77,"The image is a location pin icon used in step 2 to select a region and project | The icon is a small symbolic graphic (map pin), consistent with region selection in a cloud console | It is part of the navigation procedure to reach the firewall management page | The icon clearly depicts a location/marker symbol",The icon is generic and not specific to firewall management | No surrounding UI context is visible to confirm it is the exact region selector in the console
umn/source/access_control/firewall/managing_firewalls/enabling_or_disabling_a_firewall.rst,Enabling or Disabling a Firewall,en-us_image_0000001818823714.png,icon,partial,0.77,"The image is a hamburger menu icon (three horizontal lines) used in step 3 to open the navigation menu | The icon is a small symbolic graphic representing a menu toggle, consistent with choosing Network > Virtual Private Cloud | It is part of the navigation procedure to reach the firewall management page | The icon clearly depicts three horizontal lines (hamburger menu symbol)",The icon is generic and not specific to firewall management | No surrounding UI context is visible to confirm it is the exact menu toggle in the console
umn/source/access_control/firewall/managing_firewalls/managing_firewall_tags.rst,Managing Firewall Tags,en-us_image_0000001818982734.png,icon,partial,0.67,"Image is a location-pin icon, matching the RST instruction to click the region selector in the upper left corner. | Used as |image1|/|image3|/|image5| for selecting region and project in the tag management steps. | Icon is generic navigation UI, not specific to firewall tags, so topic match is limited. | No contradiction between the icon and the described action.",No surrounding UI context shown; only the isolated icon is visible.
umn/source/access_control/firewall/managing_firewalls/managing_firewall_tags.rst,Managing Firewall Tags,en-us_image_0000001818982750.png,icon,partial,0.67,"Image is a hamburger (three-line) menu icon, matching the RST instruction to open the navigation menu and choose Network > Virtual Private Cloud. | Used as |image2| in the Adding Firewall Tags procedure. | Icon is a generic menu symbol, not specific to firewall tags. | No contradiction between the icon and the described action.",No surrounding UI context shown; only the isolated icon is visible.
umn/source/access_control/firewall/managing_firewalls/managing_firewall_tags.rst,Managing Firewall Tags,en-us_image_0000001818822970.png,icon,partial,0.67,"Image is a hamburger (three-line) menu icon, matching the RST instruction to open the navigation menu and choose Network > Virtual Private Cloud. | Used as |image4| in the Modifying Firewall Tags procedure. | Icon is a generic menu symbol, not specific to firewall tags. | No contradiction between the icon and the described action.",No surrounding UI context shown; only the isolated icon is visible.
umn/source/access_control/firewall/managing_firewalls/managing_firewall_tags.rst,Managing Firewall Tags,en-us_image_0000001818982742.png,icon,partial,0.67,"Image is a hamburger (three-line) menu icon, matching the RST instruction to open the navigation menu and choose Network > Virtual Private Cloud. | Used as |image6| in the Deleting Firewall Tags procedure. | Icon is a generic menu symbol, not specific to firewall tags. | No contradiction between the icon and the described action.",No surrounding UI context shown; only the isolated icon is visible.
umn/source/access_control/firewall/managing_firewalls/modifying_a_firewall.rst,Modifying a Firewall,en-us_image_0000001818982734.png,icon,pass,1.00,Location pin icon matches step 2 instruction to select region and project | Icon is consistent with cloud management console navigation patterns | Small symbolic graphic used as a UI reference in the procedure,
umn/source/access_control/firewall/managing_firewalls/modifying_a_firewall.rst,Modifying a Firewall,en-us_image_0000001818983494.png,icon,pass,1.00,Hamburger menu icon matches step 3 instruction to open navigation for Network > VPC | Three horizontal lines clearly represent a menu toggle | Consistent with typical cloud console navigation patterns,
umn/source/access_control/firewall/managing_firewalls/modifying_a_firewall.rst,Modifying a Firewall,en-us_image_0000001865583253.png,icon,pass,1.00,Pencil/edit icon matches step 6 instruction to edit the firewall name | Clearly a standard edit symbol used in management consoles | Directly relevant to the modifying a firewall procedure,
umn/source/access_control/firewall/managing_firewalls/modifying_a_firewall.rst,Modifying a Firewall,en-us_image_0000002084336681.png,icon,pass,1.00,Green checkmark icon matches step 7 instruction to save the new firewall name | Standard confirmation/accept symbol in UI contexts | Relevant to the save action in the modifying firewall procedure,
umn/source/access_control/firewall/managing_firewalls/modifying_a_firewall.rst,Modifying a Firewall,en-us_image_0000002048296164.png,icon,pass,1.00,Green checkmark icon matches step 9 instruction to save the new firewall description | Standard confirmation symbol for the save action | Relevant to the final step of the modifying firewall procedure,
umn/source/access_control/firewall/managing_firewalls/viewing_a_firewall.rst,Viewing a Firewall,en-us_image_0000001865684752.png,screenshot,pass,1.00,"Image shows a firewall detail page with name fw-d789, matching the RST topic of viewing a firewall | Tabs for Summary, Inbound Rules, Outbound Rules, and Associated Subnets are visible, matching step 6 of the procedure | The page displays Name, ID, Status (Enabled), and Description fields consistent with a firewall detail view | Import Rule and Export Rule buttons are present in the upper right, consistent with a firewall management interface",The full ID is partially redacted/obscured in the image
umn/source/access_control/firewall/managing_firewalls/viewing_a_firewall.rst,Viewing a Firewall,en-us_image_0000001818982734.png,icon,partial,0.72,"Image shows a location pin/marker icon, consistent with a region selector referenced in step 2 | The RST states 'Click |image1| in the upper left corner and select the desired region and project', and a location icon is a common UI symbol for region selection | The icon is small and low-resolution, making fine detail assessment difficult","The icon is very small and pixelated, making it hard to confirm exact visual details | No surrounding UI context is visible to confirm placement in upper left corner"
umn/source/access_control/firewall/managing_firewalls/viewing_a_firewall.rst,Viewing a Firewall,en-us_image_0000001865662773.png,icon,partial,0.72,"Image shows a hamburger menu icon (three horizontal lines), consistent with a navigation menu trigger referenced in step 3 | The RST states 'Click |image2| in the upper left corner and choose Network > Virtual Private Cloud', and a hamburger menu is a standard icon for opening navigation | The icon is small and low-resolution, limiting detailed visual assessment","The icon is very small and pixelated, making it difficult to confirm exact rendering | No surrounding UI context is visible to confirm placement in upper left corner"
umn/source/access_control/firewall/managing_subnets_associated_with_a_firewall/associating_subnets_with_a_firewall.rst,Associating Subnets with a Firewall,en-us_image_0000001818982734.png,icon,partial,0.72,"The image is a location pin icon, consistent with step 2's instruction to click it to select region and project. | It is a standard navigation icon in cloud management consoles for region/project selection. | The icon is small and symbolic, matching the 'icon' classification. | No contradiction between the image and the RST description of clicking it in the upper left corner for region/project selection.","The image is very small and low-resolution, making fine details hard to discern. | No surrounding UI context is visible to confirm it is in the upper left corner of a console."
umn/source/access_control/firewall/managing_subnets_associated_with_a_firewall/associating_subnets_with_a_firewall.rst,Associating Subnets with a Firewall,en-us_image_0000001818823450.png,icon,partial,0.72,"The image is a hamburger menu icon (three horizontal lines), consistent with step 3's instruction to click it to open the navigation menu for choosing Network > Virtual Private Cloud. | It is a standard navigation icon in cloud management consoles for opening the service menu. | The icon is small and symbolic, matching the 'icon' classification. | No contradiction between the image and the RST description of clicking it in the upper left corner to access the service navigation.","The image is very small and low-resolution, making fine details hard to discern. | No surrounding UI context is visible to confirm it is in the upper left corner of a console."
umn/source/access_control/firewall/managing_subnets_associated_with_a_firewall/disassociating_subnets_from_a_firewall.rst,Disassociating Subnets from a Firewall,en-us_image_0000001818982734.png,icon,partial,0.77,"The image is a location pin icon, consistent with its use in step 2 for selecting region and project. | It is a standard navigation icon referenced in the Procedure section of the firewall disassociation guide. | The icon visually matches the described action of clicking to select a region/project.",No surrounding UI context is visible; only the isolated icon is shown. | The specific management console interface is not visible to confirm the icon's placement in the upper left corner.
umn/source/access_control/firewall/managing_subnets_associated_with_a_firewall/disassociating_subnets_from_a_firewall.rst,Disassociating Subnets from a Firewall,en-us_image_0000001818822962.png,icon,partial,0.77,"The image is a hamburger menu icon (three horizontal lines), consistent with its use in step 3 for opening a navigation menu to choose Network > Virtual Private Cloud. | It is a standard navigation icon referenced in the Procedure section of the firewall disassociation guide. | The icon visually matches the described action of clicking to open a menu for navigation.",No surrounding UI context is visible; only the isolated icon is shown. | The specific management console interface is not visible to confirm the icon's placement in the upper left corner.
umn/source/access_control/firewall/managing_subnets_associated_with_a_firewall/exporting_the_information_about_subnets_associated_with_a_firewall.rst,Exporting the Information About Subnets Associated with a Firewall,en-us_image_0000002027982768.png,screenshot,pass,1.00,"Screenshot shows the Associated Subnets tab of a firewall page with the Export button highlighted in a red rectangle | Table columns (Name/ID, IPv4 CIDR Block, IPv6 CIDR Block, VPC, Operation) match the RST description of exported data fields | The Export dropdown button is visible in the upper left corner above the subnet list as described in step 7 | Figure caption in RST matches the image content exactly",The dropdown options (Export selected data / Export all data) are not expanded in the screenshot | Some data values are partially redacted
umn/source/access_control/firewall/managing_subnets_associated_with_a_firewall/exporting_the_information_about_subnets_associated_with_a_firewall.rst,Exporting the Information About Subnets Associated with a Firewall,en-us_image_0000002028141064.png,icon,partial,0.77,Small location pin / map marker icon used as the region and project selector in step 2 | Matches the RST reference |image1| for clicking to select region and project | Icon is a standard UI symbol for region selection in cloud management consoles,No additional context visible beyond the icon itself
umn/source/access_control/firewall/managing_subnets_associated_with_a_firewall/exporting_the_information_about_subnets_associated_with_a_firewall.rst,Exporting the Information About Subnets Associated with a Firewall,en-us_image_0000002064022321.png,icon,partial,0.77,Hamburger menu icon (three horizontal lines) used as the navigation menu trigger in step 3 | Matches the RST reference |image2| for clicking to choose Network > Virtual Private Cloud | Standard UI symbol for opening a navigation menu in cloud management consoles,No additional context visible beyond the icon itself
umn/source/access_control/security_group/default_security_group_and_its_rules.rst,Default Security Group and Its Rules,en-us_image_0000001865662829.png,other,fail,0.00,Local color check detected #3298ff.,
umn/source/access_control/security_group/managing_a_security_group/cloning_a_security_group.rst,Cloning a Security Group,en-us_image_0000002029014640.png,screenshot,pass,1.00,"Image shows a 'Clone Security Group' dialog matching the figure caption in the RST | Dialog contains Region, Name, Enterprise Project, and Description fields as described in step 6 | Info banner about inbound/outbound rules and cross-region cloning matches the Notes and Constraints section | Cancel and OK buttons are visible at the bottom of the dialog",
umn/source/access_control/security_group/managing_a_security_group/cloning_a_security_group.rst,Cloning a Security Group,en-us_image_0000001818982734.png,icon,pass,1.00,Image is a location pin icon used as the region selector in step 2 | RST references this as |image1| for selecting the desired region and project | The pin/marker shape is consistent with a region selector UI element,
umn/source/access_control/security_group/managing_a_security_group/cloning_a_security_group.rst,Cloning a Security Group,en-us_image_0000001818982762.png,icon,pass,1.00,Image is a hamburger menu icon (three horizontal lines) used for navigation in step 3 | RST references this as |image2| for choosing Network > Virtual Private Cloud | The three-line icon is a standard navigation menu symbol consistent with the described action,
umn/source/access_control/security_group/managing_a_security_group/creating_a_security_group.rst,Creating a Security Group,en-us_image_0000002065211017.png,screenshot,pass,1.00,"Image is a screenshot of the 'Create Security Group' dialog matching Figure 1 in the RST | All parameters listed in Table 2 (Name, Enterprise Project, Template, Description) are visible | Inbound/Outbound rules table is shown with Priority, Action, Type, Protocol & Port, Source columns | Cancel and OK buttons are present at the bottom, matching step 7 instruction | Template dropdown shows 'General-purpose web ser...' matching the example value in Table 2",Some values in the rules table are partially obscured/blurred | The Name field value is partially obscured
umn/source/access_control/security_group/managing_a_security_group/creating_a_security_group.rst,Creating a Security Group,en-us_image_0000001818982734.png,icon,pass,0.88,"Image is a location pin / map marker icon, consistent with a region/project selector | Referenced as |image1| in step 2: 'Click |image1| in the upper left corner and select the desired region and project' | The icon is small and somewhat blurry, limiting detail assessment | Semantically matches the purpose of selecting a region and project","Icon is small and low-resolution, making fine details hard to discern | No surrounding UI context visible to confirm placement in upper left corner"
umn/source/access_control/security_group/managing_a_security_group/creating_a_security_group.rst,Creating a Security Group,en-us_image_0000001865582681.png,icon,pass,0.88,"Image is a hamburger menu icon (three horizontal lines), consistent with a navigation menu trigger | Referenced as |image2| in step 3: 'Click |image2| in the upper left corner and choose Network > Virtual Private Cloud' | The icon is small and somewhat blurry, limiting detail assessment | Semantically matches the purpose of opening a navigation menu to select Network > Virtual Private Cloud","Icon is small and low-resolution, making fine details hard to discern | No surrounding UI context visible to confirm placement in upper left corner"
umn/source/access_control/security_group/managing_a_security_group/deleting_a_security_group.rst,Deleting a Security Group,en-us_image_0000001818982734.png,icon,partial,0.77,"The image is a location pin icon, consistent with the RST instruction to click it to select the desired region and project. | It is a small symbolic UI icon, not a full screenshot, used as a navigation element in the procedure. | The icon is relevant to the Procedure section step 2 but is not directly about security groups. | No contradiction between the icon and the described action of selecting a region.",The icon does not show the full context of the upper-left corner of the console. | No label or text is visible on the icon to confirm it is specifically the region selector.
umn/source/access_control/security_group/managing_a_security_group/deleting_a_security_group.rst,Deleting a Security Group,en-us_image_0000001818982846.png,icon,partial,0.77,"The image is a hamburger menu icon (three horizontal lines), consistent with the RST instruction to click it to open a navigation menu and choose Network > Virtual Private Cloud. | It is a small symbolic UI icon used as a navigation element in the procedure. | The icon is relevant to the Procedure section step 3 but is not directly about security groups. | No contradiction between the icon and the described action of opening a navigation menu.",The icon does not show the full context of the upper-left corner of the console. | No label or text is visible on the icon to confirm it is specifically the main navigation menu trigger.
umn/source/access_control/security_group/managing_a_security_group/exporting_security_groups.rst,Exporting Security Groups,en-us_image_0141273034.png,icon,pass,0.83,"The image is a location pin (map marker) icon, matching the RST step 2 instruction to select the desired region and project. | It is an isolated symbolic graphic, not a full UI screenshot. | The icon is semantically appropriate for region selection in the procedure.",No surrounding UI context is visible to confirm the exact console placement.
umn/source/access_control/security_group/managing_a_security_group/exporting_security_groups.rst,Exporting Security Groups,en-us_image_0000002028007756.png,icon,pass,0.83,"The image is a hamburger menu icon (three horizontal lines), matching the RST step 3 instruction to display the service list. | It is an isolated symbolic graphic, not a full UI screenshot. | The icon is semantically appropriate for opening a service/navigation list.",No surrounding UI context is visible to confirm the exact console placement.
umn/source/access_control/security_group/managing_a_security_group/modifying_a_security_group.rst,Modifying a Security Group,en-us_image_0000001818982734.png,icon,partial,0.77,"The image is a location pin icon, consistent with the RST instruction to 'select the desired region and project' in step 2. | It is a generic UI navigation icon used in the procedure for accessing the VPC console, not specific to security groups. | The icon is small and symbolic, fitting the 'icon' classification.","The image does not show the full UI context (upper left corner placement, surrounding interface). | No text label is visible on the icon to confirm it is specifically a region selector."
umn/source/access_control/security_group/managing_a_security_group/modifying_a_security_group.rst,Modifying a Security Group,en-us_image_0000001818982918.png,icon,partial,0.77,"The image is a hamburger menu icon (three horizontal lines), consistent with the RST instruction to click and choose 'Network > Virtual Private Cloud' in step 3. | It is a generic navigation menu icon used in the procedure, not specific to security groups. | The icon is small and symbolic, fitting the 'icon' classification.","The image does not show the full UI context (upper left corner placement, surrounding interface). | No text label is visible on the icon to confirm it opens a service navigation menu."
umn/source/access_control/security_group/managing_instances_associated_with_a_security_group/adding_an_instance_to_or_removing_an_instance_from_a_security_group.rst,Adding an Instance to or Removing an Instance from a Security Group,en-us_image_0000001818982734.png,icon,partial,0.72,"The image is a small location pin / map marker icon, consistent with the RST instruction to 'Click |image1| in the upper left corner and select the desired region and project.' | It is used as an inline icon reference (|image1| and |image3|) for the region/project selector in the management console. | The icon is a standard UI symbol for region selection, which is a prerequisite navigation step in the security group procedure.",The icon is very small and low-resolution; the exact label or tooltip is not visible. | No surrounding UI context is shown to confirm it is in the upper-left corner of the console.
umn/source/access_control/security_group/managing_instances_associated_with_a_security_group/adding_an_instance_to_or_removing_an_instance_from_a_security_group.rst,Adding an Instance to or Removing an Instance from a Security Group,en-us_image_0000001818982974.png,icon,partial,0.72,"The image is a hamburger menu icon (three horizontal lines), consistent with the RST instruction to 'Click |image2| in the upper left corner and choose Network > Virtual Private Cloud.' | It serves as the navigation menu trigger to access the VPC section, a prerequisite step in the security group workflow. | The icon is a standard UI symbol for opening a navigation menu.",The icon is very small and low-resolution; no label or tooltip is visible. | No surrounding UI context is shown to confirm placement in the upper-left corner.
umn/source/access_control/security_group/managing_instances_associated_with_a_security_group/adding_an_instance_to_or_removing_an_instance_from_a_security_group.rst,Adding an Instance to or Removing an Instance from a Security Group,en-us_image_0000001865582721.png,icon,partial,0.72,"The image is a hamburger menu icon (three horizontal lines), consistent with the RST instruction to 'Click |image4| in the upper left corner and choose Network > Virtual Private Cloud.' | It is used in the 'Removing an Instance from a Security Group' section as the navigation menu trigger. | The icon is visually similar to image2 (en-us_image_0000001818982974.png), both representing the same navigation menu control.",The icon is very small and low-resolution; no label or tooltip is visible. | No surrounding UI context is shown to confirm placement in the upper-left corner.
umn/source/access_control/security_group/managing_instances_associated_with_a_security_group/changing_the_security_group_of_an_ecs.rst,Changing the Security Group of an ECS,en-us_image_0000001865662753.png,screenshot,pass,1.00,"Image is the 'Change Security Group' dialog box, exactly matching Figure 1 described in the RST. | Shows NIC field, Security Group dropdown, Inbound/Outbound info, Create Security Group link, and OK/Cancel buttons as described in steps 4-6. | Directly illustrates the core procedure of changing a security group for an ECS network interface.",
umn/source/access_control/security_group/managing_instances_associated_with_a_security_group/changing_the_security_group_of_an_ecs.rst,Changing the Security Group of an ECS,en-us_image_0000001818823030.png,icon,partial,0.72,"Image is a location pin / map marker icon, referenced as |image1| in step 2 for selecting region and project. | The icon is a generic region selector symbol, not specific to security group management. | It serves a navigational purpose in the procedure but is not directly related to the security group topic.",The icon is very small and low-resolution; no text or label is visible to confirm its exact function beyond a location/region selector.
umn/source/access_control/security_group/managing_instances_associated_with_a_security_group/changing_the_security_group_of_an_ecs.rst,Changing the Security Group of an ECS,en-us_image_0000001865662757.jpg,icon,partial,0.72,"Image is a hamburger menu icon (three horizontal lines), referenced as |image2| in step 3 for navigating to Computing > Elastic Cloud Server. | It is a standard navigation menu icon, not specific to security group management. | Serves a navigational role in the procedure but has no direct semantic connection to the security group topic.",The icon is very small and low-resolution; no label or text is visible to confirm it is specifically the main navigation menu trigger.
umn/source/access_control/security_group/managing_instances_associated_with_a_security_group/viewing_the_security_group_of_an_ecs.rst,Viewing the Security Group of an ECS,en-us_image_0000001911842313.png,screenshot,pass,1.00,"Image is a screenshot of a security group detail page showing Summary, Inbound Rules, Outbound Rules, and Associated Instances tabs | Displays security group name (default), ID, Enterprise Project, and Description fields matching the RST description of viewing security group information | Corresponds to Figure 1 caption 'View the security group of an ECS' in the RST | Shows Import Rule and Export Rule buttons consistent with a security group management interface | The Summary tab is active, showing the group's basic information as described in the procedure","The RST mentions viewing inbound and outbound rules, but the screenshot shows the Summary tab rather than the rules tabs"
umn/source/access_control/security_group/managing_instances_associated_with_a_security_group/viewing_the_security_group_of_an_ecs.rst,Viewing the Security Group of an ECS,en-us_image_0000001818982734.png,icon,partial,0.77,"Image is a small location pin / map marker icon, consistent with a region selector | RST step 2 says 'Click |image1| in the upper left corner and select the desired region and project', which matches a location/region icon | The icon is a standard UI symbol for region or location selection in cloud management consoles | It is a small symbolic graphic, not a full screenshot","The icon is very small and low-resolution, making it difficult to confirm exact visual details | No surrounding UI context is visible to confirm it is in the upper left corner"
umn/source/access_control/security_group/managing_instances_associated_with_a_security_group/viewing_the_security_group_of_an_ecs.rst,Viewing the Security Group of an ECS,en-us_image_0000001818982866.png,icon,partial,0.77,"Image is a hamburger menu icon (three horizontal lines), a standard navigation symbol | RST step 3 says 'In the upper left corner of the page, click |image2|. In the service list, choose Computing > Elastic Cloud Server', which matches a menu/navigation icon | The icon is a small symbolic graphic used for accessing a service list or navigation menu | It is consistent with typical cloud console UI where a hamburger icon opens a service navigation panel",The icon is very small and low-resolution | No surrounding UI context is visible to confirm it is in the upper left corner of a page
umn/source/access_control/security_group/managing_security_group_rules/adding_a_security_group_rule.rst,Adding a Security Group Rule,en-us_image_0000002065205609.png,screenshot,pass,1.00,"Image is the 'Add Inbound Rule' dialog box, matching Figure 1 in the RST. | All parameters from Table 1 (Priority, Action, Type, Protocol & Port, Source, Description) are visible in the form. | The dialog includes Cancel and OK buttons, an Add Rule button, and dropdowns consistent with the procedure. | The info banner about entering multiple IP addresses aligns with the Source parameter description.",
umn/source/access_control/security_group/managing_security_group_rules/adding_a_security_group_rule.rst,Adding a Security Group Rule,en-us_image_0000002065206257.png,screenshot,pass,1.00,"Image is the 'Add Outbound Rule' dialog box, matching Figure 2 in the RST. | All parameters from Table 2 (Priority, Action, Type, Protocol & Port, Destination, Description) are visible. | The Destination column replaces Source, consistent with outbound rule semantics described in the RST. | Cancel and OK buttons and the Add Rule button are present as described in the procedure.",
umn/source/access_control/security_group/managing_security_group_rules/adding_a_security_group_rule.rst,Adding a Security Group Rule,en-us_image_0000001818982734.png,icon,partial,0.72,"Image is a small gray location-pin icon, referenced as |image1| in step 2 for selecting region and project. | The icon is a generic location marker, semantically appropriate for a region selector. | It is a small symbolic graphic, not a full UI screenshot.",The icon is very small and low-resolution; surrounding UI context is not visible.
umn/source/access_control/security_group/managing_security_group_rules/adding_a_security_group_rule.rst,Adding a Security Group Rule,en-us_image_0000001818823082.png,icon,partial,0.72,"Image is a hamburger-menu icon (three horizontal lines), referenced as |image2| in step 3 for opening the navigation menu. | The icon is a standard navigation symbol, appropriate for the described action of choosing Network > Virtual Private Cloud. | It is a small isolated UI symbol, not a full screenshot.",The icon is very small and low-resolution; surrounding UI context is not visible.
umn/source/access_control/security_group/managing_security_group_rules/allowing_common_ports_with_a_few_clicks.rst,Allowing Common Ports with a Few Clicks,en-us_image_0000001818982734.png,icon,pass,0.83,"The image is a location pin icon, consistent with the RST instruction to 'select the desired region and project' in step 2. | The icon is a small symbolic graphic (map marker), correctly classified as an icon. | The RST references this as |image1| in the Procedure section, step 2, for region/project selection. | No interactive buttons or controls are visible; it is a standalone icon.","The icon is very small and low-resolution, making fine details hard to discern, but the location pin shape is clear."
umn/source/access_control/security_group/managing_security_group_rules/allowing_common_ports_with_a_few_clicks.rst,Allowing Common Ports with a Few Clicks,en-us_image_0000001818823186.png,icon,pass,0.83,"The image shows a hamburger menu icon (three horizontal lines), consistent with the RST instruction to open a navigation menu and choose 'Network > Virtual Private Cloud' in step 3. | The icon is a small symbolic graphic, correctly classified as an icon. | The RST references this as |image2| in the Procedure section, step 3, for accessing the navigation menu. | No interactive buttons or controls are visible; it is a standalone icon.","The icon is very small and low-resolution, but the three-line hamburger pattern is recognizable."
umn/source/access_control/security_group/managing_security_group_rules/deleting_a_security_group_rule.rst,Deleting a Security Group Rule,en-us_image_0000001818982734.png,icon,partial,0.77,"The image is a location pin icon, consistent with the RST instruction to click it to select a region and project in step 2. | It is a small symbolic UI icon, not a screenshot of the security group rule deletion interface. | The icon is relevant to the navigation procedure but not directly to the security group rule deletion topic.",The image does not show the actual region/project selection dropdown or the security group rule list. | No context of the full management console interface is visible.
umn/source/access_control/security_group/managing_security_group_rules/deleting_a_security_group_rule.rst,Deleting a Security Group Rule,en-us_image_0000001865582633.png,icon,partial,0.77,"The image is a hamburger menu icon (three horizontal lines), consistent with the RST instruction to click it to open the navigation menu for Network > Virtual Private Cloud in step 3. | It is a small symbolic UI icon, not a screenshot of the security group rule deletion interface. | The icon is relevant to the navigation procedure but not directly to the security group rule deletion topic.",The image does not show the actual navigation menu with Network > Virtual Private Cloud options. | No context of the full management console interface is visible.
umn/source/access_control/security_group/managing_security_group_rules/fast-adding_security_group_rules.rst,Fast-Adding Security Group Rules,en-us_image_0000002029168046.png,screenshot,pass,1.00,"Image is the Fast-Add Inbound Rule dialog box, directly matching Figure 1 referenced in step 7 of the RST. | All parameters from Table 1 are visible: Protocols and Ports (Remote Login and Ping, Web Service, Database), Type (IPv4), Source, Action (Allow/Deny). | The dialog title 'Fast-Add Inbound Rule' and the 'Learn more about security group configuration' link match the RST context. | Interactive elements include checkboxes, dropdowns, Allow/Deny toggle, Cancel and OK buttons.",Priority and Description fields are not visible in the screenshot (may be below the visible area).
umn/source/access_control/security_group/managing_security_group_rules/fast-adding_security_group_rules.rst,Fast-Adding Security Group Rules,en-us_image_0000002065209133.png,screenshot,pass,1.00,"Image is the Fast-Add Outbound Rule dialog box, directly matching Figure 2 referenced in step 10 of the RST. | All parameters from Table 2 are visible: Protocols and Ports, Type (IPv4), Destination, Action (Allow/Deny). | The dialog title 'Fast-Add Outbound Rule' and the information banner about Destination match the RST context. | Interactive elements include checkboxes, dropdowns, Allow/Deny toggle, Cancel and OK buttons.",Priority and Description fields are not visible in the screenshot (may be below the visible area).
umn/source/access_control/security_group/managing_security_group_rules/fast-adding_security_group_rules.rst,Fast-Adding Security Group Rules,en-us_image_0000001818982734.png,icon,partial,0.77,"Image is a location pin icon, referenced as |image1| in step 2 for selecting region and project. | The icon is a small symbolic graphic (pictogram) used as a UI element, not a full screenshot. | It is relevant to the procedure but not to the core topic of security group rules. | The location pin is semantically appropriate for a region selector.","The icon is very small and low-resolution, making fine details hard to discern."
umn/source/access_control/security_group/managing_security_group_rules/fast-adding_security_group_rules.rst,Fast-Adding Security Group Rules,en-us_image_0000001818982858.png,icon,partial,0.77,"Image is a hamburger menu icon (three horizontal lines), referenced as |image2| in step 3 for navigating to Network > Virtual Private Cloud. | The icon is a small symbolic graphic (pictogram) used as a UI navigation element. | It is relevant to the procedure but not to the core topic of security group rules. | The hamburger menu is semantically appropriate for a navigation menu trigger.","The icon is very small and low-resolution, making fine details hard to discern."
umn/source/access_control/security_group/managing_security_group_rules/importing_and_exporting_security_group_rules.rst,Importing and Exporting Security Group Rules,en-us_image_0000001818982734.png,icon,partial,0.67,"The image is a location pin icon, consistent with a region selector referenced in step 2 of the procedure. | The RST states 'Click |image1| in the upper left corner and select the desired region and project,' which aligns with a location/region icon. | The icon is a generic navigation element and does not directly depict security group rule import/export functionality.",No visible text or UI context in the image to confirm it is specifically a region selector. | The image is a small isolated icon without surrounding interface elements.
umn/source/access_control/security_group/managing_security_group_rules/importing_and_exporting_security_group_rules.rst,Importing and Exporting Security Group Rules,en-us_image_0000001865582585.png,icon,partial,0.67,"The image is a hamburger menu icon (three horizontal lines), consistent with a navigation menu referenced in step 3 of the procedure. | The RST states 'Click |image2| in the upper left corner and choose Network > Virtual Private Cloud,' which aligns with a menu icon. | The icon is a generic navigation element and does not directly depict security group rule import/export functionality.",No visible text or UI context in the image to confirm it is specifically a service navigation menu. | The image is a small isolated icon without surrounding interface elements.
umn/source/access_control/security_group/managing_security_group_rules/modifying_a_security_group_rule.rst,Modifying a Security Group Rule,en-us_image_0000001818982734.png,icon,partial,0.77,"The image is a location pin icon, consistent with the RST instruction to click it to select region and project. | It is a small symbolic graphic (icon) used for navigation in the management console. | The icon is part of the procedure to reach the security group modification page but does not directly depict security group rules. | The RST explicitly references this image in step 2 for region/project selection.","The image does not show the actual region/project selection dropdown or interface. | No context of the full console UI is visible, only the isolated icon."
umn/source/access_control/security_group/managing_security_group_rules/modifying_a_security_group_rule.rst,Modifying a Security Group Rule,en-us_image_0000001818983190.png,icon,partial,0.77,"The image is a hamburger menu icon (three horizontal lines), consistent with the RST instruction to click it to navigate to Network > Virtual Private Cloud. | It is a small symbolic graphic (icon) used for opening a navigation menu in the management console. | The icon is part of the procedure to reach the security group modification page but does not directly depict security group rules. | The RST explicitly references this image in step 3 for navigating to the VPC section.","The image does not show the actual navigation menu or the Network > Virtual Private Cloud path. | No context of the full console UI is visible, only the isolated icon."
umn/source/access_control/security_group/managing_security_group_rules/replicating_a_security_group_rule.rst,Replicating a Security Group Rule,en-us_image_0000001818982734.png,icon,partial,0.77,"The image is a location pin icon, consistent with the RST description of a region selector in the upper left corner. | It is used in step 2 of the procedure to select the desired region and project. | The icon is a small symbolic graphic, not a full UI screenshot. | The icon semantically matches the concept of selecting a region/location.","The actual management console UI is not shown; only the symbolic icon is provided. | No surrounding context (e.g., the full navigation bar) is visible to confirm placement."
umn/source/access_control/security_group/managing_security_group_rules/replicating_a_security_group_rule.rst,Replicating a Security Group Rule,en-us_image_0000001865583245.png,icon,partial,0.77,"The image is a hamburger menu icon (three horizontal lines), consistent with the RST description of a navigation menu in the upper left corner. | It is used in step 3 of the procedure to navigate to Network > Virtual Private Cloud. | The icon is a small symbolic graphic, not a full UI screenshot. | The icon semantically matches the concept of opening a navigation menu.","The actual management console UI is not shown; only the symbolic icon is provided. | No surrounding context (e.g., the full navigation bar or menu items) is visible to confirm the Network > VPC path."
umn/source/access_control/security_group/security_groups_and_security_group_rules.rst,Security Groups and Security Group Rules,en-us_image_0000001865662813.png,other,fail,0.00,Local color check detected #3298ff.,
umn/source/elastic_ip/assigning_an_eip_and_binding_it_to_an_ecs.rst,Assigning an EIP and Binding It to an ECS,en-us_image_0000001818823034.png,screenshot,pass,1.00,"Image is the 'Assign EIP' page screenshot matching Figure 1 in the RST. | All parameters from Table 1 (Region, EIP Type, Billed By, Bandwidth, EIP Name, Enterprise Project, Bandwidth Name, Tag, Quantity) are visible. | The 'Create Now' button at the bottom matches step 6 in the RST. | Region shown is eu-de, consistent with the example value in the table.",
umn/source/elastic_ip/assigning_an_eip_and_binding_it_to_an_ecs.rst,Assigning an EIP and Binding It to an ECS,en-us_image_0000002065116093.png,screenshot,pass,1.00,"Image is the 'Bind EIP' dialog matching Figure 2 in the RST. | Shows Instance Type tabs (ECS, Virtual IP address, BMS) with ECS selected, matching the RST context of binding to an ECS. | Table columns (Name/ID, Status, EIP, Private IP Address, Enterprise Project, VPC) are visible. | OK and Cancel buttons at the bottom match step 3 of the Binding an EIP section.",
umn/source/elastic_ip/assigning_an_eip_and_binding_it_to_an_ecs.rst,Assigning an EIP and Binding It to an ECS,en-us_image_0000001818982734.png,icon,pass,0.88,"Image is a location pin icon referenced as |image1| in step 2 of the RST. | The RST instructs to click this icon in the upper left corner to select region and project, which matches a location/region selector icon. | The icon is small and simple, consistent with a UI navigation symbol.","The icon is very small and low-resolution, making fine details hard to discern."
umn/source/elastic_ip/assigning_an_eip_and_binding_it_to_an_ecs.rst,Assigning an EIP and Binding It to an ECS,en-us_image_0000001818982822.png,icon,pass,0.88,"Image is a hamburger menu (three horizontal lines) icon referenced as |image2| in step 3 of the RST. | The RST instructs to click this icon in the upper left corner to choose Network > Elastic IP, which matches a navigation menu icon. | The icon is small and simple, consistent with a UI navigation symbol.","The icon is very small and low-resolution, making fine details hard to discern."
umn/source/elastic_ip/exporting_eips.rst,Exporting EIPs,en-us_image_0000001818982734.png,icon,pass,0.83,"The image is a location pin icon, consistent with the RST instruction to 'select the desired region and project' in step 2. | It is a small symbolic UI icon (pictogram), not a full screenshot. | The icon is directly referenced as |image1| in the Procedure section, making it integral to the step. | No contradiction between the icon and its described purpose (region/project selector).",The icon is generic and does not show any EIP-specific context. | No surrounding UI is visible to confirm it is in the 'upper left corner' as stated.
umn/source/elastic_ip/exporting_eips.rst,Exporting EIPs,en-us_image_0000001818982822.png,icon,pass,0.83,"The image is a hamburger menu icon (three horizontal lines), consistent with the RST instruction to open a navigation menu and choose 'Network > Elastic IP' in step 3. | It is a small symbolic UI icon, not a full screenshot. | The icon is directly referenced as |image2| in the Procedure section, making it integral to the step. | No contradiction between the icon and its described purpose (navigation menu trigger).",The icon is generic and does not show any EIP-specific context. | No surrounding UI is visible to confirm it is in the 'upper left corner' as stated.
umn/source/elastic_ip/managing_eip_tags.rst,Managing EIP Tags,en-us_image_0000001818982734.png,icon,partial,0.72,"The image is a location pin / map marker icon, consistent with the RST instruction to click it to select the desired region and project. | It is a generic navigation icon used in the Procedure section for accessing the EIP management console. | The icon is small and symbolic, fitting the 'icon' classification.","No surrounding UI context is visible; only the isolated icon is shown. | The RST references this same image for both |image1| and |image3|, so it serves the same role in both procedure blocks."
umn/source/elastic_ip/managing_eip_tags.rst,Managing EIP Tags,en-us_image_0000001818982822.png,icon,partial,0.72,"The image is a hamburger menu icon (three horizontal lines), consistent with the RST instruction to click it to open the navigation menu and choose Network > Elastic IP. | It is a generic navigation icon used in the Procedure section for accessing the EIP management console. | The icon is small and symbolic, fitting the 'icon' classification.","No surrounding UI context is visible; only the isolated icon is shown. | The RST references this same image for both |image2| and |image4|, so it serves the same role in both procedure blocks."
umn/source/elastic_ip/modifying_an_eip_bandwidth.rst,Modifying an EIP Bandwidth,en-us_image_0000001818982734.png,icon,partial,0.72,"The image is a location pin icon, consistent with the RST instruction to select a region and project. | It is used in step 2 of the procedure for navigating to the correct region/project before accessing EIP settings. | The icon is a standard UI symbol for region/location selection, matching the described action.","The icon is very small and low-resolution, making fine details hard to discern. | No surrounding UI context is visible to confirm it is in the upper left corner of a console."
umn/source/elastic_ip/modifying_an_eip_bandwidth.rst,Modifying an EIP Bandwidth,en-us_image_0000001818982822.png,icon,partial,0.72,"The image is a hamburger menu icon (three horizontal lines), consistent with the RST instruction to open a navigation menu and choose Network > Elastic IP. | It is used in step 3 of the procedure for accessing the service navigation. | The icon is a standard UI symbol for opening a navigation/dropdown menu, matching the described action.","The icon is very small and low-resolution, making fine details hard to discern. | No surrounding UI context is visible to confirm it is in the upper left corner of a console."
umn/source/elastic_ip/unbinding_an_eip_from_an_ecs_and_releasing_the_eip.rst,Unbinding an EIP from an ECS and Releasing the EIP,en-us_image_0000001818982734.png,icon,pass,0.83,"The image is a location pin icon, a standard UI symbol for region/project selection. | The RST references this icon in steps that say 'Click |imageX| in the upper left corner and select the desired region and project,' which matches the icon's purpose. | The icon is used as a prerequisite navigation step in the Procedure section, not directly illustrating EIP unbinding or releasing. | The visual clearly shows a map-marker/location pin, consistent with a region selector control.",No surrounding UI context is visible; only the isolated icon is shown. | The actual region/project dropdown or panel is not depicted.
umn/source/elastic_ip/unbinding_an_eip_from_an_ecs_and_releasing_the_eip.rst,Unbinding an EIP from an ECS and Releasing the EIP,en-us_image_0000001818982822.png,icon,pass,0.83,"The image is a hamburger menu icon (three horizontal lines), a standard UI symbol for opening a navigation menu. | The RST references this icon in steps that say 'Click |imageX| in the upper left corner, and choose Network > Elastic IP,' which matches the icon's purpose as a menu trigger. | The icon is used as a navigation step in the Procedure section to reach the EIP page, not directly illustrating the unbind/release action. | The visual clearly shows three horizontal bars, consistent with a hamburger/navigation menu control.",No surrounding UI context is visible; only the isolated icon is shown. | The actual navigation menu with 'Network > Elastic IP' options is not depicted.
umn/source/faq/connectivity/how_does_an_ipv6_client_on_the_internet_access_the_ecs_that_has_an_eip_bound_in_a_vpc.rst,How Does an IPv6 Client on the Internet Access the ECS That Has an EIP Bound in a VPC?,en-us_image_0000001865662749.png,other,pass,1.00,"The image is a network architecture diagram illustrating the IPv6 data flow, matching the document's topic of an IPv6 client accessing an ECS with an EIP in a VPC. | It shows the Internet side (IPv6 client, IPv6 network, NAT64 gateway) and the VPC side (Router, ECS instances, Subnet, EIP 192.19.128.5), consistent with the rst description of NAT64 converting IPv6 to IPv4. | Numbered steps 1-4 with explanatory text align with the figure caption 'Figure 1 IPv6 data flow' referenced in the document. | Labels and arrows provide clear visual evidence of the packet flow and address conversion described in the text.","No interactive UI elements are present, as expected for a static diagram."
umn/source/faq/eips/what_is_an_eip.rst,What Is an EIP?,en-us_image_0000001818823042.png,other,fail,0.00,Local color check detected #3298ff.,
umn/source/faq/general_questions/what_is_a_quota.rst,What Is a Quota?,en-us_image_0000001865663101.png,icon,partial,0.77,"The image is a location pin icon, consistent with the RST instruction to 'select the desired region and project' | It is used in step 2 of the 'How Do I View My Quotas?' section for navigation | The icon is a standard location/region selector symbol commonly found in cloud management consoles | No contradiction between the icon and its described purpose in the document",The image does not show the full UI context (upper left corner placement) | No text label is visible on the icon to confirm it is specifically a region selector
umn/source/faq/general_questions/what_is_a_quota.rst,What Is a Quota?,en-us_image_0000001818823370.png,icon,pass,0.83,"The image is a bar chart icon (three vertical bars of decreasing height), which is a reasonable representation for a Quotas/usage page | It is used in step 3 of the 'How Do I View My Quotas?' section to navigate to the Quotas page | Bar chart icons are commonly used to represent metrics, usage, or quota dashboards in cloud consoles | No contradiction between the icon and its described purpose of leading to the Quotas page",The image does not show the full UI context (upper right corner placement) | No text label is visible on the icon to confirm it specifically represents 'Quotas'
umn/source/faq/security/how_do_i_configure_a_security_group_for_multi-channel_protocols.rst,How Do I Configure a Security Group for Multi-Channel Protocols?,en-us_image_0000001818823770.png,screenshot,pass,1.00,"Image is a UI table of security group rules with Type, Protocol & Port, and Source columns, matching the figure caption 'Security group rules'. | The UDP port range 60001-60100 shown in the image exactly matches the RST example of data channel ports ranging from 60001 to 60100. | The image belongs to the Security Group Configuration section and illustrates the rule configuration described in the text. | Checkboxes are visible as interactive controls in the table rows.","The RST also mentions configuring port 69 for TFTP, but the image only shows the 60001-60100 UDP range and an 'All' rule, not an explicit port 69 entry."
umn/source/faq/vpc_peering_connections/can_a_vpc_peering_connection_connect_vpcs_in_different_regions.rst,Can a VPC Peering Connection Connect VPCs in Different Regions?,en-us_image_0000001818983018.png,other,fail,0.00,Local color check detected #3298ff.,
umn/source/faq/vpc_peering_connections/why_did_communication_fail_between_vpcs_that_were_connected_by_a_vpc_peering_connection.rst,Why Did Communication Fail Between VPCs That Were Connected by a VPC Peering Connection?,en-us_image_0000001818982898.png,other,fail,0.00,Local color check detected #3298ff.,
umn/source/faq/vpc_peering_connections/why_did_communication_fail_between_vpcs_that_were_connected_by_a_vpc_peering_connection.rst,Why Did Communication Fail Between VPCs That Were Connected by a VPC Peering Connection?,en-us_image_0000001818983474.png,other,fail,0.00,Local color check detected #3298ff.,
umn/source/faq/vpc_peering_connections/why_did_communication_fail_between_vpcs_that_were_connected_by_a_vpc_peering_connection.rst,Why Did Communication Fail Between VPCs That Were Connected by a VPC Peering Connection?,en-us_image_0000001818823702.png,other,fail,0.00,Local color check detected #3298ff.,
umn/source/faq/vpcs_and_subnets/what_is_virtual_private_cloud.rst,What Is Virtual Private Cloud?,en-us_image_0000001865663209.png,other,fail,0.00,Local color check detected #3298ff.,
umn/source/getting_started/configuring_a_vpc_for_ecss_that_access_the_internet_using_eips/overview.rst,Overview,en-us_image_0000001818823006.png,other,fail,0.00,Local color check detected #3298ff.,
umn/source/getting_started/configuring_a_vpc_for_ecss_that_access_the_internet_using_eips/step_1_create_a_vpc.rst,Step 1: Create a VPC,en-us_image_0000001865837676.png,screenshot,pass,1.00,"Image shows the Create VPC form with Basic Information and Default Subnet sections | All parameters from Table 1 are visible: Region, Name, IPv4 CIDR Block, Enterprise Project, Tag, Description, Gateway, DNS Server Address, NTP Server Address | Matches Figure 1 caption 'Creating a VPC and subnet' in the RST | Create Now button visible at bottom right matching step 6 of the procedure",
umn/source/getting_started/configuring_a_vpc_for_ecss_that_access_the_internet_using_eips/step_1_create_a_vpc.rst,Step 1: Create a VPC,en-us_image_0000001818982734.png,icon,pass,0.93,Small location pin icon referenced as |image1| in step 2 for selecting region and project | Icon is appropriate for a region/area selector in the upper left corner | Directly referenced in the RST procedure step 2,"Icon is very small and low resolution, making fine details hard to discern"
umn/source/getting_started/configuring_a_vpc_for_ecss_that_access_the_internet_using_eips/step_1_create_a_vpc.rst,Step 1: Create a VPC,en-us_image_0000001865663089.png,icon,pass,0.93,Hamburger menu icon (three horizontal lines) referenced as |image2| in step 3 | Used to open navigation menu to choose Network > Virtual Private Cloud | Directly referenced in the RST procedure step 3,"Icon is very small and low resolution, making fine details hard to discern"
umn/source/getting_started/configuring_a_vpc_for_ecss_that_access_the_internet_using_eips/step_2_create_a_subnet_for_the_vpc.rst,Step 2: Create a Subnet for the VPC,en-us_image_0000002029182980.png,screenshot,pass,1.00,"Image is the Create Subnet page screenshot referenced as Figure 1 in the RST | Shows all parameters from Table 1: Region, VPC, Subnet Name, IPv4 CIDR Block, IPv6 CIDR Block, Associated Route Table, Advanced Settings (Gateway, DNS Server Address, NTP Server Address, Tag, Description) | The form layout and field labels match the parameter descriptions in the document | The 'Create Now' button at the bottom corresponds to step 7 (Click OK)",The RST says step 7 is 'Click OK' but the screenshot shows a 'Create Now' button instead of 'OK'
umn/source/getting_started/configuring_a_vpc_for_ecss_that_access_the_internet_using_eips/step_2_create_a_subnet_for_the_vpc.rst,Step 2: Create a Subnet for the VPC,en-us_image_0000001818982734.png,icon,pass,0.88,"Image is a location pin icon referenced as |image1| in step 2 for selecting region and project | A location pin is semantically appropriate for a region selector | The icon is small and low-resolution, limiting detail assessment",Icon is very small and low-resolution; exact styling details are hard to discern
umn/source/getting_started/configuring_a_vpc_for_ecss_that_access_the_internet_using_eips/step_2_create_a_subnet_for_the_vpc.rst,Step 2: Create a Subnet for the VPC,en-us_image_0000001818983298.png,icon,pass,0.88,"Image is a hamburger menu icon (three horizontal lines) referenced as |image2| in step 3 for navigating to Network > Virtual Private Cloud | A hamburger menu icon is semantically appropriate for opening a navigation menu | The icon is small and low-resolution, limiting detail assessment",Icon is very small and low-resolution; exact styling details are hard to discern
umn/source/getting_started/configuring_a_vpc_for_ecss_that_access_the_internet_using_eips/step_3_assign_an_eip_and_bind_it_to_an_ecs.rst,Step 3: Assign an EIP and Bind It to an ECS,en-us_image_0000001818823034.png,screenshot,pass,1.00,"Image is the 'Assign EIP' console page, matching Figure 1 in the 'Assigning an EIP' section. | Visible fields (Region, EIP Type, Billed By, Bandwidth, EIP Name, Enterprise Project, Bandwidth Name, Tag, Quantity, Create Now) align with Table 1 parameters. | Interactive controls such as dropdowns, bandwidth selector, and Create Now button are present.","Example values from the table (e.g., eip-test, 100 Mbit/s) are not pre-filled in the screenshot, but this is expected for a blank form."
umn/source/getting_started/configuring_a_vpc_for_ecss_that_access_the_internet_using_eips/step_3_assign_an_eip_and_bind_it_to_an_ecs.rst,Step 3: Assign an EIP and Bind It to an ECS,en-us_image_0000002065116093.png,screenshot,pass,1.00,"Image is the 'Bind EIP' dialog, matching Figure 2 in the 'Binding an EIP' section. | Shows instance selection table (Name/ID, Status, EIP, Private IP Address, Enterprise Project, VPC), NIC selector, and OK/Cancel buttons consistent with the bind steps. | Interactive controls (instance rows, NIC dropdown, OK button) are visible.","Some instance names and IP values are partially obscured/blurred, but the structure is clear."
umn/source/getting_started/configuring_a_vpc_for_ecss_that_access_the_internet_using_eips/step_3_assign_an_eip_and_bind_it_to_an_ecs.rst,Step 3: Assign an EIP and Bind It to an ECS,en-us_image_0000001818982734.png,icon,pass,0.88,"Image is a location/map-pin icon used as |image1| in step 2 to select region and project. | It is a small isolated symbolic graphic, consistent with the region selector icon in the console. | No interactive control is visible in the isolated icon itself.","Icon is low-resolution and small, so fine detail is limited."
umn/source/getting_started/configuring_a_vpc_for_ecss_that_access_the_internet_using_eips/step_3_assign_an_eip_and_bind_it_to_an_ecs.rst,Step 3: Assign an EIP and Bind It to an ECS,en-us_image_0000001818982822.png,icon,pass,0.88,"Image is a hamburger (three-line) menu icon used as |image2| in step 3 to open the navigation menu for Network > Elastic IP. | It is a small isolated UI symbol, matching the menu icon in the upper left corner of the console. | No interactive control is visible in the isolated icon itself.","Icon is low-resolution and small, so fine detail is limited."
umn/source/getting_started/configuring_a_vpc_for_ecss_that_access_the_internet_using_eips/step_4_create_a_security_group.rst,Step 4: Create a Security Group,en-us_image_0000002065211017.png,screenshot,pass,1.00,"Image is a screenshot of the 'Create Security Group' dialog, matching Figure 1 in the RST | Shows all parameters from Table 2: Name, Enterprise Project, Template, Description | Displays the Inbound/Outbound rule tabs with a table showing Priority, Action, Type, Protocol & Port, Source | Template field shows 'General-purpose web ser...' matching the example value in Table 2 | Contains Cancel and OK buttons at the bottom as described in step 7",Some values in the Protocol & Port and Source columns are partially obscured/blurred
umn/source/getting_started/configuring_a_vpc_for_ecss_that_access_the_internet_using_eips/step_4_create_a_security_group.rst,Step 4: Create a Security Group,en-us_image_0000001818982734.png,icon,partial,0.72,"Small location pin / map marker icon, consistent with a region selector in the upper left corner | Referenced in RST step 2 as the element to click to select region and project | Generic UI icon with no specific security-group-related content | No interactive controls visible in the image itself","Icon is very small and low-resolution, making fine details hard to discern | No surrounding UI context visible to confirm placement in upper left corner"
umn/source/getting_started/configuring_a_vpc_for_ecss_that_access_the_internet_using_eips/step_4_create_a_security_group.rst,Step 4: Create a Security Group,en-us_image_0000001865582681.png,icon,partial,0.72,"Small hamburger menu icon (three horizontal lines), consistent with a navigation menu in the upper left corner | Referenced in RST step 3 as the element to click to choose Network > Virtual Private Cloud | Generic UI icon with no specific security-group-related content | No interactive controls visible in the image itself","Icon is very small and low-resolution, making fine details hard to discern | No surrounding UI context visible to confirm placement in upper left corner"
umn/source/getting_started/configuring_a_vpc_for_ecss_that_access_the_internet_using_eips/step_5_add_a_security_group_rule.rst,Step 5: Add a Security Group Rule,en-us_image_0000002065205609.png,screenshot,pass,1.00,"Image is the 'Add Inbound Rule' dialog box, matching Figure 1 in the RST. | All parameters from Table 1 (Priority, Action, Type, Protocol & Port, Source, Description) are visible. | The dialog includes Cancel and OK buttons as described in the procedure. | The 'Add Rule' button and batch import link are visible, consistent with the RST instructions.",
umn/source/getting_started/configuring_a_vpc_for_ecss_that_access_the_internet_using_eips/step_5_add_a_security_group_rule.rst,Step 5: Add a Security Group Rule,en-us_image_0000002065206257.png,screenshot,pass,1.00,"Image is the 'Add Outbound Rule' dialog box, matching Figure 2 in the RST. | All parameters from Table 2 (Priority, Action, Type, Protocol & Port, Destination, Description) are visible. | The dialog includes Cancel and OK buttons as described in the procedure. | The 'Add Rule' button and batch import link are visible, consistent with the RST instructions.",
umn/source/getting_started/configuring_a_vpc_for_ecss_that_access_the_internet_using_eips/step_5_add_a_security_group_rule.rst,Step 5: Add a Security Group Rule,en-us_image_0000001818982734.png,icon,partial,0.72,"Image is a location/region pin icon, referenced as |image1| in step 2 for selecting region and project. | The icon is a small symbolic graphic (pictogram), not a full screenshot. | It is semantically relevant to the navigation step of selecting a region in the management console. | No contradiction with the RST text describing clicking the icon in the upper left corner.","The icon is very small and low-resolution, making it hard to confirm exact visual details. | No surrounding UI context is visible to confirm its placement in the upper left corner."
umn/source/getting_started/configuring_a_vpc_for_ecss_that_access_the_internet_using_eips/step_5_add_a_security_group_rule.rst,Step 5: Add a Security Group Rule,en-us_image_0000001818823082.png,icon,partial,0.72,"Image is a hamburger menu icon (three horizontal lines), referenced as |image2| in step 3 for navigating to Network > Virtual Private Cloud. | The icon is a small symbolic graphic (pictogram), not a full screenshot. | It is semantically relevant to the navigation step of opening the main menu in the management console. | No contradiction with the RST text describing clicking the icon in the upper left corner.","The icon is very small and low-resolution, making it hard to confirm exact visual details. | No surrounding UI context is visible to confirm its placement in the upper left corner."
umn/source/getting_started/configuring_a_vpc_for_ecss_that_do_not_require_internet_access/overview.rst,Overview,en-us_image_0000001818823762.png,other,fail,0.00,Local color check detected #3298ff.,
umn/source/getting_started/configuring_a_vpc_for_ecss_that_do_not_require_internet_access/step_1_create_a_vpc.rst,Step 1: Create a VPC,en-us_image_0000001865837676.png,screenshot,pass,1.00,"Image is the Create VPC page screenshot referenced as Figure 1 in the RST | Shows Basic Information section with Region, Name, IPv4 CIDR Block, Enterprise Project fields matching Table 1 | Shows Default Subnet section with Name, IPv4 CIDR Block, IPv6 CIDR Block, Associated Route Table fields | Shows Advanced Settings for both VPC (Tag, Description) and Subnet (Gateway, DNS Server Address, NTP Server Address, Tag) | Create Now button visible at bottom right matching step 6 of the procedure",
umn/source/getting_started/configuring_a_vpc_for_ecss_that_do_not_require_internet_access/step_1_create_a_vpc.rst,Step 1: Create a VPC,en-us_image_0000001818982734.png,icon,pass,1.00,Image is a location pin icon referenced as |image1| in step 2 of the procedure | The RST states to click this icon in the upper left corner to select region and project | A location pin is a standard symbol for region/area selection in cloud consoles | Small isolated symbolic graphic consistent with an icon classification,
umn/source/getting_started/configuring_a_vpc_for_ecss_that_do_not_require_internet_access/step_1_create_a_vpc.rst,Step 1: Create a VPC,en-us_image_0000001865663089.png,icon,pass,1.00,Image is a three-line hamburger menu icon referenced as |image2| in step 3 of the procedure | The RST states to click this icon in the upper left corner to choose Network > Virtual Private Cloud | A hamburger menu icon is standard for opening navigation menus in cloud management consoles | Small isolated symbolic graphic consistent with an icon classification,
umn/source/getting_started/configuring_a_vpc_for_ecss_that_do_not_require_internet_access/step_2_create_a_subnet_for_the_vpc.rst,Step 2: Create a Subnet for the VPC,en-us_image_0000002029182980.png,screenshot,pass,1.00,"Image is the Create Subnet page screenshot referenced as Figure 1 in the RST | Shows all parameters from Table 1: Region, VPC, Subnet Name, IPv4 CIDR Block, IPv6 CIDR Block, Associated Route Table, Advanced Settings (Gateway, DNS Server Address, NTP Server Address, Tag, Description) | The form layout and field labels match the parameter descriptions in the document | The 'Create Now' button at the bottom corresponds to step 7 (Click OK)",The exact button label in the RST says 'OK' but the screenshot shows 'Create Now' - minor labeling difference
umn/source/getting_started/configuring_a_vpc_for_ecss_that_do_not_require_internet_access/step_2_create_a_subnet_for_the_vpc.rst,Step 2: Create a Subnet for the VPC,en-us_image_0000001818982734.png,icon,pass,0.88,"Image is a location pin icon referenced as |image1| in step 2 for selecting region and project | A location pin is semantically appropriate for a region selector | The icon is small and low-resolution, limiting detail assessment",Icon is very small and low-resolution; exact styling details are hard to discern
umn/source/getting_started/configuring_a_vpc_for_ecss_that_do_not_require_internet_access/step_2_create_a_subnet_for_the_vpc.rst,Step 2: Create a Subnet for the VPC,en-us_image_0000001818983298.png,icon,pass,0.88,"Image is a hamburger menu icon (three horizontal lines) referenced as |image2| in step 3 for navigating to Network > Virtual Private Cloud | A hamburger menu icon is semantically appropriate for opening a navigation menu | The icon is small and low-resolution, limiting detail assessment",Icon is very small and low-resolution; exact styling details are hard to discern
umn/source/getting_started/configuring_a_vpc_for_ecss_that_do_not_require_internet_access/step_3_create_a_security_group.rst,Step 3: Create a Security Group,en-us_image_0000002065211017.png,screenshot,pass,1.00,"Image is a screenshot of the 'Create Security Group' dialog, matching Figure 1 in the RST. | All parameters from Table 1 (Name, Enterprise Project, Template, Description) are visible in the form. | Inbound/Outbound tabs and rule table (Priority, Action, Type, Protocol & Port, Source) are shown, consistent with step 7. | Cancel and OK buttons are present at the bottom, matching the 'click OK' instruction. | The template 'General-purpose web ser...' matches the example value in the table.","Some values in the rule table (Protocol & Port, Source columns) are partially obscured/blurred."
umn/source/getting_started/configuring_a_vpc_for_ecss_that_do_not_require_internet_access/step_3_create_a_security_group.rst,Step 3: Create a Security Group,en-us_image_0000001818982734.png,icon,pass,0.88,"Image is a small location-pin icon, referenced as |image1| in step 2 for selecting region and project. | The icon is consistent with a region/project selector commonly found in cloud management consoles. | It is a small symbolic graphic (pictogram), not a full UI screenshot. | The icon is small and low-resolution, making fine detail hard to assess.","The icon is very small; surrounding UI context (e.g., the upper-left corner placement) is not visible in the image itself."
umn/source/getting_started/configuring_a_vpc_for_ecss_that_do_not_require_internet_access/step_3_create_a_security_group.rst,Step 3: Create a Security Group,en-us_image_0000001865582681.png,icon,pass,0.88,"Image is a hamburger-menu icon (three horizontal lines), referenced as |image2| in step 3 for navigating to Network > Virtual Private Cloud. | The icon is consistent with a navigation/menu toggle commonly found in the upper-left corner of cloud management consoles. | It is a small symbolic graphic (pictogram), not a full UI screenshot. | The icon is small and low-resolution; the three lines are visible but lack fine detail.","The icon is very small; surrounding UI context (e.g., the upper-left corner placement, the menu that opens) is not visible in the image itself."
umn/source/getting_started/configuring_a_vpc_for_ecss_that_do_not_require_internet_access/step_4_add_a_security_group_rule.rst,Step 4: Add a Security Group Rule,en-us_image_0000002065205609.png,screenshot,pass,1.00,"Image is the 'Add Inbound Rule' dialog box, matching Figure 1 in the RST. | All parameters from Table 1 (Priority, Action, Type, Protocol & Port, Source, Description) are visible in the form. | The dialog includes Cancel and OK buttons as described in the procedure. | The 'Add Rule' button and batch import link are visible, consistent with the RST instructions.",
umn/source/getting_started/configuring_a_vpc_for_ecss_that_do_not_require_internet_access/step_4_add_a_security_group_rule.rst,Step 4: Add a Security Group Rule,en-us_image_0000002065206257.png,screenshot,pass,1.00,"Image is the 'Add Outbound Rule' dialog box, matching Figure 2 in the RST. | All parameters from Table 2 (Priority, Action, Type, Protocol & Port, Destination, Description) are visible in the form. | The dialog includes Cancel and OK buttons as described in the procedure. | The 'Add Rule' button and batch import link are visible, consistent with the RST instructions.",
umn/source/getting_started/configuring_a_vpc_for_ecss_that_do_not_require_internet_access/step_4_add_a_security_group_rule.rst,Step 4: Add a Security Group Rule,en-us_image_0000001818982734.png,icon,partial,0.72,"Image is a location pin icon, used as |image1| in step 2 for selecting region and project. | The icon is a small symbolic graphic representing a region selector, consistent with the RST instruction. | It is a simple pictogram without interactive controls visible in isolation.","The icon is shown in isolation without surrounding UI context, so its exact placement in the upper-left corner cannot be verified."
umn/source/getting_started/configuring_a_vpc_for_ecss_that_do_not_require_internet_access/step_4_add_a_security_group_rule.rst,Step 4: Add a Security Group Rule,en-us_image_0000001818823082.png,icon,partial,0.72,"Image is a hamburger menu icon (three horizontal lines), used as |image2| in step 3 for navigating to Network > Virtual Private Cloud. | The icon is a small symbolic graphic representing a navigation menu, consistent with the RST instruction. | It is a simple pictogram without interactive controls visible in isolation.","The icon is shown in isolation without surrounding UI context, so its exact placement in the upper-left corner cannot be verified."
umn/source/ip_address_group/ip_address_group_overview.rst,IP Address Group Overview,en-us_image_0000002373307737.png,other,pass,1.00,"The diagram directly illustrates an IP address group (ipGroup-A) being used as the source of a security group (sg-A) inbound rule, matching the RST Figure 1 description. | The left box lists IP address ranges (10.1.0.0/16, 192.168.0.0/16) and single IP addresses (10.0.2.5/32, 172.16.0.10/32), consistent with the document's definition of an IP address group. | The right box shows the security group with an inbound rule source of ipGroup-A and an outbound rule destination of 0.0.0.0/0, aligning with the table example in the RST. | The image is a clean schematic diagram rather than a UI screenshot, so it is classified as 'other'.","No interactive UI controls are present, so no button-related evidence is available."
umn/source/ip_address_group/managing_an_ip_address_group/creating_an_ip_address_group.rst,Creating an IP Address Group,en-us_image_0000001818982734.png,icon,partial,0.72,"The image shows a location pin icon, consistent with the RST instruction to click it to select region and project in step 2. | The icon is a generic UI element used in the navigation procedure for creating an IP address group. | The RST explicitly references this image as |image1| for the region/project selector in the upper left corner.","The image is small and low-resolution, making fine details hard to discern. | No surrounding UI context is visible to confirm it is specifically a region selector button."
umn/source/ip_address_group/managing_an_ip_address_group/creating_an_ip_address_group.rst,Creating an IP Address Group,en-us_image_0000001865582865.png,icon,partial,0.72,"The image shows a hamburger menu icon (three horizontal lines), consistent with the RST instruction to click it to navigate to Network > Virtual Private Cloud in step 3. | The icon is a generic navigation menu element used in the procedure for creating an IP address group. | The RST explicitly references this image as |image2| for the navigation menu in the upper left corner.","The image is small and low-resolution, making fine details hard to discern. | No surrounding UI context is visible to confirm it is specifically the main navigation menu button."
umn/source/ip_address_group/managing_an_ip_address_group/deleting_an_ip_address_group.rst,Deleting an IP Address Group,en-us_image_0000001818982734.png,icon,partial,0.72,"The image is a small location pin icon, consistent with a region/project selector in a cloud management console. | The RST step 2 instructs to click this icon in the upper left corner to select region and project, which matches the location pin semantics. | It is a generic UI navigation element, not specific to IP address group deletion but part of the login/navigation procedure.",The icon is very small and low-resolution; no text or label is visible to confirm it is specifically a region selector. | No surrounding UI context is visible to confirm placement in the upper left corner.
umn/source/ip_address_group/managing_an_ip_address_group/deleting_an_ip_address_group.rst,Deleting an IP Address Group,en-us_image_0000001818983350.png,icon,partial,0.72,"The image is a hamburger menu icon (three horizontal lines), a standard symbol for opening a navigation menu. | The RST step 3 instructs to click this icon in the upper left corner to choose Network > Virtual Private Cloud, which matches the hamburger menu semantics. | It is a generic UI navigation element, not specific to IP address group deletion but part of the navigation procedure.",The icon is very small and low-resolution; no text or label is visible to confirm it is specifically a navigation menu trigger. | No surrounding UI context is visible to confirm placement in the upper left corner.
umn/source/ip_address_group/managing_an_ip_address_group/disassociating_an_ip_address_group_from_resources.rst,Disassociating an IP Address Group from Resources,en-us_image_0000001818982734.png,icon,partial,0.77,"The image is a location pin icon, consistent with the RST instruction to 'Click |image1| in the upper left corner and select the desired region and project.' | A location/region pin is a standard UI symbol for region selection in cloud management consoles. | The icon is used in step 2 of the procedure, a standard navigation prerequisite before accessing IP Address Groups. | The visual clearly shows a map-pin/location marker symbol.",The icon is small and monochrome; no surrounding UI context is visible to confirm it is specifically a region selector. | No label or text accompanies the icon in the image itself.
umn/source/ip_address_group/managing_an_ip_address_group/disassociating_an_ip_address_group_from_resources.rst,Disassociating an IP Address Group from Resources,en-us_image_0000001818823746.png,icon,partial,0.77,"The image is a hamburger menu icon (three horizontal lines), consistent with the RST instruction to 'Click |image2| in the upper left corner and choose Network > Virtual Private Cloud.' | A hamburger menu is a standard UI symbol for opening a navigation sidebar in cloud management consoles. | The icon is used in step 3 of the procedure, a standard navigation step to reach the VPC section. | The visual clearly shows three horizontal lines representing a menu toggle.",The icon is small and monochrome; no surrounding UI context is visible to confirm it opens a navigation menu specifically. | No label or text accompanies the icon in the image itself.
umn/source/ip_address_group/managing_an_ip_address_group/exporting_ip_address_group_details.rst,Exporting IP Address Group Details,en-us_image_0000001818982734.png,icon,partial,0.77,"The image is a small location-pin (map marker) pictogram, matching the region/project selector referenced in step 2. | The RST uses |image1| for selecting the desired region and project, which is consistent with a location icon. | The icon is part of the Procedure section and supports the navigation steps for reaching the VPC page. | The visual clearly shows an isolated location pin symbol with no surrounding UI.","No surrounding console UI is shown, so the exact placement in the upper-left corner cannot be verified from the image alone."
umn/source/ip_address_group/managing_an_ip_address_group/exporting_ip_address_group_details.rst,Exporting IP Address Group Details,en-us_image_0000001818823474.png,icon,partial,0.77,"The image is a hamburger (three horizontal lines) navigation menu pictogram. | The RST uses |image2| to open the menu and choose Network > Virtual Private Cloud, consistent with a navigation menu icon. | The icon belongs to the Procedure section and supports the navigation steps. | The visual clearly shows an isolated three-line menu symbol with no surrounding UI.","No surrounding console UI is shown, so the exact placement in the upper-left corner cannot be verified from the image alone."
umn/source/ip_address_group/managing_an_ip_address_group/modifying_an_ip_address_group.rst,Modifying an IP Address Group,en-us_image_0000001818982734.png,icon,pass,1.00,"The image is a location pin/marker icon, consistent with step 2 which instructs to click the icon to select region and project | A location pin is a standard UI symbol for region/area selection in cloud management consoles | The icon is small and symbolic, fitting the 'icon' classification",
umn/source/ip_address_group/managing_an_ip_address_group/modifying_an_ip_address_group.rst,Modifying an IP Address Group,en-us_image_0000001865663013.png,icon,pass,1.00,"The image is a hamburger menu icon (three horizontal lines), consistent with step 3 which instructs to click the icon to open navigation and choose Network > Virtual Private Cloud | A hamburger menu is a standard UI symbol for opening a navigation sidebar | The icon is small and symbolic, fitting the 'icon' classification",
umn/source/ip_address_group/managing_an_ip_address_group/modifying_an_ip_address_group.rst,Modifying an IP Address Group,en-us_image_0000001865663009.png,icon,pass,1.00,"The image is a pencil/edit icon, consistent with step 6 which instructs to click the icon on the right of the target parameter to modify it | A pencil icon is a standard UI symbol for editing/modifying a field | The icon is small and symbolic, fitting the 'icon' classification",
umn/source/ip_address_group/managing_an_ip_address_group/modifying_an_ip_address_group.rst,Modifying an IP Address Group,en-us_image_0000001865582813.png,icon,pass,1.00,"The image is a checkmark icon, consistent with step 7 which is the final confirmation step after modifying parameters | A checkmark is a standard UI symbol for confirming or saving changes | The icon is small and symbolic, fitting the 'icon' classification",
umn/source/ip_address_group/managing_an_ip_address_group/viewing_details_of_an_ip_address_group.rst,Viewing Details of an IP Address Group,en-us_image_0000001818982734.png,icon,pass,1.00,"The image is a location pin / map marker icon, which is the standard symbol for a region selector. | The RST step 2 instructs to click this icon to select the desired region and project, matching the icon's meaning. | The icon is used in the Procedure section of the 'Viewing Details of an IP Address Group' topic. | No contradiction between the icon and the surrounding text.",No surrounding UI context is shown; only the isolated icon is visible.
umn/source/ip_address_group/managing_an_ip_address_group/viewing_details_of_an_ip_address_group.rst,Viewing Details of an IP Address Group,en-us_image_0000001818983290.png,icon,pass,1.00,"The image is a hamburger / three-line navigation menu icon. | The RST step 3 instructs to click this icon to open the menu and choose Network > Virtual Private Cloud, matching the icon's purpose. | The icon is used in the Procedure section of the 'Viewing Details of an IP Address Group' topic. | No contradiction between the icon and the surrounding text.",No surrounding UI context is shown; only the isolated icon is visible.
umn/source/ip_address_group/managing_ip_address_entries_in_an_ip_address_group/adding_ip_address_entries_to_an_ip_address_group.rst,Adding IP Address Entries to an IP Address Group,en-us_image_0000001818982734.png,icon,partial,0.77,"The image is a location pin icon, consistent with the RST instruction to 'Click |image1| in the upper left corner and select the desired region and project.' | A location/region pin is a standard UI symbol for region selection in cloud management consoles. | The icon is used in step 2 of the procedure, which is a navigation prerequisite rather than the core IP address group topic. | The visual clearly shows a map pin / location marker symbol.","The image is very small and low-resolution, making it difficult to confirm fine details of the icon design. | No surrounding UI context is visible to confirm it appears in the upper left corner of a console."
umn/source/ip_address_group/managing_ip_address_entries_in_an_ip_address_group/adding_ip_address_entries_to_an_ip_address_group.rst,Adding IP Address Entries to an IP Address Group,en-us_image_0000001818823122.png,icon,partial,0.77,"The image is a hamburger menu icon (three horizontal lines), consistent with the RST instruction to 'Click |image2| in the upper left corner and choose Network > Virtual Private Cloud.' | A hamburger menu is a standard UI symbol for opening a navigation menu in cloud management consoles. | The icon is used in step 3 of the procedure, which is a navigation step to reach the VPC section. | The visual clearly shows three horizontal lines representing a menu toggle.","The image is very small and low-resolution, making it difficult to confirm fine details. | No surrounding UI context is visible to confirm it appears in the upper left corner of a console."
umn/source/ip_address_group/managing_ip_address_entries_in_an_ip_address_group/deleting_ip_address_entries_from_an_ip_address_group.rst,Deleting IP Address Entries from an IP Address Group,en-us_image_0000001818982734.png,icon,partial,0.77,"The image is a location pin icon, consistent with step 2's instruction to click it to select region and project. | It is a standard UI icon for region/location selection in a management console. | The icon is clearly visible and identifiable as a map marker/location pin. | No contradiction between the RST description and the image content.","The image does not show the surrounding UI context (upper-left corner placement, dropdown menu for region/project). | No label or text is visible to confirm it specifically represents region selection."
umn/source/ip_address_group/managing_ip_address_entries_in_an_ip_address_group/deleting_ip_address_entries_from_an_ip_address_group.rst,Deleting IP Address Entries from an IP Address Group,en-us_image_0000001865582581.png,icon,partial,0.77,"The image is a hamburger menu icon (three horizontal lines), consistent with step 3's instruction to click it to open navigation and choose Network > Virtual Private Cloud. | It is a standard UI icon for opening a navigation/menu panel in a management console. | The icon is clearly visible and identifiable as a three-line menu symbol. | No contradiction between the RST description and the image content.","The image does not show the surrounding UI context (upper-left corner placement, the resulting navigation menu with Network > VPC options). | No label or text is visible to confirm it specifically opens the service navigation menu."
umn/source/ip_address_group/managing_ip_address_entries_in_an_ip_address_group/modifying_ip_address_entries_in_an_ip_address_group.rst,Modifying IP Address Entries in an IP Address Group,en-us_image_0000001818982734.png,icon,partial,0.77,"The image is a location pin / map marker icon, consistent with a region selector referenced in step 2 of the procedure. | The RST instructs the user to click this icon to select the desired region and project, which aligns with the location-pin semantics. | The icon is small and symbolic, fitting the 'icon' classification rather than a screenshot.",No surrounding UI context is visible; only the isolated icon is shown. | The specific label or tooltip for the icon is not visible in the image.
umn/source/ip_address_group/managing_ip_address_entries_in_an_ip_address_group/modifying_ip_address_entries_in_an_ip_address_group.rst,Modifying IP Address Entries in an IP Address Group,en-us_image_0000001818983502.png,icon,partial,0.77,"The image is a hamburger menu icon (three horizontal lines), consistent with a navigation menu referenced in step 3 of the procedure. | The RST instructs the user to click this icon to choose Network > Virtual Private Cloud, which aligns with a navigation-menu icon. | The icon is small and symbolic, fitting the 'icon' classification rather than a screenshot.",No surrounding UI context is visible; only the isolated icon is shown. | The specific label or tooltip for the icon is not visible in the image.
umn/source/monitoring/creating_an_alarm_rule.rst,Creating an Alarm Rule,en-us_image_0000001865898552.png,screenshot,pass,1.00,"Image shows the 'Create Alarm Rule' form page in a cloud management console | Form fields (Name, Description, Alarm Type, Resource Type, Dimension, Monitoring Scope, Group, Method, Template, Alarm Notification, Notification Object, Notification Window, Trigger Condition, Advanced Settings, Enterprise Project) match the procedure described in the RST | The 'Create' button at the bottom right matches step 6: 'Configure the parameters and click Create' | Figure caption in RST is 'Figure 1 Creating an alarm rule' which directly corresponds to this image",
umn/source/monitoring/creating_an_alarm_rule.rst,Creating an Alarm Rule,en-us_image_0000001818982734.png,icon,partial,0.77,"Image is a small location pin / map marker icon | Referenced in RST step 2 as the icon to click for selecting region and project | The icon is consistent with a region/project selector in a cloud console UI | It is a supporting UI element in the procedure, not the main topic of alarm rule creation","The icon is very small and low-resolution, making fine details hard to discern"
umn/source/monitoring/creating_an_alarm_rule.rst,Creating an Alarm Rule,en-us_image_0000001865663473.png,icon,partial,0.77,"Image is a hamburger menu icon (three horizontal lines) | Referenced in RST step 3 as the icon to click to open the service list | The icon is consistent with a navigation/menu toggle in a cloud console UI | It is a supporting UI element in the procedure, not the main topic of alarm rule creation","The icon is very small and low-resolution, making fine details hard to discern"
umn/source/monitoring/viewing_metrics.rst,Viewing Metrics,en-us_image_0000001818982734.png,icon,pass,1.00,"The image is a location pin icon, which is the standard UI symbol for region/project selection. | The RST states 'Click |image1| in the upper left corner and select the desired region and project,' which matches a location pin icon perfectly. | The icon is used in both the Elastic IP and Cloud Eye procedures as the region selector. | The visual clearly shows a map marker/location pin, consistent with its described function.","No specific region or project name is visible in the icon, but this is expected for a generic icon."
umn/source/monitoring/viewing_metrics.rst,Viewing Metrics,en-us_image_0000001865663457.png,icon,pass,1.00,"The image is a hamburger menu icon (three horizontal lines), a standard navigation menu symbol. | The RST states 'Click |image2| in the upper left corner and choose Network > Elastic IP,' which matches a hamburger menu for service navigation. | The icon is used in the Elastic IP and Bandwidth console procedure to access the service list. | The visual clearly shows three horizontal lines forming a hamburger menu icon.","No specific menu items are visible, but this is expected for a collapsed menu icon."
umn/source/monitoring/viewing_metrics.rst,Viewing Metrics,en-us_image_0000001865663461.png,icon,pass,1.00,"The image is a hamburger menu icon (three horizontal lines), a standard navigation menu symbol. | The RST states 'click |image4| to open the service list and choose Management & Deployment > Cloud Eye,' which matches a hamburger menu for service navigation. | The icon is used in the Cloud Eye console procedure to open the service list. | The visual clearly shows three horizontal lines forming a hamburger menu icon, consistent with its described function.","No specific service list items are visible, but this is expected for a collapsed menu icon."
umn/source/permissions_management/creating_a_user_and_granting_vpc_permissions.rst,Creating a User and Granting VPC Permissions,en-us_image_0000001818823522.png,other,fail,0.00,Local color check detected #3298ff.,
umn/source/route_tables/configuring_an_snat_server.rst,Configuring an SNAT Server,en-us_image_0000001818983066.png,screenshot,pass,1.00,Terminal screenshot showing the iptables SNAT command being executed | Command matches the RST step 14: iptables -t nat -A POSTROUTING -o eth0 -s 192.168.1.0/24 -j SNAT --to 192.168.1.4 | Corresponds to Figure 1 'Configuring SNAT' referenced in the RST | Shows the vi /etc/sysctl.conf attempt and the SNAT rule configuration,No additional evidence needed; the image clearly matches the described SNAT configuration step
umn/source/route_tables/configuring_an_snat_server.rst,Configuring an SNAT Server,en-us_image_0000001818823278.png,screenshot,pass,1.00,Terminal screenshot showing iptables -t nat --list output | SNAT rules for 192.168.1.0/24 to 192.168.1.4 are highlighted with a red box | Corresponds to Figure 2 'Verifying configuration' referenced in the RST step 15 | Output confirms the SNAT configuration was successful as described in the RST,No additional evidence needed; the image clearly matches the verification step
umn/source/route_tables/configuring_an_snat_server.rst,Configuring an SNAT Server,en-us_image_0000001818982734.png,icon,partial,0.72,"Small location pin icon used as a region selector in the management console | Referenced as |image1| in step 2: 'Click |image1| in the upper left corner and select the desired region and project' | Standard UI navigation icon, not specific to SNAT configuration | The icon is a generic region/project selector, not directly related to SNAT topic",The icon is generic and does not show any SNAT-specific content | Cannot verify the exact console context from the icon alone
umn/source/route_tables/configuring_an_snat_server.rst,Configuring an SNAT Server,en-us_image_0000001865582817.png,icon,partial,0.72,"Hamburger menu icon (three horizontal lines) used for navigation | Referenced as |image2| in step 3: 'In the upper left corner of the page, click |image2|. In the service list, choose Computing > Elastic Cloud Server' | Standard UI navigation icon for accessing service lists | The icon is generic and not specific to SNAT configuration",The icon is generic and does not show any SNAT-specific content | Cannot verify the exact console context from the icon alone
umn/source/route_tables/managing_route_tables/associating_a_route_table_with_a_subnet.rst,Associating a Route Table with a Subnet,en-us_image_0000002065091841.png,screenshot,pass,1.00,"The image shows the 'Associate Subnet' dialog box, which is exactly what Figure 1 in the RST references. | The dialog displays Route Table, VPC fields, a subnet selection table with Name/IPv4 CIDR Block/Route Table columns, and Cancel/OK buttons matching steps 6-7. | The warning message about route table associations aligns with the Notes and Constraints section. | The pagination and filter criteria bar are consistent with a management console interface.",
umn/source/route_tables/managing_route_tables/associating_a_route_table_with_a_subnet.rst,Associating a Route Table with a Subnet,en-us_image_0000001818982734.png,icon,partial,0.72,"The image is a location pin / map marker icon, consistent with a region selector in a management console. | The RST references this as |image1| in step 2: 'Click |image1| in the upper left corner and select the desired region and project.' | The icon is small and symbolic, fitting the 'icon' classification. | It is a supporting UI element for the procedure rather than the main topic content.","The icon is very small and low-resolution, making it difficult to confirm exact visual details beyond the pin shape."
umn/source/route_tables/managing_route_tables/associating_a_route_table_with_a_subnet.rst,Associating a Route Table with a Subnet,en-us_image_0000001818983026.png,icon,partial,0.72,"The image shows three horizontal lines (hamburger menu icon), a common navigation menu symbol. | The RST references this as |image2| in step 3: 'Click |image2| in the upper left corner and choose Network > Virtual Private Cloud.' | The icon is small and symbolic, fitting the 'icon' classification. | It is a supporting UI element for navigating to the VPC section of the procedure.",The icon is very small and low-resolution; the three lines are visible but fine details are unclear.
umn/source/route_tables/managing_route_tables/changing_the_route_table_associated_with_a_subnet.rst,Changing the Route Table Associated with a Subnet,en-us_image_0000001818982734.png,icon,partial,0.77,"The image is a location pin icon, consistent with step 2's instruction to select region and project. | It is a small symbolic graphic (icon) used as a UI element in the management console. | The icon is relevant to the procedure as a prerequisite navigation step for accessing VPC route tables.",The icon does not show any text or label confirming it is specifically the region/project selector. | No surrounding UI context is visible to confirm its placement in the upper left corner.
umn/source/route_tables/managing_route_tables/changing_the_route_table_associated_with_a_subnet.rst,Changing the Route Table Associated with a Subnet,en-us_image_0000001818823210.png,icon,pass,0.83,"The image is a hamburger menu icon (three horizontal lines), consistent with step 3's instruction to open a navigation menu to choose Network > Virtual Private Cloud. | It is a small symbolic graphic (icon) representing a standard navigation menu toggle. | The icon directly matches the described action of clicking to reveal a menu for selecting Network > VPC.",No surrounding UI context is visible to confirm its placement in the upper left corner. | The icon does not display any text or label indicating it opens the Network/VPC menu.
umn/source/route_tables/managing_route_tables/creating_a_custom_route_table.rst,Creating a Custom Route Table,en-us_image_0000002065082501.png,screenshot,pass,1.00,"Image shows the 'Create Route Table' dialog matching Figure 1 in the RST | All parameters from Table 1 are visible: Name, VPC, Description, Route Settings | Route Settings table shows Destination Type, Destination, Next Hop Type, Next Hop, Description columns | Add Route button and OK/Cancel buttons are present as described in the procedure",
umn/source/route_tables/managing_route_tables/creating_a_custom_route_table.rst,Creating a Custom Route Table,en-us_image_0000001818982734.png,icon,pass,1.00,Image is a location pin / map marker icon used as the region and project selector | Matches |image1| reference in step 2: 'Click |image1| in the upper left corner and select the desired region and project' | Icon is consistent with a region selector in a cloud management console,
umn/source/route_tables/managing_route_tables/creating_a_custom_route_table.rst,Creating a Custom Route Table,en-us_image_0000001818823254.png,icon,pass,1.00,Image is a hamburger menu icon (three horizontal lines) used for navigation | Matches |image2| reference in step 3: 'Click |image2| in the upper left corner and choose Network > Virtual Private Cloud' | Icon is consistent with a navigation menu toggle in a cloud management console,
umn/source/route_tables/managing_route_tables/deleting_a_route_table.rst,Deleting a Route Table,en-us_image_0000001818982734.png,icon,pass,0.83,"The image is a location pin icon, consistent with a region/project selector referenced in step 2 of the procedure. | The RST states 'Click |image1| in the upper left corner and select the desired region and project,' which matches the semantic meaning of a location pin icon. | The icon is a prerequisite navigation step, not directly about route table deletion, so topic match is moderate. | No contradictions between the image and the RST description.","The image does not show the surrounding UI context (upper left corner placement, region/project dropdown)."
umn/source/route_tables/managing_route_tables/deleting_a_route_table.rst,Deleting a Route Table,en-us_image_0000001818983042.png,icon,pass,0.83,"The image is a hamburger menu icon (three horizontal lines), consistent with a navigation menu button referenced in step 3. | The RST states 'Click |image2| in the upper left corner and choose Network > Virtual Private Cloud,' which matches the function of a hamburger menu for accessing navigation. | The icon is a prerequisite navigation step, not directly about route table deletion, so topic match is moderate. | No contradictions between the image and the RST description.","The image does not show the surrounding UI context (upper left corner placement, the Network > VPC menu that would appear)."
umn/source/route_tables/managing_route_tables/exporting_route_tables.rst,Exporting Route Tables,en-us_image_0000001818982734.png,icon,partial,0.72,"The image is a location pin icon, consistent with step 2 which instructs the user to click it to select region and project. | It is a small symbolic graphic (icon), not a full screenshot of the interface. | The icon is semantically appropriate for a region/location selector in a cloud management console. | The RST explicitly references this image as the element to click for region/project selection.","The image does not show the surrounding UI context (upper-left corner placement, dropdown menu). | No text labels are visible on the icon itself."
umn/source/route_tables/managing_route_tables/exporting_route_tables.rst,Exporting Route Tables,en-us_image_0000001865582809.png,icon,partial,0.72,"The image is a hamburger menu icon (three horizontal lines), consistent with step 3 which instructs the user to click it to open a navigation menu for Network > Virtual Private Cloud. | It is a small symbolic graphic (icon), not a full screenshot of the interface. | The hamburger menu is a standard UI symbol for opening a navigation/sidebar menu. | The RST explicitly references this image as the element to click to access the Network > VPC navigation path.","The image does not show the surrounding UI context (upper-left corner placement, the menu that appears after clicking). | No text labels are visible on the icon itself."
umn/source/route_tables/managing_route_tables/viewing_route_table_information.rst,Viewing Route Table Information,en-us_image_0000001866063864.png,screenshot,pass,1.00,"Shows the route table Summary tab with basic info (Name, ID, Created, Type, VPC, Description) and a Routes table, matching Figure 1. | Routes table includes Destination, Next Hop, and Type (System) columns as described in the RST. | Directly corresponds to procedure step 5a on the Summary tab page.",
umn/source/route_tables/managing_route_tables/viewing_route_table_information.rst,Viewing Route Table Information,en-us_image_0000001911853289.png,screenshot,pass,1.00,"Shows the Associated Subnets tab with a table of subnets (Name/ID, IPv4 CIDR Block, Status, Operation), matching Figure 2. | Includes an Associate Subnet button and Change Route Table operation consistent with viewing associated subnets. | Directly corresponds to procedure step 5b on the Associated Subnets tab page.",
umn/source/route_tables/managing_route_tables/viewing_route_table_information.rst,Viewing Route Table Information,en-us_image_0000001818982734.png,icon,pass,1.00,"A location/map-pin icon used as the region selector in the upper left corner, matching image1 in step 2. | Consistent with selecting the desired region and project as described in the RST.",No surrounding UI context visible; only the isolated icon is shown.
umn/source/route_tables/managing_route_tables/viewing_route_table_information.rst,Viewing Route Table Information,en-us_image_0000001865582825.png,icon,pass,1.00,"A hamburger (three-line) navigation menu icon used in the upper left corner, matching image2 in step 3. | Consistent with opening the menu to choose Network > Virtual Private Cloud as described in the RST.",No surrounding UI context visible; only the isolated icon is shown.
umn/source/route_tables/managing_route_tables/viewing_the_route_table_associated_with_a_subnet.rst,Viewing the Route Table Associated with a Subnet,en-us_image_0000001911849797.png,screenshot,pass,1.00,"Shows the subnet details page with a 'Networking Components' panel on the right. | The 'Route Tables rtb-vpc-dns... (Default)' entry is highlighted with a red box, matching Figure 1's purpose of viewing the route table associated with a subnet. | Left side shows Subnet Information, Gateway and DNS Information, and Resources, consistent with the subnet details page described in step 6.","Some values (IDs, CIDR blocks) are partially redacted, but the relevant route table element is clearly visible."
umn/source/route_tables/managing_route_tables/viewing_the_route_table_associated_with_a_subnet.rst,Viewing the Route Table Associated with a Subnet,en-us_image_0000001911771617.png,screenshot,pass,1.00,"Shows the route table details page with Summary and Associated Subnets tabs. | Displays basic information (Name, ID, Created, Type, VPC, Description) and a Routes table with Destination, Next Hop, Type, etc., matching Figure 2. | Consistent with step 7 where clicking the route table name reveals route information.","Some IDs and the VPC name are partially redacted, but the structure and route entries are clearly visible."
umn/source/route_tables/managing_route_tables/viewing_the_route_table_associated_with_a_subnet.rst,Viewing the Route Table Associated with a Subnet,en-us_image_0000001818982734.png,icon,partial,0.72,"A small location-pin (map marker) icon, used in step 2 to select the desired region and project. | Symbolic graphic consistent with a region selector control in the upper left corner.","No surrounding UI context is shown; it is an isolated icon, so its exact label is not visible."
umn/source/route_tables/managing_route_tables/viewing_the_route_table_associated_with_a_subnet.rst,Viewing the Route Table Associated with a Subnet,en-us_image_0000001865582701.png,icon,partial,0.72,"A hamburger menu icon (three horizontal lines), used in step 3 to open the navigation menu for choosing Network > Virtual Private Cloud. | Symbolic UI icon consistent with a top-left navigation toggle.","No surrounding UI context is shown; it is an isolated icon, so the menu it opens is not visible."
umn/source/route_tables/managing_routes/adding_a_custom_route.rst,Adding a Custom Route,en-us_image_0000002065093369.png,screenshot,pass,1.00,"Image is the 'Add Route' dialog referenced as Figure 1 in step 6 of the RST. | All five parameter columns (Destination Type, Destination, Next Hop Type, Next Hop, Description) are visible and match Table 1. | The '+ Add Route' button and 'OK'/'Cancel' buttons correspond to the procedure steps. | The dialog title 'Add Route' and the Route Table field align with the document context.","The Route Table value is partially redacted (rtb-2...), so the exact table name is not fully visible."
umn/source/route_tables/managing_routes/adding_a_custom_route.rst,Adding a Custom Route,en-us_image_0000001818982734.png,icon,pass,0.88,"Image is a location-pin icon referenced as |image1| in step 2 for selecting region and project. | A map-pin / location icon is the standard symbol for a region selector in cloud management consoles. | The icon is small and symbolic, consistent with an inline UI icon rather than a full screenshot.","The icon is very small and low-resolution; surrounding UI context (e.g., the word 'Region' or a dropdown) is not visible."
umn/source/route_tables/managing_routes/adding_a_custom_route.rst,Adding a Custom Route,en-us_image_0000001865662989.png,icon,pass,0.88,"Image is a hamburger-menu (three horizontal lines) icon referenced as |image2| in step 3 for opening the navigation menu. | A hamburger icon is the standard symbol for a navigation/service menu in cloud consoles. | The icon is small and symbolic, consistent with an inline UI icon.","The icon is very small and low-resolution; no surrounding menu items (e.g., 'Network', 'Virtual Private Cloud') are visible to confirm the exact menu structure."
umn/source/route_tables/managing_routes/deleting_a_route.rst,Deleting a Route,en-us_image_0000001818982734.png,icon,partial,0.77,"The image is a location pin/marker icon, which is a standard UI symbol for region selection. | The RST step 2 says 'Click |image1| in the upper left corner and select the desired region and project,' which aligns with a location/region icon. | The icon is small and isolated, consistent with an icon classification. | No contradictions between the image content and the RST description.",The image does not show the full UI context (upper left corner placement) since it is an isolated icon. | No visible text or labels in the image to confirm it is specifically a region selector.
umn/source/route_tables/managing_routes/deleting_a_route.rst,Deleting a Route,en-us_image_0000001818823286.png,icon,partial,0.77,"The image is a hamburger menu icon (three horizontal lines), a standard UI symbol for opening a navigation menu. | The RST step 3 says 'Click |image2| in the upper left corner and choose Network > Virtual Private Cloud,' which aligns with a menu icon that opens a service navigation panel. | The icon is small and isolated, consistent with an icon classification. | No contradictions between the image content and the RST description.",The image does not show the full UI context (upper left corner placement) since it is an isolated icon. | No visible text or labels in the image to confirm it is specifically a service navigation menu.
umn/source/route_tables/managing_routes/exporting_routes.rst,Exporting Routes,en-us_image_0000002064122133.png,screenshot,pass,1.00,"Screenshot shows the route table details page with the Routes section and an Export button highlighted in a red box, matching Figure 1 'Exporting routes'. | Visible columns (Destination, IP Addresses, Next Hop, Type, Description, Operation) align with the route fields described in the RST. | Directly corresponds to step 6 of the Procedure where the user clicks Export above the route table list.",The dropdown options 'Export selected data' and 'Export all data' are not shown expanded in the image.
umn/source/route_tables/managing_routes/exporting_routes.rst,Exporting Routes,en-us_image_0141273034.png,icon,partial,0.77,"Small location-pin / map-marker icon used as |image1| in step 2 to select region and project. | It is an isolated symbolic UI icon, not a full interface screenshot. | Relevant to the Procedure but not directly to the exporting-routes action itself.",No surrounding UI context is visible to confirm the exact placement in the upper left corner.
umn/source/route_tables/managing_routes/exporting_routes.rst,Exporting Routes,en-us_image_0000002064000897.png,icon,partial,0.77,"Hamburger menu icon (three horizontal lines) used as |image2| in step 3 to expand the service list. | It is an isolated symbolic UI icon, not a full interface screenshot. | Relevant to the Procedure navigation but not directly to the exporting-routes action.",No surrounding UI context is visible to confirm the service list expansion behavior.
umn/source/route_tables/managing_routes/modifying_a_route.rst,Modifying a Route,en-us_image_0000001818982734.png,icon,partial,0.77,"Image is a location pin / map marker icon. | RST step 2 references |image1| for selecting the desired region and project, which matches a location/region selector icon. | Icon is consistent with a navigation control in the upper left corner of a management console. | No interactive button states or colors are present; it is a static symbolic graphic.",No surrounding UI context is visible to confirm it is the region selector specifically. | No label or text accompanies the icon in the image.
umn/source/route_tables/managing_routes/modifying_a_route.rst,Modifying a Route,en-us_image_0000001818823338.png,icon,partial,0.77,"Image is a hamburger / three-line menu icon. | RST step 3 references |image2| for opening the menu to choose Network > Virtual Private Cloud, which matches a navigation menu icon. | Icon is consistent with a top-left navigation control in a management console. | No interactive button states or colors are present; it is a static symbolic graphic.",No surrounding UI context is visible to confirm it is the main navigation menu specifically. | No label or text accompanies the icon in the image.
umn/source/route_tables/managing_routes/replicating_a_route.rst,Replicating a Route,en-us_image_0000001818982734.png,icon,pass,0.90,"The image is a location pin / map marker icon, consistent with a region selector. | The RST step 2 instructs to click this icon to select the desired region and project, which matches a location-pin UI symbol. | The icon appears in the Procedure section as part of the login/navigation steps for the VPC console.",No surrounding UI context is visible; only the isolated icon is shown.
umn/source/route_tables/managing_routes/replicating_a_route.rst,Replicating a Route,en-us_image_0000001818823270.png,icon,pass,0.90,"The image is a hamburger menu icon (three horizontal lines), a common navigation menu symbol. | The RST step 3 instructs to click this icon to open the menu and choose Network > Virtual Private Cloud, which matches a hamburger menu. | The icon appears in the Procedure section as part of the navigation steps for the VPC console.",No surrounding UI context is visible; only the isolated icon is shown.
umn/source/route_tables/route_tables_and_routes.rst,Route Tables and Routes,en-us_image_0000001865662949.png,other,fail,0.00,Local color check detected #3298ff.,
umn/source/route_tables/route_tables_and_routes.rst,Route Tables and Routes,en-us_image_0000001818823214.png,other,fail,0.00,Local color check detected #3298ff.,
umn/source/service_overview/basic_concepts/elastic_ip.rst,Elastic IP,en-us_image_0000001818823042.png,other,fail,0.00,Local color check detected #3298ff.,
umn/source/service_overview/basic_concepts/firewall.rst,Firewall,en-us_image_0000001818982946.png,other,fail,0.00,Local color check detected #3298ff.,
umn/source/service_overview/basic_concepts/route_table.rst,Route Table,en-us_image_0000001865662949.png,other,fail,0.00,Local color check detected #3298ff.,
umn/source/service_overview/basic_concepts/shared_snat.rst,Shared SNAT,en-us_image_0000001818983170.png,other,pass,1.00,"The image is a network architecture diagram showing Internet, SNAT Device, Region, VPC 1, VPC 2, Subnets, and ECS instances. | It directly illustrates the shared SNAT concept described in the RST: the SNAT device sits between the Internet and the VPCs, forwarding traffic from ECSs to the Internet and back. | All elements mentioned in the text (SNAT device, ECSs, VPCs, subnets, Internet) are clearly visible in the diagram. | The figure is referenced as Figure 1 in the main explanatory paragraph about how shared SNAT works.","The diagram does not explicitly show the IP address conversion (private to public and back) that the text describes, but this is a simplification typical of architecture diagrams."
umn/source/service_overview/basic_concepts/shared_snat.rst,Shared SNAT,en-us_image_0000001865663121.png,screenshot,pass,1.00,"The image is a UI screenshot of the Outbound Rules tab in a security group configuration page. | It shows the default outbound rule (IPv4, All, All, 0.0.0.0/0) with the Delete button highlighted, matching the RST instruction to delete the default outbound rule. | The RST references this as Figure 2: 'Deleting the default outbound rule from the security group.' | The visible interactive controls (Add Rule, Fast-Add Rule, Delete, Modify, Replicate, Delete buttons) confirm this is a functional UI screenshot.","The screenshot does not show the security group name or VPC context, but this is not required by the text."
umn/source/service_overview/basic_concepts/shared_snat.rst,Shared SNAT,en-us_image_0000001818823386.png,screenshot,pass,1.00,"The image is a UI screenshot of the Outbound Rules tab showing an added rule with destination 192.168.10.0/24. | The RST references this as Figure 3: 'Adding an outbound rule for the security group' and states it 'allows the ECS to access the 192.168.10.0/24 CIDR block.' | The destination field clearly shows 192.168.10.0/24, matching the text description. | The rule shows IPv4, TCP, port 22, which is a specific example of allowing access to the CIDR block; the text presents it as 'the added outbound rule' without specifying protocol/port, so no contradiction.","The text says 'allows the ECS to access the 192.168.10.0/24 CIDR block' which could imply all traffic, but the image shows only TCP port 22; however, the text says 'the following shows the added outbound rule' indicating it is one specific rule example."
umn/source/service_overview/basic_concepts/virtual_ip_address.rst,Virtual IP Address,en-us_image_0209608153.png,other,fail,0.00,Local color check detected #3298ff.,
umn/source/service_overview/basic_concepts/virtual_ip_address.rst,Virtual IP Address,en-us_image_0209608154.png,other,fail,0.00,Local color check detected #3298ff.,
umn/source/service_overview/basic_concepts/vpc_peering_connection.rst,VPC Peering Connection,en-us_image_0000001818983018.png,other,fail,0.00,Local color check detected #3298ff.,
umn/source/service_overview/document_usage_instructions.rst,Document Usage Instructions,en-us_image_0000001818823038.png,icon,pass,1.00,"The image is a small pencil/edit pictogram, matching the RST reference |image1| used for quickly editing parameter values. | The RST states the icon appears next to parameter values to enable quick editing, and a pencil symbol is the conventional edit indicator. | The image is placed in the Document Usage Instructions section, directly supporting the described editing function. | The visual content (a diagonal pencil) clearly corresponds to an edit action, with no contradiction to the text.",The surrounding UI context (parameter values and the clickable placement) is not shown in the image itself. | No explicit label or tooltip is visible to confirm the edit function beyond the pencil symbol.
umn/source/service_overview/product_advantages.rst,Product Advantages,en-us_image_0000001818983218.png,other,fail,0.00,Local color check detected #3298ff.,
umn/source/service_overview/region_and_az.rst,Region and AZ,en-us_image_0184026531.png,other,fail,0.00,Local color check detected #3298ff.,
umn/source/service_overview/what_is_virtual_private_cloud.rst,What Is Virtual Private Cloud?,en-us_image_0000001865663209.png,other,fail,0.00,Local color check detected #3298ff.,
umn/source/shared_bandwidth/adding_eips_to_a_shared_bandwidth.rst,Adding EIPs to a Shared Bandwidth,en-us_image_0000002065101369.png,screenshot,pass,1.00,"Screenshot shows the 'Add Public IP Address' dialog with EIP tab selected, matching Figure 1 in the RST | Dialog displays shared bandwidth 'bandwidth-test' with 7 Mbit/s and a table of EIPs with Status, Type, Bandwidth columns | The EIP tab is highlighted, consistent with the RST step 5 describing selecting EIPs to add | Cancel and OK buttons are visible at the bottom, matching step 6 in the procedure",
umn/source/shared_bandwidth/adding_eips_to_a_shared_bandwidth.rst,Adding EIPs to a Shared Bandwidth,en-us_image_0000002065187445.png,screenshot,pass,1.00,"Screenshot shows the 'Add Public IP Address' dialog with IPv6 Address tab selected, matching Figure 2 in the RST | Dialog displays VPC and Subnet dropdowns and an empty table with 'No IPv6 Address available' message | The IPv6 Address tab is highlighted, consistent with the RST step 5 describing selecting IPv6 addresses to add | Cancel and OK buttons are visible at the bottom, matching step 6 in the procedure",
umn/source/shared_bandwidth/adding_eips_to_a_shared_bandwidth.rst,Adding EIPs to a Shared Bandwidth,en-us_image_0000001818982734.png,icon,pass,1.00,"Small location pin icon used as |image1| in step 2 of the RST procedure | The RST states 'Click |image1| in the upper left corner and select the desired region and project' | The location pin icon is a standard symbol for region/project selection in cloud management consoles | Icon is isolated and symbolic, fitting the 'icon' classification",
umn/source/shared_bandwidth/adding_eips_to_a_shared_bandwidth.rst,Adding EIPs to a Shared Bandwidth,en-us_image_0000001818982822.png,icon,pass,1.00,"Small hamburger menu icon (three horizontal lines) used as |image2| in step 3 of the RST procedure | The RST states 'Click |image2| in the upper left corner, and choose Network > Elastic IP' | The hamburger menu icon is a standard navigation symbol for opening a service menu | Icon is isolated and symbolic, fitting the 'icon' classification",
umn/source/shared_bandwidth/assigning_a_shared_bandwidth.rst,Assigning a Shared Bandwidth,en-us_image_0000001865582577.png,screenshot,pass,0.88,"Screenshot shows the 'Assign Shared Bandwidth' form page matching Figure 1 in the RST | All four parameters (Region, Bandwidth, Name, Enterprise Project) are visible and match the table description | The 'Assign Now' button is visible at the bottom right as described in step 6 | Region shows 'eu-de' matching the example value in the table","RST states maximum bandwidth is 2,000 Mbit/s but the image text says 'The value ranges from 5 to 1,000 Mbit/s' | Example Name in RST is 'Bandwidth-001' but image shows 'bandwidth-4ef0' | Example Bandwidth in RST is 10 but image shows 5 selected (though 5 is the stated starting value)"
umn/source/shared_bandwidth/assigning_a_shared_bandwidth.rst,Assigning a Shared Bandwidth,en-us_image_0000001818982734.png,icon,pass,1.00,Small location pin / map marker icon used as the region selector in step 2 | Matches the RST reference: 'Click |image1| in the upper left corner and select the desired region and project' | Standard UI symbol for region/location selection,"Icon is very small and low resolution, making fine details hard to discern"
umn/source/shared_bandwidth/assigning_a_shared_bandwidth.rst,Assigning a Shared Bandwidth,en-us_image_0000001818982822.png,icon,pass,1.00,"Hamburger menu icon (three horizontal lines) used as the navigation menu trigger in step 3 | Matches the RST reference: 'Click |image2| in the upper left corner, and choose Network > Elastic IP' | Standard UI symbol for opening a navigation menu","Icon is very small and low resolution, making fine details hard to discern"
umn/source/shared_bandwidth/deleting_a_shared_bandwidth.rst,Deleting a Shared Bandwidth,en-us_image_0000001818982734.png,icon,partial,0.77,"The image is a location pin icon, consistent with a region/project selector in a cloud management console. | The RST text in step 2 says 'Click |image1| in the upper left corner and select the desired region and project,' which matches a location/region icon. | The icon is a standard navigation element used in the Procedure section of the document. | The image clearly shows a map-pin shape, providing clear visual evidence of a region selector.","The icon is very small and low-resolution, making it hard to confirm exact styling or branding. | No surrounding UI context is visible to confirm it is specifically in the upper-left corner of a console."
umn/source/shared_bandwidth/deleting_a_shared_bandwidth.rst,Deleting a Shared Bandwidth,en-us_image_0000001818982822.png,icon,partial,0.77,"The image is a hamburger menu icon (three horizontal lines), consistent with a navigation menu toggle in a cloud management console. | The RST text in step 3 says 'Click |image2| in the upper left corner, and choose Network > Elastic IP,' which matches a navigation menu icon. | The icon is a standard navigation element used in the Procedure section of the document. | The image clearly shows three horizontal bars, providing clear visual evidence of a hamburger/menu icon.","The icon is very small and low-resolution, making it hard to confirm exact styling or branding. | No surrounding UI context is visible to confirm it is specifically in the upper-left corner of a console."
umn/source/shared_bandwidth/exporting_shared_bandwidths.rst,Exporting Shared Bandwidths,en-us_image_0000001818982734.png,icon,pass,1.00,"The image is a location/map-pin icon, consistent with a region/project selector in the upper-left corner. | RST step 2 instructs to click this icon to select the desired region and project, which matches the icon's semantic meaning. | The icon is an isolated symbolic graphic, not a full UI screenshot.",No surrounding UI context is visible to confirm the exact console layout.
umn/source/shared_bandwidth/exporting_shared_bandwidths.rst,Exporting Shared Bandwidths,en-us_image_0000001818982822.png,icon,pass,1.00,"The image is a hamburger/menu icon (three horizontal lines), typical of a navigation menu toggle. | RST step 3 instructs to click this icon in the upper-left corner to open the menu and choose Network > Elastic IP, matching the icon's purpose. | The image is an isolated symbolic graphic, not a full UI screenshot.",No surrounding UI context is visible to confirm the exact console layout.
umn/source/shared_bandwidth/modifying_a_shared_bandwidth.rst,Modifying a Shared Bandwidth,en-us_image_0000001818823830.png,screenshot,pass,1.00,"The screenshot shows a 'Modify Bandwidth' dialog with Current Configuration and New Configuration sections, matching Figure 1 in the RST. | The dialog displays Bandwidth Name and Bandwidth (Mbit/s) fields, consistent with the document's description of modifying name and size. | The 'Next' button at the bottom aligns with step 6 of the procedure. | Bandwidth Type is shown as 'Shared', matching the shared bandwidth context of the document.",
umn/source/shared_bandwidth/modifying_a_shared_bandwidth.rst,Modifying a Shared Bandwidth,en-us_image_0000001818982734.png,icon,pass,0.88,"The image is a location pin icon, which is the standard icon for region/project selection in Huawei Cloud consoles. | It is referenced as |image1| in step 2 of the RST: 'Click |image1| in the upper left corner and select the desired region and project.' | The icon is small and low-resolution, limiting detail assessment.","The icon is very small and pixelated, making it difficult to confirm exact visual details beyond the general shape."
umn/source/shared_bandwidth/modifying_a_shared_bandwidth.rst,Modifying a Shared Bandwidth,en-us_image_0000001818982822.png,icon,pass,0.88,"The image is a hamburger menu icon (three horizontal lines), which is the standard navigation menu icon in Huawei Cloud consoles. | It is referenced as |image2| in step 3 of the RST: 'Click |image2| in the upper left corner, and choose Network > Elastic IP.' | The icon is small and low-resolution, limiting detail assessment.","The icon is very small and pixelated, making it difficult to confirm exact visual details beyond the general three-line shape."
umn/source/shared_bandwidth/removing_eips_from_a_shared_bandwidth.rst,Removing EIPs from a Shared Bandwidth,en-us_image_0000002065190509.png,screenshot,pass,1.00,"Image is a screenshot of the 'Remove Public IP Address' dialog box, matching Figure 1 in the RST. | Shows EIP and IPv6 Address tabs, a table of EIPs with checkboxes, and bandwidth-after-removal selector, all consistent with step 5. | The OK button at the bottom corresponds to step 6 in the procedure. | Information banner about default bandwidth (20 Mbit/s) and IPv6 removal consequences aligns with the topic.",
umn/source/shared_bandwidth/removing_eips_from_a_shared_bandwidth.rst,Removing EIPs from a Shared Bandwidth,en-us_image_0000001818982734.png,icon,pass,1.00,"Image is a small location-pin icon, referenced as |image1| in step 2 for selecting region and project. | The location pin is a standard UI symbol for region/area selection in cloud management consoles. | Directly matches the RST instruction: 'Click |image1| in the upper left corner and select the desired region and project.'",
umn/source/shared_bandwidth/removing_eips_from_a_shared_bandwidth.rst,Removing EIPs from a Shared Bandwidth,en-us_image_0000001818982822.png,icon,pass,1.00,"Image is a hamburger (three horizontal lines) menu icon, referenced as |image2| in step 3. | The hamburger icon is the standard navigation menu trigger in cloud management consoles. | Directly matches the RST instruction: 'Click |image2| in the upper left corner, and choose Network > Elastic IP.'",
umn/source/virtual_ip_address/assigning_a_virtual_ip_address.rst,Assigning a Virtual IP Address,en-us_image_0000002029118468.png,screenshot,pass,1.00,"Screenshot shows the 'Assign Virtual IP Address' dialog matching Figure 1 caption in the RST | Displays IP Address Version (IPv4/IPv6) and Assignment Mode (Automatic/Manual) fields as described in steps 7-9 | Subnet and IPv4 CIDR Block fields are visible, consistent with the subnet context in step 5 | Cancel and OK buttons match step 10 instruction to click OK",
umn/source/virtual_ip_address/assigning_a_virtual_ip_address.rst,Assigning a Virtual IP Address,en-us_image_0000001818982734.png,icon,partial,0.78,Location pin icon matches the region selector described in step 2 ('select the desired region and project') | Referenced as |image1| in the RST for the upper-left corner region selector | Icon is small and slightly blurry but recognizable as a map/location pin symbol,Icon is low resolution making fine details hard to discern | No surrounding UI context visible to confirm exact placement in the console
umn/source/virtual_ip_address/assigning_a_virtual_ip_address.rst,Assigning a Virtual IP Address,en-us_image_0000001865663157.png,icon,partial,0.78,Hamburger menu icon (three horizontal lines) matches the navigation menu described in step 3 | Referenced as |image2| in the RST for accessing Network > Virtual Private Cloud | Icon is small and slightly blurry but recognizable as a standard menu/navigation symbol,Icon is low resolution making fine details hard to discern | No surrounding UI context visible to confirm exact placement in the console
umn/source/virtual_ip_address/binding_a_virtual_ip_address_to_an_eip.rst,Binding a Virtual IP Address to an EIP,en-us_image_0000001818982734.png,icon,partial,0.72,"The image is a location pin icon, consistent with the RST instruction to click it in the upper left corner to select region and project. | It is a small symbolic graphic (icon), not a full UI screenshot. | The icon is relevant to the Procedure section as a navigation element for region selection. | The visual clearly shows a map/location pin marker, matching the expected region selector icon.",The image does not show the full management console context or the region/project selection dropdown. | No text labels are visible to confirm it is specifically a region selector.
umn/source/virtual_ip_address/binding_a_virtual_ip_address_to_an_eip.rst,Binding a Virtual IP Address to an EIP,en-us_image_0000001865582665.png,icon,partial,0.72,"The image is a hamburger menu icon (three horizontal lines), consistent with the RST instruction to click it to navigate to Network > Elastic IP. | It is a small symbolic graphic (icon), not a full UI screenshot. | The icon is relevant to the Procedure section as a navigation menu trigger. | The visual clearly shows three horizontal bars, the standard hamburger menu symbol.",The image does not show the expanded menu or the Network > Elastic IP path. | No text labels are visible to confirm it is specifically the main navigation menu.
umn/source/virtual_ip_address/binding_a_virtual_ip_address_to_an_eip_or_ecs.rst,Binding a Virtual IP Address to an EIP or ECS,en-us_image_0000001818823142.png,screenshot,pass,1.00,Shows the Internet Protocol Version 4 (TCP/IPv4) Properties dialog in Windows | Displays IP address 10.0.0.101 matching the RST example value | Corresponds to Figure 1 'Configuring private IP address' in the Windows OS section | Subnet mask 255.255.255.0 and default gateway 10.0.0.1 are visible,
umn/source/virtual_ip_address/binding_a_virtual_ip_address_to_an_eip_or_ecs.rst,Binding a Virtual IP Address to an EIP or ECS,en-us_image_0000001818982934.png,screenshot,pass,1.00,Shows the Advanced TCP/IP Settings dialog with a TCP/IP Address sub-dialog | Displays IP address 10.0.0.154 matching the RST example for virtual IP address | Corresponds to Figure 2 'Configuring virtual IP address' in the Windows OS section | The Add button is visible in the sub-dialog for adding the virtual IP,
umn/source/virtual_ip_address/binding_a_virtual_ip_address_to_an_eip_or_ecs.rst,Binding a Virtual IP Address to an EIP or ECS,en-us_image_0000001818982734.png,icon,pass,1.00,Small location pin / map marker icon | Used as |image1| in step 2 to select region and project | Matches the RST description of clicking the icon in the upper left corner,
umn/source/virtual_ip_address/binding_a_virtual_ip_address_to_an_eip_or_ecs.rst,Binding a Virtual IP Address to an EIP or ECS,en-us_image_0000001865582673.png,icon,pass,1.00,Small hamburger menu icon (three horizontal lines) | Used as |image2| in step 3 to open the navigation menu | Matches the RST description of clicking the icon to choose Network > Virtual Private Cloud,
umn/source/virtual_ip_address/binding_a_virtual_ip_address_to_an_eip_or_ecs.rst,Binding a Virtual IP Address to an EIP or ECS,en-us_image_0000001818982930.png,screenshot,pass,1.00,Terminal screenshot showing nmcli connection command output | Displays 'Wired connection 1' with device 'eth0' as described in the RST | Corresponds to |image3| in the Linux CentOS section step 1 | Also shows docker0 bridge interface which is consistent with a typical ECS environment,
umn/source/virtual_ip_address/binding_a_virtual_ip_address_to_an_eip_or_ecs.rst,Binding a Virtual IP Address to an EIP or ECS,en-us_image_0000001865582677.png,screenshot,pass,1.00,Terminal screenshot showing nmcli connection up 'Wired connection 1' command | Displays 'Connection successfully activated' message | Corresponds to |image4| in the Linux CentOS section step 3 | Matches the RST description of making the configuration take effect,
umn/source/virtual_ip_address/binding_a_virtual_ip_address_to_an_eip_or_ecs.rst,Binding a Virtual IP Address to an EIP or ECS,en-us_image_0000001818823138.png,screenshot,pass,1.00,Terminal screenshot showing ip a command output | Displays eth0 with virtual IP address 172.16.0.125/32 highlighted in a red box | Corresponds to |image5| in the Linux CentOS section step 4 | Matches the RST description that virtual IP address 172.16.0.125 is bound to network interface eth0,
umn/source/virtual_ip_address/disabling_source_and_destination_check_ha_load_balancing_cluster_scenario.rst,Disabling Source and Destination Check (HA Load Balancing Cluster Scenario),en-us_image_0000001818982734.png,icon,pass,0.90,"The image is a small location-pin (map marker) icon, matching the region/project selector referenced in step 2. | The RST instructs to click this icon in the upper left corner to select region and project, which aligns with a location/region icon. | It appears in the Procedure section as the first navigation step, consistent with its role. | No contradiction between the icon and the surrounding text.","The icon is isolated, so the surrounding console UI context is not visible."
umn/source/virtual_ip_address/disabling_source_and_destination_check_ha_load_balancing_cluster_scenario.rst,Disabling Source and Destination Check (HA Load Balancing Cluster Scenario),en-us_image_0000001818983486.png,icon,pass,0.90,"The image is a hamburger (three-line) menu icon, matching the service-list menu referenced in step 3. | The RST instructs to click this icon to open the service list and choose Computing > Elastic Cloud Server, consistent with a menu icon. | It appears in the Procedure section as a navigation step, consistent with its role. | No contradiction between the icon and the surrounding text.","The icon is isolated, so the surrounding console UI context is not visible."
umn/source/virtual_ip_address/releasing_a_virtual_ip_address.rst,Releasing a Virtual IP Address,en-us_image_0000001818982734.png,icon,partial,0.77,"The image is a location pin icon, consistent with the RST instruction to 'select the desired region and project' in step 2. | It is a standard cloud console navigation icon for region selection, relevant to the procedure but not directly about releasing a VIP. | The icon is clearly visible and matches the described purpose of region/project selection.","The image is very small and low-resolution, making fine details hard to discern. | No surrounding UI context is visible to confirm it is in the upper left corner of a console."
umn/source/virtual_ip_address/releasing_a_virtual_ip_address.rst,Releasing a Virtual IP Address,en-us_image_0000001818983414.png,icon,partial,0.77,"The image is a hamburger menu icon (three horizontal lines), consistent with the RST instruction to open a navigation menu and choose 'Network > Virtual Private Cloud' in step 3. | It is a standard cloud console navigation icon for accessing the service menu, relevant to the procedure but not directly about releasing a VIP. | The icon is clearly visible and matches the described purpose of opening a navigation menu.","The image is very small and low-resolution, making fine details hard to discern. | No surrounding UI context is visible to confirm it is in the upper left corner of a console."
umn/source/virtual_ip_address/unbinding_a_virtual_ip_address_from_an_eip.rst,Unbinding a Virtual IP Address from an EIP,en-us_image_0000001818982734.png,icon,partial,0.77,"The image is a location pin icon, a standard symbol for region/area selection in cloud management consoles. | The RST step 2 instructs to 'Click |image1| in the upper left corner and select the desired region and project,' which aligns with a region selector icon. | The icon is part of the navigation procedure but does not directly illustrate the core topic of unbinding a virtual IP from an EIP. | No contradictions between the image and the RST text.",The image is a generic location pin; it does not show the actual console UI or region/project selection interface. | No surrounding UI context is visible to confirm it is specifically a region selector in this product's console.
umn/source/virtual_ip_address/unbinding_a_virtual_ip_address_from_an_eip.rst,Unbinding a Virtual IP Address from an EIP,en-us_image_0000001818823302.png,icon,partial,0.77,"The image is a hamburger menu icon (three horizontal lines), a standard navigation menu symbol. | The RST step 3 instructs to 'Click |image2| in the upper left corner and choose Network > Virtual Private Cloud,' which aligns with a navigation menu icon. | The icon is part of the navigation procedure but does not directly illustrate the core topic of unbinding a virtual IP from an EIP. | No contradictions between the image and the RST text.","The image is a generic hamburger menu; it does not show the actual menu items (Network, Virtual Private Cloud) or the console UI. | No surrounding UI context is visible to confirm it is specifically the navigation menu in this product's console."
umn/source/virtual_ip_address/unbinding_a_virtual_ip_address_from_an_instance.rst,Unbinding a Virtual IP Address from an Instance,en-us_image_0000001818982758.png,screenshot,pass,1.00,Screenshot shows the IP Addresses tab of a VPC subnet page with a table of virtual IP addresses | The 'More' dropdown in the Operation column is expanded showing 'Unbind from Server' highlighted with a red box | Matches RST step 7: click More in the Operation column and select Unbind from Server | Figure caption in RST is 'Figure 1 Virtual IP addresses' which matches the content,
umn/source/virtual_ip_address/unbinding_a_virtual_ip_address_from_an_instance.rst,Unbinding a Virtual IP Address from an Instance,en-us_image_0000001818982734.png,icon,partial,0.72,Small location pin / map marker icon | Referenced in RST step 2 as the icon to click for selecting region and project | A location pin is a standard icon for region/area selection in cloud consoles | Icon is generic and does not show VPC-specific content,No text or labels visible on the icon to confirm it is specifically the region selector | Icon is very small and low-resolution
umn/source/virtual_ip_address/unbinding_a_virtual_ip_address_from_an_instance.rst,Unbinding a Virtual IP Address from an Instance,en-us_image_0000002456862761.png,icon,partial,0.72,Small hamburger menu icon (three horizontal lines) | Referenced in RST step 3 as the icon to click to navigate to Network > Virtual Private Cloud | A hamburger menu is a standard navigation icon in cloud management consoles | Icon is generic and does not show VPC-specific content,No text or labels visible on the icon to confirm it is specifically the navigation menu | Icon is very small and low-resolution
umn/source/virtual_ip_address/virtual_ip_address_overview.rst,Virtual IP Address Overview,en-us_image_0000001865663033.png,other,fail,0.00,Local color check detected #3298ff.,
umn/source/virtual_ip_address/virtual_ip_address_overview.rst,Virtual IP Address Overview,en-us_image_0000001865663537.png,other,fail,0.00,Local color check detected #3298ff.,
umn/source/vpc_and_subnet/subnet/creating_a_subnet_for_the_vpc.rst,Creating a Subnet for the VPC,en-us_image_0000002029182980.png,screenshot,pass,1.00,"Image shows the Create Subnet page with all parameters listed in Table 1 (Region, VPC, Subnet Name, IPv4 CIDR Block, IPv6 CIDR Block, Associated Route Table, Advanced Settings) | Matches Figure 1 caption 'Creating a subnet' referenced in step 6 | All fields from the parameter table are visible in the UI including Gateway, DNS Server Address, NTP Server Address, Tag, Description under Advanced Settings",
umn/source/vpc_and_subnet/subnet/creating_a_subnet_for_the_vpc.rst,Creating a Subnet for the VPC,en-us_image_0000001818982734.png,icon,pass,0.88,Image is a location pin icon referenced as |image1| in step 2 for selecting region and project | The icon is a standard map/location marker consistent with region selection in a cloud console | Small symbolic graphic used as a UI element in the navigation bar,"Icon is very small and low resolution, making fine details hard to discern"
umn/source/vpc_and_subnet/subnet/creating_a_subnet_for_the_vpc.rst,Creating a Subnet for the VPC,en-us_image_0000001818983298.png,icon,pass,0.88,Image is a hamburger menu icon (three horizontal lines) referenced as |image2| in step 3 for opening the navigation menu to choose Network > Virtual Private Cloud | Standard UI symbol for opening a navigation/dropdown menu | Small symbolic graphic consistent with a menu toggle in the upper left corner of a console,"Icon is very small and low resolution, making fine details hard to discern"
umn/source/vpc_and_subnet/subnet/deleting_a_subnet.rst,Deleting a Subnet,en-us_image_0000001818982734.png,icon,partial,0.77,"The image is a location pin icon, consistent with the RST instruction to 'select the desired region and project' in step 2. | It is a generic UI navigation icon used in the procedure, not specific to subnet deletion. | The icon clearly depicts a map/location pin symbol. | No contradictions between the image and the RST text.","The image is very small and low-resolution, making it difficult to confirm exact styling or context within a full UI."
umn/source/vpc_and_subnet/subnet/deleting_a_subnet.rst,Deleting a Subnet,en-us_image_0000001865663521.png,icon,partial,0.77,"The image is a hamburger menu icon (three horizontal lines), consistent with the RST instruction to 'choose Network > Virtual Private Cloud' in step 3. | It is a generic navigation menu icon used in the procedure, not specific to subnet deletion. | The icon clearly depicts three horizontal lines representing a menu toggle. | No contradictions between the image and the RST text.","The image is very small and low-resolution, making it difficult to confirm exact styling or context within a full UI."
umn/source/vpc_and_subnet/subnet/exporting_ip_addresses_in_a_subnet.rst,Exporting IP Addresses in a Subnet,en-us_image_0000002063982285.png,screenshot,pass,1.00,"Screenshot shows the IP Addresses tab of a subnet details page with both virtual and private IP address lists. | Two Export buttons are highlighted with red boxes, matching the RST description of clicking Export in the upper left corner of each list. | The virtual IP table shows columns for Virtual IP Address, Bound EIP, Bound Server (NIC), and Operation, consistent with the RST scenario description. | The private IP table shows columns for IP Address, Resource ID, Used By, and Operation, matching the RST description of IPv4/IPv6 addresses, resource IDs, and usage information. | The figure caption in the RST is 'Exporting virtual and private IP addresses', which exactly matches the content shown.",
umn/source/vpc_and_subnet/subnet/exporting_ip_addresses_in_a_subnet.rst,Exporting IP Addresses in a Subnet,en-us_image_0000002027767176.png,icon,partial,0.77,"The image is a small location-pin icon, referenced as |image1| in step 2 of the RST procedure. | The RST instructs to 'Click |image1| in the upper left corner and select the desired region and project', which is consistent with a region/project selector icon. | The icon is a generic navigation element and not specific to the IP address export topic. | No contradiction between the icon and its usage in the RST.","The icon is very small and low-resolution, making it difficult to confirm exact visual details beyond the location-pin shape."
umn/source/vpc_and_subnet/subnet/exporting_ip_addresses_in_a_subnet.rst,Exporting IP Addresses in a Subnet,en-us_image_0000002027925628.png,icon,partial,0.77,"The image is a small hamburger-menu (three horizontal lines) icon, referenced as |image2| in step 3 of the RST procedure. | The RST instructs to 'Click |image2| in the upper left corner and choose Network > Virtual Private Cloud', which is consistent with a navigation menu icon. | The icon is a generic navigation element and not specific to the IP address export topic. | No contradiction between the icon and its usage in the RST.","The icon is very small and low-resolution, making it difficult to confirm exact visual details beyond the three-line shape."
umn/source/vpc_and_subnet/subnet/exporting_subnets.rst,Exporting Subnets,en-us_image_0000001818982734.png,icon,partial,0.77,"The image is a location pin icon, consistent with the RST instruction to 'select the desired region and project' in step 2. | It is a small symbolic UI icon, not a full screenshot, used as an inline reference in the procedure. | The icon is relevant to the navigation steps but not directly about subnets or exporting. | No contradiction between the icon and its described purpose in the RST.","The image does not show the full UI context (e.g., the management console header) where this icon would appear. | No label or text is visible in the image to confirm it is specifically a region selector."
umn/source/vpc_and_subnet/subnet/exporting_subnets.rst,Exporting Subnets,en-us_image_0000001865583297.png,icon,partial,0.77,"The image is a hamburger menu icon (three horizontal lines), consistent with the RST instruction to click it and choose 'Network > Virtual Private Cloud' in step 3. | It is a small symbolic UI icon used as an inline navigation reference in the procedure. | The icon is relevant to the navigation steps but not directly about subnets or exporting. | No contradiction between the icon and its described purpose in the RST.","The image does not show the full UI context (e.g., the management console header) where this menu icon would appear. | No label or text is visible in the image to confirm it is specifically the main navigation menu."
umn/source/vpc_and_subnet/subnet/managing_subnet_tags.rst,Managing Subnet Tags,en-us_image_0000001818982734.png,icon,partial,0.77,"The image is a location pin icon used for selecting region and project in the management console. | It matches the RST instruction: 'Click |image1| in the upper left corner and select the desired region and project.' | The icon is a standard UI symbol for region/location selection, appropriate for the navigation step described.",The icon is generic and does not show any VPC or subnet-specific context. | No text or labels are visible in the icon to confirm its exact function beyond region selection.
umn/source/vpc_and_subnet/subnet/managing_subnet_tags.rst,Managing Subnet Tags,en-us_image_0000001818983406.png,icon,partial,0.77,"The image is a hamburger menu icon (three horizontal lines) used to open the navigation menu. | It matches the RST instruction: 'Click |image2| in the upper left corner and choose Network > Virtual Private Cloud.' | The icon is a standard UI symbol for opening a navigation menu, appropriate for the step described.",The icon is generic and does not show any VPC or subnet-specific context. | No text or labels are visible in the icon to confirm its exact function beyond menu navigation.
umn/source/vpc_and_subnet/subnet/managing_subnet_tags.rst,Managing Subnet Tags,en-us_image_0000001865583165.png,icon,partial,0.77,"The image is a hamburger menu icon (three horizontal lines) used to open the navigation menu. | It matches the RST instruction: 'Click |image4| in the upper left corner and choose Network > Virtual Private Cloud.' | The icon is a standard UI symbol for opening a navigation menu, appropriate for the step described.",The icon is generic and does not show any VPC or subnet-specific context. | No text or labels are visible in the icon to confirm its exact function beyond menu navigation.
umn/source/vpc_and_subnet/subnet/modifying_a_subnet.rst,Modifying a Subnet,en-us_image_0000001818982734.png,icon,partial,0.77,"The image is a location pin icon, consistent with step 2 which instructs to click it to select region and project. | It is a small symbolic graphic (icon) used as a UI element in the management console. | The icon is semantically appropriate for a region/project selector in a cloud management interface.","The icon is very small and low-resolution, making fine details hard to discern. | No surrounding UI context is visible to confirm it is in the upper left corner of a console."
umn/source/vpc_and_subnet/subnet/modifying_a_subnet.rst,Modifying a Subnet,en-us_image_0000001818823766.png,icon,partial,0.77,"The image is a hamburger menu icon (three horizontal lines), consistent with step 3 which instructs to click it to navigate to Network > Virtual Private Cloud. | It is a small symbolic graphic (icon) used as a navigation menu trigger. | The icon is semantically appropriate for opening a navigation menu in a management console.",The icon is very small and low-resolution. | No surrounding UI context is visible to confirm it is in the upper left corner of a console.
umn/source/vpc_and_subnet/subnet/modifying_a_subnet.rst,Modifying a Subnet,en-us_image_0000001865583301.png,icon,pass,1.00,"The image is a pencil/edit icon, directly matching step 6 which instructs to click it to modify a subnet parameter. | It is a small symbolic graphic (icon) representing the edit action. | The icon is the core interactive element for the 'Modifying a Subnet' procedure, making it highly relevant to the document topic. | The pencil icon is a standard, unambiguous representation of an edit/modify action.","The icon is small and low-resolution, but the pencil shape is clearly identifiable. | No surrounding UI context (e.g., the Summary tab or parameter row) is visible."
umn/source/vpc_and_subnet/subnet/viewing_and_deleting_resources_in_a_subnet.rst,Viewing and Deleting Resources in a Subnet,en-us_image_0000001818823010.png,screenshot,pass,1.00,"Screenshot shows the subnet Summary page with Subnet Information, Gateway and DNS Information, Resources, and Networking Components areas. | The Resources area displays ECSs, BMSs, and Load Balancers quantities, matching the RST description of viewing resources in a subnet. | The Networking Components area on the right shows Route Tables and Firewall, consistent with the NAT gateway/route table/subnet description. | Red highlight boxes emphasize the Resources and Networking Components areas referenced in step 6.","Some field values are partially obscured or rendered as placeholder glyphs, but the layout and labels are clear."
umn/source/vpc_and_subnet/subnet/viewing_and_deleting_resources_in_a_subnet.rst,Viewing and Deleting Resources in a Subnet,en-us_image_0000001818982734.png,icon,pass,1.00,"Small location-pin (map marker) icon, consistent with the region/project selector referenced in step 2. | Matches the RST instruction to click the icon in the upper left corner to select region and project.",No surrounding UI context is shown; only the isolated icon is visible.
umn/source/vpc_and_subnet/subnet/viewing_and_deleting_resources_in_a_subnet.rst,Viewing and Deleting Resources in a Subnet,en-us_image_0000001865662745.png,icon,pass,1.00,"Hamburger menu icon (three horizontal lines), consistent with opening the navigation menu in step 3. | Matches the RST instruction to click the icon in the upper left corner and choose Network > Virtual Private Cloud.",No surrounding UI context is shown; only the isolated icon is visible.
umn/source/vpc_and_subnet/subnet/viewing_and_deleting_resources_in_a_subnet.rst,Viewing and Deleting Resources in a Subnet,en-us_image_0000001818982794.png,icon,pass,1.00,"Left-pointing back-arrow icon, consistent with returning to the NAT gateway list as described in the NAT gateway deletion steps. | Matches the RST instruction to click the icon to return to the NAT gateway list.",No surrounding UI context is shown; only the isolated icon is visible.
umn/source/vpc_and_subnet/subnet/viewing_ip_addresses_in_a_subnet.rst,Viewing IP Addresses in a Subnet,en-us_image_0000001818982734.png,icon,partial,0.72,"The image is a location pin icon, consistent with the RST instruction to 'select the desired region and project' in step 2. | It is a small symbolic graphic (icon) used as a UI element for region selection, not a screenshot or page view. | The icon is relevant to the Procedure section as a navigation aid to reach the subnet details page. | The image is small and slightly blurry but clearly identifiable as a location/region pin symbol.","The image does not show the full UI context (e.g., the upper-left corner of the console) to confirm exact placement. | No text label is visible on the icon to confirm it specifically represents 'region and project' selection."
umn/source/vpc_and_subnet/subnet/viewing_ip_addresses_in_a_subnet.rst,Viewing IP Addresses in a Subnet,en-us_image_0000001818983610.png,icon,partial,0.72,"The image is a hamburger menu icon (three horizontal lines), consistent with the RST instruction to click and choose 'Network > Virtual Private Cloud' in step 3. | It is a small symbolic graphic (icon) representing a navigation menu, not a screenshot or page view. | The icon is relevant to the Procedure section as a navigation aid to reach the VPC page. | The image is small and slightly blurry but clearly identifiable as a three-line menu symbol.","The image does not show the full UI context (e.g., the upper-left corner of the console) to confirm exact placement. | No text label is visible on the icon to confirm it specifically opens the 'Network > Virtual Private Cloud' menu."
umn/source/vpc_and_subnet/vpc/adding_a_secondary_ipv4_cidr_block_to_a_vpc.rst,Adding a Secondary IPv4 CIDR Block to a VPC,en-us_image_0000001818983054.png,icon,partial,0.77,"The image is a location pin icon, consistent with the RST instruction to click it to select region and project in step 2 | It is a generic UI navigation icon, not specific to VPC or CIDR block configuration | The icon is clearly visible and matches the described purpose of region/project selection | No contradictions between the image and the RST text","The image does not show the full UI context (upper left corner placement, surrounding interface elements) | No text labels are visible on the icon to confirm it is specifically the region/project selector"
umn/source/vpc_and_subnet/vpc/adding_a_secondary_ipv4_cidr_block_to_a_vpc.rst,Adding a Secondary IPv4 CIDR Block to a VPC,en-us_image_0000001865663001.png,icon,partial,0.77,"The image is a hamburger menu icon (three horizontal lines), consistent with the RST instruction to click it to open navigation and choose Network > Virtual Private Cloud in step 3 | It is a generic UI navigation icon, not specific to VPC or CIDR block configuration | The icon is clearly visible and matches the described purpose of opening the navigation menu | No contradictions between the image and the RST text","The image does not show the full UI context (upper left corner placement, surrounding interface elements) | No text labels are visible on the icon to confirm it is specifically the navigation menu trigger"
umn/source/vpc_and_subnet/vpc/creating_a_vpc_with_a_subnet.rst,Creating a VPC with a Subnet,en-us_image_0000001865837676.png,screenshot,pass,1.00,"Image is the Create VPC form page, matching Figure 1 caption 'Creating a VPC and subnet' | Shows Basic Information section with Region, Name, IPv4 CIDR Block, Enterprise Project as described in Table 1 | Shows Default Subnet section with Name, IPv4 CIDR Block, IPv6 CIDR Block, Associated Route Table | Shows Advanced Settings for both VPC (Tag, Description) and Subnet (Gateway, DNS Server Address, NTP Server Address, Tag) | Create Now button visible at bottom right, matching step 6 of the procedure",
umn/source/vpc_and_subnet/vpc/creating_a_vpc_with_a_subnet.rst,Creating a VPC with a Subnet,en-us_image_0000001818982734.png,icon,pass,0.93,"Image is a small location pin icon, consistent with the region selector referenced in step 2 | RST step 2 says 'Click |image1| in the upper left corner and select the desired region and project' | The pin/marker symbol is a standard representation for region/location selection in cloud consoles","Icon is very small and low-resolution, making fine details hard to discern"
umn/source/vpc_and_subnet/vpc/creating_a_vpc_with_a_subnet.rst,Creating a VPC with a Subnet,en-us_image_0000001865663089.png,icon,pass,0.93,"Image is a hamburger menu icon (three horizontal lines), consistent with the navigation menu referenced in step 3 | RST step 3 says 'Click |image2| in the upper left corner and choose Network > Virtual Private Cloud' | The three-line icon is a standard representation for opening a navigation/service menu in cloud consoles","Icon is very small and low-resolution, making fine details hard to discern"
umn/source/vpc_and_subnet/vpc/deleting_a_secondary_ipv4_cidr_block_from_a_vpc.rst,Deleting a Secondary IPv4 CIDR Block from a VPC,en-us_image_0000001818823194.png,icon,partial,0.77,"The image is a location pin icon, consistent with a region/project selector in a cloud management console. | The RST references this icon in step 2 for selecting the desired region and project, which matches the location pin semantics. | The icon is a generic navigation element, not specific to VPC or CIDR block operations. | The visual clearly shows a map pin / location marker symbol.",No surrounding UI context is visible; only the isolated icon is shown. | No text label or tooltip is visible to confirm it is specifically a region selector.
umn/source/vpc_and_subnet/vpc/deleting_a_secondary_ipv4_cidr_block_from_a_vpc.rst,Deleting a Secondary IPv4 CIDR Block from a VPC,en-us_image_0000001865582729.png,icon,partial,0.77,"The image is a hamburger menu icon (three horizontal lines), consistent with a navigation menu in a cloud management console. | The RST references this icon in step 3 for opening the menu to choose Network > Virtual Private Cloud, which matches the hamburger menu semantics. | The icon is a generic navigation element, not specific to VPC or CIDR block operations. | The visual clearly shows three horizontal lines representing a menu toggle.",No surrounding UI context is visible; only the isolated icon is shown. | No text label or tooltip is visible to confirm it is specifically the main navigation menu.
umn/source/vpc_and_subnet/vpc/deleting_a_vpc.rst,Deleting a VPC,en-us_image_0000001818982734.png,icon,partial,0.77,"The image is a location pin/marker icon, consistent with the RST instruction to 'select the desired region and project' in step 2. | It is a small symbolic UI element (icon), not a screenshot of the VPC page. | The icon is relevant to the procedure for navigating the console but is not directly about VPC deletion itself. | No contradiction between the icon and its described purpose in the RST.",The icon does not show any text label or context indicating it is specifically a region selector. | No surrounding UI context is visible to confirm it appears in the upper left corner of a console.
umn/source/vpc_and_subnet/vpc/deleting_a_vpc.rst,Deleting a VPC,en-us_image_0000001865663509.png,icon,pass,0.90,"The image is a hamburger menu icon (three horizontal lines), a standard UI symbol for opening a navigation menu. | The RST instructs to 'Click |image2| in the upper left corner and choose Network > Virtual Private Cloud,' which aligns perfectly with a hamburger menu icon. | It is a small symbolic UI element (icon), not a screenshot. | No contradiction between the icon and its described purpose in the RST.",No surrounding UI context is visible to confirm it appears in the upper left corner of a console. | The icon does not display any text or submenu items to confirm it leads to Network > VPC.
umn/source/vpc_and_subnet/vpc/exporting_vpcs.rst,Exporting VPCs,en-us_image_0000001818982734.png,icon,partial,0.72,"Image is a location pin icon, consistent with the RST instruction to click it to select region and project | The icon matches the typical UI element for region/project selection in a cloud management console | Referenced in step 2 of the Procedure section for navigating to the desired region and project | The icon is small and slightly blurry but clearly identifiable as a location/marker symbol",The icon does not show any text or additional context confirming it is specifically for region/project selection | No surrounding UI context is visible to confirm placement in the upper left corner
umn/source/vpc_and_subnet/vpc/exporting_vpcs.rst,Exporting VPCs,en-us_image_0000001818823378.png,icon,partial,0.72,"Image is a hamburger menu icon (three horizontal lines), consistent with the RST instruction to click it to navigate to Network > Virtual Private Cloud | The icon matches the typical UI element for opening a navigation menu in a cloud management console | Referenced in step 3 of the Procedure section for accessing the Network > VPC menu | The icon is small and slightly blurry but clearly identifiable as a three-line menu symbol","The icon does not show any text or additional context confirming it opens a navigation menu | No surrounding UI context is visible to confirm placement in the upper left corner | No visible menu items (Network, Virtual Private Cloud) are shown in the image"
umn/source/vpc_and_subnet/vpc/managing_vpc_tags.rst,Managing VPC Tags,en-us_image_0000001818982734.png,icon,partial,0.77,The image is a location pin icon used in the procedure to select region and project. | It is a standard navigation icon in cloud management consoles. | The icon is semantically appropriate for region/project selection as described in the RST.,No direct visual connection to VPC tags themselves. | The icon is generic and not specific to VPC tag management.
umn/source/vpc_and_subnet/vpc/modifying_a_vpc.rst,Modifying a VPC,en-us_image_0000001818982734.png,icon,pass,1.00,"Image is a location-pin icon, matching the RST step 'Click |image1| in the upper left corner and select the desired region and project.' | A location pin is a standard symbol for region/area selection in a management console. | The icon is used in both the name/description and CIDR sections for region selection, consistent with the document.",No surrounding UI context is shown; only the isolated icon is visible.
umn/source/vpc_and_subnet/vpc/modifying_a_vpc.rst,Modifying a VPC,en-us_image_0000001818823402.png,icon,pass,1.00,"Image is a hamburger (three-line) menu icon, matching the RST step 'Click |image2| in the upper left corner and choose Network > Virtual Private Cloud.' | A hamburger icon is the standard control for opening a navigation menu in a console. | Consistent with the document's navigation instructions.",No surrounding UI context is shown; only the isolated icon is visible.
umn/source/vpc_and_subnet/vpc/modifying_a_vpc.rst,Modifying a VPC,en-us_image_0000001818823394.png,icon,pass,1.00,"Image is a pencil/edit icon, matching Method 1 step 'click |image3| on the right of the VPC name' to modify the name. | A pencil is the standard symbol for editing a field. | Directly relevant to the 'Modifying the Name and Description of a VPC' section.",No surrounding UI context is shown; only the isolated icon is visible.
umn/source/vpc_and_subnet/vpc/modifying_a_vpc.rst,Modifying a VPC,en-us_image_0000001865663133.png,icon,pass,1.00,"Image is a pencil/edit icon, matching Method 2 step 'Click |image4| on the right of the VPC name or description'. | A pencil is the standard symbol for editing a field on the Summary page. | Directly relevant to the 'Modifying the Name and Description of a VPC' section.",No surrounding UI context is shown; only the isolated icon is visible.
umn/source/vpc_and_subnet/vpc/modifying_a_vpc.rst,Modifying a VPC,en-us_image_0000001818983186.png,icon,pass,1.00,"Image is a checkmark icon, matching Method 2 step 'enter the information, and click |image5|' to confirm the edit. | A checkmark is a standard confirm/OK control symbol. | Relevant to completing the name/description modification.",No surrounding UI context is shown; only the isolated icon is visible.
umn/source/vpc_and_subnet/vpc/modifying_a_vpc.rst,Modifying a VPC,en-us_image_0000001865663129.png,icon,pass,1.00,"Image is a hamburger (three-line) menu icon, matching the CIDR section step 'Click |image7| in the upper left corner and choose Network > Virtual Private Cloud.' | A hamburger icon is the standard control for opening a navigation menu in a console. | Consistent with the document's navigation instructions in the 'Modifying the CIDR Block of a VPC' section.",No surrounding UI context is shown; only the isolated icon is visible.
umn/source/vpc_and_subnet/vpc/obtaining_a_vpc_id.rst,Obtaining a VPC ID,en-us_image_0000001865582937.png,icon,pass,1.00,"The image shows a location pin/marker icon, consistent with a region selector | The RST step 2 says 'Click |image1| in the upper left corner and select the desired region and project' | A location pin is a standard icon for region/area selection in cloud consoles | The icon is small and symbolic, fitting the 'icon' classification",No surrounding UI context visible; only the isolated icon is shown
umn/source/vpc_and_subnet/vpc/obtaining_a_vpc_id.rst,Obtaining a VPC ID,en-us_image_0000001818983198.png,icon,pass,1.00,"The image shows three horizontal lines (hamburger menu icon) | The RST step 3 says 'Click |image2| in the upper left corner and choose Network > Virtual Private Cloud' | A hamburger menu icon is standard for opening a navigation menu in the upper left corner | The icon is small and symbolic, fitting the 'icon' classification",No surrounding UI context visible; only the isolated icon is shown
umn/source/vpc_and_subnet/vpc/obtaining_a_vpc_id.rst,Obtaining a VPC ID,en-us_image_0000001818983194.png,icon,pass,1.00,"The image shows two overlapping squares/rectangles, a standard copy icon | The RST step 5 says 'Click |image3| next to ID to copy the VPC ID' | A copy icon (overlapping squares) is the conventional symbol for copy-to-clipboard actions | The icon is small and symbolic, fitting the 'icon' classification",No surrounding UI context visible; only the isolated icon is shown
umn/source/vpc_and_subnet/vpc/viewing_a_vpc_topology.rst,Viewing a VPC Topology,en-us_image_0000001865662737.png,icon,partial,0.77,"The image is a location pin icon, consistent with the RST instruction to click it to select region and project. | It is a small symbolic graphic (icon) used as a UI element in the management console navigation. | The icon is referenced in step 2 of the Procedure section for region/project selection, which is a prerequisite step for viewing VPC topology. | The visual content (a map/location pin) semantically aligns with selecting a geographic region.","The image does not show the full UI context (e.g., the management console header) where this icon would appear. | No label or text is visible in the image to confirm it specifically represents region/project selection."
umn/source/vpc_and_subnet/vpc/viewing_a_vpc_topology.rst,Viewing a VPC Topology,en-us_image_0000001818982798.png,icon,partial,0.77,"The image is a hamburger menu icon (three horizontal lines), consistent with the RST instruction to click it to open a navigation menu for choosing Network > Virtual Private Cloud. | It is a small symbolic graphic (icon) used as a UI navigation element in the management console. | The icon is referenced in step 3 of the Procedure section for navigating to the VPC page, a prerequisite for viewing the topology. | The visual content (three horizontal lines) is a standard representation of a navigation/menu button.","The image does not show the full UI context (e.g., the management console header) where this icon would appear. | No label or text is visible in the image to confirm it specifically opens the Network/VPC navigation path."
umn/source/vpc_flow_log/creating_a_vpc_flow_log.rst,Creating a VPC Flow Log,en-us_image_0000002028956040.png,screenshot,pass,1.00,"Image is a clear screenshot of the 'Create VPC Flow Log' dialog, matching Figure 1 in the RST. | All parameters from Table 1 (Name, Resource Type, Resource, Filter, Log Group, Log Stream) are visible in the form. | Resource Type shows NIC selected, consistent with the example value in the table. | Filter shows 'All traffic' matching the example value. | Cancel and OK buttons are present at the bottom, consistent with step 6.",Description field is not visible in the screenshot (may be below the visible area).
umn/source/vpc_flow_log/creating_a_vpc_flow_log.rst,Creating a VPC Flow Log,en-us_image_0000001818982734.png,icon,pass,0.88,"Image is a small location-pin icon, referenced as |image1| in step 2 for selecting region and project. | A location pin is a standard UI symbol for region/project selection in cloud management consoles. | The icon is small and slightly blurry but clearly identifiable as a map/location marker.","The icon is very small and low-resolution, making fine details hard to discern."
umn/source/vpc_flow_log/creating_a_vpc_flow_log.rst,Creating a VPC Flow Log,en-us_image_0000001865663109.png,icon,pass,0.88,"Image is a hamburger menu icon (three horizontal lines), referenced as |image2| in step 3 for navigating to Network > Virtual Private Cloud. | A hamburger menu is a standard navigation icon in cloud management consoles. | The icon is small and slightly blurry but clearly shows three horizontal bars.",The icon is very small and low-resolution; no additional context is visible.
umn/source/vpc_flow_log/deleting_a_vpc_flow_log.rst,Deleting a VPC Flow Log,en-us_image_0000002033444204.png,screenshot,pass,1.00,"Screenshot shows the VPC Flow Logs page with a table of flow log entries | The Operation column's 'More' dropdown is open, revealing Disable, Modify, and Delete options | Directly corresponds to step 5: 'click Delete in the Operation column' | Matches Figure 1 caption: 'Deleting a VPC flow log' | The page title 'VPC Flow Logs' and the 'Create VPC Flow Log' button confirm the correct context",
umn/source/vpc_flow_log/deleting_a_vpc_flow_log.rst,Deleting a VPC Flow Log,en-us_image_0000001818982734.png,icon,partial,0.72,"Small location-pin / map-marker icon used as a region selector | Referenced in step 2 as the icon to click for selecting region and project | Generic navigation icon, not specific to VPC flow log deletion | Consistent with typical Huawei Cloud console region selector placement in upper-left corner",No surrounding UI context visible to confirm exact placement in the console header
umn/source/vpc_flow_log/deleting_a_vpc_flow_log.rst,Deleting a VPC Flow Log,en-us_image_0000001865582989.png,icon,partial,0.72,"Hamburger menu icon (three horizontal lines) used to open the main navigation | Referenced in step 3 as the icon to click to choose Network > Virtual Private Cloud | Generic navigation icon, not specific to VPC flow log deletion | Consistent with typical console hamburger menu in the upper-left corner",No surrounding UI context visible to confirm exact placement in the console header
umn/source/vpc_flow_log/enabling_or_disabling_vpc_flow_log.rst,Enabling or Disabling VPC Flow Log,en-us_image_0000001818982734.png,icon,partial,0.77,"The image is a small location pin icon, consistent with a region/project selector referenced in step 2 of the procedure. | The RST states 'Click |image1| in the upper left corner and select the desired region and project,' which aligns with a location/region icon. | The icon is a generic UI navigation element, not directly depicting VPC Flow Log content, but is part of the procedural steps. | No contradictions between the image and the RST description.",The image does not show the actual region/project selection dropdown or any VPC Flow Log interface. | No surrounding UI context is visible to confirm it is in the upper left corner of a management console.
umn/source/vpc_flow_log/enabling_or_disabling_vpc_flow_log.rst,Enabling or Disabling VPC Flow Log,en-us_image_0000001818983174.png,icon,partial,0.77,"The image is a hamburger menu icon (three horizontal lines), consistent with a navigation menu selector referenced in step 3. | The RST states 'Click |image2| in the upper left corner and choose Network > Virtual Private Cloud,' which aligns with a menu icon that opens a navigation panel. | The icon is a generic UI navigation element, not directly depicting VPC Flow Log content, but is part of the procedural steps. | No contradictions between the image and the RST description.",The image does not show the actual navigation menu with Network > Virtual Private Cloud options. | No surrounding UI context is visible to confirm it is in the upper left corner of a management console.
umn/source/vpc_flow_log/viewing_a_vpc_flow_log.rst,Viewing a VPC Flow Log,en-us_image_0000001865663181.png,screenshot,pass,1.00,"Shows the VPC Flow Logs list page with Name/ID, Resource Type, Status, Filter, LTS Log, and Operation columns. | The Operation column contains 'View Log Record' links, matching step 5 of the procedure. | Corresponds to Figure 1 'Viewing a log record' referenced in the RST. | Includes a 'Create VPC Flow Log' button and search box, consistent with the management console UI.",Some Name/ID and Resource Details values are blurred/redacted.
umn/source/vpc_flow_log/viewing_a_vpc_flow_log.rst,Viewing a VPC Flow Log,en-us_image_0000001818823446.png,screenshot,pass,1.00,"Shows the LTS log stream details page with a breadcrumb 'Log Management > flowlog3 > az1c3'. | Displays flow log record lines containing version, project-id, interface-id, srcaddr, dstaddr, ports, protocol, packets, bytes, start, end, action (ACCEPT), and log-status (OK). | Matches the flow log record format and Example 1 described in the RST. | Corresponds to Figure 2 'Flow log record' and the note about searching on the LTS console.",No additional missing information; the record fields are legible.
umn/source/vpc_flow_log/viewing_a_vpc_flow_log.rst,Viewing a VPC Flow Log,en-us_image_0000001818982734.png,icon,partial,0.77,"A small location/map-pin pictogram used as the region selector icon. | Matches |image1| in step 2: 'Click |image1| in the upper left corner and select the desired region and project.' | It is an isolated symbolic graphic, not a full UI screenshot.",No surrounding UI context is shown; only the icon itself is visible.
umn/source/vpc_flow_log/viewing_a_vpc_flow_log.rst,Viewing a VPC Flow Log,en-us_image_0000001865582981.png,icon,partial,0.77,"A hamburger menu icon (three horizontal lines) used to open the navigation menu. | Matches |image2| in step 3: 'Click |image2| in the upper left corner and choose Network > Virtual Private Cloud.' | It is an isolated UI symbol, not a full screenshot.",No surrounding UI context is shown; only the menu icon is visible.
umn/source/vpc_flow_log/vpc_flow_log_overview.rst,VPC Flow Log Overview,en-us_image_0000001865583169.png,other,fail,0.00,Local color check detected #3298ff.,
umn/source/vpc_peering_connection/creating_a_vpc_peering_connection_to_connect_two_vpcs_in_different_accounts.rst,Creating a VPC Peering Connection to Connect Two VPCs in Different Accounts,en-us_image_0000001818823598.png,other,fail,0.00,Local color check detected #3298ff.,
umn/source/vpc_peering_connection/creating_a_vpc_peering_connection_to_connect_two_vpcs_in_different_accounts.rst,Creating a VPC Peering Connection to Connect Two VPCs in Different Accounts,en-us_image_0000002029088858.png,screenshot,pass,1.00,"Image is the 'Create VPC Peering Connection' dialog box referenced as Figure 2 in Step 1. | All parameters from Table 1 are visible: VPC Peering Connection Name, Local VPC, Local VPC CIDR Block, Account (My account / Another account), Peer Project ID, Peer VPC ID, Description. | The 'Another account' option is highlighted, matching the cross-account scenario described in the document. | Cancel and OK buttons are present at the bottom, consistent with the procedure.",
umn/source/vpc_peering_connection/creating_a_vpc_peering_connection_to_connect_two_vpcs_in_different_accounts.rst,Creating a VPC Peering Connection to Connect Two VPCs in Different Accounts,en-us_image_0000001865583153.png,screenshot,pass,1.00,"Image is the VPC Peering Connections list showing a pending request, referenced as Figure 3 in Step 2. | The 'Accept Request' button is highlighted in the Operation column, matching the instruction to click Accept Request. | The list shows Name/ID, Local VPC, Local VPC CIDR Block, Peer Project ID, Peer VPC, Peer VPC CIDR Block, and Operation columns. | A banner indicates 'You have 1 VPC peering connection requests to accept', consistent with the cross-account acceptance flow.",
umn/source/vpc_peering_connection/creating_a_vpc_peering_connection_to_connect_two_vpcs_in_different_accounts.rst,Creating a VPC Peering Connection to Connect Two VPCs in Different Accounts,en-us_image_0000002064973289.png,screenshot,pass,1.00,"Image is the 'Add Route' dialog box referenced as Figure 4 in Step 3a (local VPC route). | Fields VPC, Route Table, Destination, Next Hop, and Description are all visible, matching Table 2 parameters. | A 'View Route Table' link is present next to the Route Table field. | Cancel and OK buttons are at the bottom, consistent with the procedure.",
umn/source/vpc_peering_connection/creating_a_vpc_peering_connection_to_connect_two_vpcs_in_different_accounts.rst,Creating a VPC Peering Connection to Connect Two VPCs in Different Accounts,en-us_image_0000002065222681.png,screenshot,pass,1.00,"Image is the 'Add Route' dialog box referenced as Figure 5 in Step 3b (peer VPC route). | Fields VPC, Route Table, Destination, Next Hop, and Description are visible, matching Table 3 parameters. | The dialog is structurally identical to Figure 4, as expected since both accounts add routes with the same form. | Cancel and OK buttons are present.",
umn/source/vpc_peering_connection/creating_a_vpc_peering_connection_to_connect_two_vpcs_in_different_accounts.rst,Creating a VPC Peering Connection to Connect Two VPCs in Different Accounts,en-us_image_0000001818982734.png,icon,partial,0.72,"Image is a location-pin / map-marker icon used as |image1| in Step 1 step 2 to select region and project. | The icon is a generic region selector symbol, semantically aligned with 'select the desired region and project'. | It is a small isolated UI symbol, classified as an icon.",The icon is generic and does not show any account- or VPC-specific detail.
umn/source/vpc_peering_connection/creating_a_vpc_peering_connection_to_connect_two_vpcs_in_different_accounts.rst,Creating a VPC Peering Connection to Connect Two VPCs in Different Accounts,en-us_image_0000001865583133.png,icon,partial,0.72,"Image is a hamburger-menu (three horizontal lines) icon used as |image2| in Step 1 step 3 to open the navigation menu for Network > Virtual Private Cloud. | The icon is a standard navigation symbol, consistent with the instruction to click it and choose a menu path. | It is a small isolated UI symbol, classified as an icon.","The icon does not display the actual menu items (Network, Virtual Private Cloud) it opens."
umn/source/vpc_peering_connection/creating_a_vpc_peering_connection_to_connect_two_vpcs_in_different_accounts.rst,Creating a VPC Peering Connection to Connect Two VPCs in Different Accounts,en-us_image_0000001818983374.png,icon,partial,0.72,"Image is a hamburger-menu (three horizontal lines) icon used as |image3| in Step 2 step 2 to open the navigation menu for Network > Virtual Private Cloud. | The icon is identical in form to |image2|, serving the same navigation purpose in the peer account's console. | It is a small isolated UI symbol, classified as an icon.",The icon does not display the actual menu items it opens.
umn/source/vpc_peering_connection/creating_a_vpc_peering_connection_to_connect_two_vpcs_in_the_same_account.rst,Creating a VPC Peering Connection to Connect Two VPCs in the Same Account,en-us_image_0000001865663449.png,other,fail,0.00,Local color check detected #3298ff.,
umn/source/vpc_peering_connection/creating_a_vpc_peering_connection_to_connect_two_vpcs_in_the_same_account.rst,Creating a VPC Peering Connection to Connect Two VPCs in the Same Account,en-us_image_0000002029083886.png,screenshot,pass,1.00,"Image is the 'Create VPC Peering Connection' dialog, matching Figure 2 in the RST. | Fields (VPC Peering Connection Name, Local VPC, Local VPC CIDR Block, Account, Peer Project, Peer VPC, Peer VPC CIDR Block) align with Table 1 parameters. | The 'My account' / 'Another account' tabs match the Account parameter description. | Cancel and OK buttons are visible, consistent with step 7 (Click OK).","Description field is not visible in the cropped view, though it is listed in Table 1."
umn/source/vpc_peering_connection/creating_a_vpc_peering_connection_to_connect_two_vpcs_in_the_same_account.rst,Creating a VPC Peering Connection to Connect Two VPCs in the Same Account,en-us_image_0000002029103832.png,screenshot,pass,1.00,"Image is the 'Add Route' dialog, matching Figure 3 in the RST. | Fields (VPC, Route Table, Destination, Next Hop, Description) match Table 2 parameters. | The 'Add a route for the other VPC' checkbox and second VPC/Route Table/Destination/Next Hop block match the table's dual-route description. | Next Hop shows a 'peering-' value, consistent with the default peering connection next hop.","Some field values are partially redacted/blurred, but the structure is clear."
umn/source/vpc_peering_connection/creating_a_vpc_peering_connection_to_connect_two_vpcs_in_the_same_account.rst,Creating a VPC Peering Connection to Connect Two VPCs in the Same Account,en-us_image_0000001818982734.png,icon,pass,0.93,"Image is a location/map-pin icon, used as |image1| in step 2 for selecting region and project. | A location pin is the standard symbol for a region selector, matching the RST instruction. | It is an isolated symbolic graphic, classified as an icon.",The icon alone does not show the region/project dropdown it opens.
umn/source/vpc_peering_connection/creating_a_vpc_peering_connection_to_connect_two_vpcs_in_the_same_account.rst,Creating a VPC Peering Connection to Connect Two VPCs in the Same Account,en-us_image_0000001818983506.png,icon,pass,0.93,"Image is a hamburger (three-line) menu icon, used as |image2| in step 3 to open the navigation menu. | A hamburger menu is the standard symbol for opening the service/navigation menu, matching the RST instruction to choose Network > Virtual Private Cloud. | It is an isolated symbolic graphic, classified as an icon.",The icon alone does not show the resulting Network > Virtual Private Cloud menu.
umn/source/vpc_peering_connection/deleting_a_vpc_peering_connection.rst,Deleting a VPC Peering Connection,en-us_image_0000001818982734.png,icon,partial,0.77,"The image is a location pin/marker icon, consistent with the RST instruction to 'select the desired region and project' in step 2. | It is a small symbolic UI icon, not a full screenshot or application interface. | The icon is relevant to the procedure as a navigation element for region selection, though not directly depicting VPC peering. | No contradictions between the image content and the RST description.",The image does not show the surrounding UI context (upper left corner placement) that the RST references. | No visible text or labels confirming this is specifically a region selector.
umn/source/vpc_peering_connection/deleting_a_vpc_peering_connection.rst,Deleting a VPC Peering Connection,en-us_image_0000001818823798.png,icon,partial,0.77,"The image is a hamburger menu icon (three horizontal lines), consistent with the RST instruction to open a navigation menu and choose 'Network > Virtual Private Cloud' in step 3. | It is a small symbolic UI icon, not a full screenshot or application interface. | The icon is relevant to the procedure as a navigation element for accessing the VPC section, though not directly depicting VPC peering. | No contradictions between the image content and the RST description.",The image does not show the surrounding UI context (upper left corner placement) that the RST references. | No visible menu items or labels confirming this leads to 'Network > Virtual Private Cloud'.
umn/source/vpc_peering_connection/deleting_routes_configured_for_a_vpc_peering_connection.rst,Deleting Routes Configured for a VPC Peering Connection,en-us_image_0000001818982734.png,icon,partial,0.77,"The image is a location pin icon used for selecting region and project in the management console | The RST references this icon as the element to click for selecting region and project in step 2 | The icon is a standard UI navigation element, not directly related to VPC peering content but part of the procedure",No additional context visible in the icon itself about VPC peering functionality
umn/source/vpc_peering_connection/deleting_routes_configured_for_a_vpc_peering_connection.rst,Deleting Routes Configured for a VPC Peering Connection,en-us_image_0000001818823058.png,icon,partial,0.77,The image is a hamburger menu icon (three horizontal lines) used to open the navigation menu | The RST references this icon as the element to click to choose Network > Virtual Private Cloud in step 3 | The icon is a standard UI navigation element consistent with opening a service menu,No additional context visible in the icon itself about VPC peering functionality
umn/source/vpc_peering_connection/deleting_routes_configured_for_a_vpc_peering_connection.rst,Deleting Routes Configured for a VPC Peering Connection,en-us_image_0000001865582593.png,icon,partial,0.77,The image is a hamburger menu icon (three horizontal lines) used to open the navigation menu | The RST references this icon as |image4| for choosing Network > Virtual Private Cloud in the different accounts section | The icon is a standard UI navigation element consistent with opening a service menu,No additional context visible in the icon itself about VPC peering functionality
umn/source/vpc_peering_connection/modifying_a_vpc_peering_connection.rst,Modifying a VPC Peering Connection,en-us_image_0000001818982734.png,icon,partial,0.77,"The image is a location pin icon, consistent with step 2's instruction to select a region and project. | It is a generic UI navigation icon, not specific to VPC peering connections. | The icon matches the described action of clicking to select region/project in the upper left corner.",The icon is generic and does not show any VPC-specific context. | No surrounding UI is visible to confirm it is in the upper left corner of a management console.
umn/source/vpc_peering_connection/modifying_a_vpc_peering_connection.rst,Modifying a VPC Peering Connection,en-us_image_0000001865582893.png,icon,partial,0.77,"The image is a hamburger menu icon (three horizontal lines), consistent with step 3's instruction to open a navigation menu to choose Network > Virtual Private Cloud. | It is a generic UI navigation icon, not specific to VPC peering connections. | The icon matches the described action of clicking to open a menu in the upper left corner.",The icon is generic and does not show any VPC-specific context. | No surrounding UI is visible to confirm it is in the upper left corner of a management console.
umn/source/vpc_peering_connection/modifying_routes_configured_for_a_vpc_peering_connection.rst,Modifying Routes Configured for a VPC Peering Connection,en-us_image_0000001818982734.png,icon,partial,0.77,"The image is a location pin icon used for selecting region and project in the VPC peering connection procedure | The icon is semantically appropriate for region/project selection as described in the RST | It is a generic UI navigation icon, not specific to VPC peering content",No VPC-specific branding or context visible in the icon | The icon is generic and could appear in any cloud management console
umn/source/vpc_peering_connection/modifying_routes_configured_for_a_vpc_peering_connection.rst,Modifying Routes Configured for a VPC Peering Connection,en-us_image_0000001865662901.png,icon,partial,0.77,"The image is a hamburger menu icon (three horizontal lines) used to open the navigation menu | It matches the RST instruction to click the icon and choose Network > Virtual Private Cloud | It is a standard UI navigation element, not specific to VPC peering",No VPC-specific branding or context visible in the icon | The icon is generic and could appear in any application with a navigation menu
umn/source/vpc_peering_connection/modifying_routes_configured_for_a_vpc_peering_connection.rst,Modifying Routes Configured for a VPC Peering Connection,en-us_image_0000001818823166.png,icon,partial,0.77,"The image is a hamburger menu icon (three horizontal lines) used to open the navigation menu | It matches the RST instruction for the different-accounts section to click the icon and choose Network > Virtual Private Cloud | It is a standard UI navigation element, not specific to VPC peering",No VPC-specific branding or context visible in the icon | The icon is generic and could appear in any application with a navigation menu
umn/source/vpc_peering_connection/viewing_routes_configured_for_a_vpc_peering_connection.rst,Viewing Routes Configured for a VPC Peering Connection,en-us_image_0000001865828728.png,screenshot,pass,1.00,"Shows a VPC peering connection detail page with an 'Associated Routes' table, matching the topic of viewing routes for a VPC peering connection. | The route table columns (Destination, Virtual Private Cloud, Next Hop Type, Next Hop, Route Table, Description) align with the RST description of route destination, VPC, next hop, and route table. | Corresponds to Figure 1 in the 'same account' section, showing two associated routes for the peering connection. | Clear, legible UI screenshot with visible controls (Add Route, Delete, pagination).","Some field values are redacted/blurred, but the structure is fully visible."
umn/source/vpc_peering_connection/viewing_routes_configured_for_a_vpc_peering_connection.rst,Viewing Routes Configured for a VPC Peering Connection,en-us_image_0000001865833004.png,screenshot,pass,1.00,"Displays a VPC peering connection detail page with an 'Associated Routes' table, matching the topic. | Shows a single local route with destination, VPC, next hop type (VPC peering connection), next hop, and route table, consistent with the RST. | Matches Figure 2 in the 'different accounts' section showing the local VPC route. | Legible screenshot with visible interactive controls.","Peer VPC CIDR Block shown as '--', but this is consistent with a local-account view."
umn/source/vpc_peering_connection/viewing_routes_configured_for_a_vpc_peering_connection.rst,Viewing Routes Configured for a VPC Peering Connection,en-us_image_0000001865674836.png,screenshot,pass,1.00,"Shows a VPC peering connection detail page with an 'Associated Routes' table, matching the topic. | Displays a single peer route with destination, VPC, next hop, and route table, consistent with the RST description. | Matches Figure 3 in the 'different accounts' section showing the peer VPC route. | Legible screenshot with visible interactive controls.","Local VPC CIDR Block shown as '--', consistent with a peer-account view."
umn/source/vpc_peering_connection/viewing_routes_configured_for_a_vpc_peering_connection.rst,Viewing Routes Configured for a VPC Peering Connection,en-us_image_0000001818982734.png,icon,partial,0.77,"A location-pin icon used in the RST as the region/project selector (|image1|/|image3|), relevant to the login/region step. | It is an isolated UI symbol, not a full page, so detail match is limited to its function. | Used in the step 'Click |image1| in the upper left corner and select the desired region and project.' | The icon is clearly visible and unambiguous.",No surrounding UI context; only the standalone icon is shown.
umn/source/vpc_peering_connection/viewing_routes_configured_for_a_vpc_peering_connection.rst,Viewing Routes Configured for a VPC Peering Connection,en-us_image_0000001865662765.png,icon,partial,0.77,"A hamburger/menu icon used in the RST as |image2| to open the navigation menu for choosing Network > Virtual Private Cloud. | It is an isolated UI symbol, so detail match is limited to its menu-opening function. | Used in the step 'Click |image2| in the upper left corner and choose Network > Virtual Private Cloud.' | The icon is clearly visible.",No surrounding UI context; only the standalone menu icon is shown.
umn/source/vpc_peering_connection/viewing_routes_configured_for_a_vpc_peering_connection.rst,Viewing Routes Configured for a VPC Peering Connection,en-us_image_0000001818982826.png,icon,partial,0.77,"A hamburger/menu icon used in the RST as |image4| to open the navigation menu in the different-accounts section. | It is an isolated UI symbol, so detail match is limited to its menu-opening function. | Used in the step 'Click |image4| in the upper left corner and choose Network > Virtual Private Cloud.' | The icon is clearly visible.",No surrounding UI context; only the standalone menu icon is shown.
umn/source/vpc_peering_connection/viewing_vpc_peering_connections.rst,Viewing VPC Peering Connections,en-us_image_0000001865884494.png,screenshot,pass,1.00,"Image is a full UI screenshot of a VPC peering connection detail page, matching Figure 1 caption 'View VPC peering connections'. | Shows connection name (peering-d641), status (Accepted), local VPC name/ID/CIDR, and peer VPC name/ID/CIDR, all mentioned in the RST scenarios section. | Includes an 'Associated Routes' table with route entries, consistent with viewing details after clicking the peering connection name in step 5. | Interactive elements visible: Add Route button, Delete links, search/filter box, pagination, and edit icons.",
umn/source/vpc_peering_connection/viewing_vpc_peering_connections.rst,Viewing VPC Peering Connections,en-us_image_0000001818982734.png,icon,pass,1.00,"Small location-pin / map-marker icon, consistent with a region and project selector in the upper-left corner of a management console. | Referenced in RST step 2 as |image1|: 'Click |image1| in the upper left corner and select the desired region and project.' | The icon is a standard pictogram for geographic/region selection, matching the described action.",No surrounding UI context visible; the icon is shown in isolation.
umn/source/vpc_peering_connection/viewing_vpc_peering_connections.rst,Viewing VPC Peering Connections,en-us_image_0000001865663213.png,icon,pass,1.00,"Small hamburger-menu icon (three horizontal lines), a standard navigation toggle in management consoles. | Referenced in RST step 3 as |image2|: 'Click |image2| in the upper left corner and choose Network > Virtual Private Cloud.' | The icon is consistent with opening a navigation menu to select a service category.",No surrounding UI context visible; the icon is shown in isolation.
umn/source/vpc_peering_connection/vpc_peering_connection_overview.rst,VPC Peering Connection Overview,en-us_image_0000001818983018.png,other,fail,0.00,Local color check detected #3298ff.,
umn/source/vpc_peering_connection/vpc_peering_connection_overview.rst,VPC Peering Connection Overview,en-us_image_0000001818823678.png,other,fail,0.00,Local color check detected #3298ff.,
umn/source/vpc_peering_connection/vpc_peering_connection_overview.rst,VPC Peering Connection Overview,en-us_image_0000001865583217.png,other,fail,0.00,Local color check detected #3298ff.,
umn/source/vpc_peering_connection/vpc_peering_connection_usage_examples.rst,VPC Peering Connection Usage Examples,en-us_image_0000001865662841.png,other,fail,0.00,Local color check detected #3298ff.,
umn/source/vpc_peering_connection/vpc_peering_connection_usage_examples.rst,VPC Peering Connection Usage Examples,en-us_image_0000001818982906.png,other,fail,0.00,Local color check detected #3298ff.,
umn/source/vpc_peering_connection/vpc_peering_connection_usage_examples.rst,VPC Peering Connection Usage Examples,en-us_image_0000001818823110.png,other,fail,0.00,Local color check detected #3298ff.,
umn/source/vpc_peering_connection/vpc_peering_connection_usage_examples.rst,VPC Peering Connection Usage Examples,en-us_image_0000001865662833.png,other,fail,0.00,Local color check detected #3298ff.,
umn/source/vpc_peering_connection/vpc_peering_connection_usage_examples.rst,VPC Peering Connection Usage Examples,en-us_image_0000001818823118.png,other,fail,0.00,Local color check detected #3298ff.,
umn/source/vpc_peering_connection/vpc_peering_connection_usage_examples.rst,VPC Peering Connection Usage Examples,en-us_image_0000001818982898.png,other,fail,0.00,Local color check detected #3298ff.,
