document,title,image,image_type,result,score,reasons,missing_evidence
api-ref/source/before_you_start/concepts.rst,Concepts,,,fail,,kein valides Bild,No model result was produced.
api-ref/source/before_you_start/dataarts_studio_instance_id_and_workspace_id.rst,DataArts Studio Instance ID and Workspace ID,,,fail,,kein valides Bild,No model result was produced.
api-ref/source/calling_apis/authentication.rst,Authentication,,,fail,,kein valides Bild,No model result was produced.
api-ref/source/calling_apis/response.rst,Response,,,fail,,kein valides Bild,No model result was produced.
api-ref/source/dataarts_factory_apis/script_development_apis/executing_a_script.rst,Executing a Script,,,fail,,kein valides Bild,No model result was produced.
umn/source/faqs/consultation_and_billing/can_i_delete_dataarts_studio_workspaces.rst,Can I Delete DataArts Studio Workspaces?,en-us_image_0000002234076600.png,screenshot,pass,1.00,"Image is a UI dialog titled 'Workspace Cannot Be Deleted', matching the figure caption in the RST. | The dialog shows a table with 'Management Center' and a resource count, consistent with the RST note that modules with resources block deletion. | The red warning message aligns with the RST statement that a message is displayed when a workspace cannot be deleted. | The dialog appears in the step describing the Delete Workspace flow, so it is section-relevant.","The image shows only one component (Management Center); other modules listed in the RST are not visible, but this is acceptable for an illustrative example."
umn/source/faqs/consultation_and_billing/what_should_i_do_if_a_user_cannot_view_workspaces_after_i_have_assigned_the_required_policy_to_the_user.rst,What Should I Do If a User Cannot View Workspaces After I Have Assigned the Required Policy to the User?,en-us_image_0000002269116513.png,screenshot,pass,1.00,"Image is a UI screenshot of the Workspace Information dialog box, matching Figure 1 in the RST. | Shows the Workspace Members section with Add and Remove buttons, consistent with step 2 and step 3 of the solution. | The Operation column with Edit links is visible, matching the RST instruction to click Edit in the Operation column. | All fields (Name, Description, Mode, Enterprise Project, API Quota) are visible and consistent with a workspace configuration dialog. | No contradictions between the image content and the RST description.",
umn/source/faqs/consultation_and_billing/what_should_i_do_if_a_user_cannot_view_workspaces_after_i_have_assigned_the_required_policy_to_the_user.rst,What Should I Do If a User Cannot View Workspaces After I Have Assigned the Required Policy to the User?,en-us_image_0000002234077296.png,screenshot,pass,1.00,"Image is a UI screenshot of the Add Member dialog box, matching Figure 2 in the RST. | Shows Account Type with User and Group radio buttons, consistent with the RST instruction to select Add User or Add Group. | Shows Member Account dropdown and Role checkboxes (admin, developer, operator, viewer), matching the RST instruction to select a member account and a role. | OK and Cancel buttons are present at the bottom, consistent with step 4 (Click OK). | No contradictions between the image content and the RST description.",
umn/source/faqs/dataarts_catalog/what_is_data_lineage.rst,What Is Data Lineage?,en-us_image_0000002234076780.png,screenshot,pass,1.00,"Image is the main Figure 1 showing the data lineage relationship graph for DataArts Studio. | Displays the exact flow described in the RST: wk_01 → hive_1 → wk_02 → hive_2 (three branches) → wk_03, wk_04, wk_05. | Includes upstream/downstream legend and a 'Show Process' checkbox, consistent with a lineage visualization UI. | All table and job node labels match the text description precisely.",
umn/source/faqs/dataarts_catalog/what_is_data_lineage.rst,What Is Data Lineage?,en-us_image_0000002269115993.png,icon,pass,1.00,"Small symbolic icon depicting a table/grid with a blue header row, representing a data table. | RST explicitly states '|image1| indicates a data table', and this icon matches that role. | The icon is used as a legend symbol within the main lineage graph (Image 1) next to table labels. | No contradiction with the document text.",
umn/source/faqs/dataarts_catalog/what_is_data_lineage.rst,What Is Data Lineage?,en-us_image_0000002234236624.png,icon,pass,1.00,"Small symbolic icon showing connected nodes (circles linked by lines), representing a job/process node. | RST explicitly states '|image2| indicates a job node', and this icon matches that role. | The icon appears in the main lineage graph (Image 1) next to job node labels such as hive_1 and hive_2. | No contradiction with the document text.",
umn/source/faqs/dataarts_dataservice/what_should_i_do_if_it_takes_a_long_time_to_obtain_the_total_number_of_data_records_of_a_table_through_an_api_if_the_table_contains_a_large_amount_of_data.rst,What Should I Do If It Takes a Long Time to Obtain the Total Number of Data Records of a Table Through an API If the Table Contains a Large Amount of Data?,en-us_image_0000002234076816.png,screenshot,pass,1.00,"Image shows the API creation UI with 'Set Data Extract Logic' step active | The 'Return Total Records' toggle is visible, enabled, and highlighted with a red box | Matches Figure 1 caption 'Return Total Records' in the Scenario section | Shows Data Acquisition Method, Data Source, Database, and other fields consistent with API creation context",
umn/source/faqs/dataarts_dataservice/what_should_i_do_if_it_takes_a_long_time_to_obtain_the_total_number_of_data_records_of_a_table_through_an_api_if_the_table_contains_a_large_amount_of_data.rst,What Should I Do If It Takes a Long Time to Obtain the Total Number of Data Records of a Table Through an API If the Table Contains a Large Amount of Data?,en-us_image_0000002234236668.png,screenshot,pass,1.00,Image shows an API testing tool (Postman-like) with a POST request | URL contains 'use_total_num=0' parameter as described in the Solution section | Query Params table shows key 'use_total_num' with value '0' | Matches Figure 2 caption 'Total number of data records' and the solution's instruction to set use_total_num to 0,
umn/source/faqs/dataarts_dataservice/what_should_i_do_if_no_more_apis_can_be_created_when_the_api_quota_in_the_workspace_is_used_up.rst,What Should I Do If No More APIs Can Be Created When the API Quota in the Workspace Is Used Up?,en-us_image_0000002269116229.png,screenshot,pass,1.00,"Image is a screenshot of the Workspace Information dialog box, matching Figure 1 in the RST | Shows the API Quota of DataArts DataService Exclusive section with Used, Allocated, Total used, Total allocated, and Total fields | Contains Workspace Members table with Edit links in the Operation column | OK and Cancel buttons visible at the bottom of the dialog | Aligns with RST steps 2-4 describing how to open and edit workspace information","The RST mentions a total quota of 5,000 by default, but the image shows Total: 6,000 (likely a customized value, not a contradiction since the RST states 'by default')"
umn/source/faqs/dataarts_dataservice/what_should_i_do_if_no_more_apis_can_be_created_when_the_api_quota_in_the_workspace_is_used_up.rst,What Should I Do If No More APIs Can Be Created When the API Quota in the Workspace Is Used Up?,en-us_image_0000002234236888.png,screenshot,pass,1.00,"Image is a screenshot showing the API Quota of DataArts DataService Exclusive setting, matching Figure 2 in the RST | Displays a stepper input field (with - and + buttons) for setting the allocated quota value | Shows Used: 0, Allocated: 0, Total used: 0, Total allocated: 523, Total: 5,000 | Save and Cancel buttons are visible for confirming or discarding the change | Directly corresponds to RST step 3: 'Locate API Quota of DataArts DataService Exclusive and click Edit in the Operation column to set it'",The image shows a cropped view of only the quota section rather than the full dialog box context
umn/source/faqs/dataarts_factory/how_do_i_check_which_jobs_invoke_a_cdm_job.rst,How Do I Check Which Jobs Invoke a CDM Job?,en-us_image_0000002234077152.png,screenshot,pass,1.00,"Image is a UI screenshot of the DataArts Factory 'Batch Job Monitoring' tab, matching Figure 1 caption in the RST. | The open filter dropdown highlights the 'CDM Job' option (red box), directly illustrating the note about querying CDM jobs by the CDM Job filter. | The table of jobs with scheduling/execution columns aligns with the solution steps describing querying scheduling and execution of CDM jobs. | Interactive controls (Execute, Stop Scheduling, Configure Notification, Add Job Tag, checkboxes, dropdown) are visible, consistent with a monitoring interface.","Some text values (e.g., a tab label and Owner column entries) are redacted with a checkered pattern, so exact content is not fully readable. | The 'Node Type' filter option is shown but not expanded, so the CDMJob node-type detail is not directly visible."
umn/source/faqs/dataarts_factory/how_do_i_configure_notifications_for_all_jobs.rst,How Do I Configure Notifications for All Jobs?,en-us_image_0000002234236264.png,screenshot,pass,1.00,"Image shows a 'Configure Notification' dialog matching the figure caption 'Configuring notifications'. | Dialog contains notification parameters (Notification Type, Topic Name, Notification toggle) and an OK button, matching step 4 'Set notification parameters and click OK'. | Interactive controls (radio buttons, toggle, OK/Cancel) are visible, consistent with a UI screenshot. | No contradiction between the image content and the RST solution steps.","The image does not show the surrounding DataArts Factory console or the Batch Jobs tab referenced in earlier steps, but this is not required for the figure."
umn/source/faqs/dataarts_factory/what_are_the_differences_and_relationships_between_environment_variables_job_parameters_and_script_parameters.rst,"What Are the Differences and Relationships Between Environment Variables, Job Parameters, and Script Parameters?",en-us_image_0000002234076288.png,screenshot,pass,1.00,Image shows the Environment Variable configuration panel in DataArts Studio Data Development | Variables section displays 'test' and 'env' entries matching the RST description of defining variables | Constant Parameter section is visible as described in the RST | Import/Export buttons and Add/Save controls are present as expected for workspace-level configuration | Left sidebar shows Configuration > Configure navigation consistent with workspace-level settings,
umn/source/faqs/dataarts_factory/what_are_the_differences_and_relationships_between_environment_variables_job_parameters_and_script_parameters.rst,"What Are the Differences and Relationships Between Environment Variables, Job Parameters, and Script Parameters?",en-us_image_0000002269195581.png,screenshot,pass,1.00,"Image shows the Parameter Setup panel for a job, matching Figure 2 in the RST | Variable Parameter section displays 'test' and 'job' entries with a toggle switch | Constant Parameter section is visible below | Job flow diagram on the left shows RDS_TEST and Dummy_6924 nodes indicating job context | Right sidebar highlights Parameter Setup tab confirming job-level parameter configuration",
umn/source/faqs/dataarts_factory/what_are_the_differences_and_relationships_between_environment_variables_job_parameters_and_script_parameters.rst,"What Are the Differences and Relationships Between Environment Variables, Job Parameters, and Script Parameters?",en-us_image_0000002269195577.png,screenshot,pass,1.00,"Image shows a SQL script editor with 'select ${test} from data;' demonstrating script parameter usage | Bottom parameter field shows 'test' highlighted in red, matching the RST description of configuring parameters in the lower part of the editor | Toolbar includes Save, Submit, Execute, Format, Configure Editor buttons | Tab shows 'RDS * test' indicating an independent script execution context | Matches Figure 3 description of configuring script parameters when executed independently",
umn/source/faqs/dataarts_factory/what_are_the_differences_and_relationships_between_environment_variables_job_parameters_and_script_parameters.rst,"What Are the Differences and Relationships Between Environment Variables, Job Parameters, and Script Parameters?",en-us_image_0000002269115493.png,screenshot,pass,1.00,"Image shows a job scheduling editor with node 'test' and RDS SQL properties panel | Script Parameter field at the bottom of the properties panel shows 'test' highlighted in red | Node Name is 'test' and SQL script field contains 'test' | Toolbar includes Test, Execute, Edit JSON, Export, Refresh, Monitor buttons typical of job scheduling | Matches Figure 4 description of configuring script parameters when executed by job scheduling via node attributes",
umn/source/faqs/dataarts_factory/what_should_i_do_if_a_job_log_cannot_be_opened_and_error_404_is_reported.rst,What Should I Do If a Job Log Cannot Be Opened and Error 404 Is Reported?,en-us_image_0000002234236924.png,screenshot,pass,1.00,"The image shows a 'Job Log Path' label with a help icon, an empty input field, and a 'Select' button, matching Figure 1 'Changing the job log path'. | It directly corresponds to RST step 3: 'click the Select button next to Job Log Path and select a path.' | The UI fragment is a screenshot of a console form field, consistent with the DataArts Studio workspace configuration context. | No contradiction between the image content and the surrounding RST text.",The surrounding Workspace Information dialog box is not visible; only the Job Log Path row is shown. | No selected path value is displayed in the input field.
umn/source/faqs/dataarts_factory/what_should_i_do_if_a_parameter_value_in_a_request_header_contains_more_than_512_characters.rst,What Should I Do If a Parameter Value in a Request Header Contains More Than 512 Characters?,en-us_image_0000002269115709.png,screenshot,pass,1.00,Shows a Request Header dialog with Parameter 'Content-Type' and a long value string | Character counter displays '512/512' confirming the maximum limit has been reached | Directly illustrates the symptom described in the RST where users cannot enter more than 512 characters | Matches Figure 1 caption: 'Configuring a request header parameter',
umn/source/faqs/dataarts_factory/what_should_i_do_if_a_parameter_value_in_a_request_header_contains_more_than_512_characters.rst,What Should I Do If a Parameter Value in a Request Header Contains More Than 512 Characters?,en-us_image_0000002269115725.png,screenshot,pass,1.00,"Shows the Request Header dialog with Value field containing '{para}' as a variable reference | Character counter shows '6/512' confirming the variable name is well within the limit | Right panel shows Rest Client properties including Node Name, HTTP Method, API Authentication Mode, and Request Header button | Matches Figure 2 caption and Solution step 1: entering a variable name for Value",
umn/source/faqs/dataarts_factory/what_should_i_do_if_a_parameter_value_in_a_request_header_contains_more_than_512_characters.rst,What Should I Do If a Parameter Value in a Request Header Contains More Than 512 Characters?,en-us_image_0000002234076524.png,screenshot,pass,1.00,"Shows the Parameter Setup panel with a Variables section | Variable 'para' is listed with a long value string, demonstrating where the full value is stored | Right sidebar highlights 'Parameter Setup' tab, matching the RST instruction to click Parameter Setup | Matches Figure 3 caption and Solution step 2: configuring job parameters with variable and its value",
umn/source/faqs/dataarts_factory/what_should_i_do_if_a_shell_python_node_fails_and_error_session_is_down_is_reported.rst,"What Should I Do If a Shell/Python Node Fails and Error ""session is down"" Is Reported?",en-us_image_0000002269195801.png,screenshot,pass,0.88,"Terminal screenshot showing sshd_config parameters ClientAliveInterval and ClientAliveCountMax, matching the Possible Causes section. | Directly illustrates the SSH session timeout parameters discussed in the document. | Image shows ClientAliveCountMax 0, while the Solution section instructs setting it to 3, so the 'as follows' phrasing is slightly inconsistent with the displayed value.",No file path or command context visible to confirm this is the sshd_config file. | The displayed ClientAliveCountMax value (0) does not match the recommended value (3) stated in the solution.
umn/source/faqs/dataarts_factory/what_should_i_do_if_a_shell_python_node_fails_and_error_session_is_down_is_reported.rst,"What Should I Do If a Shell/Python Node Fails and Error ""session is down"" Is Reported?",en-us_image_0000002234236364.png,screenshot,pass,1.00,Terminal screenshot showing the 'service sshd restart' command and the redirect to systemctl restart sshd.service. | Matches Solution step 2 about restarting sshd on the ECS. | No visible contradiction with the surrounding text.,No explicit confirmation of success/failure status beyond the redirect message.
umn/source/faqs/dataarts_factory/what_should_i_do_if_a_shell_python_node_fails_and_error_session_is_down_is_reported.rst,"What Should I Do If a Shell/Python Node Fails and Error ""session is down"" Is Reported?",en-us_image_0000002269195813.png,screenshot,pass,1.00,Terminal screenshot of 'systemctl status sshd.service' showing 'active (running)' and 'Started OpenSSH server daemon.' | Matches Solution step 3 which states the figure shows sshd started successfully. | No visible contradiction with the surrounding text.,None significant; the running status is clearly visible.
umn/source/faqs/dataarts_factory/what_should_i_do_if_an_error_is_reported_during_job_scheduling_in_dataarts_studio_indicating_that_the_job_has_not_been_submitted.rst,"What Should I Do If an Error Is Reported During Job Scheduling in DataArts Studio, Indicating that the Job Has Not Been Submitted?",en-us_image_0000002234236592.png,screenshot,pass,1.00,"The image is a DataArts Studio UI screenshot showing a job editor with a toolbar. | The 'Submit' button is highlighted with a red box, matching the figure caption 'Submitting a version'. | This directly illustrates Solution Step 1 (submit a job version) described in the RST. | The interface elements (Node Library, job list, toolbar actions) are consistent with the DataArts Studio context.","No error message is shown in the image, but the figure is intended to show the submit action, not the error itself."
umn/source/faqs/dataarts_factory/what_should_i_do_if_an_error_message_is_displayed_when_i_view_logs.rst,What Should I Do If an Error Message Is Displayed When I View Logs?,en-us_image_0000002269116145.png,screenshot,pass,1.00,"Image shows a 'View Log' dialog with an OBS path and an error message about the OBS log file not existing, matching Figure 1 in the RST. | The error message text aligns with the 'Symptom' section describing the error displayed when viewing logs. | The UI includes toolbar buttons (Unlock, Lock, Test, Execute, etc.) consistent with a data development node log viewer.",
umn/source/faqs/dataarts_factory/what_should_i_do_if_an_error_message_is_displayed_when_i_view_logs.rst,What Should I Do If an Error Message Is Displayed When I View Logs?,en-us_image_0000002424389693.png,screenshot,pass,1.00,"Image shows the IAM console Users page with user details and a User Groups section, matching Figure 2. | The 'dars_user' group is highlighted with a red box, corresponding to the step of obtaining the user group. | The navigation pane shows Users, User Groups, Permissions, Projects, etc., consistent with the IAM management console described in the RST.",
umn/source/faqs/dataarts_factory/what_should_i_do_if_an_error_message_is_displayed_when_i_view_logs.rst,What Should I Do If an Error Message Is Displayed When I View Logs?,en-us_image_0000002424509573.png,screenshot,pass,1.00,"Image shows the 'Authorize User Group' page with a list of policies/roles, matching Figure 3. | OBS OperateAccess is checked (highlighted), consistent with the RST instruction to select OBS OperateAccess or OBS Administrator permission. | The page header and step indicators (Select Policy/Role, Select Scope, Finish) match the authorization workflow described.",
umn/source/faqs/dataarts_factory/what_should_i_do_if_an_error_message_is_displayed_when_i_view_logs.rst,What Should I Do If an Error Message Is Displayed When I View Logs?,en-us_image_0000002269196181.png,screenshot,pass,1.00,"Image shows the IAM Users page with a 'Change Access Type' dialog open, matching Figure 4. | Both 'Programmatic access' and 'Management console access' checkboxes are selected, consistent with the RST step 4. | The dialog includes OK and Cancel buttons, and the background shows the user information page with Access Type field.",
umn/source/faqs/dataarts_factory/what_should_i_do_if_an_error_message_is_displayed_when_i_view_logs.rst,What Should I Do If an Error Message Is Displayed When I View Logs?,en-us_image_0000002234236792.png,icon,pass,1.00,"Image is a small pencil/edit icon, matching the inline image |image1| referenced in step 3 of 'Handling the Error After Running a Job'. | The RST instructs to 'Click |image1| next to Access Type to change the access type', and this icon represents that edit control. | The icon is a simple symbolic graphic (pencil with underline), consistent with an edit button indicator.",
umn/source/faqs/dataarts_factory/what_should_i_do_if_error_message_the_request_parameter_invalid_is_displayed_when_i_use_python_to_call_the_api_for_executing_scripts.rst,"What Should I Do If Error Message ""The request parameter invalid"" Is Displayed When I Use Python to Call the API for Executing Scripts?",en-us_image_0000002424392261.png,screenshot,pass,1.00,"Image shows a terminal/console log with HTTP request headers and a JSON error response. | The error_msg 'The request parameter is invalid.' and error_code 'DLF.3051' match the symptom described in the RST. | This corresponds to the 'View logs' step in the Symptom section. | No interactive UI controls are visible, only text output.","The full request body is not visible, only headers and the error response."
umn/source/faqs/dataarts_factory/what_should_i_do_if_error_message_the_request_parameter_invalid_is_displayed_when_i_use_python_to_call_the_api_for_executing_scripts.rst,"What Should I Do If Error Message ""The request parameter invalid"" Is Displayed When I Use Python to Call the API for Executing Scripts?",en-us_image_0000002269116277.png,screenshot,pass,1.00,"Image shows Python code for calling the script execution API with a red box highlighting the headers dictionary. | The highlighted content-type value 'application/json;charset=utf-8' matches the solution described in the RST. | This corresponds to the Solution section about changing the content-type value. | No interactive UI controls are visible, only code in an editor.",The full function context above the visible code is partially cut off.
umn/source/faqs/dataarts_factory/what_should_i_do_if_error_message_the_throttling_threshold_has_been_reached_policy_user_over_ratelimitlimit60time1_minute._is_displayed_when_i_schedule_an_mrs_spark_job.rst,"What Should I Do If Error Message ""The throttling threshold has been reached: policy user over ratelimit,limit:60,time:1 minute."" Is Displayed When I Schedule an MRS Spark Job?",en-us_image_0000002269116429.png,screenshot,pass,1.00,"The image is a log/console screenshot showing a JSON error response highlighted by a red box. | The highlighted error_msg exactly matches the title and symptom: 'The throttling threshold has been reached: policy user over ratelimit,limit:60,time:1 minute'. | Additional fields (error_code APIGW.0308, request_id) and surrounding MRS job submission log lines provide concrete detail consistent with the FAQ. | The figure is placed under the Symptom section as 'Figure 1 Error message', directly relevant to the described problem. | No visible content contradicts the RST description.",No UI controls or buttons are present; the image is purely log text. | The full log context above and below the highlighted block is partially truncated.
umn/source/faqs/dataarts_factory/what_should_i_do_if_error_message_unicodeencodeerror_ascii_codec_cant_encode_characters_in_position_63-64_ordinal_not_in_range128_is_displayed_when_i_run_a_python_script.rst,"What Should I Do If Error Message ""UnicodeEncodeError: 'ascii' codec can't encode characters in position 63-64: ordinal not in range(128)"" Is Displayed When I Run a Python Script?",en-us_image_0000002234076304.png,screenshot,pass,1.00,"Image shows a terminal output with the exact UnicodeEncodeError described in the document title | The error message references json.dumps(json_data, ensure_ascii=False) matching the RST description | The error text 'ascii codec can't encode characters in position 63-64: ordinal not in range(128)' matches the title exactly | This is Figure 1 labeled 'Error message' in the RST, placed in the introductory paragraph",
umn/source/faqs/dataarts_factory/what_should_i_do_if_error_message_unicodeencodeerror_ascii_codec_cant_encode_characters_in_position_63-64_ordinal_not_in_range128_is_displayed_when_i_run_a_python_script.rst,"What Should I Do If Error Message ""UnicodeEncodeError: 'ascii' codec can't encode characters in position 63-64: ordinal not in range(128)"" Is Displayed When I Run a Python Script?",en-us_image_0000002234236144.png,screenshot,pass,1.00,Image shows terminal commands creating a symbolic link from /bin/python to /bin/python3.6 | This directly illustrates step 1 of the solution: 'Use the Python3 interpreter to create a soft connection on the host' | The commands rm /bin/python and ln -s /bin/python3.6 /bin/python are clearly visible | The ll /bin/python* output confirms the symlink was created successfully | This is Figure 2 labeled 'Creating a soft connection on the host' in the RST,
umn/source/faqs/dataarts_factory/what_should_i_do_if_the_agency_list_fails_to_be_obtained_during_agency_configuration.rst,What Should I Do If the Agency List Fails to Be Obtained During Agency Configuration?,en-us_image_0000002269195661.png,screenshot,pass,1.00,"The image is a UI screenshot of the IAM custom policy creation form, matching the figure caption 'Policy name' in step 4. | It shows the Policy Name field, Scope set to 'Global services', Policy View set to 'Visual editor', and Policy Content with 'Allow' selected, all consistent with steps 4-7 of the RST. | The form directly supports the solution section about creating a custom policy to query the agency list. | No visible contradiction between the image content and the document text.","The image does not show the specific service (IAM) or action (iam:agencies:listAgencies) selected, which are described in step 7c but not visible in this view."
umn/source/faqs/dataarts_factory/what_should_i_do_if_the_default_queue_of_a_new_dli_sql_script_in_dataarts_factory_has_been_deleted.rst,What Should I Do If the Default Queue of a New DLI SQL Script in DataArts Factory Has Been Deleted?,en-us_image_0000002269115609.png,screenshot,pass,1.00,"The image is a screenshot of a DLI SQL script editor, matching the figure caption 'DLI SQL script'. | The Queue field on the right is highlighted with a red box, directly illustrating the default queue concept discussed in the document. | The toolbar (Save, Submit, Execute, etc.) and SQL code (CREATE TABLE, SELECT, DROP TABLE) confirm this is a DLI SQL script workspace. | The image is placed in the Symptom section as Figure 1, consistent with its role of showing the affected script.","The exact queue name is truncated ('sql_queue...'), so the specific deleted queue value is not fully visible."
umn/source/faqs/dataarts_factory/why_does_a_job_scheduled_by_month_start_running_before_the_job_scheduled_by_day_is_complete.rst,Why Does a Job Scheduled by Month Start Running Before the Job Scheduled by Day Is Complete?,en-us_image_0000002269195881.png,screenshot,pass,1.00,"The screenshot shows a scheduling setup panel with 'Every month' recurrence highlighted, matching the monthly job in the FAQ. | The Dependency Properties section shows a dependency job with '1 days' recurrence highlighted, matching the daily job dependency described in the document. | The figure caption 'Viewing the job scheduling period and dependency attributes' aligns with the visible scheduling period and dependency attributes. | The workflow diagram on the left shows connected job nodes, consistent with job dependency context. | No visible element contradicts the RST explanation of monthly jobs depending on daily jobs.","The image does not explicitly show the previous-month vs current-month completion logic, which is explained only in the RST text."
umn/source/faqs/dataarts_factory/why_is_there_no_job_running_scheduling_log_on_the_monitor_instance_page_after_periodic_scheduling_is_configured_for_a_job.rst,Why Is There No Job Running Scheduling Log on the Monitor Instance Page After Periodic Scheduling Is Configured for a Job?,en-us_image_0000002234077100.png,screenshot,pass,1.00,"The image is a UI screenshot of the Batch Job Monitoring page, matching the figure caption 'Viewing the job scheduling status'. | It displays the Scheduling Status column with a 'Scheduling' value, directly illustrating whether a job is being scheduled as described in Solution step 1. | The interface includes the Job Monitoring context (Batch/Real-Time Job Monitoring tabs) consistent with the Monitoring > Job Monitoring navigation in the RST. | No visible contradiction between the image content and the RST description.","The image does not show the Monitor Instance page referenced in step 2, but that is a separate step and not required for this figure."
umn/source/faqs/dataarts_factory/will_subsequent_jobs_be_affected_if_a_job_fails_to_be_executed_during_scheduling_of_dependent_jobs_what_should_i_do.rst,Will Subsequent Jobs Be Affected If a Job Fails to Be Executed During Scheduling of Dependent Jobs? What Should I Do?,en-us_image_0000002269195897.png,screenshot,pass,1.00,"The image shows a configuration panel titled 'Action After Dependency Job Failure' with Suspend, Continue, and Terminate options, directly matching the RST topic of dependent job failure handling. | The RST Solution states subsequent jobs may be 'suspended, continued, or canceled, depending on the configuration,' which aligns with the visible Suspend/Continue/Terminate radio buttons. | The image is placed in the Solution section and provides the configuration context referenced by the text. | Clear UI evidence (radio buttons and a checkbox) supports the described configuration behavior.","The figure caption reads 'Job dependencies,' but the image shows the failure-action configuration rather than a dependency graph, a minor labeling mismatch. | No explicit mapping between 'Terminate' and the RST term 'canceled' is shown, though they are semantically equivalent."
umn/source/faqs/dataarts_migration_cdm_jobs/does_cdm_support_field_conversion.rst,Does CDM Support Field Conversion?,en-us_image_0000002234076316.png,screenshot,pass,1.00,"The image is a UI screenshot showing a 'Converter List' dialog and a 'Create Converter' dialog, matching the figure caption 'Creating a field converter'. | The 'Create Converter' dialog shows 'Select a converter' set to 'Anonymization' with fields 'Reserve Start Length', 'Reserve End Length', and 'Replace Character', exactly matching the Anonymization section parameters in the RST. | The background table with Type/Operation/Destination Field columns and a 'Map Field'-style layout aligns with the RST statement that converters are created on the Map Field page. | Numbered step markers (1, 2, 3) illustrate the workflow of opening the converter, creating a converter, and configuring it, consistent with the document's instructions.","The image does not show the other converters (Trim, Reverse String, Replace String, Expression Conversion) listed in the RST, but this is not required for the figure."
umn/source/faqs/dataarts_migration_cdm_jobs/how_do_i_connect_the_on-premises_intranet_or_third-party_private_network_to_cdm.rst,How Do I Connect the On-Premises Intranet or Third-Party Private Network to CDM?,en-us_image_0000002234237092.png,other,pass,1.00,"Image is a network topology diagram showing Local DC (Intranet MySQL, Gateway) and CLOUD (CDM cluster, DWS cluster) separated by a dashed line | Matches Figure 1 referenced in the Scenario section of the RST | IP addresses and ports (192.168.1.8:3306, 192.168.1.10:3306, 202.xx.xx.10:3306, 65.xx.xx.15:xxx, 192.168.3.11:xxx, 192.168.3.33:8000) align with the RST examples | Topology correctly shows the data flow from intranet MySQL through gateway to CDM cluster to DWS cluster",
umn/source/faqs/dataarts_migration_cdm_jobs/how_do_i_connect_the_on-premises_intranet_or_third-party_private_network_to_cdm.rst,How Do I Connect the On-Premises Intranet or Third-Party Private Network to CDM?,en-us_image_0000002234077236.png,screenshot,pass,1.00,"Screenshot of the IPOP port mapping tool showing the PORT Map tab selected | Displays Local IP (202.201.1.10), Local Port (3306), Mapping IP (192.168.1.10), Map Port (3306), Protocol (TCP) fields matching RST description | ADD and START buttons visible on the right side, matching steps 4 and 5 in the RST procedure | Red numbered annotations (1-4) highlight the PORT Map tab, mapping fields, ADD button, and START button | Matches Figure 2 referenced in Procedure step 3 of the RST",
umn/source/faqs/dataarts_migration_cdm_jobs/how_do_i_set_the_number_of_concurrent_extractors_for_a_cdm_migration_job.rst,How Do I Set the Number of Concurrent Extractors for a CDM Migration Job?,en-us_image_0000002269115561.png,screenshot,pass,1.00,"Image shows a Settings tab UI with 'Maximum Concurrent Extractors' field set to 16, highlighted with a red box, matching Figure 1 caption exactly. | The value 16 aligns with the table entry for cdm.large (8 vCPUs, 16 GB → 16 maximum concurrent extractors). | The screenshot includes additional context (Scheduled Backup, Environment Variable, Save button) consistent with a CDM cluster settings page. | No contradictions between the image content and the RST description.","The specific cluster flavor is not labeled in the screenshot, so the exact flavor cannot be confirmed visually, though the value 16 matches cdm.large."
umn/source/faqs/dataarts_migration_cdm_jobs/how_do_i_set_the_number_of_concurrent_extractors_for_a_cdm_migration_job.rst,How Do I Set the Number of Concurrent Extractors for a CDM Migration Job?,en-us_image_0000002234236192.png,screenshot,pass,1.00,"Image shows a 'Configure Task' dialog with 'Concurrent Extractors' field set to 1, highlighted with a red box, matching Figure 2 caption exactly. | The value 1 aligns with the RST recommendation to set concurrent extractors to 1 when the destination is DLI. | The dialog includes related task configuration fields (Retry if failed, Group, Schedule Execution, Write Dirty Data, Throttling) and action buttons (Cancel, Previous, Save, Save and Run). | No contradictions between the image content and the RST description.","The specific destination type (e.g., DLI) is not visible in the screenshot, so the reason for setting the value to 1 cannot be confirmed from the image alone."
umn/source/faqs/dataarts_migration_cdm_jobs/what_is_the_number_of_concurrent_jobs_for_different_cdm_cluster_versions.rst,What Is the Number of Concurrent Jobs for Different CDM Cluster Versions?,en-us_image_0000002269115561.png,screenshot,pass,1.00,"Image is a UI screenshot of the CDM Settings tab showing the 'Maximum Concurrent Extractors' field set to 16, matching the RST figure caption. | The value 16 corresponds to the cdm.large flavor (8 vCPUs) listed in Table 1 of the RST. | The red highlight box draws attention to the exact field discussed in the 'Changing Concurrent Extractors' section. | The interface includes tabs (Table/File Migration, Entire DB Migration, Links, Agents, Settings) consistent with a CDM cluster configuration page. | No contradictions between the image content and the RST text.","The specific cluster flavor name is not visible in the screenshot, so the exact flavor cannot be confirmed visually."
umn/source/faqs/dataarts_migration_cdm_jobs/what_is_the_number_of_concurrent_jobs_for_different_cdm_cluster_versions.rst,What Is the Number of Concurrent Jobs for Different CDM Cluster Versions?,en-us_image_0000002234236192.png,screenshot,pass,1.00,"Image is a UI screenshot of a 'Configure Task' dialog showing the 'Concurrent Extractors' field set to 1, matching the RST figure caption. | The value 1 aligns with the RST recommendation to set concurrent extractors to 1 for DLI destinations or single-thread extraction. | The red highlight box emphasizes the 'Concurrent Extractors' field discussed in the job configuration rules (items a-d). | The dialog includes related task settings (Retry if failed, Group, Schedule Execution, Write Dirty Data, Throttling) consistent with a CDM job task configuration. | No contradictions between the image content and the RST text.","The specific data source or destination type is not visible, so the exact rule (a-d) being illustrated cannot be confirmed visually."
umn/source/faqs/dataarts_migration_cdm_jobs/what_should_i_do_if_a_hive_migration_job_is_suspended_for_a_long_period_of_time.rst,What Should I Do If a Hive Migration Job Is Suspended for a Long Period of Time?,en-us_image_0000002234236836.png,screenshot,pass,1.00,"The image is a UI screenshot showing a Hive Properties attribute table with Attribute Name, Value, and Operation columns. | It displays the attribute 'hive.server2.idle.oper...' with value '10m', matching the RST solution of setting hive.server2.idle.operation.timeout to 10m. | The 'Hide Advanced Attributes' header and 'Delete' link indicate an interactive configuration interface consistent with the described data connection settings. | The content directly supports the Solution section of the FAQ about suspending Hive migration jobs.","The Attribute Name field is truncated ('hive.server2.idle.oper'), so the full attribute name is not fully visible in the image."
umn/source/faqs/dataarts_migration_cdm_jobs/what_should_i_do_if_a_jdbc_connection_timeout_error_is_reported_during_mysql_migration.rst,What Should I Do If a JDBC Connection Timeout Error Is Reported During MySQL Migration?,en-us_image_0000002269196341.png,screenshot,pass,1.00,"Image shows the Links tab of a migration interface with a MySQL JDBC connector link listed | The Edit button is highlighted with a red box, matching the RST instruction to click Edit to edit the link | Link details show Database Type MYSQL, JDBC connector, matching the MySQL migration context | Figure caption in RST is 'Editing the link' which aligns with the visible Edit action",
umn/source/faqs/dataarts_migration_cdm_jobs/what_should_i_do_if_a_jdbc_connection_timeout_error_is_reported_during_mysql_migration.rst,What Should I Do If a JDBC Connection Timeout Error Is Reported During MySQL Migration?,en-us_image_0000002269196349.png,screenshot,pass,1.00,"Image shows the advanced attributes form with Link Attributes section containing connectTimeout and socketTimeout parameters | Values 3000000 are shown for both timeout parameters, matching the RST instruction to add these parameters | The Save button is visible at the bottom, matching the RST instruction to click Save | Figure caption in RST is 'Editing advanced attributes' which aligns with the visible form",
umn/source/faqs/dataarts_migration_cdm_jobs/what_should_i_do_if_invalid_input_syntax_for_integer_true_is_displayed_during_mysql_database_migration.rst,"What Should I Do If invalid input syntax for integer: ""true"" Is Displayed During MySQL Database Migration?",en-us_image_0000002269196149.png,screenshot,pass,0.93,"The image is a UI screenshot of the 'Advanced Attributes' panel with a 'Link Attributes' table (Attribute Name / Value / Operation), matching the figure caption 'Adding link attributes'. | It directly illustrates the Solution step of adding parameters to the MySQL link's advanced attributes. | Interactive controls are visible: text input fields, a 'Delete' link, and a '+ Add' button. | No contradiction between the image and the RST content.",The specific parameter names/values (tinyInt1isBit=false or mysql.bool.type.transform=false) are not shown; the attribute fields are empty. | No indication that this is specifically a MySQL link configuration.
umn/source/faqs/dataarts_migration_cdm_jobs/why_is_error_ora-01555_reported_during_migration_from_oracle_to_dws.rst,Why Is Error ORA-01555 Reported During Migration from Oracle to DWS?,en-us_image_0000002234240788.jpg,screenshot,pass,1.00,"The image is a terminal/log screenshot showing a Java stack trace ending in 'ORA-01555: snapshot too old: rollback segment number 3 with name ""_SYSSMU3_20976775315_"" too small'. | This directly matches the document's topic of ORA-01555 reported during Oracle-to-DWS migration via CDM. | The error text aligns with the cause analysis (rollback segment too small / snapshot too old). | The figure is referenced in the RST as 'Figure 1 Symptom', and the image indeed shows the symptom (the error log). | No interactive UI controls are visible; it is plain log text.",No explicit CDM/DWS UI context is visible; only the raw log output is shown. | The exact migration job name or table is not visible in the snippet.
umn/source/faqs/dataarts_quality/how_can_i_confirm_that_a_quality_job_or_comparison_job_is_blocked.rst,How Can I Confirm that a Quality Job or Comparison Job Is Blocked?,en-us_image_0000002269115517.png,screenshot,pass,1.00,"The image is a UI screenshot showing the 'Run Logs' tab of a job details panel, matching the figure caption 'Job run logs'. | It displays Start Time, End Time, Duration, and a timestamped log output, consistent with the RST solution that instructs users to open Run Logs to check whether the log is updated. | The highlighted 'Run Logs' tab aligns with the navigation steps described in the Solution section (Quality Monitoring > O&M Management > Details > Run Logs). | Interactive controls (close button, refresh button, tabs) are visible, confirming it is an application screenshot.","The image does not show the surrounding navigation pane (Quality Monitoring / O&M Management) referenced in the text. | The log shown is a completed run, so it does not itself demonstrate a 'blocked' (non-updating) job state."
umn/source/faqs/dataarts_quality/how_do_i_manually_restart_a_blocked_quality_job_or_comparison_job.rst,How Do I Manually Restart a Blocked Quality Job or Comparison Job?,en-us_image_0000002269196473.png,screenshot,pass,1.00,"The image is a UI screenshot of a job management table with columns Instance Name, Type, Running Status, Notification, Start Time, Instance Search Duration, and Operation. | It shows a 'Quality job' row with 'Failed' running status and a highlighted 'Rerun' action in the Operation column, matching the RST step of clicking Rerun after the job status changes to Failed. | The screenshot directly illustrates the manual restart procedure described in the Solution section. | Visible interactive controls (Rerun, Details, Rectify, search, settings, refresh) confirm it is an application interface.","The figure caption 'Running a job' does not precisely describe the shown Failed/Rerun state, but this does not contradict the RST body. | The navigation path (Quality Monitoring > O&M Management) is not visible in the cropped screenshot."
umn/source/faqs/dataarts_quality/how_do_i_view_jobs_associated_with_a_quality_rule_template.rst,How Do I View Jobs Associated with a Quality Rule Template?,en-us_image_0000002234076704.png,screenshot,pass,0.83,"Image shows a 'View Publish History' tab with version timeline (V2.0, V1.0) and dates, matching the RST step 3 about clicking View History. | The RST labels this as Figure 1 'Viewing publish history', and the image clearly displays a publish history interface. | The image is a step in the workflow but does not directly show the associated jobs (the main topic of the FAQ). | Interactive elements visible include tabs, date range picker, search field, expand arrows, and edit/download icons.",The RST says 'View History' but the image tab reads 'View Publish History' — a minor wording difference. | No direct view of associated jobs is shown in this image; that appears in the next figure.
umn/source/faqs/dataarts_quality/how_do_i_view_jobs_associated_with_a_quality_rule_template.rst,How Do I View Jobs Associated with a Quality Rule Template?,en-us_image_0000002234076692.png,screenshot,pass,1.00,"Image shows a 'Suspend' dialog with an 'Associated Jobs' table (Name, Type, Template, Version columns), directly matching the RST step 4 and the FAQ title. | The RST labels this as Figure 2 'Viewing associated jobs', and the image clearly displays the associated jobs table. | The dialog includes a 'Version to Migrate' dropdown and Yes/No buttons, consistent with a suspend action on a historical version. | This is the core visual evidence for the FAQ's main question about viewing jobs associated with a quality rule template.","The job name, type, and template values are partially redacted/blurred, so specific job details cannot be verified."
umn/source/faqs/dataarts_quality/what_should_i_do_if_the_system_displays_a_message_indicating_that_i_do_not_have_the_mrs_permission_to_perform_a_quality_job.rst,What Should I Do If the System Displays a Message Indicating that I Do Not Have the MRS Permission to Perform a Quality Job?,en-us_image_0000002234077036.png,screenshot,pass,1.00,"Image shows the MRS console 'Active Clusters' page, matching Figure 1 description of the MRS cluster instance list. | The left sidebar highlights 'Active Clusters' under 'Clusters', consistent with step 1 of logging into the MRS console and viewing existing clusters. | The table displays cluster name/ID, version, type, nodes, status, and operation columns as expected for a cluster list page. | Red box highlights the 'Active Clusters' navigation item, guiding the user to the correct page.",
umn/source/faqs/dataarts_quality/what_should_i_do_if_the_system_displays_a_message_indicating_that_i_do_not_have_the_mrs_permission_to_perform_a_quality_job.rst,What Should I Do If the System Displays a Message Indicating that I Do Not Have the MRS Permission to Perform a Quality Job?,en-us_image_0000002269196305.png,screenshot,pass,1.00,"Image shows the MRS cluster overview page (Dashboard tab) with cluster details, matching the context of step 2. | The 'IAM User Sync' row is visible at the bottom with a 'Click to synchronize' button highlighted by a red box, exactly as described in step 2. | The page shows cluster name, status, version, and other details consistent with a cluster overview page. | The red box clearly indicates the interactive element the user should click.",
umn/source/faqs/dataarts_quality/what_should_i_do_if_the_system_displays_a_message_indicating_that_i_do_not_have_the_mrs_permission_to_perform_a_quality_job.rst,What Should I Do If the System Displays a Message Indicating that I Do Not Have the MRS Permission to Perform a Quality Job?,en-us_image_0000002548272643.png,screenshot,pass,1.00,"Image shows the MRS 'Operation Logs' page, matching Figure 3 description. | The log entries include 'IAM synchronization completed' and 'Added the user' messages, confirming the synchronization result as described in step 3. | The 'Added the user' entry is highlighted with a red box, drawing attention to the successful synchronization. | The left sidebar shows 'Operation Logs' as the active section, consistent with the navigation described in the RST.",
umn/source/faqs/dataarts_security/why_does_the_system_display_a_message_indicating_insufficient_permissions_during_permission_synchronization_to_dli.rst,Why Does the System Display a Message Indicating Insufficient Permissions During Permission Synchronization to DLI?,en-us_image_0000002234076360.png,screenshot,pass,1.00,"Shows the IAM console Agencies page with dlg_agency listed, matching the document's step 3. | The Operation column displays Authorize | Modify | Delete, consistent with 'click Authorize in the Operation column'. | Search box contains dlg_agency, matching the search instruction. | Figure caption 'Granting permissions to dlg_agency' aligns with the screenshot content.",No additional missing information; the screenshot clearly depicts the described state.
umn/source/faqs/dataarts_security/why_does_the_system_display_a_message_indicating_insufficient_permissions_during_permission_synchronization_to_dli.rst,Why Does the System Display a Message Indicating Insufficient Permissions During Permission Synchronization to DLI?,en-us_image_0000002234236208.png,screenshot,pass,0.93,"Shows the 'Select Policy/Role' page with 'Assign selected permissions to dlg_agency', matching step 4. | Security Administrator is checked/selected, consistent with the figure caption 'Selecting Security Administrator'. | Search box shows 'Security Administrator', matching the search instruction. | The page header indicates the policy/role selection step of the authorization flow.","DLI FullAccess is not visible in the screenshot, though the RST instructs selecting both Security Administrator and DLI FullAccess. | The 'Next' button is not visible in the captured area."
umn/source/faqs/management_center/what_should_i_do_if_a_gaussdbdws_connection_test_fails_when_ssl_is_enabled_for_the_connection.rst,What Should I Do If a GaussDB(DWS) Connection Test Fails When SSL Is Enabled for the Connection?,en-us_image_0000002234236240.png,screenshot,pass,1.00,"The image is a DWS console UI screenshot showing the Security Settings tab highlighted with a red box, matching the RST instruction to choose Security Settings. | The Rights Separation toggle is highlighted with a red box and shown in the off position, directly illustrating the step to disable Rights Separation. | The figure caption in the RST (Disabling Rights Separation for the DWS cluster) aligns with the visible content. | No contradiction between the image and the document text.","The image does not show the connection test failure context, but that is not required for this figure."
umn/source/getting_started/beginners_dli-powered_data_development_based_on_e-commerce_bi_reports/step_1_prepare_data.rst,Step 1: Prepare Data,en-us_image_0000002269210125.png,screenshot,pass,1.00,"Image shows the 'Manage Data Connections' page with the 'Create Data Connection' button highlighted in red, matching Figure 1 in the RST. | The RST step 3 instructs to click 'Create Data Connection' on the Manage Data Connections page, which is exactly what is shown. | The left sidebar shows 'Management Center' and 'Manage Data Connections' as active, consistent with the document flow.",
umn/source/getting_started/beginners_dli-powered_data_development_based_on_e-commerce_bi_reports/step_1_prepare_data.rst,Step 1: Prepare Data,en-us_image_0000002269130181.png,screenshot,pass,1.00,"Image shows the 'Create Data Connection' form with Data Connection Type set to 'DLI', matching Figure 2 in the RST. | The RST step 4 instructs to select DLI for Data Connection Type, set Name to dli, and click Test, all of which are visible in the form. | Applicable Modules checkboxes and Test button are visible, consistent with the described workflow.","The Name field is empty in the screenshot, while the RST instructs to set it to 'dli'."
umn/source/getting_started/beginners_dli-powered_data_development_based_on_e-commerce_bi_reports/step_1_prepare_data.rst,Step 1: Prepare Data,en-us_image_0000002269130185.png,screenshot,pass,1.00,"Image shows a context menu on the DataArts Factory page with 'Create Database' highlighted in red, matching Figure 3 in the RST. | The RST step 6 instructs to right-click the DLI connection to create a database named BI, which is exactly the action depicted. | The DLI connection is visible in the tree, and the context menu shows Create Database, Delete, Modify, View Reference, and View Connection Details options.",
umn/source/getting_started/beginners_dli-powered_data_development_based_on_e-commerce_bi_reports/step_1_prepare_data.rst,Step 1: Prepare Data,en-us_image_0000002269129953.png,screenshot,pass,1.00,"Image shows a context menu in the Data Development section with 'Create DLI SQL Script' highlighted in red, matching Figure 4 in the RST. | The RST step 7 instructs to create a DLI SQL script, which is exactly the option shown in the context menu. | Other script types (Hive, DWS, Spark, Flink, RDS, Presto, Shell, Python) are also listed, providing full context.",
umn/source/getting_started/beginners_dli-powered_data_development_based_on_e-commerce_bi_reports/step_1_prepare_data.rst,Step 1: Prepare Data,en-us_image_0000002269210285.png,screenshot,pass,1.00,"Image shows a DLI SQL editor with all six table creation statements (user, product, comment, action, top_like_product, top_bad_comment_product), matching Figure 5 in the RST. | The SQL statements in the image exactly match the code block in the RST, including the OBS paths (obs://fast-demo/user_data, etc.). | The toolbar shows Connection set to 'dli', Database set to 'bi', and Queue set to 'default', consistent with the RST instructions. | The Execute button is visible in the toolbar, matching the RST instruction to click Execute.",
umn/source/getting_started/beginners_dli-powered_data_development_based_on_e-commerce_bi_reports/step_2_develop_data.rst,Step 2: Develop Data,en-us_image_0000002269129953.png,screenshot,pass,1.00,"Shows the DataArts Studio Data Development console with a context menu highlighting 'Create DLI SQL Script', matching Figure 1/Figure 4 'Creating a script'. | Left navigation (Data Development, Develop Script, Develop Job, Monitoring) matches the documented console layout. | The highlighted 'Create DLI SQL Script' option aligns with the step to create a DLI SQL script.",
umn/source/getting_started/beginners_dli-powered_data_development_based_on_e-commerce_bi_reports/step_2_develop_data.rst,Step 2: Develop Data,en-us_image_0000002269129925.png,screenshot,pass,1.00,"Shows the DLI SQL editor containing the INSERT OVERWRITE table top_like_product statement, matching Figure 2. | Connection 'dli', Database 'bi', Queue 'default' match the documented key parameters. | SQL content (action JOIN product, type='like', group by brand, limit 10) matches the code block in the RST.",
umn/source/getting_started/beginners_dli-powered_data_development_based_on_e-commerce_bi_reports/step_2_develop_data.rst,Step 2: Develop Data,en-us_image_0000002269210033.png,screenshot,pass,1.00,"Shows 'SELECT * FROM top_like_product' with a result table of brand and like_count, matching Figure 3. | Download/dump icons are visible, consistent with the text about downloading or dumping table data. | Result columns (brand, like_count) match the SQL output described.",
umn/source/getting_started/beginners_dli-powered_data_development_based_on_e-commerce_bi_reports/step_2_develop_data.rst,Step 2: Develop Data,en-us_image_0000002269210057.png,screenshot,pass,1.00,"Shows the DLI SQL editor with INSERT OVERWRITE table top_bad_comment_product, matching Figure 5. | SQL (DISTINCT product_id, comment_num, bad_comment_rate FROM comment WHERE comment_num>3, limit 10) matches the RST code block. | Connection dli, Database bi, Queue default match documented parameters.",
umn/source/getting_started/beginners_dli-powered_data_development_based_on_e-commerce_bi_reports/step_2_develop_data.rst,Step 2: Develop Data,en-us_image_0000002269129937.png,screenshot,pass,1.00,"Shows 'SELECT * FROM top_bad_comment_product' with a result table of product_id, comment_num, bad_comment_rate, matching Figure 6. | Download/dump icons visible, consistent with the documented download/dump action. | Result columns match the SQL output described in the RST.",
umn/source/getting_started/beginners_dli-powered_data_development_based_on_e-commerce_bi_reports/step_2_develop_data.rst,Step 2: Develop Data,en-us_image_0000002269129969.png,screenshot,pass,1.00,"Shows the Data Development console with a context menu highlighting 'Create Job', matching Figure 7. | Jobs list and left navigation (Develop Job) match the documented job creation step. | The highlighted 'Create Job' option aligns with creating the BI_analysis batch job.",
umn/source/getting_started/beginners_dli-powered_data_development_based_on_e-commerce_bi_reports/step_2_develop_data.rst,Step 2: Develop Data,en-us_image_0000002234090784.png,screenshot,pass,1.00,"Shows the 'Create Job' dialog with Job Name 'BI_analysis', matching Figure 8. | Job Type 'Batch processing' and Mode 'Pipeline' match the documented batch processing job. | Log Path OBS bucket and OK/Cancel buttons are visible, consistent with the configuration step.",
umn/source/getting_started/beginners_dli-powered_data_development_based_on_e-commerce_bi_reports/step_2_develop_data.rst,Step 2: Develop Data,en-us_image_0000002234090776.png,screenshot,pass,1.00,"Shows the job canvas with Begin, top_like_product, top_bad_comment_product, and Finish nodes, matching Figure 9. | Right pane DLI SQL properties show Node Name top_like_product, SQL script top_like_product, Database bi, Queue default, matching the documented key nodes. | Node Library on the left (DLI SQL, Dummy) matches the orchestration description.",
umn/source/getting_started/beginners_dli-powered_data_development_based_on_e-commerce_bi_reports/step_2_develop_data.rst,Step 2: Develop Data,en-us_image_0000002234250624.png,screenshot,pass,1.00,"Shows the Scheduling Setup panel with 'Run periodically' selected, matching Figure 10. | Scheduling Properties show Feb 09 to Feb 28, 2022, Every day, Start Time 01:00, matching the documented policy. | Cross-Cycle Dependency 'Independent on the previous schedule cycle' matches the RST note.",
umn/source/getting_started/beginners_dli-powered_data_development_based_on_e-commerce_bi_reports/step_2_develop_data.rst,Step 2: Develop Data,en-us_image_0000002234090764.png,screenshot,pass,1.00,"Shows the Monitor Instance page with the BI_analysis job and its nodes, matching Figure 11. | Node list includes top_like_product, top_bad_comment_product (DLI SQL), Begin, Finish (Dummy), matching the documented job structure. | Status column (Running, Run successfully, Waiting) matches the job execution status view.",
umn/source/getting_started/beginners_dli-powered_data_development_based_on_e-commerce_bi_reports/step_2_develop_data.rst,Step 2: Develop Data,en-us_image_0000002269210029.png,icon,partial,0.78,"A small yellow circular plus icon used inline as |image1| for connecting/dragging nodes in the job orchestration step. | It is an isolated symbolic graphic, not a full UI screenshot. | Relevant to the 'Developing and Scheduling a Job' section where nodes are connected.",No surrounding UI context visible; only the isolated icon is shown.
umn/source/getting_started/beginners_dli-powered_data_development_based_on_e-commerce_bi_reports/step_2_develop_data.rst,Step 2: Develop Data,en-us_image_0000002269210073.png,icon,partial,0.78,"A small blue play-triangle icon used inline as |image2| for testing the job. | It is an isolated symbolic graphic, not a full UI screenshot. | Relevant to the step 'Click |image2| to test the job'.",No surrounding UI context visible; only the isolated icon is shown.
umn/source/getting_started/beginners_dli-powered_data_development_based_on_e-commerce_bi_reports/step_2_develop_data.rst,Step 2: Develop Data,en-us_image_0000002269129929.png,icon,partial,0.78,"A small blue cloud-with-up-arrow icon used inline as |image3| for the Submit action. | It is an isolated symbolic graphic, not a full UI screenshot. | Relevant to the step 'Click Save, Submit (|image3|)'.",No surrounding UI context visible; only the isolated icon is shown.
umn/source/getting_started/beginners_dli-powered_data_development_based_on_e-commerce_bi_reports/step_2_develop_data.rst,Step 2: Develop Data,en-us_image_0000002234250604.png,icon,partial,0.78,"A small blue document-with-play-circle icon used inline as |image4| for the Execute action. | It is an isolated symbolic graphic, not a full UI screenshot. | Relevant to the step 'and Execute (|image4|)'.",No surrounding UI context visible; only the isolated icon is shown.
umn/source/getting_started/experienced_users_mrs_hive-powered_data_governance_based_on_taxi_trip_data/step_1_design_a_process.rst,Step 1: Design a Process,en-us_image_0000002269191481.png,other,pass,1.00,"The image is a process-design flowchart that matches the RST caption 'Figure 1 Process design' for Step 1. | It depicts the taxi trip data source (2017_Yellow_Taxi_Trip_Data.csv) and the DataArts components (Migration, Catalog, Architecture, Factory, Quality, Security, DataService) described in the document. | The diagram's components align with the service survey table items (OBS to Hive migration, metadata collection, job scheduling, quality monitoring, masking, API development). | No interactive UI controls are present; it is a static architecture/process diagram.","The image does not display an explicit figure number label, but the RST caption identifies it as Figure 1."
umn/source/getting_started/experienced_users_mrs_hive-powered_data_governance_based_on_taxi_trip_data/step_2_prepare_data.rst,Step 2: Prepare Data,en-us_image_0000002234232344.png,screenshot,pass,1.00,"Image shows the DataArts Studio Management Center 'Manage Data Connections' page, matching Figure 1 caption in the RST. | The 'Create Data Connection' button is highlighted with a red rectangle, corresponding to step 3 in the RST: 'click Create Data Connection'. | Left sidebar shows 'Management Center' > 'Manage Data Connections' navigation, consistent with the RST instructions. | The page header 'Manage Data Connections' and connection count info (Max: 200, Remaining: 200) are visible and consistent with the context. | No contradictions between the image content and the RST description.","The RST mentions this is step 3 after logging in and locating a workspace, but the workspace context is not visible in the screenshot."
umn/source/getting_started/experienced_users_mrs_hive-powered_data_governance_based_on_taxi_trip_data/step_2_prepare_data.rst,Step 2: Prepare Data,en-us_image_0000002269111841.png,screenshot,pass,1.00,"Image shows the MRS Hive data connection creation form, matching Figure 2 caption 'Creating an MRS Hive data connection' in the RST. | Data Connection Type is set to 'MRS Hive' as described in the RST. | Name field shows 'mrs_hive_link' exactly as specified in the RST. | Connection Type shows 'Proxy connection' selected, matching the RST instruction. | Manual shows 'Cluster Name Mode' selected, matching the RST instruction. | MRS Cluster Name shows 'mrs_demo', Agent shows 'cdm-e661', Username shows 'dgc' - all consistent with the RST's description of selecting existing resources. | Applicable Modules shows all modules checked, consistent with 'Retain the default settings' in the RST. | No contradictions between the image and the RST text.","The RST mentions a 'Tag' field as optional; the image shows it empty which is consistent but no specific tag value is demonstrated. | The RST describes detailed Kerberos authentication setup steps (password policy, user creation) that are not visible in this form screenshot."
umn/source/getting_started/experienced_users_mrs_hive-powered_data_governance_based_on_taxi_trip_data/step_3_dataarts_migration.rst,Step 3: DataArts Migration,en-us_image_0000002234232200.png,screenshot,pass,1.00,"Image shows the CDM cluster management list with Name, Status, Source (CDM), Enterprise Project, and Operation columns, matching Figure 1 'Cluster management'. | The Operation column includes a 'Job Management' link, consistent with the RST instruction to locate a cluster and click Job Management. | Toolbar buttons (Start, Restart, Delete, Authorize EIP Check) and cluster name search box are visible, matching the cluster management UI described.","Cluster name and network addresses are redacted/blurred, so specific values cannot be verified."
umn/source/getting_started/experienced_users_mrs_hive-powered_data_governance_based_on_taxi_trip_data/step_3_dataarts_migration.rst,Step 3: DataArts Migration,en-us_image_0000002234072364.png,screenshot,pass,1.00,"Image shows the Job Management page with the 'Links' tab selected, matching Figure 2 'Links'. | Tabs Table/File Migration, Entire DB Migration, Links, Agents, Settings are visible as described in the RST navigation. | The 'Create Link' button is present, consistent with the next step of creating OBS and MRS Hive links.","No link list rows are visible, only the toolbar and tabs."
umn/source/getting_started/experienced_users_mrs_hive-powered_data_governance_based_on_taxi_trip_data/step_3_dataarts_migration.rst,Step 3: DataArts Migration,en-us_image_0000002234072320.png,screenshot,pass,1.00,"Image shows the OBS link creation form with Name (obs_link), Connector (OBS), OBS Endpoint, Port (443), OBS Bucket Type (Object Storage), AK, and SK fields, matching Figure 3 and Table 1. | Example values (obs_link, 443, Object Storage) align with the RST parameter table. | Cancel, Previous, Test, and Save buttons are visible, matching the described 'click Save' action.","OBS Endpoint value is blurred, so the exact endpoint cannot be verified."
umn/source/getting_started/experienced_users_mrs_hive-powered_data_governance_based_on_taxi_trip_data/step_3_dataarts_migration.rst,Step 3: DataArts Migration,en-us_image_0000002234232224.png,screenshot,pass,1.00,"Image shows the Job Management page with the 'Table/File Migration' tab selected, matching Figure 6. | The 'Create Job' button is visible, consistent with the RST step to click Table/File Migration and then Create Job. | Run and Delete buttons are present as part of the job management toolbar.","No job list rows are visible, only the tab bar and toolbar."
umn/source/getting_started/experienced_users_mrs_hive-powered_data_governance_based_on_taxi_trip_data/step_3_dataarts_migration.rst,Step 3: DataArts Migration,en-us_image_0000002269111561.png,screenshot,pass,1.00,"Image shows the Job Configuration page with Job Name 'source-sdi', matching Figure 7 and the RST job name. | Source Job Configuration shows obs_link, fast-demo, /2021_Yellow_Taxi_Trip_Data, CSV, matching the RST source parameters. | Destination Job Configuration shows mrs-link, demo_sdi_db, sdi_taxi_trip_data, and Clear Data Before Import set to Yes, matching the RST destination parameters.",Advanced attributes section is collapsed (Show Advanced Attributes link visible but not expanded).
umn/source/getting_started/experienced_users_mrs_hive-powered_data_governance_based_on_taxi_trip_data/step_3_dataarts_migration.rst,Step 3: DataArts Migration,en-us_image_0000002269111585.png,screenshot,pass,1.00,"Image shows the 'Map Field' step (step 2) with Source Field and Destination Field tables, matching Figure 8. | Time Format 'MM/dd/yyyy hh:mm:ss a' is set for the datetime fields, matching the RST time format instruction. | Destination fields (vendorid, tpep_pickup_datetime, tpep_dropoff_datetime, passenger_count, trip_distance, etc.) correspond to the taxi trip data schema described.",The full list of fields is cut off at row 11 (fare_amount); later fields are not visible.
umn/source/getting_started/experienced_users_mrs_hive-powered_data_governance_based_on_taxi_trip_data/step_3_dataarts_migration.rst,Step 3: DataArts Migration,en-us_image_0000002234072340.png,screenshot,pass,1.00,"Image shows the 'Configure Task' step (step 3) with Retry if failed, Group, and Schedule Execution, matching Figure 9. | Schedule Execution is set to No and Retry if failed to Never, consistent with the RST instruction to set these as required. | The progress indicator shows Configure Basic Information and Map Field completed, matching the workflow order.","Advanced attributes (Concurrent Extractors, Write Dirty Data) are not shown in this image; they appear in the next figure."
umn/source/getting_started/experienced_users_mrs_hive-powered_data_governance_based_on_taxi_trip_data/step_3_dataarts_migration.rst,Step 3: DataArts Migration,en-us_image_0000002269191625.png,screenshot,pass,1.00,"Image shows advanced attributes including Concurrent Extractors, Write Dirty Data, Write Dirty Data Link, OBS Bucket, Dirty Data Directory, and Throttling, matching Figure 10. | Write Dirty Data is set to Yes, consistent with the RST recommendation to enable dirty data writing. | The OBS Bucket and Dirty Data Directory fields correspond to the RST instruction to configure the fast-demo bucket and error-data directory.","OBS Bucket and Dirty Data Directory values are empty in the image, so the specific bucket/folder names are not visible."
umn/source/getting_started/experienced_users_mrs_hive-powered_data_governance_based_on_taxi_trip_data/step_3_dataarts_migration.rst,Step 3: DataArts Migration,en-us_image_0000002269191641.png,screenshot,pass,1.00,"Image shows the Table/File Migration job list with Name, Link Details, Last Execution Time, Duration, Write Statistics, Status, and Operation columns, matching Figure 11. | Jobs show 'Succeeded' status, consistent with the RST statement that the created job can be viewed in the job list. | Create Job, Run, Delete, Export, Import, and Schedule controls are visible, matching the job management interface.","The specific job created in this example (source-sdi) is not clearly visible among the listed jobs (hive01, test003, hive)."
umn/source/getting_started/experienced_users_mrs_hive-powered_data_governance_based_on_taxi_trip_data/step_4_metadata_collection.rst,Step 4: Metadata Collection,en-us_image_0000002269111409.png,screenshot,pass,1.00,Shows the Collection Tasks page with left navigation matching the RST step 2 description. | Context menu with 'Create Directory' and 'Create Task' matches the right-click shortcut menu described. | 'Collection Tasks' is highlighted in the navigation pane as expected.,
umn/source/getting_started/experienced_users_mrs_hive-powered_data_governance_based_on_taxi_trip_data/step_4_metadata_collection.rst,Step 4: Metadata Collection,en-us_image_0000002234072204.png,screenshot,pass,1.00,Configure step shows Task Name 'transport_all' matching the RST task name. | Select Directory shows /Tasks/transport with the transport directory tree. | Description field present as part of basic settings.,
umn/source/getting_started/experienced_users_mrs_hive-powered_data_governance_based_on_taxi_trip_data/step_4_metadata_collection.rst,Step 4: Metadata Collection,en-us_image_0000002234072216.png,screenshot,pass,1.00,Data Source Information shows MRS Hive connection type and Mrs_hive_link name. | Database and Table set to All with Set/Clear buttons. | Metadata Collection section shows Update & Addition Policy and Deletion Policy options.,
umn/source/getting_started/experienced_users_mrs_hive-powered_data_governance_based_on_taxi_trip_data/step_4_metadata_collection.rst,Step 4: Metadata Collection,en-us_image_0000002269111457.png,screenshot,pass,1.00,"Scheduling Settings step (step 2) is active matching the scheduling configuration step. | Shows Schedule, Scheduling Date, Scheduling Cycle, Start Time, Time Interval, End Time, Timeout fields. | Repeating option selected with minute-based cycle consistent with later 15-minute interval.",
umn/source/getting_started/experienced_users_mrs_hive-powered_data_governance_based_on_taxi_trip_data/step_4_metadata_collection.rst,Step 4: Metadata Collection,en-us_image_0000002234232068.png,screenshot,pass,1.00,Task list shows transport_all with Type HIVE and Scheduling Cycle 15 minutes. | Operation column includes 'Start Scheduling' link matching the RST instruction. | Scheduling Status shows Not started before starting.,
umn/source/getting_started/experienced_users_mrs_hive-powered_data_governance_based_on_taxi_trip_data/step_4_metadata_collection.rst,Step 4: Metadata Collection,en-us_image_0000002234072192.png,screenshot,pass,1.00,"Task Monitoring page shows transport_all with Instance Status 'Successful' highlighted. | Left navigation shows Metadata Collection > Task Monitoring as described. | Columns include Schedule, Time Interval, Start/End Time, Running Duration.",
umn/source/getting_started/experienced_users_mrs_hive-powered_data_governance_based_on_taxi_trip_data/step_4_metadata_collection.rst,Step 4: Metadata Collection,en-us_image_0000002269191517.png,screenshot,pass,1.00,Technical Assets tab is active matching the RST step. | Search Filters show Data Connections MRS_Hive_link and Types Table selected. | List displays hive_table entries such as dwi_taxi_trip_data and sdi_taxi_trip_data.,
umn/source/getting_started/experienced_users_mrs_hive-powered_data_governance_based_on_taxi_trip_data/step_4_metadata_collection.rst,Step 4: Metadata Collection,en-us_image_0000002234072248.png,screenshot,pass,1.00,"Metadata details page for sdi_taxi_trip_data with Details tab active. | Technical Metadata fields (tableType, tableSize, rowCounts, etc.) are displayed. | Data Source shown as MRS_Hive_link consistent with the connection used.",
umn/source/getting_started/experienced_users_mrs_hive-powered_data_governance_based_on_taxi_trip_data/step_5_design_data_architecture.rst,Step 5: Design Data Architecture,,,fail,,backend_error,No model result was produced.
umn/source/getting_started/experienced_users_mrs_hive-powered_data_governance_based_on_taxi_trip_data/step_7_dataarts_quality.rst,Step 7: DataArts Quality,en-us_image_0000002234232108.png,screenshot,pass,1.00,"Shows the DataArts Factory Develop Job page with a node graph and the Data Quality Monitor node selected. | Right pane displays Quality job name 'standard trip data' with the eye icon highlighted by a red box, matching the RST instruction to click the icon next to Quality Rule Name. | Corresponds to Figure 1 'Quality job node' in the Viewing Quality Jobs section.",
umn/source/getting_started/experienced_users_mrs_hive-powered_data_governance_based_on_taxi_trip_data/step_7_dataarts_quality.rst,Step 7: DataArts Quality,en-us_image_0000002234072260.png,screenshot,pass,1.00,"Displays the Quality Jobs page with a job list table. | Shows the job 'standard trip data' with Scheduling status and Operation column (Run, Stop Schedule, Edit), matching step 3 of clicking a quality job name. | Corresponds to Figure 2 'Quality job list'.",
umn/source/getting_started/experienced_users_mrs_hive-powered_data_governance_based_on_taxi_trip_data/step_7_dataarts_quality.rst,Step 7: DataArts Quality,en-us_image_0000002234072264.png,screenshot,pass,1.00,"Shows the Running Results tab with Field rule and Data Connection Mrs_hive_link. | Presents rule results with Invalid Rows / Null Value Rows / Total Rows and Status 'Normal', matching the running result of the quality job. | Corresponds to Figure 3 'Running result of the quality job' and step 4 (Details in Operation column).",
umn/source/getting_started/experienced_users_mrs_hive-powered_data_governance_based_on_taxi_trip_data/step_7_dataarts_quality.rst,Step 7: DataArts Quality,en-us_image_0000002269191513.png,icon,pass,1.00,A small eye pictogram used as the inline |image1| reference. | Matches the RST step 2 instruction to click the icon next to Quality Rule Name to open the Quality Jobs page. | Consistent with the highlighted eye icon shown in Figure 1.,
umn/source/getting_started/experienced_users_mrs_hive-powered_data_governance_based_on_taxi_trip_data/step_8_view_data_assets.rst,Step 8: View Data Assets,en-us_image_0000002234232312.png,screenshot,pass,1.00,"Image is a UI screenshot of the DataArts Catalog module showing the Technical Assets tab. | Left pane shows Search Filters with Data Connections (MRS_Hive_link) and Types (Table) selected, matching step 3 of the RST. | Right pane lists hive_table assets (dwi_taxi_trip_data, dws_payment_type, etc.) consistent with the technical asset list described. | Matches Figure 1 'Technical assets' caption in the RST.",No specific missing evidence; the screenshot aligns with the described procedure.
umn/source/getting_started/experienced_users_mrs_hive-powered_data_governance_based_on_taxi_trip_data/step_8_view_data_assets.rst,Step 8: View Data Assets,en-us_image_0000002234232320.png,screenshot,pass,0.88,"Image is a UI screenshot of a metadata details page with the Lineage tab active, matching Figure 2 'Lineage'. | Shows upstream/downstream lineage with a node (demo_etl_sdi_dwi mrs_hive_sql_node) pointing to dwi_taxi_trip_data, demonstrating the lineage view described. | The RST text references the fact table fact_stroke_order for the lineage example, but the image shows dwi_taxi_trip_data, a minor naming mismatch.",The specific table name in the image (dwi_taxi_trip_data) does not match the RST example (fact_stroke_order).
umn/source/getting_started/experienced_users_mrs_hive-powered_data_governance_based_on_taxi_trip_data/step_8_view_data_assets.rst,Step 8: View Data Assets,en-us_image_0000002234232324.png,screenshot,pass,0.88,"Image is a UI screenshot of a metadata details page with the Data Preview tab active, matching Figure 3 'Data Preview'. | Shows column headers (vendor_id, passenger_count, trip_distance, payment_type, fare_amount, etc.) and a 'Temporarily no data' message, demonstrating the data preview feature. | The RST text references the summary table dws_payment_type for the data preview example, but the image shows dwi_taxi_trip_data, a minor naming mismatch.","The specific table name in the image (dwi_taxi_trip_data) does not match the RST example (dws_payment_type). | No actual data rows are visible ('Temporarily no data'), so preview results are not concretely shown."
umn/source/getting_started/novices_dws-powered_data_integration_and_development_based_on_movie_scores/step_1_prepare_data.rst,Step 1: Prepare Data,en-us_image_0000002269210125.png,screenshot,pass,1.00,"Image shows the 'Manage Data Connections' page with the 'Create Data Connection' button highlighted in a red box | Matches Figure 1 caption 'Creating a data connection' in the RST | The page layout with left sidebar (Management Center, Manage Data Connections, Migrate Resources) and the main content area aligns with the described step 3",
umn/source/getting_started/novices_dws-powered_data_integration_and_development_based_on_movie_scores/step_1_prepare_data.rst,Step 1: Prepare Data,en-us_image_0000002269130021.png,screenshot,pass,1.00,"Image shows the DWS connection parameter form with all fields described in the RST | Data Connection Type is DWS, Name is dws_link, Connection Type is Proxy connection, Manual is Cluster Name Mode | Username shows dbadmin which matches the RST description | SSL Encryption toggle, KMS Key, Agent (cdm-e661) fields are all visible and consistent with the RST",
umn/source/getting_started/novices_dws-powered_data_integration_and_development_based_on_movie_scores/step_1_prepare_data.rst,Step 1: Prepare Data,en-us_image_0000002269130025.png,screenshot,pass,1.00,"Image shows a context menu with 'Create Database' highlighted in a red box | Matches Figure 3 caption 'Creating a database' in the RST | The tree structure on the left shows connections including dws_link, consistent with the DWS connection created earlier",
umn/source/getting_started/novices_dws-powered_data_integration_and_development_based_on_movie_scores/step_1_prepare_data.rst,Step 1: Prepare Data,en-us_image_0000002548191863.png,screenshot,pass,1.00,"Image shows the tree structure with dws_link expanded, showing databases including 'demo' | Under demo, 'schemas(5)' is visible and 'Create Schema' is highlighted in a red box | Matches Figure 4 caption 'Creating a database schema' and the RST description of creating schema 'dgc'",
umn/source/getting_started/novices_dws-powered_data_integration_and_development_based_on_movie_scores/step_1_prepare_data.rst,Step 1: Prepare Data,en-us_image_0000002269130013.png,screenshot,pass,1.00,"Image shows a context menu with 'Create DWS SQL Script' highlighted in a red box | Matches Figure 5 caption 'Creating a script' in the RST | The left sidebar shows Data Development section with Develop Script selected, consistent with the workflow",
umn/source/getting_started/novices_dws-powered_data_integration_and_development_based_on_movie_scores/step_1_prepare_data.rst,Step 1: Prepare Data,en-us_image_0000002269130009.png,screenshot,pass,1.00,"Image shows a SQL editor with CREATE TABLE statements for movies_item, ratings_item, top_rating_movie, and top_active_movie | The SQL code matches exactly what is shown in the RST code block | Connection shows dws_link and Database shows demo, matching the RST description | A warning message about the modified script not being submitted is visible",
umn/source/getting_started/novices_dws-powered_data_integration_and_development_based_on_movie_scores/step_1_prepare_data.rst,Step 1: Prepare Data,en-us_image_0000002269129949.png,screenshot,pass,1.00,Image shows the Access Keys page with a 'Create Access Key' button | Matches Figure 7 caption 'Clicking Create Access Key' in the RST | The info banner about access keys being downloadable only once matches the note in the RST | The table shows 'No data available' which is consistent with a new user creating their first access key,
umn/source/getting_started/novices_dws-powered_data_integration_and_development_based_on_movie_scores/step_2_integrate_data.rst,Step 2: Integrate Data,en-us_image_0000002269129981.png,screenshot,pass,1.00,"Shows the Cluster Management page with a running CDM cluster and the 'Job Management' link highlighted in the Operation column, matching Figure 1 and step 2. | Left navigation shows Data Integration / Cloud Data Migration / Cluster Management, consistent with the CDM console described in the RST.",
umn/source/getting_started/novices_dws-powered_data_integration_and_development_based_on_movie_scores/step_2_integrate_data.rst,Step 2: Integrate Data,en-us_image_0000002269210081.png,screenshot,pass,1.00,"Shows the Create Link form for OBS with Name=obs_link, Connector=OBS, Port=443, OBS Bucket Type=Object Storage, AK and SK fields, matching Figure 3 and Table 1. | Endpoint and AK values are partially masked, consistent with a real console screenshot.",
umn/source/getting_started/novices_dws-powered_data_integration_and_development_based_on_movie_scores/step_2_integrate_data.rst,Step 2: Integrate Data,en-us_image_0000002269129989.png,screenshot,pass,1.00,"Shows the DWS link form with Name=dws_link, Database Type=Data warehouse, Port=8000, Database Name=demo, Username=dbadmin, Use Agent=No, matching Figure 4 and Table 2. | Database Server value is partially masked, consistent with a real console screenshot.",
umn/source/getting_started/novices_dws-powered_data_integration_and_development_based_on_movie_scores/step_2_integrate_data.rst,Step 2: Integrate Data,en-us_image_0000002234250600.png,screenshot,pass,1.00,"Shows the Table/File Migration tab selected with the 'Create Job' button highlighted, matching Figure 5 and step 6. | Empty job list ('No data available') is consistent with the state before creating a job.",
umn/source/getting_started/novices_dws-powered_data_integration_and_development_based_on_movie_scores/step_2_integrate_data.rst,Step 2: Integrate Data,en-us_image_0000002234090772.png,screenshot,pass,1.00,"Shows Job Configuration with Job Name=movies_obs2dws, source obs_link/fast-demo//movies.csv/CSV and destination dws_link/dgc/movies_item, matching Figure 6 and step 7a. | Clear Data Before Import set to 'Clear all data' aligns with the note about clearing data before import.",
umn/source/getting_started/novices_dws-powered_data_integration_and_development_based_on_movie_scores/step_2_integrate_data.rst,Step 2: Integrate Data,en-us_image_0000002234090800.png,screenshot,pass,1.00,"Shows source advanced attributes with Field Delimiter=comma, Use Quote Char=Yes, First N Rows As Header=Yes, Number of Header Rows=1, matching Figure 7 and step 7b. | Red boxes highlight exactly the parameters called out in the RST.",
umn/source/getting_started/novices_dws-powered_data_integration_and_development_based_on_movie_scores/step_2_integrate_data.rst,Step 2: Integrate Data,en-us_image_0000002269129973.png,screenshot,pass,1.00,"Shows Source Field to Destination Field mapping (movieid, movietitle, videoreleasedate, imdburl, genre columns) with arrows, matching Figure 8 and step 7c. | Sequence-based mapping is consistent with the RST note that source and destination field order match.",
umn/source/getting_started/novices_dws-powered_data_integration_and_development_based_on_movie_scores/step_2_integrate_data.rst,Step 2: Integrate Data,en-us_image_0000002234250588.png,screenshot,pass,1.00,"Shows Configure Task with Concurrent Extractors=4, Write Dirty Data=Yes, OBS Bucket=fast-demo, Dirty Data Directory=/err_data/, matching Figure 9 and step 7d. | Save and Run button visible, consistent with the next step.",
umn/source/getting_started/novices_dws-powered_data_integration_and_development_based_on_movie_scores/step_2_integrate_data.rst,Step 2: Integrate Data,en-us_image_0000002234250608.png,screenshot,pass,1.00,"Shows the Table/File Migration list with the movies_obs2dws job in Succeeded status, matching Figure 10 and step 8. | Link Details obs_link--dws_link and Written rows: 50 confirm the migration executed.",
umn/source/getting_started/novices_dws-powered_data_integration_and_development_based_on_movie_scores/step_2_integrate_data.rst,Step 2: Integrate Data,en-us_image_0000002234250612.png,screenshot,pass,1.00,"Shows both movies_obs2dws and ratings_obs2dws jobs in Succeeded status, matching Figure 11 and step 9. | Red box highlights the Succeeded status of both migration jobs.",
umn/source/getting_started/novices_dws-powered_data_integration_and_development_based_on_movie_scores/step_2_integrate_data.rst,Step 2: Integrate Data,en-us_image_0000002234090760.png,screenshot,pass,1.00,"Shows the DWS SQL editor with 'SET SEARCH_PATH TO dgc; SELECT * FROM ratings_item;' and a result grid of userid/movied/rating/timestamp, matching Figure 12 and step 10. | Connection dws_link and Database demo align with the configured DWS link.",Only the ratings_item query result is shown; the movies_item query result is not visible in this image.
umn/source/getting_started/novices_dws-powered_data_integration_and_development_based_on_movie_scores/step_3_develop_data.rst,Step 3: Develop Data,en-us_image_0000002269130013.png,screenshot,pass,1.00,"Shows DataArts Factory Develop Script tree with a context menu where 'Create DWS SQL Script' is highlighted, matching Figure 1/4 'Creating a script'. | Left navigation shows Data Development > Develop Script, consistent with the RST step to create a DWS SQL script.",
umn/source/getting_started/novices_dws-powered_data_integration_and_development_based_on_movie_scores/step_3_develop_data.rst,Step 3: Develop Data,en-us_image_0000002234250832.png,screenshot,pass,1.00,"SQL editor shows 'insert overwrite into top_rating_movie' with the same select/where/order/limit logic as the RST code block. | Toolbar shows Save, Submit, Execute, Format, Configure Editor and Connection/Database fields, matching Figure 2 'Script (top_rating_movie)'.",
umn/source/getting_started/novices_dws-powered_data_integration_and_development_based_on_movie_scores/step_3_develop_data.rst,Step 3: Develop Data,en-us_image_0000002234090996.png,screenshot,pass,1.00,"Editor shows 'SELECT * FROM top_rating_movie' and the Result tab lists movie titles, avg_rating, rating_user_number, matching Figure 3. | Download/dump icons are highlighted in the result pane, consistent with the RST note about downloading table data.",
umn/source/getting_started/novices_dws-powered_data_integration_and_development_based_on_movie_scores/step_3_develop_data.rst,Step 3: Develop Data,en-us_image_0000002234250840.png,screenshot,pass,1.00,"SQL editor shows 'insert overwrite into top_active_movie' with the avg_rating > 3.5 filter and order by rating_user_number, matching the RST code block. | Toolbar and Connection/Database fields match Figure 5 'Script (top_active_movie)'.",
umn/source/getting_started/novices_dws-powered_data_integration_and_development_based_on_movie_scores/step_3_develop_data.rst,Step 3: Develop Data,en-us_image_0000002234090992.png,screenshot,pass,1.00,"Editor shows 'SELECT * FROM top_active_movie' and the Result tab lists movies with avg_rating and rating_user_number, matching Figure 6. | Download/dump icons highlighted in result pane align with the RST note.",
umn/source/getting_started/novices_dws-powered_data_integration_and_development_based_on_movie_scores/step_3_develop_data.rst,Step 3: Develop Data,en-us_image_0000002269129969.png,screenshot,pass,1.00,"Develop Job tree with context menu where 'Create Job' is highlighted, matching Figure 7 'Creating a job'. | Job list includes 'topmovie', consistent with the RST job name.",
umn/source/getting_started/novices_dws-powered_data_integration_and_development_based_on_movie_scores/step_3_develop_data.rst,Step 3: Develop Data,en-us_image_0000002269130197.png,screenshot,pass,1.00,"Create Job dialog shows Job Name 'topmovie', Batch processing, Pipeline mode, matching Figure 8 'Configuring the job'. | Fields for Priority, Agency, Log Path and OK/Cancel buttons are visible.",
umn/source/getting_started/novices_dws-powered_data_integration_and_development_based_on_movie_scores/step_3_develop_data.rst,Step 3: Develop Data,en-us_image_0000002269210277.png,screenshot,pass,1.00,"Job canvas shows Begin, movies_obs2dws, ratings_obs2dws, Waiting, top_rating_movie, top_active_movie, Finish nodes connected, matching Figure 9. | Right pane shows CDM Job properties with Node Name movies_obs2dws and CDM cluster cdm-dgc-demo, consistent with the RST key nodes.",
umn/source/getting_started/novices_dws-powered_data_integration_and_development_based_on_movie_scores/step_3_develop_data.rst,Step 3: Develop Data,en-us_image_0000002234091004.png,screenshot,pass,1.00,"Scheduling Setup panel shows Run periodically, Every day, Start Time 01:00, From Feb 09 2022 to Feb 28 2022, matching Figure 10 and the RST notes. | Dependency Properties section is visible, consistent with the RST dependency note.",
umn/source/getting_started/novices_dws-powered_data_integration_and_development_based_on_movie_scores/step_3_develop_data.rst,Step 3: Develop Data,en-us_image_0000002269130173.png,screenshot,pass,1.00,"Monitor Instance page shows job 'topmovie' with node rows ratings_obs2dws, movies_obs2dws, Begin, Finish, top_active_movie, top_rating_movie, Waiting, matching Figure 11. | Left navigation highlights Monitoring > Monitor Instance, consistent with the RST step.",
umn/source/getting_started/novices_dws-powered_data_integration_and_development_based_on_movie_scores/step_3_develop_data.rst,Step 3: Develop Data,en-us_image_0000002234250848.png,icon,partial,0.72,"A small yellow circular plus symbol, used in the RST as |image1| for selecting/dragging nodes in the job canvas. | Generic add/plus icon; semantically plausible for adding nodes but not specific to the job orchestration.","Icon is low-resolution and isolated, so its exact UI context is not visible."
umn/source/getting_started/novices_dws-powered_data_integration_and_development_based_on_movie_scores/step_3_develop_data.rst,Step 3: Develop Data,en-us_image_0000002269210297.png,icon,pass,1.00,A play/triangle symbol used in the RST as |image2| for the 'Test' action on the job. | Matches the Test button icon seen in the job canvas toolbar.,Icon is small and slightly blurred.
umn/source/getting_started/novices_dws-powered_data_integration_and_development_based_on_movie_scores/step_3_develop_data.rst,Step 3: Develop Data,en-us_image_0000002234091012.png,icon,pass,1.00,A cloud-with-upward-arrow symbol used in the RST as |image3| for the 'Submit' action. | Matches the Submit (cloud upload) icon in the toolbar.,Icon is small and slightly blurred.
umn/source/getting_started/novices_dws-powered_data_integration_and_development_based_on_movie_scores/step_3_develop_data.rst,Step 3: Develop Data,en-us_image_0000002234250844.png,icon,pass,1.00,A document-with-play symbol used in the RST as |image4| for the 'Execute' action. | Matches the Execute icon in the toolbar.,Icon is small and slightly blurred.
umn/source/service_overview/application_scenarios.rst,Application Scenarios,en-us_image_0000002269108161.png,other,pass,1.00,"Image is a three-layer architecture diagram (Data generation/ingestion, DataArts Studio, Data consumption) that directly illustrates the 'One-stop data operations platform' described in the RST. | The middle layer components (Data integration, Data modeling, Data cleansing, Data consolidation, Data service, Data subjects, Data visualization) align with the RST's listed capabilities: collection, architecture design, monitoring, cleansing, modeling, connection, integration, consumption, and intelligent analysis. | The top layer (Internal: Generation, Operations, O&M; External: Purchase, Third parties, Public channels) and bottom layer (Command center, Operations platform, IT development, Analysis and modeling) provide the full data lifecycle context described in the section. | Figure caption in RST ('One-stop data operations platform') matches the diagram's content exactly.","The RST mentions 'GUI-based orchestration' as an advantage, but the diagram is a conceptual architecture, not a GUI screenshot, so no GUI elements are visible."
umn/source/service_overview/application_scenarios.rst,Application Scenarios,en-us_image_0000002234068980.png,other,pass,1.00,"Image is a layered diagram showing DataArts Studio (Development, Governance, Visualization, Management), Industry data knowledge libraries, and Industry data governance consulting services, matching the 'Data governance platform' figure in the RST. | The Industry data knowledge libraries section shows Smart government, Smart taxation, Smart campus, and More, which aligns with the RST's mention of 'Custom solutions for government, taxation, smart city, smart transportation, and smart campus.' | Each library entry shows 'Data models/standards/knowledge,' consistent with the RST's reference to 'industry-specific subject libraries, algorithm libraries, and metric libraries.' | The bottom section (Government, Water affairs, Industry, More) under 'Industry data governance consulting services' supports the RST's description of industry-tailored solutions. | The right-side arrow to 'Services that can be applied in actual scenarios' reinforces the practical application theme of the section.","The RST mentions 'eight types of data (people, organization, event, spatio-temporal, vehicle, asset, device, resource data)' under 'Various domain models,' but the diagram does not explicitly enumerate these eight data types. | The RST mentions 'Compliance of layered industry data standards,' which is not explicitly labeled in the diagram."
umn/source/service_overview/functions.rst,Functions,en-us_image_0000002269108049.png,other,fail,0.00,Local color check detected #3298ff.,
umn/source/service_overview/functions.rst,Functions,en-us_image_0000002269188109.png,other,fail,0.00,Local color check detected #3298ff.,
umn/source/service_overview/functions.rst,Functions,en-us_image_0000002234228716.png,other,fail,0.00,Local color check detected #3298ff.,
umn/source/service_overview/functions.rst,Functions,en-us_image_0000002269108033.png,other,fail,0.00,Local color check detected #3298ff.,
umn/source/service_overview/functions.rst,Functions,en-us_image_0000002234068868.png,other,pass,1.00,"Image is labeled Figure 1 DataArts Migration and sits in the DataArts Migration section. | Diagram shows source side (third-party cloud and enterprise data center) with databases, servers, big data, message systems, search services, object storage, and file systems, matching the heterogeneous source list in the text. | Destination side shows DataArts Migration (CDM) connecting via HTTPS/VPN to Hadoop, data warehouses, data lakes, and lakehouses, consistent with the migration description. | It is an architecture/flow diagram rather than a UI screenshot or icon.","No explicit count of 30+ sources is shown, but the diagram is illustrative and not expected to enumerate all."
umn/source/service_overview/functions.rst,Functions,en-us_image_0000002234068876.png,screenshot,pass,1.00,"Image is labeled Figure 5 Full-link data lineages and appears in the DataArts Catalog metadata management section. | The UI shows a lineage graph with upstream/downstream nodes and 'insert into' process nodes, illustrating full-link data lineage and processing logic. | Visible interface controls (Upstream/Downstream toggles, Show Process, search and zoom icons) confirm it is a screenshot with interactive controls. | Content aligns with the text describing data lineage, source, destination, and processing logic.",Specific table/field names are generic placeholders and not tied to a named example in the text.
umn/source/service_overview/permission_management.rst,Permission Management,en-us_image_0000002390854012.png,other,pass,1.00,"The image is a hierarchical diagram titled 'Permission system' (Figure 1) referenced directly in the RST. | It shows 'System permissions' branching into 'DARTS Administrator' and 'DARTS User', matching the system-defined roles in Table 1. | The DARTS User branch lists workspace roles (Admin, Developer, Operator, Viewer, Custom role, Deployer) with descriptions consistent with the RST table. | The right-side description of DARTS User as a common user with view permissions and role-based operation permissions matches the RST text. | No interactive UI controls are present; it is a static explanatory diagram.",The diagram does not show the 'All projects' scope or region-specific project selection mentioned in the RST. | No visual indication of IAM role-based vs policy-based authorization distinction is shown in the image.
umn/source/service_overview/what_is_dataarts_studio.rst,What Is DataArts Studio?,en-us_image_0000002234228660.png,other,pass,1.00,"The image is an architecture diagram titled 'DataArts Studio', matching the RST's 'Figure 1 Architecture' reference. | It shows the data foundation (MRS, DWS, OBS, MySQL) and data sources (Oracle, Hadoop, Data lake, Other) described in the RST. | It displays the functional modules (DataArts Factory, Architecture, Quality, Catalog, Security, DataService) and CDM data integration, consistent with the RST module list. | The flow from data sources through DataArts Studio to data consumption (Users, Apps, Analysis) aligns with the platform description.","The RST mentions 'MRS Hive' and 'GaussDB(DWS)' while the image labels them simply as 'MRS' and 'DWS'; this is a minor labeling difference, not a contradiction."
umn/source/user_guide/audit_log/viewing_traces.rst,Viewing Traces,en-us_image_0000002269204349.png,screenshot,pass,1.00,"Image shows the CTS Trace List page filtered to CDM trace source, matching the RST caption 'Figure 1 CDM traces' | Table displays CDM traces with trace names (deleteCluster, startStopCluster, createCluster) and CDM as Trace Source, consistent with RST description of CDM traces for DataArts Migration | The screenshot aligns with Procedure step 2 which states 'The trace list is displayed by default' and lists CDM as a trace source | Interactive elements visible include dropdowns, radio buttons, Query/Reset/Export buttons, and View Trace links",
umn/source/user_guide/audit_log/viewing_traces.rst,Viewing Traces,en-us_image_0000002234085076.png,icon,pass,1.00,"Image is a small downward-pointing chevron/arrow icon, matching the RST reference '|image1|' used in step 3: 'Click |image1| on the left of a trace to expand its details' | The icon represents an expand/collapse control, consistent with its described purpose of expanding trace details | Directly referenced in the Procedure section step 3 of the RST document | No contradictions between the icon and its described function in the RST",
umn/source/user_guide/authorizing_users_to_use_dataarts_studio/adding_workspace_members_and_assigning_roles.rst,Adding Workspace Members and Assigning Roles,en-us_image_0000002424508617.png,other,pass,1.00,"The image is a structured diagram illustrating the DataArts Studio permission system hierarchy, matching Figure 1 in the RST. | It shows the DARTS Administrator and DARTS User split, with all workspace roles (Admin, Developer, Operator, Viewer, Custom role, Deployer) and their descriptions matching the RST text. | The diagram correctly represents the permission hierarchy described in the document's introductory section.",
umn/source/user_guide/authorizing_users_to_use_dataarts_studio/adding_workspace_members_and_assigning_roles.rst,Adding Workspace Members and Assigning Roles,en-us_image_0000002234235668.png,screenshot,pass,1.00,"The image shows the Workspace Information dialog box, exactly as referenced in step 2 of the RST. | It displays the Workspace Members section with Add and Remove buttons, a member list table with Account, Role, Added, and Operation columns, and Edit links. | The dialog includes Name, Description, Mode, Enterprise Project fields, and OK/Cancel buttons at the bottom, consistent with the RST context.",
umn/source/user_guide/authorizing_users_to_use_dataarts_studio/adding_workspace_members_and_assigning_roles.rst,Adding Workspace Members and Assigning Roles,en-us_image_0000002269198449.png,screenshot,pass,1.00,"The image shows the Add Member dialog box, matching Figure 3 referenced in step 3 of the RST. | It displays Account Type with User/Group radio buttons, Member Account dropdown, and Role checkboxes (admin, developer, operator, viewer), all matching the RST description. | The OK and Cancel buttons are present at the bottom of the dialog.","The deployer role checkbox is not visible in the dialog, though the RST mentions it as a preset role for enterprise mode. This is consistent with the RST noting deployer is unique to enterprise mode."
umn/source/user_guide/authorizing_users_to_use_dataarts_studio/adding_workspace_members_and_assigning_roles.rst,Adding Workspace Members and Assigning Roles,en-us_image_0000002234239000.png,screenshot,pass,1.00,"The image shows the Remove Member confirmation dialog, matching Figure 4 in the Related Operations section of the RST. | It displays the member to be removed (dgc_doc with admin role), a warning about irrecoverable deletion, and Yes/No buttons. | The RST instructs to click Yes in the Remove Member dialog box, which is consistent with the visible Yes button.",
umn/source/user_guide/authorizing_users_to_use_dataarts_studio/creating_an_iam_user_and_assigning_dataarts_studio_permissions.rst,Creating an IAM User and Assigning DataArts Studio Permissions,en-us_image_0000002391028724.png,other,pass,1.00,"The image is a permission-system diagram labeled 'System permissions' branching into 'DARTS Administrator' and 'DARTS User', matching the RST figure caption 'Figure 1 Permission system'. | The diagram's DARTS User sub-roles (Admin, Developer, Operator, Viewer, Custom role, Deployer) align with the RST's mention of preset workspace roles (admin, developer, deployer, operator, viewer) and custom roles. | The right-side description of a common user with view permissions and role-based operation permissions matches the RST note that workspace roles provide operation permissions for DARTS User. | The image is a static explanatory diagram, not a UI screenshot or isolated icon, so it is classified as 'other'.","The RST context sentence has a missing service name ('understand the permission system of so that...'), but the image itself is consistent with the intended permission-system topic."
umn/source/user_guide/authorizing_users_to_use_dataarts_studio/optional_defining_a_workspace_role.rst,(Optional) Defining a Workspace Role,en-us_image_0000002234240220.png,screenshot,pass,1.00,"Image shows the 'Create' dialog for a custom role with Role Name, Role Description, Role Type, and Reuse fields as described in the Procedure section | Permission checkboxes for DataArts Migration, Factory, DataService, Security, Quality, Architecture, Catalog, and Management Center are visible and unchecked, matching the blank form state | OK and Cancel buttons are present at the bottom of the dialog | This is Figure 1 referenced in step 2 of the Procedure section",
umn/source/user_guide/authorizing_users_to_use_dataarts_studio/optional_defining_a_workspace_role.rst,(Optional) Defining a Workspace Role,en-us_image_0000002234080392.png,screenshot,pass,0.95,"Image shows the filled 'Create' dialog for Developer_DataService role matching Example 1 | Role Name is 'Developer_DataService', Reuse is 'developer', and DataArts DataService has all permissions (CREATE, DELETE, OPERATE, QUERY, EDIT) checked | Other modules only have QUERY checked, consistent with retaining view permissions of other modules | Role Type shows 'CUSTOM' while the RST text specifies 'DEV&PROD_CUSTOM', a minor discrepancy | Role Description text in image differs slightly from the RST wording but conveys the same meaning",Role Type in image shows 'CUSTOM' rather than 'DEV&PROD_CUSTOM' as stated in the RST text
umn/source/user_guide/authorizing_users_to_use_dataarts_studio/optional_defining_a_workspace_role.rst,(Optional) Defining a Workspace Role,en-us_image_0000002269199661.png,screenshot,pass,0.95,"Image shows the filled 'Create' dialog for Developer_DDL role matching Example 2 | DataArts Architecture section is expanded showing sub-items: atomicMetric, businessTable, and configuration | The EDIT checkbox under 'configuration' is checked and highlighted with a red box, matching the RST instruction to select EDIT in DataArts Architecture > configuration | Role Name is 'Developer_DDL', Reuse is 'developer' | Role Type shows 'CUSTOM' while the RST text specifies 'DEV&PROD_CUSTOM', a minor discrepancy | Role Description in image differs slightly from RST wording but conveys the same meaning",Role Type in image shows 'CUSTOM' rather than 'DEV&PROD_CUSTOM' as stated in the RST text
umn/source/user_guide/creating_and_configuring_a_dataarts_studio_instance/accessing_the_dataarts_studio_instance_console.rst,Accessing the DataArts Studio Instance Console,en-us_image_0000002516805370.png,screenshot,pass,1.00,"Image shows the DataArts Studio console homepage with instance name 'DataArts-default' and a 'Back to Instance List' button, matching the RST figure caption 'Console homepage'. | Tabs (Dashboard, Workspaces, Roles, Industry Assets, Resources) and a Workspace card listing DataArts services are visible, consistent with the console homepage described in the Procedure. | The screenshot aligns with the scenario where a single instance's console homepage is displayed by default. | No visible contradiction between the image content and the RST text.","The RST does not enumerate the specific tabs or workspace services shown, so exact field-level correspondence is inferred from general context."
umn/source/user_guide/creating_and_configuring_a_dataarts_studio_instance/creating_a_dataarts_studio_instance.rst,Creating a DataArts Studio Instance,en-us_image_0000002269119541.png,icon,pass,0.83,"The image is a small hamburger-menu pictogram (three horizontal bars), matching the RST instruction to click the menu in the upper left corner of the console. | It is used in the 'Logging In to the DataArts Studio Console' step to open the service navigation menu and access DataArts Studio, so it is topically relevant. | The icon is a generic navigation symbol rather than a DataArts-Studio-specific graphic, so topic and detail match are moderate. | No contradiction between the image and the surrounding text.","The image shows only the menu symbol; the surrounding console UI, the menu label, or the DataArts Studio entry in the dropdown is not visible. | No indication of the icon's state (hover/active) or the resulting menu panel is shown."
umn/source/user_guide/creating_and_configuring_a_dataarts_studio_instance/creating_and_configuring_a_workspace_in_simple_mode/creating_a_workspace_in_simple_mode.rst,Creating a Workspace in Simple Mode,en-us_image_0000002269119389.png,screenshot,pass,1.00,"Image shows a 'Create' dialog with fields Name, Description, Mode (set to Simple), Enterprise Project, Job Log Path, Dirty Data Path, and tags, matching the RST Table 1 parameters. | Mode is set to 'Simple', consistent with the document title 'Creating a Workspace in Simple Mode'. | The dialog includes OK and Cancel buttons, matching the RST step 'Click OK'. | The 'tags' field is visible in the image but not listed in the RST table, a minor addition not present in the documentation.","The RST table does not mention a 'tags' field, which is visible in the screenshot. | The Enterprise Project field appears empty/disabled in the image, which is consistent with the RST note that it is only available when an enterprise project has been created."
umn/source/user_guide/creating_and_configuring_a_dataarts_studio_instance/creating_and_configuring_a_workspace_in_simple_mode/creating_a_workspace_in_simple_mode.rst,Creating a Workspace in Simple Mode,en-us_image_0000002234240048.png,screenshot,pass,1.00,"Image shows a 'Workspace Cannot Be Deleted' dialog with a red warning message, matching the RST description of a message indicating the workspace cannot be deleted. | The table lists 'Management Center' with 1 resource, consistent with the RST's mention of Management Center data connections as a blocking resource. | The dialog includes OK and Cancel buttons, consistent with the RST instruction to click OK in the Delete Workspace dialog box. | The image is placed in the 'Deleting a workspace' related operation section, matching its contextual placement in the RST.","The RST lists multiple modules (DataArts Migration, DataArts Architecture, etc.) that can block deletion, but the image only shows Management Center with 1 resource, which is a specific example rather than a comprehensive view."
umn/source/user_guide/creating_and_configuring_a_dataarts_studio_instance/creating_and_configuring_a_workspace_in_simple_mode/optional_changing_the_job_log_storage_path.rst,(Optional) Changing the Job Log Storage Path,en-us_image_0000002234235668.png,screenshot,pass,1.00,"Image is labeled as Figure 1 'Workspace Information dialog box' in the RST, matching the screenshot title exactly | The dialog shows fields (Name, Description, Mode, Enterprise Project, Job Log Path, Workspace Members) consistent with the procedure described in step 2 | The 'Select' button next to 'Job Log Path' is visible, matching the RST instruction to click Select next to Job Log Path | OK and Cancel buttons at the bottom align with the final step of clicking OK",The 'Dirty Data Path' field is not visible in this screenshot (it appears in Figure 2 instead)
umn/source/user_guide/creating_and_configuring_a_dataarts_studio_instance/creating_and_configuring_a_workspace_in_simple_mode/optional_changing_the_job_log_storage_path.rst,(Optional) Changing the Job Log Storage Path,en-us_image_0000002234239032.png,screenshot,pass,1.00,"Image is labeled as Figure 2 'Changing the job log path and DLI dirty data path' in the RST, matching the content shown | The screenshot displays exactly two fields: 'Job Log Path' and 'Dirty Data Path', each with a 'Select' button, as described in step 3 | The help icons (?) next to each field label are visible, consistent with a configuration UI | This is a cropped view of the relevant portion of the Workspace Information dialog, focusing on the two path fields","The image is a cropped section and does not show the full dialog context (title, other fields, OK/Cancel buttons)"
umn/source/user_guide/creating_and_configuring_a_dataarts_studio_instance/creating_and_configuring_a_workspace_in_simple_mode/setting_workspace_quotas.rst,Setting Workspace Quotas,en-us_image_0000002234235668.png,screenshot,pass,1.00,"Image shows the Workspace Information dialog box exactly as described in Figure 1 of the RST | Contains all expected fields: Name, Description, Mode, Enterprise Project, Job Log Path, API Quota of DataArts DataService Exclusive, and Workspace Members | The API Quota section displays Used, Allocated, Total used, Total allocated, and Total values matching the RST definitions | Dialog includes OK and Cancel buttons consistent with the procedure steps | The dialog appears after clicking Edit on the Workspaces page as described in step 2",
umn/source/user_guide/creating_and_configuring_a_dataarts_studio_instance/creating_and_configuring_a_workspace_in_simple_mode/setting_workspace_quotas.rst,Setting Workspace Quotas,en-us_image_0000002269195137.png,screenshot,pass,1.00,"Image shows the API Quota of DataArts DataService Exclusive setting interface as described in Figure 2 | Displays Used, Allocated (with numeric input and +/- steppers), Total used, Total allocated, and Total values | Save and Cancel buttons are visible for confirming or discarding the quota change | The allocated quota input field with stepper controls matches the RST instruction to set the allocated quota | Values shown (Total: 5,000, Total allocated: 523) are consistent with the quota concepts described in the RST",
umn/source/user_guide/creating_and_configuring_a_dataarts_studio_instance/optional_creating_and_using_a_workspace_in_enterprise_mode/creating_a_workspace_in_enterprise_mode.rst,Creating a Workspace in Enterprise Mode,en-us_image_0000002234077360.png,screenshot,pass,1.00,"Image shows 'Create Data Connection' page in Management Center with MRS Spark type selected | Development and Production Environment sections show different MRS Cluster Names, matching the RST description of selecting different clusters | Connection Type options (Proxy connection, MRS API connection) are visible in both environments | Red annotations highlight the key fields: Data Connection Type and MRS Cluster Name fields | Matches Figure 1 caption: 'Selecting different clusters during data connection creation'",
umn/source/user_guide/creating_and_configuring_a_dataarts_studio_instance/optional_creating_and_using_a_workspace_in_enterprise_mode/creating_a_workspace_in_enterprise_mode.rst,Creating a Workspace in Enterprise Mode,en-us_image_0000002269196641.png,screenshot,pass,1.00,"Image shows 'Create Data Connection' page with MRS Hive type selected | Both Development and Production Environment sections show the same MRS Cluster Name, matching the RST description of selecting the same cluster | Additional 'Data Source Authentication and Other Function Configuration' section with Real-time Metadata Synchronization toggle is visible | Matches Figure 2 caption: 'Selecting the same cluster during data connection creation' | Red annotations highlight Data Connection Type and MRS Cluster Name fields",
umn/source/user_guide/creating_and_configuring_a_dataarts_studio_instance/optional_creating_and_using_a_workspace_in_enterprise_mode/creating_a_workspace_in_enterprise_mode.rst,Creating a Workspace in Enterprise Mode,en-us_image_0000002424511029.png,screenshot,pass,1.00,"Image shows 'Configure Data Source Resource Mapping' page with 'DB Configuration' tab selected | Table displays Data Connection Name, Data Connection Type, Development Environment DB Name, Production Environment DB Name, and Operation columns | Two spark_sql entries show different DB names for dev and prod environments (e.g., 'default' vs 'demo_dm_db') | Left sidebar shows 'Isolate Environments' > 'Data Source Resource Mapping Configuration' highlighted | Matches Figure 3 caption: 'DB Configuration' and RST reference to the Configure Data Source Resource Mapping page",
umn/source/user_guide/creating_and_configuring_a_dataarts_studio_instance/optional_creating_and_using_a_workspace_in_enterprise_mode/creating_a_workspace_in_enterprise_mode.rst,Creating a Workspace in Enterprise Mode,en-us_image_0000002269203809.png,screenshot,pass,1.00,Image shows 'Scheduling Identities' page with 'Public Scheduling Identity' section | Radio buttons for 'Public agency' (selected) and 'Public IAM account' are visible | Public agency input field and Save button are present | Warning text about job scheduling user deletion is displayed | Left sidebar shows 'Scheduling Identities' highlighted with a warning icon | Matches Figure 4 caption: 'Configuring a workspace-level agency' in the pre-upgrade operations section,
umn/source/user_guide/creating_and_configuring_a_dataarts_studio_instance/optional_creating_and_using_a_workspace_in_enterprise_mode/creating_a_workspace_in_enterprise_mode.rst,Creating a Workspace in Enterprise Mode,en-us_image_0000002234244332.png,screenshot,pass,1.00,"Image shows 'Workspace Information' dialog with Name (424), Description, and Mode (Simple) fields | An 'Upgrade' button is visible next to the Mode field, highlighted with red annotation | An overlay 'Upgrade' confirmation dialog shows explanatory text about upgrading from simple to enterprise mode | The confirmation dialog includes Notes about configuring workspace-level public scheduling identity and post-upgrade tasks | Blue 'Upgrade' button and 'Cancel' button are visible in the confirmation dialog | Matches Figure 5 caption: 'Upgrading to the enterprise mode' and RST step 4 of upgrade operations",
umn/source/user_guide/creating_and_configuring_a_dataarts_studio_instance/optional_creating_and_using_a_workspace_in_enterprise_mode/creating_a_workspace_in_enterprise_mode.rst,Creating a Workspace in Enterprise Mode,en-us_image_0000002269123729.png,screenshot,pass,1.00,Image shows 'Scheduling Identities' page with 'Public Scheduling Identity' section | Radio buttons for 'Public agency' (selected) and 'Public IAM account' are visible | Public agency input field and Save button are present | Warning text about job scheduling user deletion is displayed | Left sidebar shows 'Scheduling Identities' highlighted with a warning icon | Matches Figure 6 caption: 'Configuring a workspace-level agency' in the follow-up operations section of creating a workspace in enterprise mode,
umn/source/user_guide/creating_and_configuring_a_dataarts_studio_instance/optional_creating_and_using_a_workspace_in_enterprise_mode/introduction_to_the_enterprise_mode.rst,Introduction to the Enterprise Mode,en-us_image_0000002269116601.png,other,fail,0.00,Local color check detected #3298ff.,
umn/source/user_guide/creating_and_configuring_a_dataarts_studio_instance/optional_creating_and_using_a_workspace_in_enterprise_mode/introduction_to_the_enterprise_mode.rst,Introduction to the Enterprise Mode,en-us_image_0000002269116581.png,other,fail,0.00,Local color check detected #3298ff.,
umn/source/user_guide/creating_and_configuring_a_dataarts_studio_instance/optional_creating_and_using_a_workspace_in_enterprise_mode/introduction_to_the_enterprise_mode.rst,Introduction to the Enterprise Mode,en-us_image_0000002269116577.png,other,fail,0.00,Local color check detected #3298ff.,
umn/source/user_guide/creating_and_configuring_a_dataarts_studio_instance/optional_creating_and_using_a_workspace_in_enterprise_mode/introduction_to_the_enterprise_mode.rst,Introduction to the Enterprise Mode,en-us_image_0000002234077360.png,screenshot,pass,1.00,"Image shows the Create Data Connection page in Management Center with MRS Spark type selected | Development and Production Environment sections show different MRS Cluster Names, matching Figure 2 description of selecting different clusters | The RST explicitly references this figure for isolating dev and prod by selecting different clusters during data connection creation | UI elements (dropdowns, radio buttons, Test buttons) are clearly visible and consistent with the described workflow",
umn/source/user_guide/creating_and_configuring_a_dataarts_studio_instance/optional_creating_and_using_a_workspace_in_enterprise_mode/introduction_to_the_enterprise_mode.rst,Introduction to the Enterprise Mode,en-us_image_0000002269196641.png,screenshot,pass,1.00,"Image shows the Create Data Connection page with MRS Hive type selected | Both Development and Production Environment sections show the same MRS Cluster Name (mrs_..._del), matching Figure 3 description of selecting the same cluster | The RST references this figure in the context of configuring two databases in the same data lake service to isolate environments | Additional section 'Data Source Authentication and Other Function Configuration' with Real-time Metadata Synchronization toggle is visible",
umn/source/user_guide/creating_and_configuring_a_dataarts_studio_instance/optional_creating_and_using_a_workspace_in_enterprise_mode/introduction_to_the_enterprise_mode.rst,Introduction to the Enterprise Mode,en-us_image_0000002516633132.png,screenshot,pass,1.00,"Image shows the 'Configure Data Source Resource Mapping' page with 'DB Configuration' tab selected | Table displays Data Connection Name, Type, Development Environment DB Name, and Production Environment DB Name columns | Two spark_sql entries show different DB names for dev and prod environments, demonstrating the isolation mechanism | Directly matches Figure 4 referenced in the RST for configuring database mapping to isolate environments",
umn/source/user_guide/creating_and_configuring_a_dataarts_studio_instance/optional_creating_and_using_a_workspace_in_enterprise_mode/introduction_to_the_enterprise_mode.rst,Introduction to the Enterprise Mode,en-us_image_0000002234077380.png,other,pass,1.00,"Diagram shows the simple mode process with a single 'Production environment' containing both Data development and O&M and scheduling | Activities listed (Edit SQL statements, Configure dependencies, Adjust scheduling policies, Schedule and execute tasks, Produce data) match the RST description of simple mode | The 'Submit' arrow from Data development to O&M and scheduling reflects the simple submission-then-production flow described in the RST | Matches Figure 7 'Process in simple mode' referenced in the 'Process of Using DataArts Studio in Different Workspace Modes' section",
umn/source/user_guide/creating_and_configuring_a_dataarts_studio_instance/optional_creating_and_using_a_workspace_in_enterprise_mode/introduction_to_the_enterprise_mode.rst,Introduction to the Enterprise Mode,en-us_image_0000002234077400.png,other,pass,1.00,"Diagram shows the enterprise mode process with separate 'Development environment' and 'Production environment' sections | Development environment contains both Data development and O&M and scheduling, while Production environment only has O&M and scheduling | The 'Submit, review, and release' arrow between environments matches the RST description of the release and approval process | Matches Figure 8 'Process in enterprise mode' referenced in the 'Process of Using DataArts Studio in Different Workspace Modes' section",
umn/source/user_guide/creating_and_configuring_a_dataarts_studio_instance/optional_creating_and_using_a_workspace_in_enterprise_mode/operations_supported_for_different_roles_in_enterprise_mode/deployer_operations.rst,Deployer Operations,en-us_image_0000002234077844.png,screenshot,pass,1.00,"Screenshot shows the DataArts Studio Task Release > Packages interface, matching the RST procedure steps 2-3. | The Packages tab is active and the table displays ID, Name, Applicant, Application Time, Released By, Released At, Status, and Operation columns as described. | The Operation column shows Release, Revoke, and View Details links, exactly matching the RST description of reviewing and releasing tasks. | A red box highlights the Release button on a Pending review row, illustrating the approval action described in the RST. | Left navigation shows Data Development > Task Release, consistent with the navigation path in the RST.",
umn/source/user_guide/creating_and_configuring_a_dataarts_studio_instance/optional_creating_and_using_a_workspace_in_enterprise_mode/operations_supported_for_different_roles_in_enterprise_mode/deployer_operations.rst,Deployer Operations,en-us_image_0000002234077840.png,screenshot,pass,1.00,"Screenshot shows the same Task Release > Packages interface after a release has been completed, matching RST step 4. | The first row (ID 1425) now shows Successful status highlighted in a red box, with Released By and Released At fields populated, confirming the task was released. | The Operation column for the released row shows only View Details, consistent with the task no longer being pending review. | The left navigation and overall layout match the RST-described interface for viewing task status after release. | The image clearly demonstrates the post-release state described in the RST: the developer's modification is synchronized to the production environment.",
umn/source/user_guide/creating_and_configuring_a_dataarts_studio_instance/optional_creating_and_using_a_workspace_in_enterprise_mode/operations_supported_for_different_roles_in_enterprise_mode/service_process_in_enterprise_mode.rst,Service Process in Enterprise Mode,en-us_image_0000002234077672.png,other,fail,0.00,Local color check detected #3298ff.,
umn/source/user_guide/dataarts_architecture/adding_reviewers.rst,Adding Reviewers,en-us_image_0000002234245732.png,screenshot,pass,1.00,"Image shows a dialog box for adding a reviewer with a Reviewer dropdown, SMS/Email checkboxes, Phone Number and Email Address fields, and OK/Cancel buttons | Matches the RST step 5 description: 'Select a reviewer, enter their mobile number and email address, and click OK' | The SMS and Email notification type options are visible, consistent with the note about notification types | Labeled as Figure 1 in the RST: 'Adding a reviewer'",
umn/source/user_guide/dataarts_architecture/adding_reviewers.rst,Adding Reviewers,en-us_image_0000002269205169.png,screenshot,pass,1.00,"Shows the Reviewer Management page with Add and Delete buttons, a search field, and a table listing reviewers | Table columns (Reviewer, Phone Number, Email Address, Created, Creator) match the management context described in the RST | The search field in the upper right corner matches the RST instruction for searching a reviewer | Labeled as Figure 2 in the RST: 'Reviewer Management page'",
umn/source/user_guide/dataarts_architecture/adding_reviewers.rst,Adding Reviewers,en-us_image_0000002269125085.png,icon,pass,0.88,"Small magnifying glass / search icon referenced as |image1| in the RST | Used in the context 'enter the name of the reviewer you are looking for and click |image1|' | Clearly a search icon symbol, consistent with its use as a search trigger | Very small and low-resolution, limiting visual detail assessment","Icon is very small and low resolution, making fine details hard to discern"
umn/source/user_guide/dataarts_architecture/common_operations/associating_quality_rules.rst,Associating Quality Rules,en-us_image_0000002269202541.png,screenshot,pass,1.00,"Shows a table list with columns (Table Name, English Name, Subject, Database, Status, Sync Status, Tag, Table Type, Modified, Owner, Operation) matching the ER model list described in step 3. | A table row (dwl_taxi_trip_data) is highlighted, consistent with selecting a table to access its details. | Operation column shows Edit/Publish/More controls, matching the UI context.",Left navigation pane (Models > ER Modeling) is not visible in this cropped view.
umn/source/user_guide/dataarts_architecture/common_operations/associating_quality_rules.rst,Associating Quality Rules,en-us_image_0000002234243040.png,screenshot,pass,1.00,"Displays the Table Fields tab with the 'Associate Rule' button highlighted, matching step 4. | Shows Anomaly Data Output Settings (Generate Anomaly Data: Disabled) and WHERE Condition Expression, consistent with the page layout. | Field table with columns (Field Name, Field English Name, Data Type, Primary Key, etc.) is visible.",No specific field is shown selected before clicking Associate Rule.
umn/source/user_guide/dataarts_architecture/common_operations/associating_quality_rules.rst,Associating Quality Rules,en-us_image_0000002234243064.png,screenshot,pass,1.00,"Shows the 'Associate Quality Rule' dialog with Matching Field, Update Existing Rule checkbox, and Add Rule button, matching step 5. | The rule table shows 'No records found. Add Rule', consistent with an empty rule list before adding. | OK and Cancel buttons are present at the bottom.","No rules are listed, so the default rule list described in the text is not yet shown here."
umn/source/user_guide/dataarts_architecture/common_operations/associating_quality_rules.rst,Associating Quality Rules,en-us_image_0000002269202569.png,screenshot,pass,1.00,"Shows the 'Add Rule' dialog with a Create button and search box, matching the text describing default quality rules and custom creation. | Lists rules (xxx, Unique value, Null value, Duplicate Value, Average value) with dimensions (Completeness, Uniqueness, Accuracy). | Pagination (Total Records: 17) and OK/Cancel buttons are visible.","The 'Create' navigation to DataArts Quality is not depicted, only the button is shown."
umn/source/user_guide/dataarts_architecture/common_operations/associating_quality_rules.rst,Associating Quality Rules,en-us_image_0000002269202549.png,screenshot,pass,1.00,"Shows the Associate Quality Rule dialog with a selected rule (aaaa) and the Alarm Triggering Condition area, matching the alarm condition description. | Parameters and Expression columns display operator buttons (+, -, *, /, ==, !=, >, >=, <, <=, ||, &&), consistent with logical operators. | Matching Field and Update Existing Rule fields are present.","The alarm parameter buttons (${1}, ${2}, ${3}) are not explicitly visible; only a parameter 'dd' is shown."
umn/source/user_guide/dataarts_architecture/common_operations/associating_quality_rules.rst,Associating Quality Rules,en-us_image_0000002269202557.png,screenshot,pass,1.00,"Shows the Table Fields tab with the pen icon next to Anomaly Data Output Settings highlighted, matching step 6. | Generate Anomaly Data is shown as Disabled, consistent with the 'enable' instruction. | Associate Rule and Clear Rule buttons and the field table are visible.",The enabled state of Generate Anomaly Data is not shown in this image.
umn/source/user_guide/dataarts_architecture/common_operations/associating_quality_rules.rst,Associating Quality Rules,en-us_image_0000002269122445.png,screenshot,pass,1.00,"Shows Anomaly Data Output Settings with the Generate Anomaly Data toggle enabled, matching the enable instruction. | Displays the parameters Database/Schema, Table Prefix, and Table Suffix as described in the text. | Save/cancel (check/cross) icons are present next to the settings header.",The save icon (|image1|) referenced in the text is not clearly visible in this crop.
umn/source/user_guide/dataarts_architecture/common_operations/associating_quality_rules.rst,Associating Quality Rules,en-us_image_0000002269202505.png,screenshot,pass,1.00,"Shows the Table Fields tab with the pen icon next to WHERE Condition Expression highlighted, matching step 7 (where condition). | Anomaly Data Output Settings (Generate Anomaly Data: Disabled) and Associate Rule/Clear Rule buttons are visible. | Field table with a row (ggg) is shown.","The actual where condition input dialog is not shown, only the edit icon is highlighted."
umn/source/user_guide/dataarts_architecture/common_operations/associating_quality_rules.rst,Associating Quality Rules,en-us_image_0000002234083292.png,screenshot,pass,1.00,"Shows the Associate Quality Rule dialog with a success toast 'Quality rule associated successfully.', matching step 8. | Tabs All(1)/Successful(1)/Failed(0) and a result table (Basic Information, Result, Remarks) are visible. | OK and Cancel buttons are present.","No failure case is depicted, only the successful association."
umn/source/user_guide/dataarts_architecture/common_operations/associating_quality_rules.rst,Associating Quality Rules,en-us_image_0000002234243076.png,screenshot,pass,1.00,"Shows a table row with Sync Status and a tooltip 'Create Data Quality Jobs: Creation succeeded' with a View button highlighted, matching step 9. | Status (Publis...) and Table Type (MANAGED) columns are visible. | The View action aligns with the instruction to view the quality job.",The full ER model list context is cropped to a single row.
umn/source/user_guide/dataarts_architecture/common_operations/associating_quality_rules.rst,Associating Quality Rules,en-us_image_0000002234243084.png,screenshot,pass,1.00,"Shows rule configuration details (Object, Rule Type: Field rule, Data Object: Field, Rule Template: Null value, Object Scope: All, Alarm Condition: Null Value Rows==2), matching step 10. | Generate Anomaly Data is shown as No. | Data Connection (hive_tes) is displayed.",The 'Rule Configurations' tab header is not visible in this crop.
umn/source/user_guide/dataarts_architecture/common_operations/associating_quality_rules.rst,Associating Quality Rules,en-us_image_0000002234083228.png,screenshot,pass,1.00,"Shows a field-based quality rule (Rule Type: Field rule, Rule Template: Null value, Alarm Expression: Null Value Rows>0) highlighted with a red box, matching the data-standard field example. | Alarm Configurations (Notification: Disabled) and Scheduling Configurations (On schedule, days) are visible. | Consistent with the example of a quality rule generated from a data standard associated with a field.",The data standard name itself is not explicitly labeled in the view.
umn/source/user_guide/dataarts_architecture/common_operations/associating_quality_rules.rst,Associating Quality Rules,en-us_image_0000002234243104.png,screenshot,pass,1.00,"Shows a table-based quality rule (Rule Type: Table rule, Data Object: Data Table, Rule Template: Table rows, Alarm Expression: Table Rows>0), matching the lookup-table data standard example. | Alarm Configurations (Notification: Disabled) and Scheduling Configurations (On schedule, days, Effective date range) are visible. | Consistent with the example of a quality rule generated from a data standard associated with a lookup table.",The lookup table / data standard name is not explicitly labeled.
umn/source/user_guide/dataarts_architecture/common_operations/associating_quality_rules.rst,Associating Quality Rules,en-us_image_0000002234243052.png,icon,pass,0.93,A small checkmark (save/confirm) icon used inline as |image1| for 'Click |image1| to save the settings'. | Symbolic graphic consistent with a save action in the Anomaly Data Output Settings context.,No surrounding UI context is shown; only the isolated icon is visible.
umn/source/user_guide/dataarts_architecture/common_operations/associating_quality_rules.rst,Associating Quality Rules,en-us_image_0000002234243072.png,icon,pass,0.93,A small document icon with a 'Q' (quality) used inline as |image2| for the Sync Status column where the user hovers and clicks View. | Symbolic graphic consistent with a quality job indicator in the ER model list.,No surrounding table row or tooltip is shown; only the isolated icon is visible.
umn/source/user_guide/dataarts_architecture/common_operations/importing_exporting_data.rst,Importing/Exporting Data,en-us_image_0000002234237920.png,screenshot,pass,1.00,"Image shows the 'Import Table' dialog with Import/Last Import tabs, matching Figure 1/Figure 3 in the RST. | Contains 'Update Table' No/Yes radio options and 'Upload File' with Select File/Upload buttons, consistent with Table 1 parameters. | The 'ER Modeling Template' link is visible, matching the RST instruction to click it. | A Close button is present as described in the import workflow.","No specific table data or file name is shown, but this is expected for an empty dialog."
umn/source/user_guide/dataarts_architecture/common_operations/importing_exporting_data.rst,Importing/Exporting Data,en-us_image_0000002269117273.png,screenshot,pass,1.00,"Image shows the 'Last Import' tab of the Import Table dialog, matching Figure 2 in the RST. | Displays All/Successful/Failed filter tabs and a results table with Row No, Basic Information, Result, Remarks columns. | The 'Remarks' column aligns with the RST note about error messages in the Remarks column. | A Close button is present as described for viewing import results.","The table shows 'No data available', so no actual import result rows are visible."
umn/source/user_guide/dataarts_architecture/common_operations/importing_exporting_data.rst,Importing/Exporting Data,en-us_image_0000002269117257.png,screenshot,pass,1.00,"Image shows a toolbar with Create, Publish, Tag, and More buttons, matching the 'More' menu step in the Exporting section. | The More dropdown displays Import, Export (highlighted), and Modify Subject options. | The highlighted Export option corresponds to the RST instruction to choose More > Export. | A table list with Table Name column is visible in the background.","The image is a cropped view, so the full page context is not visible."
umn/source/user_guide/dataarts_architecture/common_operations/importing_exporting_data.rst,Importing/Exporting Data,en-us_image_0000002269197361.png,screenshot,pass,1.00,"Image shows the 'Export Model' dialog with Export options Table and DDL, matching Figure 5. | The Table radio option is selected, consistent with exporting a table to an Excel file. | OK and Cancel buttons are present, matching the RST step to click OK. | The dialog aligns with the 'select the objects to export' step.",No list of selectable objects is shown in this cropped dialog view.
umn/source/user_guide/dataarts_architecture/common_operations/importing_exporting_data.rst,Importing/Exporting Data,en-us_image_0000002234237908.png,screenshot,pass,1.00,"Image shows the 'Export Model' dialog with DDL selected, matching Figure 6 for exporting a DDL. | Includes a Scope option with ALL/Partial and a 'Database name' checkbox, relevant to DDL export scope. | OK and Cancel buttons are present, matching the RST step to click OK. | The DDL selection aligns with the RST statement that DDL statements are exported to TXT files.",The actual DDL content or file output is not shown.
umn/source/user_guide/dataarts_architecture/common_operations/importing_exporting_data.rst,Importing/Exporting Data,en-us_image_0000002269197341.png,screenshot,pass,1.00,"Image shows the 'Import Table' dialog for dimensions with a 'Dimension Template' link, matching Figure 7. | Contains 'Update Existing Data' No/Yes radio options, matching the RST step to choose whether to update existing data. | A File field with Select File and Upload buttons is present, matching the Select File/Upload steps. | A Close button is present as described for completing the import.",No uploaded file or import result is visible in this empty dialog state.
umn/source/user_guide/dataarts_architecture/common_operations/importing_exporting_data.rst,Importing/Exporting Data,en-us_image_0000002234078064.png,screenshot,pass,1.00,"Image shows the 'Import Table' dialog for fact tables with an 'ER Modeling Template' link, matching Figure 8. | Contains 'Update Table' No/Yes radio options, matching the RST step to choose whether to update existing data. | An Upload File field with Select File and Upload buttons is present, matching the import steps. | A Close button is present as described for completing the import.",No uploaded file or import result is visible in this empty dialog state.
umn/source/user_guide/dataarts_architecture/common_operations/managing_the_configuration_center.rst,Managing the Configuration Center,,,fail,,backend_error,No model result was produced.
umn/source/user_guide/dataarts_architecture/common_operations/modifying_subjects_directories_and_processes.rst,"Modifying Subjects, Directories, and Processes",,,fail,,backend_error,No model result was produced.
umn/source/user_guide/dataarts_architecture/common_operations/reversing_a_database_dimensional_modeling.rst,Reversing a Database (Dimensional Modeling),en-us_image_0000002234244916.png,screenshot,pass,1.00,"The image is a UI screenshot of the DataArts Architecture 'Dimensional Modeling' page, matching the document topic of reversing a database. | It shows the 'Dimensions' tab selected and the 'Reverse Database' button highlighted with a red box, consistent with step 3 of the procedure. | The left panel shows a subject/dimension selector (drop-down list and subject tree), aligning with 'select a dimension or table from the drop-down list'. | Visible interactive controls (Create, Reverse Database, Publish, More, drop-downs) confirm it is an application screenshot.","The image does not show the 'Reverse Database' dialog box parameters described in Table 1, but that is a separate step/figure."
umn/source/user_guide/dataarts_architecture/common_operations/reversing_a_database_er_modeling.rst,Reversing a Database (ER Modeling),en-us_image_0000002269202025.png,screenshot,pass,1.00,"The image shows the 'Reverse Database' button highlighted in red on the physical table list page, matching step 2 of the RST. | The page displays table statistics (Tables: 1, Field: 15, Standard Coverage: 0%) and a toolbar with Create, Publish, Tag, Import, Export, More buttons, consistent with the DataArts Architecture ER Modeling context. | The table header row (Table Name, English N..., Onli..., Subject, Status) confirms this is the physical table list page referenced in the RST. | The figure caption in the RST ('Reverse Database dialog box') is slightly misleading since the image shows the button on the list page rather than the dialog itself, but the RST step 2 text correctly describes clicking this button.","The RST caption says 'Reverse Database dialog box' but the image shows the button on the list page, not the dialog box itself."
umn/source/user_guide/dataarts_architecture/common_operations/reversing_a_database_er_modeling.rst,Reversing a Database (ER Modeling),en-us_image_0000002269121977.png,screenshot,pass,1.00,"The image shows the 'Reverse Database' dialog box with the 'Reverse Settings' tab active, matching the RST figure caption and step 3. | All parameters listed in Table 1 are visible: Subject, Data Connection Type (DWS), Data Connection Name, Database, Schema, Update Table (No/Yes), Name Source (Description/English Name), and Data Table (All/Partial). | The 'Collect metadata' link and 'No data available' placeholder in the table area are consistent with the partial table selection workflow. | OK and Cancel buttons at the bottom match the expected dialog interaction pattern. | The RST table lists the parameter as 'Data Connection' while the image shows 'Data Connection Name' — a minor labeling difference but semantically equivalent.","The 'Start Page' parameter mentioned in the RST table is not visible in the image, likely because Data Table is set to 'Partial' rather than 'All'."
umn/source/user_guide/dataarts_architecture/common_operations/review_center.rst,Review Center,en-us_image_0000002234238252.png,screenshot,pass,1.00,"Image shows the Pending Review tab page with tabs, Review button, and a table listing a data standard object (d1) for Publishing review. | Matches Figure 1 caption and the RST step 2 description of finding objects in the Pending Review list. | Table columns (Object, Object Code, Object Type, Applied for, Subject, Submitted, Creator, Operation) align with the RST table description.",
umn/source/user_guide/dataarts_architecture/common_operations/review_center.rst,Review Center,en-us_image_0000002234078388.png,screenshot,pass,0.95,"Image shows the Review Information detail page for object d1 with Basic Information, a circular field-count chart, Reference Details table, and action buttons. | Matches Figure 2 caption and RST step 3 describing confirming information and clicking Accept/Reject. | The RST refers to an 'Accept' button but the image shows a 'Pass' button, a minor terminology mismatch.","The RST mentions a dialog box for entering review comments after clicking Accept/Reject, which is not visible in this image."
umn/source/user_guide/dataarts_architecture/common_operations/review_center.rst,Review Center,en-us_image_0000002269117581.png,screenshot,pass,1.00,"Image shows the Pending Review tab with a 'Review Application' batch button, date-range filter, Object filter, and table headers. | Matches Figure 3 caption and the RST Pending Review section table describing batch review (item 1) and filter controls (item 3). | Table headers (Name, Code, Type, Applied for, Subject, Submitted, Creator, Operation) match the RST description.",
umn/source/user_guide/dataarts_architecture/common_operations/review_center.rst,Review Center,en-us_image_0000002516627416.png,screenshot,pass,1.00,"Image shows the My Applications tab active with a table containing a Dimension/Suspension/Accepted row and View/Withdraw operations. | Matches Figure 4 caption and the RST My Applications section describing View and Withdraw operations. | Columns include Status, Reviewer, and Operation as described in the RST.",
umn/source/user_guide/dataarts_architecture/common_operations/review_center.rst,Review Center,en-us_image_0000002234078420.png,screenshot,pass,1.00,"Image shows the Notification tab with a Batch button, property/keyword filter, and a table with a Confirm operation. | Matches Figure 5 caption and the RST Notification section describing Confirm, filter by attribute, and keyword query. | Table includes Information Changes and Reviewed columns consistent with notification context.",
umn/source/user_guide/dataarts_architecture/common_operations/review_center.rst,Review Center,en-us_image_0000002234078416.png,icon,pass,1.00,"Image shows a 'Submitted' date-range picker (Start Date - End Date) with a calendar icon, matching image1's described function of specifying a time range. | Used in the Pending Review section table item 3 as the time-range filter control.",
umn/source/user_guide/dataarts_architecture/common_operations/review_center.rst,Review Center,en-us_image_0000002269117577.png,icon,pass,1.00,"Image shows an 'Object' dropdown filter with a search icon, matching image2's described function of querying to-be-reviewed information about objects. | Used in the Pending Review section table item 3 as the object/creator query control.",
umn/source/user_guide/dataarts_architecture/common_operations/review_center.rst,Review Center,en-us_image_0000002269117609.png,icon,pass,1.00,"Image shows a gear/settings icon in a button frame, matching image3's described function of setting table headers. | Used in the Pending Review section table item 3 as the column-header settings control.",
umn/source/user_guide/dataarts_architecture/common_operations/review_center.rst,Review Center,en-us_image_0000002269117589.png,icon,pass,1.00,"Image shows a circular refresh/reload arrow icon in a button frame, matching image4's described function of refreshing the current page. | Used in the Pending Review section table item 3 as the page-refresh control.",
umn/source/user_guide/dataarts_architecture/common_operations/viewing_tables.rst,Viewing Tables,en-us_image_0000002234244036.png,screenshot,pass,1.00,"Shows the Relationship Diagrams (model view) tab with a table 'test' and field 'aaa:STRING', matching Figure 1. | Includes the Export button, status legend, search box, and zoom/refresh icons described in the RST. | Tabs Details, Relationship Diagrams, Publication, Review align with the table details/relationship/publish/review features.","No relationship lines between multiple tables are visible, only a single table is shown."
umn/source/user_guide/dataarts_architecture/common_operations/viewing_tables.rst,Viewing Tables,en-us_image_0000002269123409.png,screenshot,pass,1.00,"Shows the ER model list with Table Type, Modified, Owner, Operation columns, matching Figure 2. | The More dropdown highlights 'Preview SQL', matching the step to choose More > Preview SQL. | Edit and Publish actions in the Operation column are visible as described.",Owner value is redacted/blurred in the image.
umn/source/user_guide/dataarts_architecture/common_operations/viewing_tables.rst,Viewing Tables,en-us_image_0000002269203501.png,screenshot,pass,1.00,"Shows the Relationship Diagrams tab with table 'dim_hudman' and its fields, matching Figure 3. | Export button, status legend, search box, and toolbar icons are present as in the model view. | Consistent with the step to click a table name to view details and relationship diagrams.",Only one table is shown; no relationship connectors between tables are visible.
umn/source/user_guide/dataarts_architecture/common_operations/viewing_tables.rst,Viewing Tables,en-us_image_0000002234244024.png,screenshot,pass,1.00,"Shows the table list Operation column with the More dropdown highlighting 'View History', matching Figure 4. | Suspend and Preview SQL options are also visible in the dropdown. | Aligns with the step to choose More > View History to view publish history.",Owner value is redacted/blurred in the image.
umn/source/user_guide/dataarts_architecture/common_operations/viewing_tables.rst,Viewing Tables,en-us_image_0000002234084228.png,icon,pass,1.00,"A strip of isolated UI symbols: zoom in, zoom out, full screen, physical/logical switch (ph), refresh, and canvas display. | Matches the |image1| reference describing these six functions in the model view. | Order of icons matches the RST description (zoom in, zoom out, full screen, switch, refresh, canvas).",No labels or tooltips are shown; function identification relies on the RST text.
umn/source/user_guide/dataarts_architecture/data_survey/designing_processes.rst,Designing Processes,en-us_image_0000002234238020.png,screenshot,pass,1.00,"Shows the DataArts Architecture page with Data Survey > Processes selected in the left navigation, matching the RST instructions | The red-circled plus icon in the top-right of the Processes panel corresponds to the create process button referenced in the text | The tree view shows Processes with L1 children (testN2SJ, testZdp0), consistent with the process hierarchy described",
umn/source/user_guide/dataarts_architecture/data_survey/designing_processes.rst,Designing Processes,en-us_image_0000002269197457.png,screenshot,pass,1.00,"Shows the Create Process dialog with all four parameters from Table 1: Process Name, Owner, Parent Process, and Description | Required fields (Process Name, Owner) are marked with red asterisks, matching the RST description | The Parent Process field shows a tree selector with 'Process/' path, consistent with the hierarchy concept | OK and Cancel buttons are present at the bottom of the dialog",
umn/source/user_guide/dataarts_architecture/data_survey/designing_processes.rst,Designing Processes,en-us_image_0000002234078172.png,screenshot,pass,1.00,"Shows a process hierarchy tree on the left with Process > L2 > tg, demonstrating the L1/L2 level structure described in the RST | The table on the right displays Process, Owner, Creator, Modified, Description, and Operation columns | Create, Import, Export, and Delete buttons are visible at the top, matching the operations described in the document | Two process entries (L2 and tg) are shown with L1 level indicators, illustrating the multi-level design",
umn/source/user_guide/dataarts_architecture/data_survey/designing_processes.rst,Designing Processes,en-us_image_0000002269117385.png,screenshot,pass,1.00,"Shows the Import Process dialog with Import and Last Import tabs, matching the RST description | Update Existing Data radio buttons (No/Yes) are visible, matching Table 2 parameter | File field with Select File and Upload buttons corresponds to the Upload File parameter in Table 2 | Process Template link is visible, matching the RST reference to downloading the template",
umn/source/user_guide/dataarts_architecture/data_survey/designing_processes.rst,Designing Processes,en-us_image_0000002234238016.png,icon,pass,1.00,"Small circular plus (+) icon used as the create process button, referenced as |image1| in the RST text | The icon is consistent with a standard 'add/create' action symbol in UI design | Directly referenced in the step 'Click |image1| to create a process'",
umn/source/user_guide/dataarts_architecture/data_survey/designing_subjects.rst,Designing Subjects,en-us_image_0000002269120693.png,screenshot,pass,1.00,"Image shows the Subjects page in DataArts Architecture with the Create button highlighted in red, matching Figure 1 caption. | Left navigation shows Data Survey > Subjects as described in RST step 2. | The Create button is in the upper left corner as stated in the RST.",
umn/source/user_guide/dataarts_architecture/data_survey/designing_subjects.rst,Designing Subjects,en-us_image_0000002234081508.png,screenshot,pass,1.00,"Image shows the Create Business Domain Group dialog with all parameters from Table 1: Subject Name, Subject Code, Subject Alias, Parent Subject, Data Owner's Department, Data Owner, Description. | OK and Cancel buttons are visible at the bottom, matching the RST instruction to click OK. | Mandatory fields are marked with asterisks consistent with the RST table.",
umn/source/user_guide/dataarts_architecture/data_survey/designing_subjects.rst,Designing Subjects,en-us_image_0000002234241336.png,screenshot,pass,1.00,"Image shows the Apply for Publication dialog with a Reviewer selection field, matching RST step 4. | The subject L1_test is shown with Draft status, consistent with the publish workflow. | The publish button is highlighted in the toolbar above the subject list.",
umn/source/user_guide/dataarts_architecture/data_survey/designing_subjects.rst,Designing Subjects,en-us_image_0000002234081472.png,screenshot,pass,1.00,"Image shows the More dropdown menu open with Import, Export, and Delete options, matching RST step 2 of Importing a Subject. | The Import option is highlighted in red, indicating the selection described in the RST. | The Subjects page context is visible with the left navigation tree.",
umn/source/user_guide/dataarts_architecture/data_survey/designing_subjects.rst,Designing Subjects,en-us_image_0000002234081488.png,screenshot,pass,1.00,"Image shows the Import Subject dialog with Update Existing Data (No/Yes) radio buttons and Upload File field with Select File and Upload buttons, matching RST step 3. | The Subject Template link is visible, consistent with the RST description of downloading the template. | Import and Last Import tabs are visible at the top of the dialog.",
umn/source/user_guide/dataarts_architecture/data_survey/designing_subjects.rst,Designing Subjects,en-us_image_0000002269200777.png,screenshot,pass,1.00,"Image shows the Last Import tab page with All, Successful, and Failed filter tabs, matching RST step 4 of Importing a Subject. | The table columns Row No., Basic Information, Result, Remarks are visible as described. | The No data available message and Close button are present.",
umn/source/user_guide/dataarts_architecture/data_survey/designing_subjects.rst,Designing Subjects,en-us_image_0000002269120677.png,screenshot,pass,1.00,"Image shows the Subject design area with a subject list including L1_test, matching Figure 7 caption. | The Operation column contains edit, info, and move icons consistent with the Managing a Subject section. | Search box, Create, publish, offline, more buttons, and filter controls are all visible.",
umn/source/user_guide/dataarts_architecture/data_survey/designing_subjects.rst,Designing Subjects,en-us_image_0000002234241348.png,icon,pass,1.00,Image is a pencil/edit icon used as |image1| in the RST for the Edit operation in the Operation column. | The icon is a small symbolic graphic representing the edit action described in the Managing a Subject section.,
umn/source/user_guide/dataarts_architecture/data_survey/designing_subjects.rst,Designing Subjects,en-us_image_0000002234081512.png,icon,pass,1.00,Image is a down-arrow-in-circle icon used as |image2| in the RST for the Move Down operation. | The icon is a small symbolic graphic representing the move-down action described in the Managing a Subject section.,
umn/source/user_guide/dataarts_architecture/data_survey/designing_subjects.rst,Designing Subjects,en-us_image_0000002234081480.png,icon,pass,1.00,Image is an up-arrow-in-circle icon used as |image3| in the RST for the Move Up operation. | The icon is a small symbolic graphic representing the move-up action described in the Managing a Subject section.,
umn/source/user_guide/dataarts_architecture/dataarts_architecture_use_process.rst,DataArts Architecture Use Process,en-us_image_0000002269116861.png,other,pass,1.00,"The image is a process/architecture diagram titled around DataArts Architecture use process, matching the RST figure caption. | It depicts Data survey, Subject design (subject area groups, business domains, business objects), Process design (process groups, processes, activities), Model design (SDI, DWI, DWR), Metric design (atomic, derivative, compound, business metrics), and Standard design (lookup tables, data standards), all of which are described in the RST. | Surrounding modules (DataArts Catalog, DataArts Quality, DataArts Factory, DataArts DataService) are consistent with the DataArts ecosystem context. | No interactive UI controls are present; it is a static schematic diagram.","The RST's 'Preparations' step (adding reviewers, Configuration Center) is not explicitly shown in the diagram. | Logical models and data mart summary tables are only partially represented (DM layer shown as summary tables; logical models not labeled)."
umn/source/user_guide/dataarts_architecture/metric_design/business_metrics.rst,Business Metrics,en-us_image_0000002269122629.png,screenshot,pass,1.00,"Image shows the 'Basic Settings' form for creating a business metric, matching Figure 1. | Fields (Metric Name, Metric Code, Metric Alias, Process, Objective, Metric Definition, Description) align with Table 1 parameters. | Located in the 'Creating and Publishing a Business Metric' section, step 4a. | Required-field asterisks and auto-generated code note match the RST descriptions.",RST Table 1 labels the last field 'Remarks' while the image shows 'Description'; minor label difference.
umn/source/user_guide/dataarts_architecture/metric_design/business_metrics.rst,Business Metrics,en-us_image_0000002234083428.png,screenshot,pass,1.00,"Image shows the metric information form (Formula, Statistical Frequency, Statistical Dimension, Standard & Modifier, Refresh Frequency, Application Scenario, Associated Technical Metrics Type/Metrics, Measurement Object, Measurement Unit), matching Figure 2 and Table 2. | The 'Derivative metric' default in Associated Technical Metrics Type matches the RST options list. | Located in step 4b of the creation workflow.",Image header reads 'Metric Settings' while RST caption calls it 'Metric Information area'; minor heading difference.
umn/source/user_guide/dataarts_architecture/metric_design/business_metrics.rst,Business Metrics,en-us_image_0000002269122649.png,screenshot,pass,1.00,"Image shows the 'Management Information' area with Data Source, Metric Mgmt Dept, and Metric Owner, matching Figure 3 and Table 3. | Required asterisks on Metric Mgmt Dept and Metric Owner match the RST table. | Located in step 4c of the creation workflow.",None significant; fields and labels align with the RST.
umn/source/user_guide/dataarts_architecture/metric_design/business_metrics.rst,Business Metrics,en-us_image_0000002269122665.png,screenshot,pass,1.00,"Image shows the business metric list with a process tree on the left and a table (Name, Code, Process, Status, Sync Status, Modified, Metric Owner, Operation), matching Figure 4. | Toolbar buttons Create, Publish, Suspend, More and the Edit/Publish/More operation links match the RST editing steps. | Status values (Pending publication, Draft) are consistent with the publishing workflow described.","Some cell values are blurred/redacted, but the structure is clear."
umn/source/user_guide/dataarts_architecture/metric_design/business_metrics.rst,Business Metrics,en-us_image_0000002269202693.png,screenshot,pass,1.00,"Image shows the 'Apply for Publication' dialog with a required Reviewer field and OK/Cancel buttons, matching Figure 5. | Consistent with the publishing step that requires selecting a reviewer and clicking OK.",Reviewer value is blurred; no other missing elements.
umn/source/user_guide/dataarts_architecture/metric_design/business_metrics.rst,Business Metrics,en-us_image_0000002234083404.png,screenshot,pass,1.00,"Image shows the 'Apply for Suspension' dialog with a required Reviewer field, an Auto-review checkbox, and OK/Cancel buttons, matching Figure 6. | The Auto-review option aligns with the RST note about selecting Auto-review.",Reviewer value is blurred; otherwise complete.
umn/source/user_guide/dataarts_architecture/metric_design/business_metrics.rst,Business Metrics,en-us_image_0000002269202749.png,screenshot,pass,1.00,"Image shows the More dropdown menu with Import, Export, Modify Process, and Delete options, with Delete highlighted, matching Figure 7. | Consistent with the deletion step that chooses More > Delete above the list.",None significant.
umn/source/user_guide/dataarts_architecture/metric_design/business_metrics.rst,Business Metrics,en-us_image_0000002234243288.png,screenshot,pass,1.00,"Image shows the 'Import Business Metric' dialog with Import/Last Import tabs, Update Existing Data (No/Yes) radio buttons, a File upload area, a Business Metric Template link, and a Close button, matching Figure 8 and Table 4. | The 'No' default for Update Existing Data matches the RST description.",None significant.
umn/source/user_guide/dataarts_architecture/metric_design/business_metrics.rst,Business Metrics,en-us_image_0000002269122645.png,screenshot,pass,1.00,"Image shows the 'Last Import' tab of the Import Business Metric dialog with All/Successful/Failed tabs and a result table (Row No., Basic Information, Result, Remarks), matching Figure 9. | The 'No data available' state and Close button are consistent with viewing import results.","No import results are shown (empty state), so success/failure details are not visible."
umn/source/user_guide/dataarts_architecture/metric_design/business_metrics.rst,Business Metrics,en-us_image_0000002269122681.png,screenshot,pass,1.00,"Image shows the Business Metrics page with the More dropdown open and the Export option highlighted, matching Figure 10. | Consistent with the export step that selects More > Export.",None significant.
umn/source/user_guide/dataarts_architecture/metric_design/technical_metrics/creating_atomic_metrics.rst,Creating Atomic Metrics,en-us_image_0000002269121141.png,screenshot,pass,1.00,"Image shows the 'Create Atomic Metric' Basic Settings page, matching Figure 1 in the RST. | Fields visible (Metric Name, Metric English Name, Fact Table, Subject, Set Expression, Description) correspond to Table 1 parameters. | Set Expression area with Function/Field/Expression columns matches the RST description of setting expressions. | Description field shows 0/600 character counter consistent with the 600-character limit in the RST.","Some field values are blurred/redacted, so exact table and subject names are not verifiable."
umn/source/user_guide/dataarts_architecture/metric_design/technical_metrics/creating_atomic_metrics.rst,Creating Atomic Metrics,en-us_image_0000002234241764.png,screenshot,pass,1.00,"Image shows the Atomic Metrics tab with Create, Publish, Suspend, and More controls, matching Figure 2 in the Managing section. | Table columns (Metric Name, Metric English Name, Status, Subject, Modified, Creator, Operation) align with the operations described in Table 2. | Operation column shows Edit, Publish, More links consistent with the RST operations list. | A sample row with status 'Published' is visible, consistent with the publishing workflow.","Some cell values (metric name, subject, creator) are blurred, so specific data cannot be verified."
umn/source/user_guide/dataarts_architecture/metric_design/technical_metrics/creating_atomic_metrics.rst,Creating Atomic Metrics,en-us_image_0000002269201209.png,screenshot,pass,1.00,"Image shows the 'Import Atomic Metric' dialog with Import and Last Import tabs, matching Figure 3 in the Import step. | Update Table No/Yes radio buttons match the RST instruction to choose whether to update existing data. | Select File and Upload buttons match steps 8d and 8e. | Close button matches step 8f.","No file is currently selected, so the upload state is not shown."
umn/source/user_guide/dataarts_architecture/metric_design/technical_metrics/creating_atomic_metrics.rst,Creating Atomic Metrics,en-us_image_0000002269201193.png,screenshot,pass,1.00,"Image shows the Create Atomic Metric page with the Set Expression function list expanded, matching Figure 4 in the Functions section. | Aggregate Functions list includes avg, corr, count, covar_pop, covar_samp, max, min, stddev_pop, consistent with Table 3. | Function Description panel shows 'avg(expression) Average (arithmetic mean) of all input values', matching the avg() description in Table 3. | Expression area displays 'avg()' consistent with selecting the avg function.","Field names in the Field column are blurred, so specific field selections cannot be verified."
umn/source/user_guide/dataarts_architecture/metric_design/technical_metrics/creating_compound_metrics.rst,Creating Compound Metrics,en-us_image_0000002234082008.png,screenshot,pass,0.88,"Image shows a form for creating a compound metric with fields matching the RST Table 1 parameters | Compound Metric Type radio buttons (Expression, Growth compared with the same period last year, Growth compared with the last period) match the RST description | Expression section with Metrics selector and operator buttons (+, -, *, /, (, )) aligns with the RST expression configuration | The form includes Metric Name, Subject, Statistical Dimension, Data Type, and Description fields as described in the RST","RST Table 1 lists 'Metric Code' as a parameter, but the image shows 'Metric English Name' instead, suggesting a naming discrepancy | No visible 'Metric Code' field in the image to match the RST table entry"
umn/source/user_guide/dataarts_architecture/metric_design/technical_metrics/creating_compound_metrics.rst,Creating Compound Metrics,en-us_image_0000002269121213.png,screenshot,pass,1.00,"Image shows the Compound Metrics tab selected among Atomic Metrics, Derivative Metrics, and Time Filters tabs, matching the RST navigation instructions | The list view shows columns (Metric Name, Metric English Name, Status, Subject, Statistical Dimen, Modified, Creator, Operation) consistent with a compound metric list | Action buttons (Create, Publish, Suspend, More) and row-level actions (Edit, Publish, More) match the RST descriptions for editing and publishing | A sample row with 'demo' metric in 'Published' status is visible, consistent with the RST context",The subject tree on the left mentioned in the RST is not visible in this cropped view
umn/source/user_guide/dataarts_architecture/metric_design/technical_metrics/creating_compound_metrics.rst,Creating Compound Metrics,en-us_image_0000002234241848.png,screenshot,pass,1.00,"Image shows the 'Import Compound Metric' dialog with Import and Last Import tabs, matching the RST import section | The 'Update Table' option with No/Yes radio buttons corresponds to the RST step about choosing whether to update existing data | The 'Compound Metric Template' link matches the RST instruction to download the template | File selection area with 'Select File' and 'Upload' buttons matches the RST steps for selecting and uploading the edited template | The 'Close' button at the bottom matches the final RST step",The 'Last Import' tab content is not visible as it is not the active tab
umn/source/user_guide/dataarts_architecture/metric_design/technical_metrics/creating_derivative_metrics.rst,Creating Derivative Metrics,en-us_image_0000002234081696.png,screenshot,pass,1.00,"Image is labeled Figure 1 'Creating a derivative metric' in the RST and shows the Metric Settings form with Data Table, Subject, Atomic Metric, Dimension, Time Filter, and General Filter fields. | The right panel shows 'Available Derivative Metrics' with Name and Code columns, consistent with the preview area described in the RST. | All parameters listed in Table 1 are visible in the form: Data Table, Subject, Atomic Metric, Dimension, Time Filter, General Filter. | The Preview button and Create links are visible, matching the RST instructions.",
umn/source/user_guide/dataarts_architecture/metric_design/technical_metrics/creating_derivative_metrics.rst,Creating Derivative Metrics,en-us_image_0000002234241580.png,screenshot,pass,1.00,"Image is labeled Figure 3 'Managing derivative metrics' in the RST and shows the Derivative Metrics tab selected among Atomic Metrics, Compound Metrics, and Time Filters tabs. | The toolbar shows Create, Publish, Suspend, and More buttons, matching the operations listed in the managing section table. | The table columns (Metric Name, Metric English Name, Status, Subject, Atomic Metric, Statistical Dime..., Modified, Creator, Operation) align with the management interface described. | A sample row with 'sum_total_amount' and 'Published' status is visible, consistent with the RST context.",
umn/source/user_guide/dataarts_architecture/metric_design/technical_metrics/creating_derivative_metrics.rst,Creating Derivative Metrics,en-us_image_0000002234081716.png,screenshot,pass,1.00,"Image is labeled Figure 4 'Importing derivative metrics' in the RST and shows the 'Import Derivative Metric' dialog box. | The dialog contains Import and Last Import tabs, matching the RST steps for importing. | The 'Update Table' field with No/Yes radio buttons matches the RST description of choosing whether to update existing data. | The File field with 'Select File' and 'Upload' buttons matches steps d and e in the RST import instructions. | The 'Derivative Metric Template' link matches step b about downloading the template.",
umn/source/user_guide/dataarts_architecture/metric_design/technical_metrics/creating_derivative_metrics.rst,Creating Derivative Metrics,en-us_image_0000002269200989.png,icon,pass,1.00,"Image is referenced as |image1| in the RST with the text 'You can click |image1| to delete unwanted conditions.' | The image shows a small trash can / delete icon, which is the standard symbol for deletion. | It is used in the General Filter parameter description for removing conditions, matching the RST context. | The icon is small and isolated, consistent with an inline UI symbol rather than a full screenshot.",
umn/source/user_guide/dataarts_architecture/metric_design/technical_metrics/creating_derivative_metrics.rst,Creating Derivative Metrics,en-us_image_0000002234241556.png,icon,pass,1.00,"Image is referenced as |image2| in the RST with the text 'You can click |image2| to delete unwanted formulas.' | The image shows a small trash can / delete icon, identical in appearance to |image1|. | It is used in the General Filter parameter description for removing formulas, matching the RST context. | The icon is small and isolated, consistent with an inline UI symbol rather than a full screenshot.",
umn/source/user_guide/dataarts_architecture/metric_design/technical_metrics/creating_time_filters.rst,Creating Time Filters,en-us_image_0000002234237744.png,screenshot,pass,1.00,"Image shows the Functions tab in the Configuration Center, matching Figure 1 in the RST | The 'Time-limited Generation Using Dynamic Expressions' toggle is visible and appears disabled, consistent with the RST stating it is disabled by default | The tab navigation (Reviewers, Subject Processes, Standard Templates, Functions, Models, etc.) matches the Configuration Center context described in step 2",
umn/source/user_guide/dataarts_architecture/metric_design/technical_metrics/creating_time_filters.rst,Creating Time Filters,en-us_image_0000002269202037.png,screenshot,pass,1.00,"Image shows the Create Time Filter form with all fields from Table 1: Filter Name, Filter English Name, Time Settings, Description | Time Settings shows Year/Month/Day/Hour/Minute tabs, Quick option (Last year, This year), and Custom with +/- range, matching the RST description | Description field shows 0/490 character counter matching the 490 character limit stated in the RST",
umn/source/user_guide/dataarts_architecture/metric_design/technical_metrics/creating_time_filters.rst,Creating Time Filters,en-us_image_0000002234082764.png,screenshot,pass,1.00,"Image shows the Time Filters tab page with tabs: Atomic Metrics, Derivative Metrics, Compound Metrics, Time Filters (active) | The Create, Publish, Suspend, Delete buttons are visible, matching the operations listed in the Managing section table | The table shows Filter Name, Filter English Name, Status, Modified, Creator, Operation columns with sample entries (Next_4_weeks, Next_7_days) and Edit/Publish/More operations",
umn/source/user_guide/dataarts_architecture/model_design/data_mart.rst,Data Mart,en-us_image_0000002234242440.png,screenshot,pass,1.00,"Shows the Basic Settings form for creating a summary table (Subject, Table Name, Table English Name with dws_ prefix, Owner, Data Connection Type/Name, Database, Description). | Matches Figure 1 and Table 1 parameters described in the RST (e.g., dws_ prefix, 600-char description counter 4/600). | Visible interactive controls: dropdowns, Translate button, refresh icons, text fields.","Some parameters from Table 1 (Queue, Schema, Table Type, Compression Level, Distributed By) are not visible in this cropped view."
umn/source/user_guide/dataarts_architecture/model_design/data_mart.rst,Data Mart,en-us_image_0000002234082508.png,screenshot,pass,1.00,"Shows the Field Settings tab with Add, Import Field, Audit Data Standard, Associate, Delete buttons and a field table (Metric Name, Data Type, Configuration Type, Primary Key, Partition, Not Null, etc.). | Matches Figure 2 and Table 2 parameters in the RST. | Interactive controls (buttons, checkboxes, gear icons) are visible.",Field values are mostly empty; only one row with BIGINT type is shown.
umn/source/user_guide/dataarts_architecture/model_design/data_mart.rst,Data Mart,en-us_image_0000002234082488.png,screenshot,pass,1.00,"Shows the Summary Tables page with Manually Created / Automatically Aggregated tabs and Create, Publish, Associate Rule, More buttons. | Matches Figure 3 in the Managing a Summary Table section. | Table rows show dws_ prefixed English names, MANAGED table type, Draft status, and Edit/Publish/More operations.","Some column values (Subject, Owner) are blurred/redacted."
umn/source/user_guide/dataarts_architecture/model_design/data_mart.rst,Data Mart,en-us_image_0000002234242416.png,screenshot,pass,1.00,"Shows the Import Summary Table dialog with Import/Last Import tabs, Update Table No/Yes radio, file selection, and Close button. | Matches Figure 4 and the Import steps (download template, choose update option, select file, upload). | Interactive controls (radio buttons, Select File, Upload, Close) are visible.",The Summary Table Template link target is not shown.
umn/source/user_guide/dataarts_architecture/model_design/data_mart.rst,Data Mart,en-us_image_0000002269121777.png,screenshot,pass,1.00,"Shows the Summary Tables list with the Associate Rule button highlighted, matching the Associating a Summary Table with a Quality Rule section. | Matches Figure 5 in the RST. | A row is selected (checkbox checked) consistent with selecting a target summary table.",Some Subject/Owner values are blurred.
umn/source/user_guide/dataarts_architecture/model_design/data_mart.rst,Data Mart,en-us_image_0000002269201877.png,screenshot,pass,1.00,"Shows the Associate Rule dialog with Selected Table, Update Existing Rule, Table Field, WHERE Condition Expression, Generate Anomaly Data, Database/Schema, Table Prefix, Table Suffix, Add Rule, OK/Cancel. | Matches Figure 6 and the parameter list in the Associating a Summary Table with a Quality Rule section. | Generate Anomaly Data toggle is enabled, revealing Database/Schema, Table Prefix, Table Suffix fields as described.",No rules are added yet (empty rule area).
umn/source/user_guide/dataarts_architecture/model_design/data_mart.rst,Data Mart,en-us_image_0000002269121861.png,screenshot,pass,1.00,"Shows the summary table details page (Table Field) with Anomaly Data Output Settings, Associate Rule/Clear Rule buttons, and a field list where the Associate Data Standard column is highlighted. | Matches Figure 7 in the Associating a Summary Table Field with a Data Standard section. | Fields show Configuration Type (Time period, Derivative metric, Dimension Field) and English names consistent with the RST.",Field Name values are blurred.
umn/source/user_guide/dataarts_architecture/model_design/data_mart.rst,Data Mart,en-us_image_0000002269121705.png,screenshot,pass,1.00,"Shows the Associate Standard dialog with a search box, Standard Name, Standard Code (dim_sex), and Home Directory. | Matches Figure 8 in the Associating a Summary Table Field with a Data Standard section. | A standard is selected (radio button) consistent with associating a data standard.",Standard Name and Home Directory values are blurred.
umn/source/user_guide/dataarts_architecture/model_design/data_mart.rst,Data Mart,en-us_image_0000002234082612.png,screenshot,pass,1.00,Shows the summary table details page with the Associate Rule column highlighted in the field list. | Matches Figure 9 in the Associating a Single Field with a Quality Rule section. | Field rows show Configuration Type and English names consistent with the RST.,Field Name values are blurred.
umn/source/user_guide/dataarts_architecture/model_design/data_mart.rst,Data Mart,en-us_image_0000002234242304.png,screenshot,pass,1.00,"Shows the Associate Quality Rule dialog with Matching Field (time), Update Existing Rule, Add Rule, and an empty rule table (No records found). | Matches Figure 10 in the Associating a Single Field with a Quality Rule section. | Interactive controls (Add Rule, OK, Cancel) are visible.",No rules configured yet; alarm condition expression not shown.
umn/source/user_guide/dataarts_architecture/model_design/data_mart.rst,Data Mart,en-us_image_0000002269201761.png,screenshot,pass,1.00,Shows the summary table details page with the Associate Rule button highlighted and multiple field rows selected (checkboxes checked). | Matches Figure 11 in the Associating Table Fields with a Quality Rule in Batches section. | Consistent with selecting target table fields before clicking Associate Rule.,Field Name values are blurred.
umn/source/user_guide/dataarts_architecture/model_design/data_mart.rst,Data Mart,en-us_image_0000002269201857.png,screenshot,pass,1.00,"Shows the Associate Quality Rule dialog with Matching Field (time,c1), Update Existing Rule, Add Rule, and an empty rule table. | Matches Figure 12 in the Associating Table Fields with a Quality Rule in Batches section. | Multiple matching fields (time,c1) reflect batch association of selected fields.",No rules configured yet.
umn/source/user_guide/dataarts_architecture/model_design/data_mart.rst,Data Mart,en-us_image_0000002234242432.png,icon,pass,0.88,A small checkmark icon used inline as |image1| to indicate audit status in the Field Settings table. | Matches the RST reference 'The audit status is |image1|'.,Icon is low-resolution; exact status meaning (pass) is inferred from context.
umn/source/user_guide/dataarts_architecture/model_design/data_mart.rst,Data Mart,en-us_image_0000002269121773.png,icon,pass,0.88,A small gear/settings icon used inline as |image2| for selecting a data standard to associate with a field. | Matches the RST reference 'click |image2| to select one to associate with the field'.,Icon is low-resolution; function inferred from context.
umn/source/user_guide/dataarts_architecture/model_design/data_mart.rst,Data Mart,en-us_image_0000002234082540.png,icon,pass,0.88,A small gear/settings icon used inline as |image3| for adding a security level to a logical entity attribute. | Matches the RST reference 'You can click |image3| to add a security level'.,Icon is low-resolution; function inferred from context.
umn/source/user_guide/dataarts_architecture/model_design/data_mart.rst,Data Mart,en-us_image_0000002269121741.png,screenshot,pass,1.00,"Shows a partial UI of the alarm condition expression builder with a keyword search, rule list (Unique value), parameter buttons (Unique Value Rows, Total Rows, rate of Unique Value Rows), and operator buttons (+ - * / ( ) == != > >= < <= || &&). | Matches |image4| example of an alarm condition expression in the quality rule section. | Demonstrates alarm parameters displayed as buttons and logical operators as described.",Only a cropped portion of the dialog is shown; full dialog context not visible.
umn/source/user_guide/dataarts_architecture/model_design/data_mart.rst,Data Mart,en-us_image_0000002234242388.png,icon,pass,0.88,A small gear/settings icon used inline as |image5| to configure the association between a field and a data standard. | Matches the RST reference 'click |image5| corresponding to the field to configure the association'.,Icon is low-resolution; function inferred from context.
umn/source/user_guide/dataarts_architecture/model_design/data_mart.rst,Data Mart,en-us_image_0000002234082572.png,icon,pass,0.88,A small gear/settings icon used inline as |image6| to associate a single field with a quality rule. | Matches the RST reference 'click |image6| to associate the field with a quality rule'.,Icon is low-resolution; function inferred from context.
umn/source/user_guide/dataarts_architecture/model_design/data_mart.rst,Data Mart,en-us_image_0000002269201785.png,icon,pass,0.88,A small checkmark icon used inline as |image7| to save the anomaly data output settings. | Matches the RST reference 'Click |image7| to save the settings' in Viewing Summary Table Details.,Icon is low-resolution; function inferred from context.
umn/source/user_guide/dataarts_architecture/model_design/data_warehouse_planning.rst,Data Warehouse Planning,en-us_image_0000002234076168.png,screenshot,pass,1.00,"Image shows the DWI layer with model cards and a Create button dropdown showing 'Add to front' and 'Add to Back' options | Matches Figure 1 caption 'Creating a data warehouse layer' in the RST | The dropdown options exactly match the RST description of step 3 in Creating a Data Warehouse Layer | UI elements (Edit, Delete, Create buttons) are clearly visible and consistent with the document",
umn/source/user_guide/dataarts_architecture/model_design/data_warehouse_planning.rst,Data Warehouse Planning,en-us_image_0000002234236016.png,screenshot,pass,1.00,"Image shows the 'Create Data Warehouse Layer' dialog with Name, Type, Description, and Disable Custom Items fields | Matches Figure 2 caption 'Setting parameters for the data warehouse layer' | Fields correspond exactly to Table 1 parameters in the RST (Name, Type, Description, Disable Custom Items) | The Type field shows 'ER Modeling' which is one of the options listed in the RST table | Character counter (9/200) for Description matches the 200-character limit stated in the RST",
umn/source/user_guide/dataarts_architecture/model_design/data_warehouse_planning.rst,Data Warehouse Planning,en-us_image_0000002234076180.png,screenshot,pass,1.00,"Image shows the 'Create Model' dialog with Model Name, Data Connection Type, Data Warehouse Layer, Prefix, and Description fields | Matches Figure 3 caption 'Creating a model' in the RST | Fields correspond to Table 2 parameters in the RST | The Data Warehouse Layer dropdown shows SDI, test_0712, and DWI options consistent with the RST description | Character counter (0/600) for Description matches the 600-character limit stated in the RST",
umn/source/user_guide/dataarts_architecture/model_design/data_warehouse_planning.rst,Data Warehouse Planning,en-us_image_0000002269195481.png,icon,pass,1.00,"Image shows a small pencil icon with 'Edit' text, which is the |image1| reference in the RST | The RST states 'The administrator can rename the four default data warehouse layers by clicking |image1| next to the names of the layers' | The icon is a small symbolic graphic representing the Edit control | It is an isolated UI symbol, not a full screenshot",
umn/source/user_guide/dataarts_architecture/model_design/dimensional_modeling/creating_dimensions.rst,Creating Dimensions,en-us_image_0000002234242788.png,screenshot,pass,1.00,"Image is Figure 1 'Dimension parameters' referenced in the Creating and Publishing a Dimension section. | Shows Basic Settings (Subject, Dimension Name, Dimension English Name with dim_ prefix, Type Basic/Lookup table/Hierarchy, Owner, Advanced Settings, Description) matching Table 1. | Shows Physicalization Settings (Data Connection Type, Data Connection Name, Database) matching Table 2.","Some physicalization parameters (Queue, Schema, Table Type, etc.) are not visible in this cropped view."
umn/source/user_guide/dataarts_architecture/model_design/dimensional_modeling/creating_dimensions.rst,Creating Dimensions,en-us_image_0000002269122157.png,screenshot,pass,1.00,"Image is Figure 2 'Field configuration' in the Attribute Settings area. | Shows Field Settings/Mapping Settings tabs, Add, Import from Data Standard, Audit Data Standard, Associate, Delete controls. | Table columns (Field Name, Field English Name, Data Type, Data Standard, Security Level, Surrogate, Primary, Partition, Not Null, Comment, Audit Status, Operation) match Table 3.","Field values are mostly empty/placeholder, so specific field content is not shown."
umn/source/user_guide/dataarts_architecture/model_design/dimensional_modeling/creating_dimensions.rst,Creating Dimensions,en-us_image_0000002269202221.png,screenshot,pass,1.00,"Image is Figure 3 'Mapping settings' on the Mapping Settings tab. | Shows Physicalization Settings (MRS_HIVE, mrs_hive_link, default, HIVE_TABLE) consistent with Table 2 table types. | Shows Mapping, Model, table nodes with JOIN controls and Source/Destination field mapping matching Table 4.",JOIN condition dialog (Figure 4) is not shown in this image.
umn/source/user_guide/dataarts_architecture/model_design/dimensional_modeling/creating_dimensions.rst,Creating Dimensions,en-us_image_0000002234242760.png,screenshot,pass,1.00,Image is Figure 5 'Sync Status of the dimension table'. | Highlights the Sync Status column header with a tooltip 'Synchronize Business Assets: Creation succeeded' and a View link. | Matches the RST description of viewing synchronization status in the Sync Status column.,Only a small cropped region is shown; the full dimension table list is not visible.
umn/source/user_guide/dataarts_architecture/model_design/dimensional_modeling/creating_dimensions.rst,Creating Dimensions,en-us_image_0000002269202249.png,screenshot,pass,1.00,"Image is Figure 6 'Publishing multiple dimensions' (Apply for Publication dialog). | Shows dimension list, Reviewer, Auto-review, Environment (Development/Production), DataArts Quality Job Scheduling Time, OK/Cancel. | Matches the RST publishing-multiple-dimensions steps and the note about environment selection.",Dimension names/codes are partially redacted/blurred.
umn/source/user_guide/dataarts_architecture/model_design/dimensional_modeling/creating_dimensions.rst,Creating Dimensions,en-us_image_0000002269122141.png,screenshot,pass,1.00,"Image is Figure 7 'Last Reverse tab page' in the Reverse Database dialog. | Shows Reverse Settings/Last Reverse tabs, Reverse button, All/Successful/Failed filters, and a result table with Table Name, Result, Remarks, Operation. | Matches the RST step to view the result on the Last Reverse tab page.",Table name and remarks are partially masked.
umn/source/user_guide/dataarts_architecture/model_design/dimensional_modeling/creating_dimensions.rst,Creating Dimensions,en-us_image_0000002234242816.png,icon,pass,0.83,"Small gear/settings pictogram used inline as |image1| for selecting a data standard in the Attribute Settings table. | Symbolic UI icon, not a full interface screenshot.",No surrounding context visible; meaning inferred from RST reference.
umn/source/user_guide/dataarts_architecture/model_design/dimensional_modeling/creating_dimensions.rst,Creating Dimensions,en-us_image_0000002234082908.png,icon,pass,0.83,"Small gear/settings pictogram used inline as |image2| for adding a security level in the Attribute Settings table. | Symbolic UI icon, not a full interface screenshot.",No surrounding context visible; meaning inferred from RST reference.
umn/source/user_guide/dataarts_architecture/model_design/dimensional_modeling/creating_dimensions.rst,Creating Dimensions,en-us_image_0000002234241184.png,icon,pass,0.83,"Plus-in-circle pictogram used inline as |image3| next to the table name to set the JOIN condition. | Symbolic UI icon, not a full interface screenshot.",No surrounding context visible; meaning inferred from RST reference.
umn/source/user_guide/dataarts_architecture/model_design/dimensional_modeling/creating_dimensions.rst,Creating Dimensions,en-us_image_0000002234081388.png,icon,pass,0.83,"Plus pictogram used inline as |image4| to add a JOIN condition. | Symbolic UI icon, not a full interface screenshot.",No surrounding context visible; meaning inferred from RST reference.
umn/source/user_guide/dataarts_architecture/model_design/dimensional_modeling/creating_dimensions.rst,Creating Dimensions,en-us_image_0000002269200653.png,icon,pass,0.83,"Minus pictogram used inline as |image5| to delete a JOIN condition. | Symbolic UI icon, not a full interface screenshot.",No surrounding context visible; meaning inferred from RST reference.
umn/source/user_guide/dataarts_architecture/model_design/dimensional_modeling/creating_dimensions.rst,Creating Dimensions,en-us_image_0000002234241268.png,icon,pass,0.83,"Trash/delete pictogram used inline as |image6| to delete a joined table. | Symbolic UI icon, not a full interface screenshot.",No surrounding context visible; meaning inferred from RST reference.
umn/source/user_guide/dataarts_architecture/model_design/dimensional_modeling/creating_dimensions.rst,Creating Dimensions,en-us_image_0000002269200757.png,icon,pass,0.83,"Trash/delete pictogram used inline as |image7| to delete a mapping in the Mappings area. | Symbolic UI icon, not a full interface screenshot.",No surrounding context visible; meaning inferred from RST reference.
umn/source/user_guide/dataarts_architecture/model_design/dimensional_modeling/creating_dimensions.rst,Creating Dimensions,en-us_image_0000002234241328.png,icon,pass,0.83,"Up-chevron pictogram used inline as |image8| to collapse the mapping area. | Symbolic UI icon, not a full interface screenshot.",No surrounding context visible; meaning inferred from RST reference.
umn/source/user_guide/dataarts_architecture/model_design/dimensional_modeling/creating_dimensions.rst,Creating Dimensions,en-us_image_0000002269122193.png,screenshot,pass,1.00,"Image is |image9| showing the Dimensions list page with Dimensions/Dimension Tables/Fact Tables tabs. | Shows Create, Reverse Database, Publish, More buttons and a dimension row with Edit highlighted in the Operation column. | Matches the Editing a Dimension step to locate a dimension and click Edit in the Operation column.",Some creator/subject values are partially redacted.
umn/source/user_guide/dataarts_architecture/model_design/dimensional_modeling/managing_dimension_tables.rst,Managing Dimension Tables,en-us_image_0000002269121417.png,screenshot,pass,1.00,"Image shows a 'Synchronize Table' dialog matching Figure 1 caption 'Synchronizing dimension tables'. | Dialog includes table name, environment selection (Development/Production), and scheduling time options described in the Synchronizing section. | OK and Cancel buttons are visible, consistent with step 6 of the synchronization procedure.",
umn/source/user_guide/dataarts_architecture/model_design/dimensional_modeling/managing_dimension_tables.rst,Managing Dimension Tables,en-us_image_0000002234242052.png,screenshot,pass,1.00,"Image shows the Dimension Tables tab with the 'Associate Rule' button highlighted, matching Figure 2 caption. | The dimension table list with Table Name, Status, and Type columns is visible. | A row is selected, consistent with the step of selecting a target dimension table before associating a rule.",
umn/source/user_guide/dataarts_architecture/model_design/dimensional_modeling/managing_dimension_tables.rst,Managing Dimension Tables,en-us_image_0000002269201465.png,screenshot,pass,1.00,"Image shows the Table Fields page with a gear icon highlighted in the Associate Rule column, matching Figure 3 caption. | The field list includes Field Name, Data Type, and other columns as described in the single-field association section. | The highlighted gear icon corresponds to clicking the icon in the row of the target field.",
umn/source/user_guide/dataarts_architecture/model_design/dimensional_modeling/managing_dimension_tables.rst,Managing Dimension Tables,en-us_image_0000002234082168.png,screenshot,pass,1.00,"Image shows the 'Associate Quality Rule' dialog with the 'Add Rule' button highlighted, matching Figure 4 caption 'Adding a rule'. | The dialog includes Matching Field, Update Existing Rule checkbox, and a rule list area. | OK and Cancel buttons are present, consistent with the configuration steps.",
umn/source/user_guide/dataarts_architecture/model_design/dimensional_modeling/managing_dimension_tables.rst,Managing Dimension Tables,en-us_image_0000002269121397.png,screenshot,pass,1.00,"Image shows the Table Fields page with the 'Associate Rule' button highlighted and multiple fields selected, matching Figure 5 caption. | Two fields (payment_type_id, payment_type_value) are checked, consistent with batch association of table fields. | Anomaly Data Output Settings and WHERE Condition Expression are visible above the field list.",
umn/source/user_guide/dataarts_architecture/model_design/dimensional_modeling/managing_dimension_tables.rst,Managing Dimension Tables,en-us_image_0000002234241988.png,screenshot,pass,1.00,"Image shows the 'Associate Quality Rule' dialog with the 'Add Rule' button highlighted, matching Figure 6 caption. | The dialog structure (Matching Field, Update Existing Rule, rule list) matches the batch association rule configuration. | OK and Cancel buttons are present.",
umn/source/user_guide/dataarts_architecture/model_design/dimensional_modeling/managing_dimension_tables.rst,Managing Dimension Tables,en-us_image_0000002548201495.png,screenshot,pass,1.00,"Image shows the Table Fields page with the pen icon next to 'Anomaly Data Output Settings' highlighted, matching Figure 7 caption. | The 'Generate Anomaly Data: Disabled' state is visible, consistent with the step of enabling anomaly data output. | A field row is selected in the table below.",
umn/source/user_guide/dataarts_architecture/model_design/dimensional_modeling/managing_dimension_tables.rst,Managing Dimension Tables,en-us_image_0000002234242032.png,screenshot,pass,1.00,"Image shows the expanded Anomaly Data Output Settings with Generate Anomaly Data toggle enabled, matching Figure 8 caption. | Database/Schema, Table Prefix, and Table Suffix input fields are visible, matching the parameter list in the RST. | Save (check) and cancel (X) icons are present next to the settings header.",
umn/source/user_guide/dataarts_architecture/model_design/dimensional_modeling/managing_dimension_tables.rst,Managing Dimension Tables,en-us_image_0000002269201489.png,screenshot,pass,1.00,"Image shows the Table Fields page with the pen icon next to 'WHERE Condition Expression' highlighted, matching Figure 9 caption 'Where condition'. | The Anomaly Data Output Settings and field list are visible above. | A field row is selected, consistent with configuring a where condition for the rule.",
umn/source/user_guide/dataarts_architecture/model_design/dimensional_modeling/managing_dimension_tables.rst,Managing Dimension Tables,en-us_image_0000002234082208.png,screenshot,pass,1.00,"Image shows the Dimension Tables tab with the 'Delete' button highlighted, matching Figure 10 caption 'Deleting a dimension table'. | A dimension table row (dim_payment_type) is selected, consistent with the delete procedure. | Synchronize and Associate Rule buttons are also visible in the toolbar.",
umn/source/user_guide/dataarts_architecture/model_design/dimensional_modeling/managing_dimension_tables.rst,Managing Dimension Tables,en-us_image_0000002269201505.png,icon,pass,1.00,"Image is a small refresh/reload icon (circular arrow), matching |image1| used to refresh synchronization status. | The RST references this icon for refreshing the dimension table status after synchronization. | It is an isolated UI symbol, classified as an icon.",
umn/source/user_guide/dataarts_architecture/model_design/dimensional_modeling/managing_dimension_tables.rst,Managing Dimension Tables,en-us_image_0000002234082228.png,icon,pass,1.00,"Image is a small gear/settings icon, matching |image2| used to associate a single field with a quality rule. | The RST references this icon in the field list row for associating a field with a quality rule. | It is an isolated UI symbol, classified as an icon.",
umn/source/user_guide/dataarts_architecture/model_design/dimensional_modeling/managing_dimension_tables.rst,Managing Dimension Tables,en-us_image_0000002269201445.png,icon,pass,1.00,"Image is a small checkmark icon, matching |image3| used to save anomaly data output settings. | The RST references this icon to save the settings after configuring anomaly data output. | It is an isolated UI symbol, classified as an icon.",
umn/source/user_guide/dataarts_architecture/model_design/dimensional_modeling/managing_dimension_tables.rst,Managing Dimension Tables,en-us_image_0000002234242008.png,icon,pass,1.00,"Image is a small checkmark icon, matching |image4| used to save anomaly data output settings on the details page. | The RST references this icon to save settings in the Viewing Dimension Table Details section. | It is an isolated UI symbol, classified as an icon.",
umn/source/user_guide/dataarts_architecture/model_design/er_modeling.rst,ER Modeling,,,fail,,backend_error,No model result was produced.
umn/source/user_guide/dataarts_architecture/overview.rst,Overview,en-us_image_0000002269117161.png,screenshot,pass,1.00,"Image is a screenshot of the DataArts Architecture Overview page, matching the figure caption in the RST. | All four areas described in the RST are visible: My To-Dos, Assets, Quick Start, and the DataArts Architecture Process diagram. | The Assets area shows the object categories (Subject designs, Logical models, Standard designs, ER Models, Dimensional Models, Metrics, Data Mart) consistent with the RST description. | The Quick Start area shows the 5-step process (Data Survey, Standards, Models, Metrics, Data Marts) as described. | The process diagram at the bottom shows interactions with DataArts DataService, DataArts Catalog, and DataArts Quality, matching the RST's mention of module interactions.",The full process diagram is partially cut off at the bottom of the image.
umn/source/user_guide/dataarts_architecture/overview.rst,Overview,en-us_image_0000002234077956.png,screenshot,pass,1.00,"Image is a screenshot of the 'Associate Rule' dialog, matching the figure caption in the RST. | The dialog shows the 'Generate Anomaly Data' toggle (enabled), which is explicitly described in the RST text. | Fields for Database/Schema, Table Prefix, and Table Suffix are visible, consistent with the RST's mention of 'configured parameters' for storing anomaly data. | The dialog includes OK and Cancel buttons and an Add Rule button, consistent with a rule-association workflow. | The RST states 'If this function is enabled, anomaly data is stored in the specified database based on the configured parameters,' and the image shows the toggle enabled with the relevant input fields.",The 'Selected Table' and 'All Searched Tables' radio options are visible but the specific table names are not shown in detail.
umn/source/user_guide/dataarts_architecture/standards_design/creating_a_lookup_table.rst,Creating a Lookup Table,en-us_image_0000002269121253.png,screenshot,pass,1.00,"Image shows the Lookup Tables page with left navigation pane highlighting 'Lookup Tables' under Standards, matching Figure 1 caption. | The directory tree and search box are visible, consistent with step 3 description. | The red-highlighted create button (plus icon) is visible in the toolbar area.",
umn/source/user_guide/dataarts_architecture/standards_design/creating_a_lookup_table.rst,Creating a Lookup Table,en-us_image_0000002269201313.png,screenshot,pass,1.00,"Image shows the 'Create Directory' dialog box with Name and Select Directory fields, matching Figure 2 and Table 1 parameters. | OK and Cancel buttons are visible at the bottom of the dialog. | The directory tree in Select Directory shows 'All' and a subdirectory 'chritina'.",
umn/source/user_guide/dataarts_architecture/standards_design/creating_a_lookup_table.rst,Creating a Lookup Table,en-us_image_0000002234241956.png,screenshot,pass,1.00,"Image shows the 'Basic Settings' area with Home Directory, Table Name, Table Code (Auto Generate/Custom radio buttons), and Description fields, matching Figure 3 and Table 2. | The Translate button next to Table Code is visible. | Character counter 0/600 is shown for the Description field, matching the 600-character limit in the RST.",
umn/source/user_guide/dataarts_architecture/standards_design/creating_a_lookup_table.rst,Creating a Lookup Table,en-us_image_0000002269201389.png,screenshot,pass,1.00,"Image shows the 'Field Settings' area with Add and Delete buttons, matching Figure 4 description. | Table columns include No., Field Name, Field English Name, Data Type, Comment, and Operation, consistent with the RST field descriptions. | Two field rows are visible with 'ID'/'code' and 'value'/'value' entries, and STRING data type dropdowns.",
umn/source/user_guide/dataarts_architecture/standards_design/creating_a_lookup_table.rst,Creating a Lookup Table,en-us_image_0000002234241932.png,screenshot,pass,1.00,"Image shows the 'Add Field Value' dialog with 'code' and 'value' input fields, matching Figure 5 caption 'Inputting a value'. | OK, Continue, and Cancel buttons are visible, consistent with step 4 of Filling in a Lookup Table. | The dialog is used in the Filling in a Lookup Table section as described.",
umn/source/user_guide/dataarts_architecture/standards_design/creating_a_lookup_table.rst,Creating a Lookup Table,en-us_image_0000002269121301.png,screenshot,pass,1.00,"Image shows the Lookup Tables page with directory tree, table list, and a 'More' dropdown menu open showing Import, Export, Modify Directory, Delete, Suspend options. | This matches Figure 6 and the Importing a Lookup section step 2 where 'More > Import' is chosen. | The toolbar shows Create, Publish, Reverse Database, and More buttons.",
umn/source/user_guide/dataarts_architecture/standards_design/creating_a_lookup_table.rst,Creating a Lookup Table,en-us_image_0000002234082056.png,screenshot,pass,1.00,"Image shows the 'Import Lookup Table' dialog with Import and Last Import tabs, matching Figure 7. | Update Table radio buttons (No/Yes) and Upload File field with Select File and Upload buttons are visible, matching Table 3 parameters. | The 'Lookup Table Template' link is visible, consistent with the RST description.",
umn/source/user_guide/dataarts_architecture/standards_design/creating_a_lookup_table.rst,Creating a Lookup Table,en-us_image_0000002234241872.png,screenshot,pass,1.00,"Image shows the 'Last Reverse' tab page with Reverse Settings and Last Reverse tabs, matching Figure 8. | The table shows Table Name, Result, Remarks, and Operation columns with a successful reverse entry. | All/Successful/Failed filter tabs and a Reverse button are visible, consistent with the RST description.",
umn/source/user_guide/dataarts_architecture/standards_design/creating_a_lookup_table.rst,Creating a Lookup Table,en-us_image_0000002234082108.png,screenshot,pass,1.00,"Image shows the lookup table list with a row selected (checkbox checked) and the 'More' dropdown open with Export highlighted, matching Figure 9. | This corresponds to the Exporting a Lookup Table section step for exporting a single lookup table. | The toolbar shows Create, Publish, Reverse Database, and More buttons.",
umn/source/user_guide/dataarts_architecture/standards_design/creating_a_lookup_table.rst,Creating a Lookup Table,en-us_image_0000002269201369.png,screenshot,pass,1.00,"Image shows the directory tree with a right-click context menu displaying Expand, Collapse, Create, Edit, Import, Export (highlighted), Delete options, matching Figure 10. | This corresponds to the Exporting a Lookup Table section for exporting all tables in a directory. | The directory tree structure with 'All' root is visible.",
umn/source/user_guide/dataarts_architecture/standards_design/creating_a_lookup_table.rst,Creating a Lookup Table,en-us_image_0000002234082072.png,screenshot,pass,1.00,"Image shows the directory tree with a right-click context menu displaying Expand, Collapse, Create, Edit, Import, Export, Delete (highlighted), matching Figure 11. | This corresponds to the Deleting a Lookup Table Directory section step 2. | The directory tree structure is visible with the context menu open.",
umn/source/user_guide/dataarts_architecture/standards_design/creating_a_lookup_table.rst,Creating a Lookup Table,en-us_image_0000002234241914.png,screenshot,pass,1.00,"Image shows the lookup table management list with Create, Publish, Reverse Database, More buttons and a table with Name, Code, Description, Status, Directory, Modified, Creator, Operation columns, matching Figure 12. | The Operation column shows Edit, Publish, and More options for the selected row. | This corresponds to the Managing a Lookup Table section.",
umn/source/user_guide/dataarts_architecture/standards_design/creating_a_lookup_table.rst,Creating a Lookup Table,en-us_image_0000002234241896.png,icon,pass,1.00,"Image is a small plus-in-circle icon used as |image1| in step 3 to create a directory. | The icon is a standard 'add/create' symbol consistent with its usage in the RST. | It is an isolated UI symbol, classified as an icon.",
umn/source/user_guide/dataarts_architecture/standards_design/creating_a_lookup_table.rst,Creating a Lookup Table,en-us_image_0000002234082128.png,icon,pass,1.00,"Image is a small plus icon used as |image2| in step 6 to add new fields in the Field Inputs area. | The icon is a standard 'add' symbol consistent with its usage in the RST. | It is an isolated UI symbol, classified as an icon.",
umn/source/user_guide/dataarts_architecture/standards_design/creating_a_lookup_table.rst,Creating a Lookup Table,en-us_image_0000002269121341.png,icon,pass,1.00,"Image is a small trash/delete icon used as |image3| in step 6 to delete unnecessary fields. | The icon is a standard 'delete' symbol consistent with its usage in the RST. | It is an isolated UI symbol, classified as an icon.",
umn/source/user_guide/dataarts_architecture/standards_design/creating_data_standards.rst,Creating Data Standards,en-us_image_0000002269120533.png,screenshot,pass,1.00,"Image shows the Data Standards page with left navigation pane and directory tree, matching Figure 1 caption. | The highlighted 'Data Standards' item in the left nav and the plus icon in the main panel align with the RST step 4 description. | The directory structure with 'All' root and search box matches the described interface.",
umn/source/user_guide/dataarts_architecture/standards_design/creating_data_standards.rst,Creating Data Standards,en-us_image_0000002234241100.png,screenshot,pass,1.00,"Image shows the 'Create Directory' dialog with Name and Select Directory fields, matching Figure 2 and Table 1. | The 'All/' path in Select Directory and the tree view with 'All' node match the RST description. | OK and Cancel buttons are present as expected for a dialog box.",
umn/source/user_guide/dataarts_architecture/standards_design/creating_data_standards.rst,Creating Data Standards,en-us_image_0000002269120517.png,screenshot,pass,1.00,"Image shows the 'Import Data Standard' dialog with Import and Last Import tabs, matching Figure 4. | The 'Update Existing Data' radio buttons (No/Yes) and 'Upload File' field match the RST import steps. | The 'Data standard import template' link and 'Select File'/'Upload' buttons align with the described workflow.",
umn/source/user_guide/dataarts_architecture/standards_design/creating_data_standards.rst,Creating Data Standards,en-us_image_0000002269120473.png,screenshot,pass,1.00,"Image shows the 'Last Import' tab of the Import Data Standard dialog, matching Figure 5. | The result table with 'All (2)', 'Successful (2)', 'Failed (0)' tabs and rows showing 'Successful' status matches the RST description. | The Close button at the bottom aligns with the step to close after successful import.",
umn/source/user_guide/dataarts_architecture/standards_design/creating_data_standards.rst,Creating Data Standards,en-us_image_0000002234081280.png,screenshot,pass,1.00,"Image shows the data standards list with Create, Publish, Suspend, More buttons, matching Figure 6. | The table columns (Name, Code, Data Type, Description, Status, Directory, Modified, Creator, Operation) match the RST description. | The 'work1' entry with 'Pending publish...' status and Edit/Publish/More operations align with the managing section.",
umn/source/user_guide/dataarts_architecture/standards_design/creating_data_standards.rst,Creating Data Standards,en-us_image_0000002269200585.png,icon,pass,1.00,Image is a small plus-in-circle icon used as |image1| to create a directory. | Matches the RST step 4: 'click |image1| to create a directory under the selected one.' | The icon is a standard create/add symbol consistent with its described function.,
umn/source/user_guide/dataarts_architecture/standards_design/creating_data_standards.rst,Creating Data Standards,en-us_image_0000002234081300.png,icon,pass,1.00,Image is a small circular refresh arrow icon used as |image2|. | Matches the RST: 'Click |image2| to refresh the directories.' | The icon is a standard refresh/sync symbol consistent with its described function.,
umn/source/user_guide/dataarts_architecture/standards_design/creating_data_standards.rst,Creating Data Standards,en-us_image_0000002234081264.png,icon,pass,1.00,Image is a small document-with-sync icon used as |image3|. | Matches the RST: 'Click |image3| to refresh the directories and synchronize subject directories to data standard directories.' | The icon visually represents synchronization of documents/directories.,
umn/source/user_guide/dataarts_architecture/standards_design/creating_data_standards.rst,Creating Data Standards,en-us_image_0000002234241156.png,icon,pass,1.00,"Image is a small equals-sign icon used as |image4| for fixed data length value. | Matches the RST: 'Select |image4| and enter a number ranging from 1 to 10000.' | The equals symbol represents a fixed/exact value, consistent with entering a specific number.",
umn/source/user_guide/dataarts_architecture/standards_design/creating_data_standards.rst,Creating Data Standards,en-us_image_0000002234081308.png,icon,pass,1.00,"Image is a small less-than-or-equal (≤) icon used as |image5| for range data length. | Matches the RST: 'Select |image5| and set a range from 1 to 10000.' | The ≤ symbol represents a range/upper-bound constraint, consistent with setting a range.",
umn/source/user_guide/dataarts_architecture/standards_design/creating_data_standards.rst,Creating Data Standards,en-us_image_0000002269200573.png,icon,pass,1.00,"Image is a small pencil/edit icon used as |image6| to add a quality rule. | Matches the RST: 'Click |image6|. In the dialog box displayed, click Add Rule.' | The pencil icon represents editing/adding, consistent with its function of opening the rule dialog.",
umn/source/user_guide/dataarts_architecture/standards_design/creating_data_standards.rst,Creating Data Standards,en-us_image_0000002234241148.png,icon,pass,1.00,"Image is a small plus-sign icon used as |image7| to add a reviewer. | Matches the RST: 'If no reviewer is available in the drop-down list, click |image7| to add one.' | The plus icon represents adding a new item, consistent with adding a reviewer.",
umn/source/user_guide/dataarts_architecture/tutorials/dataarts_architecture_example.rst,DataArts Architecture Example,,,fail,,backend_error,No model result was produced.
umn/source/user_guide/dataarts_catalog/collecting_metadata_of_data_sources/configuring_a_metadata_collection_task.rst,Configuring a Metadata Collection Task,en-us_image_0000002234239632.png,screenshot,pass,1.00,"Image shows a directory tree with 'Root Directory' and a context menu containing 'Create Directory' and 'Create Task' options, matching Figure 1's caption. | The 'Create' button is visible in the upper-right area, consistent with the RST instruction to create a directory for the collection task. | The UI layout (left panel with directory tree, right panel with task list) matches the DataArts Catalog Task Management page described in the RST.",The right panel task list is partially visible but not fully legible.
umn/source/user_guide/dataarts_catalog/collecting_metadata_of_data_sources/configuring_a_metadata_collection_task.rst,Configuring a Metadata Collection Task,en-us_image_0000002234239644.png,screenshot,pass,1.00,"Image shows the 'Create' button highlighted in the upper-right and a context menu with 'Create Directory', 'Create Task', 'Rename', and 'Delete' options, matching Figure 2's caption about entries for creating a collection task. | The right panel shows a task list with entries like 'test', 'test0001', 'qwe', 'dli_0420', consistent with the Task Management page. | The RST step 4 instructs to click Create or right-click and choose Add Task; the image shows both the Create button and the context menu with Create Task.",The actual task creation form/entries are not shown in this image; it only shows the navigation to initiate creation.
umn/source/user_guide/dataarts_catalog/collecting_metadata_of_data_sources/configuring_a_metadata_collection_task.rst,Configuring a Metadata Collection Task,en-us_image_0000002269119017.png,screenshot,pass,1.00,"Image shows the Hive service configuration page in MRS Manager with 'HiveServer(Role) > Customization' selected in the left navigation, exactly as described in the RST. | The 'hive.server.customized.configs' row is highlighted with Name='hive-ext.display.desc.statistic.stats' and Value='true', matching the RST instruction precisely. | The page header shows 'Hive' and the 'Configurations' tab is active, consistent with the RST step to navigate to Cluster > Services > Hive > Configurations.",
umn/source/user_guide/dataarts_catalog/collecting_metadata_of_data_sources/configuring_a_metadata_collection_task.rst,Configuring a Metadata Collection Task,en-us_image_0000002234079840.png,screenshot,pass,1.00,"Image shows a 'Save Configuration' dialog box asking to confirm changes to the mrs_331LTS... configuration, matching Figure 4's caption about saving the configuration. | The Change Items table shows Hive service with hive.server.cu... parameter and hive-site.xml file, consistent with the parameter being saved. | The dialog includes OK and Cancel buttons, matching the RST instruction to click OK in the dialog box.",The full parameter name and new value are truncated in the Change Items table.
umn/source/user_guide/dataarts_catalog/collecting_metadata_of_data_sources/configuring_a_metadata_collection_task.rst,Configuring a Metadata Collection Task,en-us_image_0000002269199113.png,screenshot,pass,1.00,"Image shows the Hive Instances tab with a 'More' dropdown menu open, displaying 'Instance Rolling Restart' as a highlighted option, matching Figure 5's caption. | The table shows HiveServer instances with 'Expired' configuration status, consistent with the RST instruction to select the instance that has expired. | The RST step 4 instructs to click More and select Instance Rolling Restart; the image shows exactly this interaction.",
umn/source/user_guide/dataarts_catalog/collecting_metadata_of_data_sources/configuring_a_metadata_collection_task.rst,Configuring a Metadata Collection Task,en-us_image_0000002269199097.jpg,icon,pass,0.88,"Image is a small filter/funnel icon used as |image1| in Table 6 for filtering tasks by scheduling status. | The RST references this icon in the context of 'You can click |image1| to view only tasks of the specified statuses,' which is a standard filter icon usage. | The icon is a generic funnel shape commonly used for filtering in UI interfaces.","The icon is very small and low-resolution, making fine details difficult to discern. | No surrounding UI context is visible to confirm its exact placement in the table."
umn/source/user_guide/dataarts_catalog/collecting_metadata_of_data_sources/configuring_a_metadata_collection_task.rst,Configuring a Metadata Collection Task,en-us_image_0000002234254362.jpg,icon,pass,0.88,"Image is a small filter/funnel icon used as |image2| in Table 6 for filtering tasks by scheduling cycle/frequency. | The RST references this icon in the context of 'You can click |image2| to view only tasks of the specified frequencies,' which is a standard filter icon usage. | The icon is visually identical to |image1|, both being generic funnel-shaped filter icons.","The icon is very small and low-resolution, making fine details difficult to discern. | No surrounding UI context is visible to confirm its exact placement in the table."
umn/source/user_guide/dataarts_catalog/configuring_data_access_permissions_to_be_removed/configuring_data_catalog_permissions_to_be_removed.rst,Configuring Data Catalog Permissions (To Be Removed),en-us_image_0000002269123285.png,screenshot,pass,1.00,"The image is a UI form screenshot showing fields Rule, Type, Scope, User, Validate, and Description, matching the 'Creating a rule' figure in the RST. | Field labels and the enabled Validate toggle align with the RST step 2 description of configuring a data catalog permissions rule. | The form corresponds to the 'Managing a Data Catalog Permissions Rule' section, step 2 (Create). | Interactive controls (text input, dropdowns, toggle switch) are clearly visible.","The 'Create' button and left navigation bar mentioned in the RST are not visible in the image. | The dropdown options for Type (Tag, Security level, Classification) are not shown, only the placeholder '--Select--'."
umn/source/user_guide/dataarts_catalog/configuring_data_access_permissions_to_be_removed/configuring_table_permissions_to_be_removed.rst,Configuring Table Permissions (To Be Removed),en-us_image_0000002269202301.jpg,other,fail,0.00,Local color check detected #3298ff.,
umn/source/user_guide/dataarts_catalog/configuring_data_access_permissions_to_be_removed/configuring_table_permissions_to_be_removed.rst,Configuring Table Permissions (To Be Removed),en-us_image_0000002234242828.png,screenshot,pass,1.00,"Image shows a 'Permission Details' panel with table and column permission checkboxes, matching Figure 1 'Applying for permissions on tables and columns'. | Visible Table Permissions (Query Table, Delete Table, Insert, etc.) and Column Permissions sections align with RST step 4 on selecting table or column permissions. | Data connection type 'dli' matches the note that permissions control supports DLI data tables.","No reviewer configuration dialog is shown, though RST step 5 mentions configuring a reviewer."
umn/source/user_guide/dataarts_catalog/configuring_data_access_permissions_to_be_removed/configuring_table_permissions_to_be_removed.rst,Configuring Table Permissions (To Be Removed),en-us_image_0000002269202289.png,screenshot,pass,1.00,"Image shows the 'My Permissions' tab with Return and Apply buttons and an Operation column containing View, Edit, Return, matching Figure 2 'Managing table permissions'. | Resource row (fact_taxi_trip_data, table, DLL_Link) and permission columns align with the 'Managing Existing Table Permissions' section.",The left navigation path (Permissions > Table Permissions) is not visible in the cropped screenshot.
umn/source/user_guide/dataarts_catalog/configuring_data_access_permissions_to_be_removed/configuring_table_permissions_to_be_removed.rst,Configuring Table Permissions (To Be Removed),en-us_image_0000002234083008.jpg,screenshot,pass,1.00,"Image shows the 'User Permissions' tab with a Username, Resources, Created, Last Updated, and Operation (Reclaim) table, matching Figure 3 'Viewing accounts with table permissions'. | Reclaim and Authorize buttons and username search field align with the auditing user permissions section.","Usernames are partially redacted, so specific account names cannot be verified."
umn/source/user_guide/dataarts_catalog/configuring_data_access_permissions_to_be_removed/configuring_table_permissions_to_be_removed.rst,Configuring Table Permissions (To Be Removed),en-us_image_0000002234242840.jpg,screenshot,pass,1.00,"Image shows the 'User Permissions' tab with the 'Authorize' button highlighted and checkboxes selected for multiple usernames, matching Figure 5 'Authorization' and the granting permissions to users step. | Batch selection of usernames aligns with the RST description of granting/reclaiming permissions in batches.","The actual authorization dialog (selecting resources/permissions to grant) is not shown, only the highlighted Authorize button."
umn/source/user_guide/dataarts_catalog/configuring_data_access_permissions_to_be_removed/configuring_table_permissions_to_be_removed.rst,Configuring Table Permissions (To Be Removed),en-us_image_0000002234082984.png,screenshot,pass,1.00,"Image shows a resource table (fact_taxi_trip_data, shop) with Type, Data Connection, Non-inherited Permissions (ALL), and an Operation column with View, Edit, Return, matching Figure 6 'Managing user permissions'. | The per-resource Operation controls align with the RST step of clicking View, Edit, and Return for a specific resource.",The drop-down arrow to the left of an account (used to expand assets) is not visible in this cropped view.
umn/source/user_guide/dataarts_catalog/configuring_data_access_permissions_to_be_removed/managing_review_center_to_be_removed.rst,Managing Review Center (To Be Removed),en-us_image_0000002234243000.png,screenshot,pass,1.00,"The image is a UI screenshot of the Review Center's Reviewer Management tab, matching Figure 1 'Managing reviewers' referenced in the RST. | It shows the 'Reviewer Management' tab highlighted, along with 'Create' and 'Delete' buttons, consistent with the text describing creating and deleting reviewers. | A reviewer table with columns (Reviewer, Mobile Number, Email Address, Created, Creator) and a sample reviewer entry is visible, supporting the reviewer management context. | The navigation tabs (Pending Review, Reviewed, My Applications, Reviewer Management) align with the Review Center structure described in the document.","The left navigation bar (Permissions > Review Center) is not visible in the cropped screenshot. | No approval/review workflow details are shown, but those are not required for this specific figure."
umn/source/user_guide/dataarts_catalog/configuring_data_security_policies_to_be_removed/creating_a_data_classification_to_be_removed.rst,Creating a Data Classification (To Be Removed),en-us_image_0000002234242860.jpg,screenshot,pass,1.00,"The image is a UI screenshot of a 'Data Classification > Create Classification' form, matching Figure 1 'Creating a data classification rule'. | Visible fields (Classification Type, Confidentiality, Classification Name, Rule Recognition, Description) correspond to the parameters listed in Table 1. | The form is placed in the 'Creating a Data Classification Rule' section, directly relevant to the surrounding text. | Dropdowns and text inputs provide clear visual evidence of the rule-creation interface. | No contradiction: Rule Recognition is set to 'None', so the conditional Regular Expression field is not shown, consistent with the table's conditional description.",The 'Regular Expression' and 'Classification Template' fields are not visible in this screenshot (conditional on other selections). | No explicit 'Create' button is visible in the captured viewport.
umn/source/user_guide/dataarts_catalog/configuring_data_security_policies_to_be_removed/creating_a_data_masking_policy_to_be_removed.rst,Creating a Data Masking Policy (To Be Removed),en-us_image_0000002234242548.png,screenshot,pass,1.00,"The image is a UI form for configuring a masking policy, matching the figure caption 'Creating a masking policy'. | Fields shown (Rule, Masking Algorithm = Mask, Algorithm Type = keeping prefix and suffix, Parameter, Test Data, Test Result, Validate, Description) align with steps 3 and 4 of the RST. | The Test Data value and masked Test Result (1********4) illustrate the online test described in step 4. | Interactive controls (dropdowns, +/- steppers, Test button, toggle) are visible, consistent with a configuration form.","The RST mentions Masking Algorithm options Mask/Truncate/Hash, but only 'Mask' is visible in the dropdown. | The 'Classification Rule' label in the RST appears as 'Rule' in the image, a minor naming difference."
umn/source/user_guide/dataarts_catalog/tutorial_for_typical_scenarios_of_dataarts_catalog/configuring_an_incremental_metadata_collection_task.rst,Configuring an Incremental Metadata Collection Task,en-us_image_0000002234081576.png,screenshot,pass,1.00,"Image shows the DataArts Catalog task configuration form with 'Add metadata only' selected, matching Scenario 1 (Adding Metadata Only). | Data Source Information section shows MRS Hive connection, test_hive_agent, default database, and All tables. | Red box highlights the 'Add metadata only' radio button, consistent with the scenario description. | Deletion Policy shows 'Do not delete metadata' selected, appropriate for an add-only scenario. | Figure caption in RST is 'Configuring task information' which matches the visible form.",
umn/source/user_guide/dataarts_catalog/tutorial_for_typical_scenarios_of_dataarts_catalog/configuring_an_incremental_metadata_collection_task.rst,Configuring an Incremental Metadata Collection Task,en-us_image_0000002234241412.png,screenshot,pass,1.00,"Image shows the Scheduling Settings step (step 2) of the task creation wizard. | Schedule is set to 'Once' and Timeout to '1 Hour', matching the RST instruction to set scheduling parameters. | The step indicator shows '1 Configure' and '2 Scheduling Settings', consistent with the workflow described. | Figure caption in RST is 'Configuring scheduling parameters' which matches the visible content.",
umn/source/user_guide/dataarts_catalog/tutorial_for_typical_scenarios_of_dataarts_catalog/configuring_an_incremental_metadata_collection_task.rst,Configuring an Incremental Metadata Collection Task,en-us_image_0000002269200841.png,screenshot,pass,1.00,"Image shows the task configuration form with 'Update and add metadata' selected, matching Scenario 2 (Updating Existing and Adding New). | Red boxes highlight both 'Update and add metadata' and 'Do not delete metadata' selections. | Data Source Information shows MRS Hive, test_hive_agent, default, All tables. | Figure caption in RST is 'Configuring task information' which matches the visible form.",
umn/source/user_guide/dataarts_catalog/tutorial_for_typical_scenarios_of_dataarts_catalog/configuring_an_incremental_metadata_collection_task.rst,Configuring an Incremental Metadata Collection Task,en-us_image_0000002234241436.png,screenshot,pass,1.00,"Image shows the Scheduling Settings step (step 2) of the task creation wizard. | Schedule is set to 'Once' and Timeout to '1 Hour', matching the RST instruction. | Step indicator shows '1 Configure' and '2 Scheduling Settings'. | Figure caption in RST is 'Configuring scheduling parameters' which matches the visible content.",
umn/source/user_guide/dataarts_catalog/tutorial_for_typical_scenarios_of_dataarts_catalog/configuring_an_incremental_metadata_collection_task.rst,Configuring an Incremental Metadata Collection Task,en-us_image_0000002269120805.png,screenshot,pass,1.00,"Image shows the task configuration form with 'Update metadata only' selected, matching Scenario 3 (Updating Existing Metadata Only). | Red box highlights the 'Update metadata only' radio button. | Deletion Policy shows 'Do not delete metadata' selected, appropriate for an update-only scenario. | Figure caption in RST is 'Configuring task information' which matches the visible form.",
umn/source/user_guide/dataarts_catalog/tutorial_for_typical_scenarios_of_dataarts_catalog/configuring_an_incremental_metadata_collection_task.rst,Configuring an Incremental Metadata Collection Task,en-us_image_0000002234241428.png,screenshot,pass,1.00,"Image shows the Scheduling Settings step (step 2) of the task creation wizard. | Schedule is set to 'Once' and Timeout to '1 Hour', matching the RST instruction. | Step indicator shows '1 Configure' and '2 Scheduling Settings'. | Figure caption in RST is 'Configuring scheduling parameters' which matches the visible content.",
umn/source/user_guide/dataarts_catalog/tutorial_for_typical_scenarios_of_dataarts_catalog/configuring_an_incremental_metadata_collection_task.rst,Configuring an Incremental Metadata Collection Task,en-us_image_0000002269200865.png,screenshot,pass,1.00,"Image shows the task configuration form with 'Update and add metadata' and 'Delete metadata' selected, matching Scenario 4 (Updating, Deleting, and Adding). | Red boxes highlight both 'Update and add metadata' and 'Delete metadata' selections. | This combination correctly represents the scenario where existing metadata is updated, new metadata is added, and deleted tables are removed. | Figure caption in RST is 'Configuring task information' which matches the visible form.",
umn/source/user_guide/dataarts_catalog/tutorial_for_typical_scenarios_of_dataarts_catalog/configuring_an_incremental_metadata_collection_task.rst,Configuring an Incremental Metadata Collection Task,en-us_image_0000002269200849.png,screenshot,pass,1.00,"Image shows the Scheduling Settings step (step 2) of the task creation wizard. | Schedule is set to 'Once' and Timeout to '1 Hour', matching the RST instruction. | Step indicator shows '1 Configure' and '2 Scheduling Settings'. | Figure caption in RST is 'Configuring scheduling parameters' which matches the visible content.",
umn/source/user_guide/dataarts_catalog/tutorial_for_typical_scenarios_of_dataarts_catalog/viewing_data_lineages_through_dataarts_catalog/configuring_data_lineages.rst,Configuring Data Lineages,en-us_image_0000002234076044.png,screenshot,pass,1.00,"Image shows the lineageInfo panel with Input (HIVE) and Output (DWS) sections, matching Figure 1 caption 'Example of manual configuration of lineage relationships'. | Fields such as Type, Connection, Name, Database, Table Name, and Schema are visible, consistent with the RST description of configuring input and output tables. | The right-side 'Node Properties' panel highlights 'lineageInfo', aligning with the manual configuration workflow described in the RST.",
umn/source/user_guide/dataarts_catalog/tutorial_for_typical_scenarios_of_dataarts_catalog/viewing_data_lineages_through_dataarts_catalog/configuring_data_lineages.rst,Configuring Data Lineages,en-us_image_0000002269115237.png,screenshot,pass,1.00,"Image shows the job canvas with CDM_Job_4527 connected to MRS_Spark_5834 and the lineageInfo panel open, matching Figure 2 caption 'lineageInfo page'. | The Input and Output sections each display a '+ Add' button, consistent with the initial state before configuring tables. | The right-side 'Node Properties' panel highlights 'lineageInfo', matching step 4 of the RST procedure.",
umn/source/user_guide/dataarts_catalog/tutorial_for_typical_scenarios_of_dataarts_catalog/viewing_data_lineages_through_dataarts_catalog/configuring_data_lineages.rst,Configuring Data Lineages,en-us_image_0000002234235876.png,screenshot,pass,1.00,"Image shows the Input section of lineageInfo with Type HIVE, Database 'default', and Table Name 'hive', matching Figure 3 caption 'Configuring the lineage input'. | The RST step 5 explicitly states configuring input table 'hive', which is visible in the image. | The job canvas shows CDM_Job_4527 and MRS_Spark_5834 nodes, consistent with the MRS Spark node context.",
umn/source/user_guide/dataarts_catalog/tutorial_for_typical_scenarios_of_dataarts_catalog/viewing_data_lineages_through_dataarts_catalog/configuring_data_lineages.rst,Configuring Data Lineages,en-us_image_0000002234235868.png,screenshot,pass,1.00,"Image shows the Output section of lineageInfo with Type HIVE, Database 'default', and Table Name 'a', matching Figure 4 caption 'Configuring the lineage output'. | The RST step 6 explicitly states configuring output table 'a', which is visible in the image. | The job canvas shows CDM_Job_4527 and MRS_Spark_5834 nodes, consistent with the MRS Spark node context.",
umn/source/user_guide/dataarts_catalog/tutorial_for_typical_scenarios_of_dataarts_catalog/viewing_data_lineages_through_dataarts_catalog/data_lineage_overview.rst,Data Lineage Overview,en-us_image_0000002269114837.png,screenshot,pass,1.00,"Image is Figure 1, the data lineage example graph explicitly referenced in the RST. | Shows wk_01 → hive_1 → wk_02 → hive_2 sub_sql_nodes → wk_03/wk_04/wk_05, matching the text description exactly. | Includes UI controls (Upstream/Downstream sliders, Show Process checkbox) consistent with a DataArts Catalog lineage viewer. | Data table icons and job node icons are visible and correspond to |image1| and |image2| references.",
umn/source/user_guide/dataarts_catalog/tutorial_for_typical_scenarios_of_dataarts_catalog/viewing_data_lineages_through_dataarts_catalog/data_lineage_overview.rst,Data Lineage Overview,en-us_image_0000002234075636.png,icon,pass,1.00,"This is |image1|, which the RST states 'indicates a data table.' | The image is a small grid/table pictogram with a header row, consistent with a data table symbol. | Used as a legend symbol in the lineage graph description section.",
umn/source/user_guide/dataarts_catalog/tutorial_for_typical_scenarios_of_dataarts_catalog/viewing_data_lineages_through_dataarts_catalog/data_lineage_overview.rst,Data Lineage Overview,en-us_image_0000002234075628.png,icon,pass,1.00,"This is |image2|, which the RST states 'indicates a job node.' | The image is a small connected-nodes pictogram, consistent with a job/process node symbol. | Used as a legend symbol in the lineage graph description section.",
umn/source/user_guide/dataarts_catalog/tutorial_for_typical_scenarios_of_dataarts_catalog/viewing_data_lineages_through_dataarts_catalog/viewing_data_lineages.rst,Viewing Data Lineages,en-us_image_0000002269198345.png,screenshot,pass,1.00,"Image shows a job scheduling DAG with nodes and a toolbar containing the Execute button highlighted in a red box, matching Figure 1 'Starting job scheduling'. | The toolbar includes Save, Submit, Test, Execute, Clear, Full Screen, Export, Refresh, Monitor buttons as expected in a DataArts Factory job editor. | The DAG shows Dummy_0462, MRS_Hive_SQL_1689, MRS_Hive_SQL_5870, DWS_SQL_6323 nodes with directed edges, consistent with a data development job.",
umn/source/user_guide/dataarts_catalog/tutorial_for_typical_scenarios_of_dataarts_catalog/viewing_data_lineages_through_dataarts_catalog/viewing_data_lineages.rst,Viewing Data Lineages,en-us_image_0000002269198329.png,screenshot,pass,1.00,"Image shows the Data Catalog page with Technical Assets tab active, matching the RST description of selecting types. | The Types area shows Table checked (red box), and the right panel shows Job and Node checked (red boxes), matching the instruction to select Job, Node, and Table. | The Search All button is highlighted, consistent with the RST instruction to click Search All.",
umn/source/user_guide/dataarts_catalog/tutorial_for_typical_scenarios_of_dataarts_catalog/viewing_data_lineages_through_dataarts_catalog/viewing_data_lineages.rst,Viewing Data Lineages,en-us_image_0000002269118261.png,screenshot,pass,1.00,"Image shows a job details page for 'dli_xueyuan_job' with Details and Job tabs, and an Edit button highlighted in a red box. | This matches Figure 3 'Viewing job details' and the RST instruction to click the Job tab and then Edit. | The DLI icon at the bottom confirms this is a job asset detail view.",
umn/source/user_guide/dataarts_catalog/tutorial_for_typical_scenarios_of_dataarts_catalog/viewing_data_lineages_through_dataarts_catalog/viewing_data_lineages.rst,Viewing Data Lineages,en-us_image_0000002269198357.png,screenshot,pass,1.00,"Image shows a node lineage view for 'hive_1' (mrs_hive_sql_node) with a lineage graph showing wk_01 -> hive_1 -> wk_02. | The + and - icons beside nodes are visible for expanding upstream/downstream links, matching the RST description. | The right panel shows node details including job name, owner, and SQL code, consistent with viewing node lineage information. | The Lineage tab is active, matching the RST context.",
umn/source/user_guide/dataarts_catalog/tutorial_for_typical_scenarios_of_dataarts_catalog/viewing_data_lineages_through_dataarts_catalog/viewing_data_lineages.rst,Viewing Data Lineages,en-us_image_0000002234238896.png,screenshot,pass,1.00,"Image shows a table lineage view with the same lineage graph (wk_01 -> hive_1 -> wk_02) but the right panel shows table details for wk_02 (hive_table). | The + and - icons are visible beside the table nodes for expanding upstream/downstream links. | The right panel shows owner, createTime, and name fields for the table, matching the RST description of viewing table lineages. | The Lineage tab is active, consistent with the RST context.",
umn/source/user_guide/dataarts_catalog/tutorial_for_typical_scenarios_of_dataarts_catalog/viewing_data_lineages_through_dataarts_catalog/viewing_data_lineages.rst,Viewing Data Lineages,en-us_image_0000002234079060.png,icon,pass,0.88,"Image is a small icon representing a job/workflow (network of connected nodes), used as |image1| in the navigation pane instruction. | The RST references this icon in step 3: 'click |image1| and double-click the job', indicating it is the job icon in the DataArts Factory navigation pane. | The icon is small and somewhat blurry, limiting detail assessment.","The icon is very small and low-resolution, making it difficult to confirm exact visual details of the symbol."
umn/source/user_guide/dataarts_catalog/viewing_the_workspace_data_map/managing_asset_tags.rst,Managing Asset Tags,en-us_image_0000002269116409.png,screenshot,pass,1.00,"The image is a UI dialog titled 'Add Identifier', matching the RST caption 'Figure 1 Adding an identifier'. | The 'Tags' radio button under Type is selected, consistent with step 4 ('select Tags for Type'). | The dialog includes a Tag input field, helper text about creating new tags, and an Object table (Name 'a', Type 'dli_column'), aligning with the tag-adding workflow. | OK and Cancel buttons are present, matching the 'click OK' instruction in step 5.","The Tag input field is empty, so no specific tag name is shown. | The surrounding DataArts Catalog / Data Map navigation context is not visible in the cropped dialog."
umn/source/user_guide/dataarts_catalog/viewing_the_workspace_data_map/viewing_data_assets.rst,Viewing Data Assets,en-us_image_0000002234076640.png,screenshot,pass,1.00,"Image shows the Details tab page with Technical Metadata fields (ddlCreateTime, database, schemaQName, owner, tableType, tableSize, etc.) matching the RST description of viewing basic attributes of technical metadata. | Description field with edit icon is visible, matching the RST mention of editing the description. | Logic Entities table, Classification, Tag, and Security Level sections are present, matching the RST description of adding or deleting classifications, tags, and security levels. | Tab navigation (Details, Permissions, Column Attributes, Lineage, Profile, Data Preview, Change History) matches the RST structure.",
umn/source/user_guide/dataarts_catalog/viewing_the_workspace_data_map/viewing_data_assets.rst,Viewing Data Assets,en-us_image_0000002234236492.png,screenshot,pass,1.00,"Image shows the Permissions tab page with Apply and Authorize buttons, matching the RST description of applying for data table permissions or granting permissions to other users. | Table with Name, User, and Inherited Permissions columns is visible, consistent with permission management. | Tab navigation matches the RST structure with Permissions tab highlighted. | Header shows asset metadata (Creator, Created date, Data Source) consistent with a data asset details page.",
umn/source/user_guide/dataarts_catalog/viewing_the_workspace_data_map/viewing_data_assets.rst,Viewing Data Assets,en-us_image_0000002269195933.png,screenshot,pass,1.00,"Image shows the Column Attributes tab page with a table listing columns with Type, Associated Business Attribute, Classification, Tag, Security Level, Metadata Description, and Description columns, matching the RST description. | Edit icons are visible in Classification, Tag, Security Level, and Description columns, matching the RST mention of adding or deleting classifications, tags, and security levels for data columns. | Search box and Identifier filter are visible for column attribute management. | Tab navigation matches the RST structure with Column Attributes tab highlighted.",
umn/source/user_guide/dataarts_catalog/viewing_the_workspace_data_map/viewing_the_asset_overview.rst,Viewing the Asset Overview,en-us_image_0000002269196033.png,screenshot,pass,1.00,"Shows the Dashboard page with the Assets tab active, matching Figure 1 in the RST | Displays three asset cards: Logical Assets (Business objects, Logical entities, Business attributes), Technical Assets (Databases, Tables, Data volumes), and Metric Assets (Business metrics) | All sub-items and their counts match the RST description of what is displayed on the Assets page | Search bar and tab navigation visible at the top of the page",
umn/source/user_guide/dataarts_catalog/viewing_the_workspace_data_map/viewing_the_asset_overview.rst,Viewing the Asset Overview,en-us_image_0000002269196045.png,screenshot,pass,1.00,"Shows the Asset Report Schedule Configurations dialog box as described in step 3 of the Asset Reports section | Contains Date fields (start and end), Cycle dropdown (Day), and Started time fields (00:00) matching the RST description | OK and Cancel buttons visible at the bottom of the dialog | Forever checkbox is checked next to the date range",
umn/source/user_guide/dataarts_catalog/viewing_the_workspace_data_map/viewing_the_asset_overview.rst,Viewing the Asset Overview,en-us_image_0000002269115953.png,screenshot,pass,1.00,"Shows the Dashboard page with the Asset Reports tab active, matching Figure 3 in the RST | Displays all panels mentioned in the RST: Logical Entities, Tables, Associated Assets, Tags, Asset Capacity, Top 100 Table Capacities, Top 100 Table Rows, Top 100 OBS Bucket Capacities, and Security Levels | The Tags panel shows Table quantity and Table capacity sub-tabs as described | Settings gear icon visible in the upper right corner matching the RST reference",
umn/source/user_guide/dataarts_catalog/viewing_the_workspace_data_map/viewing_the_asset_overview.rst,Viewing the Asset Overview,en-us_image_0000002234236604.png,icon,pass,1.00,Small gear/cog icon referenced as |image1| in the RST for clicking to open Asset Report Schedule Configurations | Matches the description in step 3 of Asset Reports: 'Click |image1| in the upper right corner' | The icon is a standard settings/configuration symbol appropriate for triggering task configuration,
umn/source/user_guide/dataarts_dataservice/calling_apis_in_dataarts_dataservice/applying_for_api_authorization.rst,Applying for API Authorization,en-us_image_0000002234083148.png,screenshot,pass,1.00,"The dialog is titled 'Apply Permissions', matching the figure caption 'Applying for permissions' and the section topic of applying for API authorization. | The form shows an expiration time field ('Expires' with a date), an app selector ('Application' dropdown), and a static parameter value field, all of which are described in step 6 and its note. | The 'OK' and 'Cancel' buttons correspond to the instruction to click **OK** after setting the expiration time and selecting an app. | The API name 'app_auth_test' is consistent with an app/IAM authentication API context.","The image does not show the surrounding console navigation (e.g., API Calling > Service Catalogs) referenced in earlier steps. | The review center approval step (step 7) is not depicted."
umn/source/user_guide/dataarts_dataservice/calling_apis_in_dataarts_dataservice/calling_apis_using_different_methods/recommended_using_an_sdk_to_call_an_api_which_uses_app_authentication.rst,(Recommended) Using an SDK to Call an API Which Uses App Authentication,en-us_image_0000002269197741.png,screenshot,pass,1.00,"Image shows an app details page with AppKey and AppSecret fields highlighted in red boxes, matching Figure 1 caption 'Recording the AppKey and AppSecret' | The page displays App Name, ID, Created date, and an Associated APIs table with 'app_auth_test', consistent with the RST step 4 description | Red boxes clearly highlight the AppKey and AppSecret values that the user is instructed to record | The 'Hide' and 'Reset' buttons next to AppSecret are visible interactive controls",
umn/source/user_guide/dataarts_dataservice/calling_apis_in_dataarts_dataservice/calling_apis_using_different_methods/recommended_using_an_sdk_to_call_an_api_which_uses_app_authentication.rst,(Recommended) Using an SDK to Call an API Which Uses App Authentication,en-us_image_0000002234238292.png,screenshot,pass,1.00,"Image shows an API details page with URL section (Private IP and Public IP), matching Figure 2 caption 'Recording the URL, request method, and input parameters' | The Basic Definition section shows the request flow: Client -> API Request (POST method in red box) -> Data Source (DWS, postgres) | Input Parameters table is visible with parameters body, header, path, query, static highlighted in a red box, matching the RST description of various input parameter locations | The Public IP URL is highlighted in a red box, consistent with the RST note about using public IP for local calls",
umn/source/user_guide/dataarts_dataservice/calling_apis_in_dataarts_dataservice/calling_apis_using_different_methods/recommended_using_an_sdk_to_call_an_api_which_uses_app_authentication.rst,(Recommended) Using an SDK to Call an API Which Uses App Authentication,en-us_image_0000002234238300.png,screenshot,pass,1.00,"Image shows the SDKs page with a Process Flow (Download SDKs, Import Code Project, Specify AppKey & AppSecret, Run Code) and Software Languages section, matching Figure 3 caption 'Downloading the SDK' | The 'Download Java SDK' link is highlighted in a red box, directly corresponding to the RST instruction to download the Java SDK | All language options listed in the RST (C#, Python, Go, JavaScript, PHP, C++, C, Android) are visible as cards with 'Download SDKs' links | The process flow steps align with the overall procedure described in the document",
umn/source/user_guide/dataarts_dataservice/calling_apis_in_dataarts_dataservice/calling_apis_using_different_methods/recommended_using_an_sdk_to_call_an_api_which_uses_app_authentication.rst,(Recommended) Using an SDK to Call an API Which Uses App Authentication,en-us_image_0000002234238288.png,screenshot,pass,1.00,"Image shows Eclipse IDE with Main.java open, matching Figure 4 caption 'Modifying the main.java file' | Red boxes highlight the exact code lines described in the RST: request.setMethod(""POST""), request.setUrl(...), request.addQueryStringParam(""query"", ""1""), request.addHeader(""header"", ""2""), request.setBody(""{\""body\"":4}"") | The code uses System.getenv(""SDK_AK"") and System.getenv(""SDK_SK"") for authentication, consistent with the RST's recommendation to use environment variables | The project structure shows java-sdk-demo with the SDK imported, matching the RST step about importing the SDK to Eclipse",
umn/source/user_guide/dataarts_dataservice/calling_apis_in_dataarts_dataservice/calling_apis_using_different_methods/recommended_using_an_sdk_to_call_an_api_which_uses_app_authentication.rst,(Recommended) Using an SDK to Call an API Which Uses App Authentication,en-us_image_0000002269197737.png,screenshot,pass,1.00,"Image shows Eclipse Run Configurations dialog with the Environment tab selected (red box), matching Figure 5 caption 'Configuring the AppKey and AppSecret' | Environment variables SDK_AK and SDK_SK are visible with partially masked values in a red box, exactly as described in the RST step | The dialog shows 'Run a Java application' context with the Main configuration, consistent with the RST instruction to choose Run > Run Configurations | Interactive controls include Add, Select, Edit, Remove, Copy, Paste, Run, and Close buttons, as well as radio buttons for environment mode",
umn/source/user_guide/dataarts_dataservice/calling_apis_in_dataarts_dataservice/calling_apis_using_different_methods/using_a_browser_to_call_an_api_which_requires_no_authentication.rst,Using a Browser to Call an API Which Requires No Authentication,en-us_image_0000002269198589.png,screenshot,pass,1.00,"Image is a console screenshot of the DataArts DataService API details page, matching Figure 1's caption 'Recording the URL, request method, and input parameters'. | It displays the URL (Private IP and Public IP), the request method GET, and the input parameters table with 'path' (Path) and 'query' (Query), exactly as described in the Obtaining API Information step. | The Basic Definition flow (Client -> API Request -> Data Source) and the highlighted GET method and parameter names align with the RST narrative. | No contradiction between the visible content and the RST text.","Some URL values are partially redacted/blurred, but the structure and labels remain clear."
umn/source/user_guide/dataarts_dataservice/calling_apis_in_dataarts_dataservice/calling_apis_using_different_methods/using_a_browser_to_call_an_api_which_requires_no_authentication.rst,Using a Browser to Call an API Which Requires No Authentication,en-us_image_0000002269118509.png,screenshot,pass,1.00,"Image is a Chrome browser screenshot showing the API call result, matching Figure 2's caption 'Using a browser to call an API'. | The address bar shows the URL pattern /getContestantInfo/2?query=1, consistent with the example URL in the Calling an API section. | The JSON response highlights ""errCode"":""DLM.0"", which the RST states indicates a successful API call. | No contradiction between the visible content and the RST text.","The host portion of the URL is partially redacted, but the path and query parameters are clearly visible."
umn/source/user_guide/dataarts_dataservice/calling_apis_in_dataarts_dataservice/calling_apis_using_different_methods/using_an_api_tool_to_call_an_api_which_requires_no_authentication.rst,Using an API Tool to Call an API Which Requires No Authentication,en-us_image_0000002269196261.png,screenshot,pass,1.00,"Image is the DataArts DataService API details page showing URL, request method (POST), and input parameters table. | Matches Figure 1 caption 'Recording the URL, request method, and input parameters' in the Obtaining API Information section. | Input parameters body, header, path, query align with the RST example of an API with various parameter locations.",
umn/source/user_guide/dataarts_dataservice/calling_apis_in_dataarts_dataservice/calling_apis_using_different_methods/using_an_api_tool_to_call_an_api_which_requires_no_authentication.rst,Using an API Tool to Call an API Which Requires No Authentication,en-us_image_0000002269196245.png,screenshot,pass,1.00,Postman screenshot showing POST method and calling URL with ?query=1 appended. | Matches Figure 2 'Request method and calling URL' in the Calling an API section. | URL format with path value 3 and query parameter matches the RST example ?query=1.,
umn/source/user_guide/dataarts_dataservice/calling_apis_in_dataarts_dataservice/calling_apis_using_different_methods/using_an_api_tool_to_call_an_api_which_requires_no_authentication.rst,Using an API Tool to Call an API Which Requires No Authentication,en-us_image_0000002234236824.png,screenshot,pass,1.00,Postman Params tab showing Query Params with key query and value 1. | Matches Figure 3 'Params' describing auto-generated Query Params. | Consistent with RST statement that Query parameter value is automatically generated.,
umn/source/user_guide/dataarts_dataservice/calling_apis_in_dataarts_dataservice/calling_apis_using_different_methods/using_an_api_tool_to_call_an_api_which_requires_no_authentication.rst,Using an API Tool to Call an API Which Requires No Authentication,en-us_image_0000002234236796.png,screenshot,pass,1.00,Query Params showing pageSize=100 and pageNum=1. | Matches Figure 4 'Pagination parameters' and the RST description of pageSize and pageNum. | Values align with the optional pagination configuration described in the text.,
umn/source/user_guide/dataarts_dataservice/calling_apis_in_dataarts_dataservice/calling_apis_using_different_methods/using_an_api_tool_to_call_an_api_which_requires_no_authentication.rst,Using an API Tool to Call an API Which Requires No Authentication,en-us_image_0000002234076968.png,screenshot,pass,1.00,Query Params showing pre_order_by with value id:ASC;age:ASC;score:DESC. | Matches Figure 5 'Ranking parameters' and the RST format Ranking parameter name:ASC/DESC separated by semicolons. | Value format is consistent with the sorting configuration described.,
umn/source/user_guide/dataarts_dataservice/calling_apis_in_dataarts_dataservice/calling_apis_using_different_methods/using_an_api_tool_to_call_an_api_which_requires_no_authentication.rst,Using an API Tool to Call an API Which Requires No Authentication,en-us_image_0000002269196241.png,screenshot,pass,1.00,"Query Params showing use_total_num=0. | Matches Figure 6 'Number of returned records' and the RST description of use_total_num. | Value 0 (not 1) corresponds to not returning total records, consistent with the text.",
umn/source/user_guide/dataarts_dataservice/calling_apis_in_dataarts_dataservice/calling_apis_using_different_methods/using_an_api_tool_to_call_an_api_which_requires_no_authentication.rst,Using an API Tool to Call an API Which Requires No Authentication,en-us_image_0000002269116177.png,screenshot,pass,1.00,Postman Headers tab showing auto-generated headers including Host and a custom header=2. | Matches Figure 7 'Headers' and the RST note that Postman auto-selects Host. | Custom header parameter with value 2 aligns with the example header parameter.,
umn/source/user_guide/dataarts_dataservice/calling_apis_in_dataarts_dataservice/calling_apis_using_different_methods/using_an_api_tool_to_call_an_api_which_requires_no_authentication.rst,Using an API Tool to Call an API Which Requires No Authentication,en-us_image_0000002234236788.png,screenshot,pass,1.00,"Postman Body tab with raw format selected and content {""body"":4}. | Matches Figure 8 'Body' and the RST example {""body"":4} in raw format. | Format and value are consistent with the described Body parameter entry.",
umn/source/user_guide/dataarts_dataservice/calling_apis_in_dataarts_dataservice/calling_apis_using_different_methods/using_an_api_tool_to_call_an_api_which_requires_no_authentication.rst,Using an API Tool to Call an API Which Requires No Authentication,en-us_image_0000002269196237.png,screenshot,pass,1.00,"Postman response body showing errCode DLM.0 and returned data records. | Matches Figure 9 'Calling an API' and the RST statement that errCode DLM.0 indicates success. | Returned JSON data with score, gender, id, age fields is consistent with a successful API call.",
umn/source/user_guide/dataarts_dataservice/calling_apis_in_dataarts_dataservice/calling_apis_using_different_methods/using_an_api_tool_to_call_an_api_which_uses_app_authentication.rst,Using an API Tool to Call an API Which Uses App Authentication,en-us_image_0000002269197741.png,screenshot,pass,1.00,"Shows the app details page with AppKey and AppSecret fields highlighted, matching Figure 1 caption. | Displays App Name, App Type, ID, Created, and an Associated APIs table consistent with the 'Obtaining App and API Information' section. | Red boxes around AppKey and AppSecret align with the instruction to record these values.",
umn/source/user_guide/dataarts_dataservice/calling_apis_in_dataarts_dataservice/calling_apis_using_different_methods/using_an_api_tool_to_call_an_api_which_uses_app_authentication.rst,Using an API Tool to Call an API Which Uses App Authentication,en-us_image_0000002234238292.png,screenshot,pass,1.00,"Shows URL, Private IP, Public IP, request method (POST), and input parameters table, matching Figure 2. | Input parameters include body, header, path, query, and static, consistent with the RST description of various parameter locations. | Red boxes highlight the public IP URL and the parameter names as described.",
umn/source/user_guide/dataarts_dataservice/calling_apis_in_dataarts_dataservice/calling_apis_using_different_methods/using_an_api_tool_to_call_an_api_which_uses_app_authentication.rst,Using an API Tool to Call an API Which Uses App Authentication,en-us_image_0000002234240260.png,screenshot,pass,1.00,"Shows the SDKs page with a Process Flow and Software Languages grid, matching Figure 3. | The JavaScript 'Download SDKs' link is highlighted with a red box, matching the instruction to download the JavaScript SDK. | Other languages (C#, Python, Go, PHP, C++, C, Android) are listed, consistent with an SDK download page.",
umn/source/user_guide/dataarts_dataservice/calling_apis_in_dataarts_dataservice/calling_apis_using_different_methods/using_an_api_tool_to_call_an_api_which_uses_app_authentication.rst,Using an API Tool to Call an API Which Uses App Authentication,en-us_image_0000002269119653.png,screenshot,pass,1.00,"Shows the 'Apigateway Signature Test' form (demo.html) with Key, Secret, Method, Url, Headers, Body fields, matching Figure 4. | Body contains {""body"":4} and URL includes ?query=1, matching the RST examples. | Debug and Send request buttons are visible, and a curl output with X-Sdk-Date, Authorization, X-Authorization is shown.",
umn/source/user_guide/dataarts_dataservice/calling_apis_in_dataarts_dataservice/calling_apis_using_different_methods/using_an_api_tool_to_call_an_api_which_uses_app_authentication.rst,Using an API Tool to Call an API Which Uses App Authentication,en-us_image_0000002234240268.png,screenshot,pass,1.00,"Shows Postman with POST method and the calling URL, matching Figure 5. | Headers tab displays header, X-Sdk-Date, Authorization, X-Authorization entries as described. | Red boxes highlight the URL and the Params/Headers/Body tabs.",
umn/source/user_guide/dataarts_dataservice/calling_apis_in_dataarts_dataservice/calling_apis_using_different_methods/using_an_api_tool_to_call_an_api_which_uses_app_authentication.rst,Using an API Tool to Call an API Which Uses App Authentication,en-us_image_0000002269199717.png,screenshot,pass,1.00,"Shows Postman Query Params with query=1, matching Figure 6. | The URL contains ?query=1, consistent with the RST description of auto-generated Query Params. | Red box highlights the query parameter row.",
umn/source/user_guide/dataarts_dataservice/calling_apis_in_dataarts_dataservice/calling_apis_using_different_methods/using_an_api_tool_to_call_an_api_which_uses_app_authentication.rst,Using an API Tool to Call an API Which Uses App Authentication,en-us_image_0000002234236796.png,screenshot,pass,1.00,"Shows Query Params with pageSize=100 and pageNum=1, matching Figure 7 pagination parameters. | Aligns with the RST description of pageSize and pageNum for pagination configuration.",
umn/source/user_guide/dataarts_dataservice/calling_apis_in_dataarts_dataservice/calling_apis_using_different_methods/using_an_api_tool_to_call_an_api_which_uses_app_authentication.rst,Using an API Tool to Call an API Which Uses App Authentication,en-us_image_0000002234076968.png,screenshot,pass,1.00,"Shows Query Params with pre_order_by=id:ASC;age:ASC;score:DESC, matching Figure 8 ranking parameters. | The format matches the RST description of Ranking parameter name:ASC/DESC separated by semicolons.",
umn/source/user_guide/dataarts_dataservice/calling_apis_in_dataarts_dataservice/calling_apis_using_different_methods/using_an_api_tool_to_call_an_api_which_uses_app_authentication.rst,Using an API Tool to Call an API Which Uses App Authentication,en-us_image_0000002269196241.png,screenshot,pass,1.00,"Shows Query Params with use_total_num=0, matching Figure 9 number of returned records. | Consistent with the RST description that a value not equal to 1 means the total record count is not returned.",
umn/source/user_guide/dataarts_dataservice/calling_apis_in_dataarts_dataservice/calling_apis_using_different_methods/using_an_api_tool_to_call_an_api_which_uses_app_authentication.rst,Using an API Tool to Call an API Which Uses App Authentication,en-us_image_0000002234080440.png,screenshot,pass,1.00,"Shows Postman Headers tab with Host, header, X-Sdk-Date, Authorization, X-Authorization, matching Figure 10. | Red boxes highlight the auto-generated Host header and the custom authentication headers as described in the RST note. | Values include SDK-HMAC-SHA256 Authorization strings consistent with the generated authentication information.",
umn/source/user_guide/dataarts_dataservice/calling_apis_in_dataarts_dataservice/calling_apis_using_different_methods/using_an_api_tool_to_call_an_api_which_uses_app_authentication.rst,Using an API Tool to Call an API Which Uses App Authentication,en-us_image_0000002234080464.png,screenshot,pass,1.00,"Shows Postman Body tab with raw format selected and {""body"":4}, matching Figure 11. | Consistent with the RST instruction to use braces in Body parameter name:value format.",
umn/source/user_guide/dataarts_dataservice/calling_apis_in_dataarts_dataservice/calling_apis_using_different_methods/using_an_api_tool_to_call_an_api_which_uses_app_authentication.rst,Using an API Tool to Call an API Which Uses App Authentication,en-us_image_0000002269196237.png,screenshot,pass,1.00,"Shows Postman response Body with ""errCode"":""DLM.0"" highlighted, matching Figure 12 and the success condition in the RST. | Response includes data records with score, gender, id, age fields, consistent with a successful API call result.",
umn/source/user_guide/dataarts_dataservice/calling_apis_in_dataarts_dataservice/calling_apis_using_different_methods/using_an_api_tool_to_call_an_api_which_uses_iam_authentication.rst,Using an API Tool to Call an API Which Uses IAM Authentication,en-us_image_0000002269123865.png,screenshot,pass,1.00,"Image shows DataArts DataService API details page with URL, request method (POST), and input parameters table | Matches Figure 1 caption 'Recording the URL, request method, and input parameters' exactly | Input parameters table shows body, header, path, query with their locations matching the RST description | The public IP URL is highlighted with a red box as described in the text about using public IP addresses",
umn/source/user_guide/dataarts_dataservice/calling_apis_in_dataarts_dataservice/calling_apis_using_different_methods/using_an_api_tool_to_call_an_api_which_uses_iam_authentication.rst,Using an API Tool to Call an API Which Uses IAM Authentication,en-us_image_0000002234084656.png,screenshot,pass,1.00,"Shows Postman with POST request to /v3/auth/tokens URL matching the RST code block | JSON body contains auth.identity.password.user with name, password, domain fields as described | Scope project id field is visible matching the RST description of setting auth.scope to project | Matches Figure 2 caption 'Obtaining a token by calling'",
umn/source/user_guide/dataarts_dataservice/calling_apis_in_dataarts_dataservice/calling_apis_using_different_methods/using_an_api_tool_to_call_an_api_which_uses_iam_authentication.rst,Using an API Tool to Call an API Which Uses IAM Authentication,en-us_image_0000002234084648.png,screenshot,pass,1.00,Shows Postman response Headers tab with X-Subject-Token highlighted in red box | Status 201 Created confirms successful token retrieval | Matches Figure 3 caption 'Obtaining a token' and the RST instruction to obtain x-subject-token from response header | The token value is visible and highlighted as described in the text,
umn/source/user_guide/dataarts_dataservice/calling_apis_in_dataarts_dataservice/calling_apis_using_different_methods/using_an_api_tool_to_call_an_api_which_uses_iam_authentication.rst,Using an API Tool to Call an API Which Uses IAM Authentication,en-us_image_0000002269203925.png,screenshot,pass,1.00,Shows Postman with POST method and URL /getUserInfo/3?query=1 matching the RST example | Headers tab is active showing X-Auth-Token and header parameters | Matches Figure 4 caption 'Request method and calling URL' | The query parameter format ?query=1 matches the RST description exactly,
umn/source/user_guide/dataarts_dataservice/calling_apis_in_dataarts_dataservice/calling_apis_using_different_methods/using_an_api_tool_to_call_an_api_which_uses_iam_authentication.rst,Using an API Tool to Call an API Which Uses IAM Authentication,en-us_image_0000002269123857.png,screenshot,pass,1.00,Shows Postman Params tab with Query Params section | Query parameter 'query' with value '1' is highlighted in red box | Matches Figure 5 caption 'Params' and the RST description of Query Params | The URL shows ?query=1 format as described in the text,
umn/source/user_guide/dataarts_dataservice/calling_apis_in_dataarts_dataservice/calling_apis_using_different_methods/using_an_api_tool_to_call_an_api_which_uses_iam_authentication.rst,Using an API Tool to Call an API Which Uses IAM Authentication,en-us_image_0000002234236796.png,screenshot,pass,1.00,Shows Query Params with pageSize=100 and pageNum=1 | Matches Figure 6 caption 'Pagination parameters' | Directly corresponds to the RST description of pageSize and pageNum parameters | Both parameters are checked/enabled as expected,
umn/source/user_guide/dataarts_dataservice/calling_apis_in_dataarts_dataservice/calling_apis_using_different_methods/using_an_api_tool_to_call_an_api_which_uses_iam_authentication.rst,Using an API Tool to Call an API Which Uses IAM Authentication,en-us_image_0000002234076968.png,screenshot,pass,1.00,Shows Query Params with pre_order_by parameter | Value 'id:ASC;age:ASC;score:DESC' matches the RST format description exactly | Matches Figure 7 caption 'Ranking parameters' | Semicolon-separated format with ASC/DESC modes matches the documented specification,
umn/source/user_guide/dataarts_dataservice/calling_apis_in_dataarts_dataservice/calling_apis_using_different_methods/using_an_api_tool_to_call_an_api_which_uses_iam_authentication.rst,Using an API Tool to Call an API Which Uses IAM Authentication,en-us_image_0000002269196241.png,screenshot,pass,1.00,"Shows Query Params with use_total_num=0 | Matches Figure 8 caption 'Number of returned records' | Value 0 (not 1) means total records will not be returned, matching the RST description | Parameter name and behavior align with the documented specification",
umn/source/user_guide/dataarts_dataservice/calling_apis_in_dataarts_dataservice/calling_apis_using_different_methods/using_an_api_tool_to_call_an_api_which_uses_iam_authentication.rst,Using an API Tool to Call an API Which Uses IAM Authentication,en-us_image_0000002234084664.png,screenshot,pass,1.00,Shows Postman Headers tab with X-Auth-Token and header parameters highlighted | X-Auth-Token contains a token value matching the x-subject-token from Figure 3 | Matches Figure 9 caption 'Headers' and the RST instruction to enter x-subject-token for X-Auth-Token | Host header shows '<calculated when request is sent>' matching the note about Postman auto-generating host,
umn/source/user_guide/dataarts_dataservice/calling_apis_in_dataarts_dataservice/calling_apis_using_different_methods/using_an_api_tool_to_call_an_api_which_uses_iam_authentication.rst,Using an API Tool to Call an API Which Uses IAM Authentication,en-us_image_0000002234244480.png,screenshot,pass,1.00,"Shows Postman Body tab with 'raw' format selected and 'Text' type | Body content shows {""body"":4} matching the RST example exactly | Matches Figure 10 caption 'Body' | The raw format with braces enclosing the string matches the documented format",
umn/source/user_guide/dataarts_dataservice/calling_apis_in_dataarts_dataservice/calling_apis_using_different_methods/using_an_api_tool_to_call_an_api_which_uses_iam_authentication.rst,Using an API Tool to Call an API Which Uses IAM Authentication,en-us_image_0000002269196237.png,screenshot,pass,1.00,"Shows Postman response body with errCode 'DLM.0' highlighted in red box | Matches Figure 11 caption 'Calling an API' and the RST success condition | Response includes data with score, gender, id, age fields consistent with the API example | errCode DLM.0 confirms successful API call as stated in the RST",
umn/source/user_guide/dataarts_dataservice/configuring_review_center.rst,Configuring Review Center,en-us_image_0000002269118965.png,screenshot,pass,1.00,"Image shows the Review Center page with the Reviewers tab active, matching the 'Managing a Reviewer' section | The Add button is highlighted with a red border, consistent with the RST instruction to click Add | Tabs (Pending Review, Reviewed, Applications, Notifications, Reviewers) are visible and match the Review Center context | The Delete button is grayed out, which is consistent with no reviewer currently selected",The RST mentions 'Reviewer Management' as a sub-section but the image shows a 'Reviewers' tab; minor naming difference but not a contradiction
umn/source/user_guide/dataarts_dataservice/configuring_review_center.rst,Configuring Review Center,en-us_image_0000002234244412.png,screenshot,pass,1.00,"Image shows the Review Center page with the Pending Review tab active, matching the 'Reviewing API Applications' section | A task row is visible with a Review button in the Operation column highlighted with a red border, exactly as described in the RST | Table columns (API, App, Review Type, Expires, Submitted, Creator, Operation) are visible and consistent with the review workflow | Filter controls (date range, API dropdown, search, refresh) are present above the task list","The RST mentions 'Batch Review' option above the task list, but no batch selection checkboxes or Batch Review button are clearly visible in the image"
umn/source/user_guide/dataarts_dataservice/developing_apis_in_dataarts_dataservice/authorizing_api_calling/authorizing_an_api_which_uses_app_authentication_to_apps.rst,Authorizing an API Which Uses App Authentication to Apps,en-us_image_0000002269115461.png,screenshot,pass,1.00,"Image shows an App details page with App Name, AppKey, App Type (APP), AppSecret with Show/Reset, and Associated APIs table, matching Figure 1 caption and step 5 description. | The Associated APIs table includes Operation column with Debug, Unbind, Renew links, matching step 6 notes in the RST. | App Type is shown as APP, consistent with the document's focus on APP-type apps. | All fields described in the RST (AppKey, AppSecret, reset capability, bound APIs) are visible.",
umn/source/user_guide/dataarts_dataservice/developing_apis_in_dataarts_dataservice/authorizing_api_calling/authorizing_an_api_which_uses_app_authentication_to_apps.rst,Authorizing an API Which Uses App Authentication to Apps,en-us_image_0000002234076248.png,screenshot,pass,1.00,"Image shows the Authorize Apps dialog box with Expires, Cluster, Static Params fields, and app selection, matching Figure 2 caption and step 5. | The warning about trusted apps and data leakage risks is visible, consistent with the security context of the document. | Static Params field is shown with a value, matching the note about static parameter values in the RST. | OK and Cancel buttons are present, matching the instruction to click OK. | Existing Apps and Global Search tabs are visible, providing the app selection mechanism described.",
umn/source/user_guide/dataarts_dataservice/developing_apis_in_dataarts_dataservice/authorizing_api_calling/authorizing_an_api_which_uses_app_authentication_to_apps.rst,Authorizing an API Which Uses App Authentication to Apps,en-us_image_0000002269195549.png,screenshot,pass,1.00,"Image shows the APIs page with the Batch Operation dropdown open, matching Figure 3 caption and the Related Operations section. | The dropdown contains 'Authorize App' option, which corresponds to the RST instruction to 'select Authorize'. | The APIs list with checkboxes is visible, matching the instruction to 'select APIs' before clicking Batch Operation. | Other batch options (Publish, Unpublish, Whitelist, Debug) are also visible, providing full context.",
umn/source/user_guide/dataarts_dataservice/developing_apis_in_dataarts_dataservice/authorizing_api_calling/authorizing_an_api_which_uses_iam_authentication_through_a_whitelist.rst,Authorizing an API Which Uses IAM Authentication Through a Whitelist,en-us_image_0000002234085600.png,screenshot,pass,0.88,"Image is a 'Create' dialog box matching Figure 1 'Creating a whitelist' referenced in step 6 | Shows fields for Tenant, Cluster ID, Expires, and Cluster dropdown as described in the RST | OK and Cancel buttons are visible at the bottom of the dialog | The dialog is clearly for creating a whitelist entry for API authorization","RST mentions 'tenant ID' as a field to set, but the image shows 'Cluster ID' instead of a separate 'Tenant ID' field | The RST step 6 says 'set the tenant name, tenant ID, and authorization expiration time, select a cluster' but the image layout shows Tenant, Cluster ID, Expires, Cluster — the mapping of 'tenant ID' is unclear"
umn/source/user_guide/dataarts_dataservice/developing_apis_in_dataarts_dataservice/authorizing_api_calling/authorizing_an_api_which_uses_iam_authentication_through_a_whitelist.rst,Authorizing an API Which Uses IAM Authentication Through a Whitelist,en-us_image_0000002269195549.png,screenshot,pass,0.88,"Image shows the APIs page with the Batch Operation dropdown open, matching Figure 2 'Batch operation' | The dropdown displays options including 'Whitelist' which corresponds to the RST instruction to add a whitelist | The page header shows 'APIs' and the description mentions DataArts DataService | API list with checkboxes is visible, consistent with selecting multiple APIs for batch operation",RST says to click 'Add Whitelist' but the dropdown in the image shows 'Whitelist' without the 'Add' prefix | The exact wording in the RST ('click Add Whitelist') does not precisely match the visible menu item ('Whitelist')
umn/source/user_guide/dataarts_dataservice/developing_apis_in_dataarts_dataservice/authorizing_api_calling/authorizing_an_api_which_uses_iam_authentication_to_apps.rst,Authorizing an API Which Uses IAM Authentication to Apps,en-us_image_0000002234239584.png,screenshot,pass,1.00,"Image shows the 'Authorize Apps' dialog box exactly as referenced in Figure 1 of the RST | Dialog contains Expires field, Cluster dropdown, and an IAM-type app selected, matching step 5 description | The app ID prefix '-IAM-EX-' confirms it is an IAM-type app as described in the RST | OK and Cancel buttons are visible at the bottom of the dialog",
umn/source/user_guide/dataarts_dataservice/developing_apis_in_dataarts_dataservice/authorizing_api_calling/authorizing_an_api_which_uses_iam_authentication_to_apps.rst,Authorizing an API Which Uses IAM Authentication to Apps,en-us_image_0000002269195549.png,screenshot,pass,0.88,"Image shows the APIs page with the Batch Operation dropdown open, matching Figure 2 reference in the Related Operations section | The dropdown displays options: Publish, Unpublish, Authorize App, Whitelist, Debug | The RST says to 'select **Authorize**' but the image shows the menu item as 'Authorize App' — a minor naming discrepancy | The page header and table structure (API Name, Status, Author, Type columns) are consistent with the DataArts DataService APIs page described in the RST",The RST refers to the menu item as 'Authorize' while the image shows 'Authorize App' | The image does not show the full context of selecting multiple APIs before clicking Batch Operation
umn/source/user_guide/dataarts_dataservice/developing_apis_in_dataarts_dataservice/creating_a_reviewer_in_dataarts_dataservice.rst,Creating a Reviewer in DataArts DataService,en-us_image_0000002269118965.png,screenshot,pass,1.00,"The image shows the Review Center page with the 'Reviewers' tab active, matching the document's topic of adding a reviewer. | The 'Add' button is highlighted with a red box, consistent with step 4's instruction to click Add. | The screenshot is placed as Figure 1 'Adding reviewers' within the Procedure section, directly supporting the described workflow. | Visible UI elements (tabs, Add/Delete buttons) provide clear visual evidence of the reviewer management interface.","The left navigation pane (Operation Management > Review Center) is not visible in the cropped image. | The edition selection (e.g., Exclusive Edition) mentioned in step 3 is not shown."
umn/source/user_guide/dataarts_dataservice/developing_apis_in_dataarts_dataservice/creating_an_api/generating_an_api_using_a_script_or_mybatis.rst,Generating an API Using a Script or MyBatis,en-us_image_0000002269124069.png,screenshot,pass,1.00,Image is Figure 2 'Compiling the SQL statement for a query API' referenced in the Data Extraction Logic section. | Shows Input Parameters table with ${userid}/userid/STRING/Yes matching the RST example. | Edit Script pane shows 'SELECT * FROM userinfo WHERE id=${userid} LIMIT 10 OFFSET 10' exactly as in the RST code block. | Includes Ranking Parameters section and Test SQL button consistent with the described workflow.,
umn/source/user_guide/dataarts_dataservice/developing_apis_in_dataarts_dataservice/creating_an_api/generating_an_api_using_a_script_or_mybatis.rst,Generating an API Using a Script or MyBatis,en-us_image_0000002234084872.png,screenshot,pass,1.00,"Image is Figure 3 'Testing the SQL statement' referenced in the Data Extraction Logic section. | Shows Input Parameter table with userid=cc and a Run button, matching the RST test procedure. | Displays SQLs / Execution Results / Logs tabs and a results table with id, name, age, kk columns as described. | Note 'Only the first 10 results are displayed' aligns with pagination discussion.",
umn/source/user_guide/dataarts_dataservice/developing_apis_in_dataarts_dataservice/creating_an_api/generating_an_api_using_a_script_or_mybatis.rst,Generating an API Using a Script or MyBatis,en-us_image_0000002269204157.png,screenshot,pass,1.00,"Image is Figure 4 'Adding ranking parameters' referenced in the ranking parameters step. | Ranking Parameters table shows ${age} and ${kk} with Custom ranking mode, matching the RST example. | Edit Script shows 'SELECT * FROM userinfo WHERE id=${userid} order by ${age},${kk} LIMIT 10 OFFSET 10' exactly as in the RST. | Input Parameters and Test SQL button are present and consistent.",
umn/source/user_guide/dataarts_dataservice/developing_apis_in_dataarts_dataservice/creating_an_api/generating_an_api_using_a_script_or_mybatis.rst,Generating an API Using a Script or MyBatis,en-us_image_0000002234244684.png,screenshot,pass,1.00,"Image is Figure 5 'Testing the SQL statement' for the ranking parameter test. | Input Parameter table shows userid=cc and pre_order_by=age:ASC;kk:ASC with Transfer Value checked, matching the RST format. | Execution Results tab shows a sorted table with id, name, age, kk columns. | Run button and 'Only the first 10 results are displayed' note are present.",
umn/source/user_guide/dataarts_dataservice/developing_apis_in_dataarts_dataservice/creating_an_api/generating_an_api_using_a_script_or_mybatis.rst,Generating an API Using a Script or MyBatis,en-us_image_0000002234084584.png,screenshot,pass,1.00,"Image is Figure 6 'Setting values for input parameters' in the Testing the API section. | Shows API Name test, API Path /getUserInfo, Request Method GET matching the RST example. | Parameters table with QUERY tab lists id1=2, id2=10, pre_order_by=x:ASC;name:ASC consistent with the described input parameters. | Transfer Value checkboxes are visible.",
umn/source/user_guide/dataarts_dataservice/developing_apis_in_dataarts_dataservice/creating_an_api/generating_an_api_using_a_script_or_mybatis.rst,Generating an API Using a Script or MyBatis,en-us_image_0000002269204149.png,screenshot,pass,1.00,"Image is Figure 7 'Changing the value of pre_order_by' in the Testing the API section. | Red box highlights the pre_order_by value field 'x:ASC;name:ASC', matching the RST focus on changing pre_order_by. | API Name test, API Path /getUserInfo, GET method and id1/id2 parameters are consistent with the document. | QUERY/DEFAULT tabs and Transfer Value column are present.",
umn/source/user_guide/dataarts_dataservice/developing_apis_in_dataarts_dataservice/creating_an_api/generating_an_api_using_a_script_or_mybatis.rst,Generating an API Using a Script or MyBatis,en-us_image_0000002234244720.png,screenshot,pass,1.00,"Image is Figure 8 'View the values of pagination parameters' in the Testing the API section. | DEFAULT tab shows page_size (Default)=100 and page_num (Default)=1, matching the RST default pagination values. | Red note about maximum page_size of 100 during debugging is consistent with the pagination discussion. | API Name test, API Path /getUserInfo, GET method are present.",
umn/source/user_guide/dataarts_dataservice/developing_apis_in_dataarts_dataservice/creating_an_api/generating_an_api_using_a_script_or_mybatis.rst,Generating an API Using a Script or MyBatis,en-us_image_0000002234084544.jpg,icon,pass,0.93,"Image is |image1|, a small plus-in-circle icon used to create an API catalog. | Matches the RST step 'click |image1|' in the Creating an API Directory section. | It is an isolated symbolic UI control (add button), not a full screenshot.",No surrounding UI context visible; only the isolated plus icon is shown.
umn/source/user_guide/dataarts_dataservice/developing_apis_in_dataarts_dataservice/creating_an_api/generating_an_api_using_a_script_or_mybatis.rst,Generating an API Using a Script or MyBatis,en-us_image_0000002269124101.png,icon,pass,0.93,"Image is |image2|, a question-mark-in-circle help icon. | Matches the RST reference to click |image2| in the script editing area to view MyBatis tag syntax. | It is an isolated help/pictogram symbol, not a full screenshot.",No surrounding UI context visible; only the isolated help icon is shown.
umn/source/user_guide/dataarts_dataservice/developing_apis_in_dataarts_dataservice/creating_an_api/generating_an_api_using_a_script_or_mybatis.rst,Generating an API Using a Script or MyBatis,en-us_image_0000002234084856.png,icon,pass,0.93,"Image is |image3|, a question-mark-in-circle help icon. | Matches the RST reference to click |image3| next to Edit Script. | It is an isolated help/pictogram symbol, not a full screenshot.",No surrounding UI context visible; only the isolated help icon is shown.
umn/source/user_guide/dataarts_dataservice/developing_apis_in_dataarts_dataservice/creating_an_api/generating_an_api_using_a_script_or_mybatis.rst,Generating an API Using a Script or MyBatis,en-us_image_0000002269204137.png,icon,pass,0.93,"Image is |image4|, a double-arrow icon. | Matches the RST reference to click |image4| to add input parameters to the SQL statement. | It is an isolated symbolic UI control, not a full screenshot.",No surrounding UI context visible; only the isolated arrow icon is shown.
umn/source/user_guide/dataarts_dataservice/developing_apis_in_dataarts_dataservice/creating_an_api/generating_an_api_using_a_script_or_mybatis.rst,Generating an API Using a Script or MyBatis,en-us_image_0000002269124085.png,icon,pass,0.93,"Image is |image5|, a double-arrow icon. | Matches the RST reference to click |image5| to add a ranking parameter to the SQL statement. | It is an isolated symbolic UI control, not a full screenshot.",No surrounding UI context visible; only the isolated arrow icon is shown.
umn/source/user_guide/dataarts_dataservice/developing_apis_in_dataarts_dataservice/creating_an_api/generating_an_api_using_configuration.rst,Generating an API Using Configuration,en-us_image_0000002269203865.png,screenshot,pass,1.00,"Image is labeled Figure 2 'Add Parameter dialog box' in the RST and shows the Parameter Settings area with Add button, Return Total Records toggle, and three empty tables (Request, Response, Ranking Parameters). | Column headers (Bound Parameter, Input Parameter, Bound Field, Operator; Parameter, Bound Field, Parameter Type; No., Parameter, Field Name, Optional, Ranking Mode) match the RST descriptions exactly. | The empty 'No data available' state is consistent with the step describing selecting parameters to add before any are configured.",
umn/source/user_guide/dataarts_dataservice/developing_apis_in_dataarts_dataservice/creating_an_api/generating_an_api_using_configuration.rst,Generating an API Using Configuration,en-us_image_0000002269123801.png,screenshot,pass,1.00,"Image is labeled Figure 3 'Request parameters' and shows two request parameter rows: id1 with bound field x and operator >, and id2 with bound field x and operator <. | The RST states 'you can enter parameters id1 and id2 when accessing an API to match the values of x columns between id1 and id2', which aligns with the > and < operators shown. | Delete and Copy operation links are visible, matching the RST mention of copying and setting operators.",
umn/source/user_guide/dataarts_dataservice/developing_apis_in_dataarts_dataservice/creating_an_api/generating_an_api_using_configuration.rst,Generating an API Using Configuration,en-us_image_0000002269123749.png,screenshot,pass,1.00,"Image is labeled Figure 4 'Response parameters' and shows two rows: email (bound field email, type STRING) and name (bound field name, type STRING). | The RST describes response parameters as consisting of parameter name, bound field, and parameter type, all of which are visible as columns. | The STRING type dropdown matches the RST statement that parameter type can be numeric or character.",
umn/source/user_guide/dataarts_dataservice/developing_apis_in_dataarts_dataservice/creating_an_api/generating_an_api_using_configuration.rst,Generating an API Using Configuration,en-us_image_0000002269203841.png,screenshot,pass,1.00,"Image is labeled Figure 5 'Ranking parameters' and shows two rows with No., Parameter, Field Name, Optional, Ranking Mode, Description, and Operation columns. | Both rows show Ranking Mode set to 'Custom', consistent with the RST description of custom ranking mode. | The Optional checkboxes are unchecked, matching the RST note that unselected means the parameter is mandatory.",
umn/source/user_guide/dataarts_dataservice/developing_apis_in_dataarts_dataservice/creating_an_api/generating_an_api_using_configuration.rst,Generating an API Using Configuration,en-us_image_0000002234084584.png,screenshot,pass,1.00,"Image is labeled Figure 6 'Setting values for input parameters' and shows the API test page with API Name 'test', API Path '/getUserInfo', Request Method GET. | The QUERY tab shows id1 (NUMBER, Yes, value 2), id2 (NUMBER, Yes, value 10), and pre_order_by (STRING, No, value x:ASC;name:ASC), matching the RST testing section. | The red box highlights the Value column for id1 and id2, emphasizing the step of setting values for input parameters.",
umn/source/user_guide/dataarts_dataservice/developing_apis_in_dataarts_dataservice/creating_an_api/generating_an_api_using_configuration.rst,Generating an API Using Configuration,en-us_image_0000002234084548.png,screenshot,pass,1.00,"Image is labeled Figure 7 'Changing the value of pre_order_by' and shows the same API test page with the pre_order_by value field highlighted by a red box. | The highlighted value 'x:ASC;name:ASC' matches the RST format description: 'Ranking parameter name:ASC' separated by semicolons. | The RST step 2 describes changing the value of pre_order_by, which is exactly what the red box draws attention to.",
umn/source/user_guide/dataarts_dataservice/developing_apis_in_dataarts_dataservice/creating_an_api/generating_an_api_using_configuration.rst,Generating an API Using Configuration,en-us_image_0000002269123777.png,screenshot,pass,1.00,"Image is labeled Figure 8 'Changing the values of pagination parameters' and shows the DEFAULT tab with page_size (Default) = 100 and page_num (Default) = 1. | The red note at the bottom states the maximum value of page_size is 100 during API debugging, matching the RST note exactly. | The RST step 3 describes changing pagination parameters, and the image shows the relevant fields.",
umn/source/user_guide/dataarts_dataservice/developing_apis_in_dataarts_dataservice/creating_an_api/generating_an_api_using_configuration.rst,Generating an API Using Configuration,en-us_image_0000002234084544.jpg,icon,pass,1.00,"Image is the |image1| substitution referenced in step 4 of 'Creating an API Directory': 'Choose API Development > API Catalogs and click |image1|.' | The image shows a small circular plus (+) icon, which is the standard 'add/create' button used to create a new API catalog. | The icon is consistent with the action of creating a new item in a list, matching the RST context of entering an API catalog name in a dialog box.",
umn/source/user_guide/dataarts_dataservice/developing_apis_in_dataarts_dataservice/creating_and_managing_an_exclusive_cluster.rst,Creating and Managing an Exclusive Cluster,en-us_image_0000002234085892.png,other,pass,1.00,"Image is a network architecture diagram showing User VPC with Endpoint (private address) and Resource tenant VPC with Endpoint service, ELB, ECS nodes, and EIP (public address). | Matches Figure 1 caption 'Networking of the DataArts DataService exclusive cluster' in the RST. | Accurately depicts the network topology described in the Network Environment Preparation section including VPC, EIP, ELB, and ECS components. | No contradictions with the RST content.",
umn/source/user_guide/dataarts_dataservice/developing_apis_in_dataarts_dataservice/creating_and_managing_an_exclusive_cluster.rst,Creating and Managing an Exclusive Cluster,en-us_image_0000002269205157.png,screenshot,pass,1.00,"Shows the Basic Details tab of a cluster page with cluster information fields (Cluster Name, AZ, VPC, Security Group, Status, etc.). | The Route section at the bottom shows Add and Delete buttons, matching the RST instruction to 'click Add following Route'. | Matches Figure 2 caption 'Basic Details page' in the RST. | The Add button is highlighted with a red border, drawing attention to the action described in the RST. | No contradictions with the RST content.",
umn/source/user_guide/dataarts_dataservice/developing_apis_in_dataarts_dataservice/creating_and_managing_an_exclusive_cluster.rst,Creating and Managing an Exclusive Cluster,en-us_image_0000002269205153.png,screenshot,pass,1.00,"Shows the Sharing tab of a cluster details page with a Share button and a workspace table (Workspace ID, Workspace Name, Operation columns). | Matches Figure 3 caption 'Sharing page' in the RST. | The RST step 5 instructs to 'click the Sharing tab' on the cluster details page, which is exactly what is shown. | The empty table with 'No data available' is consistent with a cluster that has not yet been shared. | No contradictions with the RST content.",
umn/source/user_guide/dataarts_dataservice/developing_apis_in_dataarts_dataservice/creating_and_managing_an_exclusive_cluster.rst,Creating and Managing an Exclusive Cluster,en-us_image_0000002234245724.png,screenshot,pass,1.00,"Shows the 'Share to Workspace' dialog box with a list of workspaces (Workspace ID and Workspace Name columns) and checkboxes for selection. | Matches Figure 4 caption 'Selecting workspaces' in the RST. | The RST step 6 instructs to 'select the workspaces you want to share the cluster to and click OK', which is exactly what the dialog shows. | Two workspaces are checked (datamap and datamap05), demonstrating the selection process. | Cancel and OK buttons are present at the bottom of the dialog. | No contradictions with the RST content.",
umn/source/user_guide/dataarts_dataservice/developing_apis_in_dataarts_dataservice/creating_and_managing_an_exclusive_cluster.rst,Creating and Managing an Exclusive Cluster,en-us_image_0000002234235668.png,screenshot,pass,1.00,"Shows the Workspace Information dialog box with fields for Name, Description, Mode, Enterprise Project, Job Log Path, API Quota of DataArts DataService Exclusive, and Workspace Members. | Matches Figure 5 caption 'Workspace Information dialog box' in the RST. | The RST step 2 in 'Setting the Allocated API Quota' instructs to click Edit on a workspace, which opens this dialog. | The API Quota section shows Used: 9, Allocated: 10, Total used: 9, Total allocated: 10, Total: 6,000 with a Save button. | The total of 6,000 differs from the RST default of 5,000, but this is a different instance configuration and not a contradiction. | No contradictions with the RST content.",
umn/source/user_guide/dataarts_dataservice/developing_apis_in_dataarts_dataservice/creating_and_managing_an_exclusive_cluster.rst,Creating and Managing an Exclusive Cluster,en-us_image_0000002269195137.png,screenshot,pass,1.00,"Shows the API Quota of DataArts DataService Exclusive section with a number input field (value 10), Save and Cancel buttons. | Matches Figure 6 caption 'Setting the allocated quota' in the RST. | The RST step 3 instructs to 'Locate API Quota of DataArts DataService Exclusive and click Edit... to set it. Click OK to save the change.' | Shows Used: 0, Allocated: 0, Total used: 0, Total allocated: 523, Total: 5,000, consistent with the RST default total of 5,000. | The +/- buttons and number input demonstrate the quota setting mechanism described in the RST. | No contradictions with the RST content.",
umn/source/user_guide/dataarts_dataservice/developing_apis_in_dataarts_dataservice/debugging_an_api.rst,Debugging an API,en-us_image_0000002269195549.png,screenshot,pass,1.00,"The image is a UI screenshot of the DataArts DataService 'APIs' page, matching the document's topic of debugging APIs. | It shows the 'Batch Operation' button highlighted with a red box and its open dropdown listing Publish, Unpublish, Authorize App, Whitelist, and Debug, exactly as described in the Related Operations text. | The API list with checkboxes and rows (e.g., dfhdfdf, creatL3z9i0UX_DLM_...) corresponds to 'select APIs' in the procedure. | The figure caption 'Figure 1 Batch operation' aligns with the visible Batch Operation dropdown. | No visible element contradicts the RST description.",The left navigation pane (API Management > APIs) is not visible in the cropped screenshot. | The Excel import step mentioned in the text is not shown in the image.
umn/source/user_guide/dataarts_dataservice/developing_apis_in_dataarts_dataservice/managing_apis/copying_an_api.rst,Copying an API,en-us_image_0000002234084676.png,screenshot,pass,1.00,"The image shows a 'Copy' dialog box with 'API Name' and 'Request Path' fields, matching step 5 of the procedure. | The dialog includes an 'OK' button and a 'Cancel' button, consistent with the instruction to click OK. | Validation text under each field (character limits, allowed characters) aligns with the API naming/path rules described in the topic. | The figure is referenced in the Procedure section as 'Figure 1 Copying an API', so it is directly relevant.","The image does not show the surrounding API list or the 'More' > 'Copy' menu from step 4, but that is outside the dialog scope. | No workspace or edition context is visible, but the figure is scoped to the dialog only."
umn/source/user_guide/dataarts_dataservice/developing_apis_in_dataarts_dataservice/managing_apis/displaying_an_api.rst,Displaying an API,en-us_image_0000002269204269.png,screenshot,pass,1.00,"The image is a UI dialog titled 'Display API', matching the figure caption 'Figure 1 Display API' in the RST. | It shows an 'Add' button, a 'Project ID' column, and 'OK'/'Cancel' buttons, consistent with step 4 describing clicking Add, entering a project ID, and clicking OK. | The red notice about the API being visible to users of the following projects aligns with the visibility-scope topic of the section. | The empty table state ('No data available.') is consistent with a newly opened dialog before any project is added.","No project ID is actually entered in the table, so the 'enter a project ID' step is only implied, not shown completed."
umn/source/user_guide/dataarts_dataservice/developing_apis_in_dataarts_dataservice/managing_apis/exporting_all_exporting_importing_apis.rst,Exporting All/Exporting/Importing APIs,en-us_image_0000002234079032.png,screenshot,pass,0.88,"Image shows the 'Export All APIs' confirmation dialog as referenced in Figure 1 | Constraints listed in the dialog match the RST constraints about export limitations | The dialog shows 'OK' and 'Cancel' buttons, while the RST instructs to click 'Yes' | Image is clearly a UI screenshot of a modal dialog box",RST says to click 'Yes' but the image shows 'OK' button instead of 'Yes'
umn/source/user_guide/dataarts_dataservice/developing_apis_in_dataarts_dataservice/managing_apis/exporting_all_exporting_importing_apis.rst,Exporting All/Exporting/Importing APIs,en-us_image_0000002269198301.png,screenshot,pass,1.00,Image shows the 'Export APIs' confirmation dialog as referenced in Figure 2 | Displays a table of APIs to be exported with name and Operation columns | Shows 'Yes' and 'No' buttons matching the RST instruction to click 'Yes' | The 'Remove' option and 'Hide' link provide additional detail consistent with the export workflow,
umn/source/user_guide/dataarts_dataservice/developing_apis_in_dataarts_dataservice/managing_apis/exporting_all_exporting_importing_apis.rst,Exporting All/Exporting/Importing APIs,en-us_image_0000002234079020.png,screenshot,pass,1.00,"Image shows the 'Import API' page as referenced in Figure 3 | Displays File Format (Excel), Overwrite APIs (No/Yes), and Import File (Select) parameters matching the RST table | Shows the 'Import' button and 'Import Result' area with columns for File, Imported, Time Required, Status, Error Information | The 'No result. Import an API first.' message is consistent with a fresh import page state",
umn/source/user_guide/dataarts_dataservice/developing_apis_in_dataarts_dataservice/managing_apis/managing_api_versions.rst,Managing API Versions,en-us_image_0000002269123357.png,screenshot,pass,1.00,"Image shows the Edit API page with step indicator (Configure Basic Details, Set Data Extract Logic, Test), matching Figure 1 caption. | Fields visible include API, API Catalog, Request Path, Protocol, Request Method, Description, Security Authentication, Display Scope, Access Log, and Min. Retention Period, all mentioned in the RST step 4. | API name and Request Path fields appear grayed out, consistent with the RST statement that these cannot be changed. | The 'Next' and 'Cancel' buttons at the bottom align with the workflow described in the RST.","The data extraction logic section (step 2 of the wizard) is not visible in this screenshot, only step 1 is shown."
umn/source/user_guide/dataarts_dataservice/developing_apis_in_dataarts_dataservice/managing_apis/managing_api_versions.rst,Managing API Versions,en-us_image_0000002269123361.png,screenshot,pass,1.00,"Image shows the API list page with the 'Edited' badge highlighted next to the API name 'jing_dws_iam', exactly matching the RST description in step 6. | The API status shows 'Published' and the Operation column includes 'Edit', 'Version Management', and 'More', consistent with the workflow. | The page header and description text about DataArts DataService match the context of the document. | The 'Edited' label is clearly visible and highlighted with a red box, confirming the visual evidence for the RST statement.",Only one API entry is visible; the full list of APIs is not shown.
umn/source/user_guide/dataarts_dataservice/developing_apis_in_dataarts_dataservice/managing_apis/managing_api_versions.rst,Managing API Versions,en-us_image_0000002234243996.png,screenshot,pass,1.00,"Image shows the Version Management tab selected, matching the RST instruction to click the Version Management tab. | The 'Compare Version' button is visible with the note 'Only two versions can be compared at a time', matching the RST description. | Three versions (V3, V2, V1) are listed with View, Publish, and Delete operations, matching the RST statement about viewing, deleting, or publishing versions. | Two versions (V3 and V2) are selected via checkboxes, demonstrating the comparison selection described in the RST. | Total Records: 3 is shown, which is within the 10 maximum mentioned in the RST.",The full API details page context (surrounding tabs and header) is partially visible but the top of the page is cut off.
umn/source/user_guide/dataarts_dataservice/developing_apis_in_dataarts_dataservice/managing_apis/synchronizing_apis.rst,Synchronizing APIs,en-us_image_0000002269197833.png,screenshot,pass,1.00,"Image shows the DataArts DataService Exclusive console on the APIs page, matching the RST context. | The 'More' dropdown is open with 'Synchronize to Data Maps' highlighted in a red box, exactly matching step 4 of the procedure. | Left navigation pane shows API Development > APIs, consistent with step 3 in the RST. | API list with checkboxes for selecting target APIs is visible, matching the instruction to 'Select the target APIs'. | Figure caption 'Figure 1 Synchronize to Data Maps' in the RST aligns with the image content.",
umn/source/user_guide/dataarts_dataservice/developing_apis_in_dataarts_dataservice/managing_apis/synchronizing_apis.rst,Synchronizing APIs,en-us_image_0000002269197853.png,screenshot,pass,1.00,"Image shows the 'Synch Result' page under 'Synchronize to Data Maps', matching step 5 of the RST procedure. | The table displays columns for Synced, Time Required, Status, and Details, consistent with checking 'API synchronization status and details'. | The Status column shows 'Successful' highlighted in a red box, providing clear visual evidence of the synchronization result. | A 'Sync' button and refresh icon are visible as interactive controls on the page. | Figure caption 'Figure 2 Synchronization result' in the RST aligns with the image content.",
umn/source/user_guide/dataarts_dataservice/developing_apis_in_dataarts_dataservice/managing_apis/unpublishing_deleting_apis.rst,Unpublishing/Deleting APIs,en-us_image_0000002269195549.png,screenshot,partial,0.77,"The image is a UI screenshot of the DataArts DataService 'APIs' page, matching the figure caption 'Batch operation'. | It shows the 'Batch Operation' button highlighted (red box) with its dropdown expanded, consistent with the Related Operations section describing batch operations. | The dropdown menu displays Publish, Unpublish, Authorize App, Whitelist, and Debug, but the RST instructs selecting 'Suspend', which is not present in the visible menu. | The table lists APIs with status 'Unpublished' and types 'GUI based'/'Script', providing clear visual context for the APIs page.",The 'Suspend' option mentioned in the RST is not visible in the Batch Operation dropdown shown in the image. | No checkbox selection state for batch selection is clearly demonstrated beyond one checked row.
umn/source/user_guide/dataarts_dataservice/developing_apis_in_dataarts_dataservice/orchestrating_apis/configuring_a_conditional_branch_operator.rst,Configuring a Conditional Branch Operator,en-us_image_0000002234236412.png,screenshot,pass,1.00,"Image shows an API orchestration canvas with Entry API, Conditional Branch, and Output Processing nodes, matching the RST description of viewing node code | The node code 'EntryApi_3909f' is visible in the properties panel, matching the example used in the RST | The red arrow highlights the node code location, consistent with the RST instruction to click a node to view the node code | The properties panel shows API configuration fields (API name, Request Path, Protocol, Request Method) typical of an Entry API configuration | The conditional branch with two sub-branches (dws_copy, dws_app) is visible, matching the document's topic",
umn/source/user_guide/dataarts_dataservice/developing_apis_in_dataarts_dataservice/orchestrating_apis/configuring_a_conditional_branch_operator.rst,Configuring a Conditional Branch Operator,en-us_image_0000002234084344.png,icon,pass,1.00,"The image is a small copy/duplicate icon (two overlapping rectangles), which matches the RST reference to click this icon to copy the node code | The RST explicitly states 'click |image1| to copy the node code' and this image is the referenced icon | The icon is consistent with a standard copy action symbol used in UI applications | The icon is appropriately small and symbolic, fitting the 'icon' classification",
umn/source/user_guide/dataarts_dataservice/developing_apis_in_dataarts_dataservice/orchestrating_apis/configuring_an_output_processing_operator.rst,Configuring an Output Processing Operator,en-us_image_0000002269195857.png,icon,partial,0.77,"The image is a small copy icon (two overlapping rectangles), consistent with the RST instruction to 'copy the code by clicking |image1|'. | The icon is an isolated UI symbol, not a full screenshot, so it is classified as an icon. | The copy icon semantically matches the described action of copying a node code from the API orchestration canvas. | No contradictions between the image content and the surrounding text.","The icon is very small and low-resolution, making fine details hard to discern. | No surrounding UI context is shown to confirm the exact placement of the copy button in the canvas."
umn/source/user_guide/dataarts_dataservice/developing_apis_in_dataarts_dataservice/orchestrating_apis/overview.rst,Overview,en-us_image_0000002269122033.png,screenshot,pass,1.00,"The image is a UI screenshot of an API workflow orchestration page, matching the RST caption 'Figure 1 API workflow orchestration page'. | The left panel shows the operator categories described in Table 1: Triggers (Entry API), API Catalogs (Common API), and Logic Controllers (Conditional Branch, Parallel Processing, Output Processing). | The central canvas displays a workflow with Entry API, Conditional Branch, Parallel Processing, Common API nodes (dws_copy, dws_none, dws_app), and Output Processing, consistent with the RST's operator types and workflow structure. | The right panel shows Output Processing configuration (Error Code Mappings, Result Set Mappings, Format Conversion), aligning with the RST description of the Output Processing operator. | The workflow structure respects the stated rules: a single Entry API start, a single Output Processing end, and the Output Processing is not a direct downstream of the Conditional Branch or Parallel Processing operators.","The image does not display version or cluster constraints (e.g., version 3.0.6), which are mentioned in the RST but not visually verifiable. | The exact branch counts and failure-policy configuration for the Parallel Processing operator are not visible in the screenshot."
umn/source/user_guide/dataarts_dataservice/developing_apis_in_dataarts_dataservice/orchestrating_apis/typical_api_orchestration_configuration.rst,Typical API Orchestration Configuration,en-us_image_0000002234080776.png,screenshot,pass,1.00,"Shows the API orchestration canvas with API Catalogs, Triggers (Entry API), and Logic Controllers (Conditional Branch, Parallel Processing, Output Processing) panels. | Matches Figure 1 / Figure 5 description of the API orchestration page after clicking Create. | Left navigation and top toolbar (Create, Save, Clear Canvas, Auto Layout) are visible as described.",
umn/source/user_guide/dataarts_dataservice/developing_apis_in_dataarts_dataservice/orchestrating_apis/typical_api_orchestration_configuration.rst,Typical API Orchestration Configuration,en-us_image_0000002269200065.png,screenshot,pass,1.00,"Shows the Entry API operator on the canvas with its configuration panel on the right (API name, Request Path, Protocol, Request Method, Security Authentication, etc.). | Matches Figure 2 description of configuring the Entry API operator in workflow 1.",
umn/source/user_guide/dataarts_dataservice/developing_apis_in_dataarts_dataservice/orchestrating_apis/typical_api_orchestration_configuration.rst,Typical API Orchestration Configuration,en-us_image_0000002269200001.png,screenshot,pass,1.00,Shows Entry API and dws_app (Common API) operators on the canvas with the right panel displaying Basic Info including node code NormalApi_5274d and a highlighted copy button. | Matches Figure 3 description of copying the code of the Common API operator.,
umn/source/user_guide/dataarts_dataservice/developing_apis_in_dataarts_dataservice/orchestrating_apis/typical_api_orchestration_configuration.rst,Typical API Orchestration Configuration,en-us_image_0000002269119973.png,screenshot,pass,1.00,"Shows the workflow Entry API -> dws_app -> Output Processing on the canvas. | Right panel shows Result Set Mappings with ${NormalApi_5274d|payload} mapped to 'Sales records' and Return Format set to EXCEL, matching the RST step 7 description.",
umn/source/user_guide/dataarts_dataservice/developing_apis_in_dataarts_dataservice/orchestrating_apis/typical_api_orchestration_configuration.rst,Typical API Orchestration Configuration,en-us_image_0000002234240604.png,screenshot,pass,1.00,"Shows the Entry API operator on the canvas with its configuration panel (API name 'nameds', Request Path '/nameds', Protocol HTTPS, Request Method GET). | Matches Figure 6 description of configuring the Entry API operator in workflow 2.",
umn/source/user_guide/dataarts_dataservice/developing_apis_in_dataarts_dataservice/orchestrating_apis/typical_api_orchestration_configuration.rst,Typical API Orchestration Configuration,en-us_image_0000002234240644.png,screenshot,pass,1.00,Shows Entry API -> AreaInformation on the canvas with the right panel displaying AreaInformation Basic Info including node code NormalApi_ff8bd and a highlighted copy button. | Matches Figure 7 description of copying the code of the AreaInformation operator.,
umn/source/user_guide/dataarts_dataservice/developing_apis_in_dataarts_dataservice/orchestrating_apis/typical_api_orchestration_configuration.rst,Typical API Orchestration Configuration,en-us_image_0000002234080772.png,screenshot,pass,1.00,"Shows the workflow with Entry API -> AreaInformation -> Conditional Branch -> Parallel Processing / RetailerInformation. | Right panel shows Conditional Branch configuration with BranchParallel Processing (Meets the current condition, expression referencing NormalApi_ff8bd, Equal to area1) and BranchRetailerInformation (Does not meet other conditions), matching RST step 7.",
umn/source/user_guide/dataarts_dataservice/developing_apis_in_dataarts_dataservice/orchestrating_apis/typical_api_orchestration_configuration.rst,Typical API Orchestration Configuration,en-us_image_0000002234240620.png,screenshot,pass,1.00,"Shows the full workflow with SupplierInformation and SalesRating operators mounted under Parallel Processing. | Right panel shows Parallel Processing configuration with Policy Upon Branch Failure and Timeout Duration for BranchSupplierInformation and BranchSalesRating, matching RST step 8.",
umn/source/user_guide/dataarts_dataservice/developing_apis_in_dataarts_dataservice/orchestrating_apis/typical_api_orchestration_configuration.rst,Typical API Orchestration Configuration,en-us_image_0000002269119993.png,screenshot,pass,1.00,"Shows the complete workflow with Output Processing at the bottom connected to SupplierInformation, SalesRating, and RetailerInformation. | Right panel shows three Result Set Mappings: ${NormalApi_3ad5c|payload} -> Supplier Information, ${NormalApi_01e7e|payload} -> Sales Rating, ${NormalApi_de62d|payload} -> Retailer Information, matching RST step 9.",
umn/source/user_guide/dataarts_dataservice/developing_apis_in_dataarts_dataservice/publishing_an_api.rst,Publishing an API,en-us_image_0000002234244312.png,screenshot,pass,1.00,"Image shows a 'Publish Hbase20250103' dialog with a cluster selection table, matching Figure 1 caption 'Selecting a cluster'. | The dialog includes radio buttons for cluster selection, API Status, API Version, API Debugging columns, and API Version/Description fields, consistent with step 4 of the procedure. | Cancel and OK buttons at the bottom confirm this is the publish dialog described in the RST. | The instruction 'Select a cluster on which the API is to be published' is visible at the top of the dialog.",
umn/source/user_guide/dataarts_dataservice/developing_apis_in_dataarts_dataservice/publishing_an_api.rst,Publishing an API,en-us_image_0000002269195549.png,screenshot,pass,1.00,"Image shows the APIs page with the 'Batch Operation' button highlighted (red border) and its dropdown open, matching Figure 2 caption 'Batch operation'. | The dropdown menu lists 'Publish' as the first option, directly corresponding to the Related Operations section: 'click Batch Operation above the list, and select Publish'. | The page header reads 'APIs' and shows a list of APIs with checkboxes, consistent with the RST description of selecting APIs for batch publishing. | Additional dropdown options (Unpublish, Authorize App, Whitelist, Debug) provide context for the batch operation feature.",
umn/source/user_guide/dataarts_dataservice/overview.rst,Overview,en-us_image_0000002234080376.png,screenshot,pass,1.00,"Image is a UI dashboard screenshot with the 'My APIs' tab active, matching the API-based data statistics described for Figure 1. | Right panel shows Published (200), Developing (1,243), Applications (0) and call metrics (Total calls, Successful, Failed, Valid, Invalid) consistent with Table 1 data overview. | Trend chart with 'APIs Called'/'APIs Published' toggle and Top 5 charts (Call Rate, Call Duration, Call Quantity) align with Table 1 trend and top-5 statistics. | Dropdown filters (All clusters, Last 30 days, Total calls, etc.) match the time period and cluster dimension options listed in the RST.","Several chart x-axis labels are truncated or shown as 'unknown', so individual API names are not fully legible. | No explicit 'Overview' page heading is visible in the screenshot."
umn/source/user_guide/dataarts_dataservice/overview.rst,Overview,en-us_image_0000002234240200.png,screenshot,pass,1.00,"Image is a UI dashboard screenshot with the 'My Apps' tab active, matching the App-based data statistics described for Figure 2. | Right panel shows Completed (14) and call metrics (Total calls, Successful, Failed, Valid, Invalid) consistent with Table 2 data overview. | Trend chart 'APIs Called' and Top 5 APPS charts (Call Rate, Call Duration, Call Quantity) align with Table 2 trend and top-5 statistics. | Dropdown filters (Last 30 days, Total calls, Success rate, Avg duration) match the time period and metric options listed in the RST.","Several chart x-axis labels are truncated or shown as 'unknown', so individual app names are not fully legible. | No explicit 'Overview' page heading is visible in the screenshot."
umn/source/user_guide/dataarts_dataservice/viewing_api_access_logs.rst,Viewing API Access Logs,en-us_image_0000002269119501.png,screenshot,pass,1.00,"Image shows the Service List page with Log Tank Service highlighted under Management & Governance, matching Figure 1 caption and RST step c. | The red box around Log Tank Service aligns with the instruction to click Log Tank Service under Management & Governance. | Visible interface elements (search bar, service categories, left nav) confirm it is a console screenshot.",
umn/source/user_guide/dataarts_dataservice/viewing_api_access_logs.rst,Viewing API Access Logs,en-us_image_0000002269119489.png,screenshot,pass,1.00,"Image shows the Basic Details page of a cluster with the Dump Log toggle set to LTS, matching Figure 2 and the RST instruction. | Red box highlights the Dump Log section with Log Group and Log Stream fields, consistent with enabling log dump to LTS. | Cluster details (name, AZ, VPC, status, IPs) are visible, confirming it is the Basic Details page.",
umn/source/user_guide/dataarts_dataservice/viewing_api_access_logs.rst,Viewing API Access Logs,en-us_image_0000002234080296.png,screenshot,pass,1.00,"Image shows the Raw Logs page in the LTS console with log entries displaying fields like apiName, appId, statusCode, filterMessage, matching Figure 3 log format. | The log stream name lts-topic-360b matches the one referenced in the RST and Figure 2. | Content section shows structured access log data consistent with the RST description of viewing access logs.",
umn/source/user_guide/dataarts_dataservice/viewing_api_access_logs.rst,Viewing API Access Logs,en-us_image_0000002269119493.png,icon,pass,1.00,"Image is a small location-pin icon, consistent with the RST usage of |image1| for selecting a region and project in the upper left corner. | The icon is a standard region/area selector symbol used in Huawei Cloud management console. | It is an isolated symbolic graphic, not a full UI screenshot.",
umn/source/user_guide/dataarts_factory/configuration_and_management/configuring_resources/configuring_a_default_item.rst,Configuring a Default Item,en-us_image_0000002269124893.png,screenshot,pass,1.00,"Image shows a configuration form with 'Database' (mandatory, red asterisk) and 'MRS Resource Queue' (non-mandatory, no red asterisk) fields | Directly matches the RST description: 'there are no red asterisks (*) before MRS Resource Queue, indicating that this parameter is not mandatory' | The red box highlights the MRS Resource Queue field, drawing attention to its non-mandatory status | A help icon (?) is visible next to MRS Resource Queue, consistent with a configuration UI","The full page context (navigation pane, page title) is not visible in the cropped image"
umn/source/user_guide/dataarts_factory/configuration_and_management/configuring_resources/configuring_a_default_item.rst,Configuring a Default Item,en-us_image_0000002269204977.png,icon,pass,0.88,"Image is a small gear/cog icon in blue-purple color, representing a settings/configuration button | Referenced in RST as |image1| for the SparkSqlJob/Script Default Template Configuration section | RST instructs users to 'click [icon] in the upper right corner to view the configured default program parameters', consistent with a settings gear icon | The icon is small and low-resolution, making fine details difficult to discern",The icon is very small and blurry; exact design details are hard to confirm | No surrounding UI context is visible to confirm its placement in the upper right corner
umn/source/user_guide/dataarts_factory/configuration_and_management/configuring_resources/configuring_a_default_item.rst,Configuring a Default Item,en-us_image_0000002234245540.png,icon,pass,0.88,"Image is a small gear/cog icon in blue-purple color, identical in appearance to Image 2 | Referenced in RST as |image2| for the HiveSqlJob/Script Default Template Configuration section | RST instructs users to 'click [icon] in the upper right corner to view the configured default program parameters', consistent with a settings gear icon | The icon is small and low-resolution, making fine details difficult to discern",The icon is very small and blurry; exact design details are hard to confirm | No surrounding UI context is visible to confirm its placement in the upper right corner
umn/source/user_guide/dataarts_factory/configuration_and_management/configuring_resources/configuring_a_scheduling_calendar.rst,Configuring a Scheduling Calendar,en-us_image_0000002269124977.png,screenshot,pass,0.88,"Image is the 'Create Scheduling Calendar' dialog box exactly as referenced in Figure 1 of the RST. | All fields mentioned in the RST are present: Calendar Name, Default Working Days (Mon to Sun / Mon to Fri), and Description. | The dialog includes Cancel and OK buttons matching the procedure step 'Click OK'. | The RST states 'By default, Mon to Fri is selected' but the image shows 'Mon to Sun' as the selected radio button, a minor discrepancy.",The image does not show the default state (Mon to Fri selected) as described in the RST; it shows Mon to Sun selected instead.
umn/source/user_guide/dataarts_factory/configuration_and_management/configuring_resources/configuring_a_scheduling_calendar.rst,Configuring a Scheduling Calendar,en-us_image_0000002269124989.png,screenshot,pass,1.00,"Image is the 'Scheduling Calendars' modification interface exactly as referenced in Figure 2 of the RST. | All operations mentioned in the RST are visible: Batch Select, Invert Selection, and Clear buttons appear both at the top level and per-month. | The calendar grid shows working days highlighted (Mon-Fri in blue), consistent with the scheduling calendar concept. | The interface includes Calendar Name, Owner, Description fields, year navigation, and Save/Close buttons, all consistent with the modify workflow described. | No contradictions between the RST description and the visual content.","The RST mentions clicking 'Modify' in the Operation column to reach this view, but the image does not show the preceding list/table with the Operation column."
umn/source/user_guide/dataarts_factory/configuration_and_management/configuring_resources/configuring_a_scheduling_identity.rst,Configuring a Scheduling Identity,en-us_image_0000002269195201.png,screenshot,pass,1.00,"Image is an 'Agencies' dialog with a searchable list of agencies (bigdata_agency, bigdata_akdc_agency, dlg_agency, mrs_admin) and radio-button selection, matching Figure 1 'Configuring a workspace-level agency'. | It directly illustrates step 5 of 'Configuring a Public Agency' where the user selects an agency. | OK/Cancel buttons and a search field are visible, consistent with the described selection action.","The surrounding Scheduling Identities page is not visible, only the agency selection dialog."
umn/source/user_guide/dataarts_factory/configuration_and_management/configuring_resources/configuring_a_scheduling_identity.rst,Configuring a Scheduling Identity,en-us_image_0000002234235800.png,screenshot,pass,1.00,"Image is the 'Create Job' dialog showing Job Name, Job Type, Mode, Owner, Priority, and an Agency field set to 'bigdata_agency', matching Figure 2 'Configuring an agency for a job'. | It illustrates step 3 of 'Configuring a Job-Level Agency' where an agency is selected during job creation. | Interactive controls (radio buttons, dropdowns, OK/Cancel) are visible.","The job directory / navigation pane context is not shown, only the dialog."
umn/source/user_guide/dataarts_factory/configuration_and_management/configuring_resources/configuring_a_scheduling_identity.rst,Configuring a Scheduling Identity,en-us_image_0000002269195241.png,screenshot,pass,1.00,"Image shows 'Assign selected permissions to DGC_agency' with the 'Tenant Administrator' system-defined role checked, matching Figure 3 'Assigning permissions'. | It corresponds to step 6 of 'Reference: Creating an Agency' where the Tenant Administrator policy is selected. | A checkbox, 'View Selected (1)' button, and 'All policies/roles' dropdown are visible.","The full IAM console navigation is not visible, only the policy assignment panel."
umn/source/user_guide/dataarts_factory/configuration_and_management/configuring_resources/configuring_a_scheduling_identity.rst,Configuring a Scheduling Identity,en-us_image_0000002269115113.png,icon,partial,0.65,"Image is a small document/page-style icon used as the |image1| inline symbol in step 6 of 'Configuring a Public Agency' ('click |image1|'). | It is an isolated UI symbol rather than a full interface, so it functions as a button glyph in the procedure. | The RST does not describe the icon's exact meaning, limiting detail verification.","No label or tooltip is visible to confirm the exact action the icon triggers (e.g., save/submit). | The icon is low-resolution, making its precise glyph hard to read."
umn/source/user_guide/dataarts_factory/configuration_and_management/configuring_resources/configuring_a_scheduling_identity.rst,Configuring a Scheduling Identity,en-us_image_0000002234075964.png,icon,partial,0.65,"Image is a small document/page-style icon used as the |image2| inline symbol in step 5 of 'Configuring a Public IAM Account' ('Click |image2|'). | It is an isolated UI symbol acting as a button glyph within the procedure. | The RST does not describe the icon's exact meaning, limiting detail verification.","No label or tooltip is visible to confirm the exact action the icon triggers. | The icon is low-resolution, making its precise glyph hard to read."
umn/source/user_guide/dataarts_factory/configuration_and_management/configuring_resources/configuring_a_template.rst,Configuring a Template,en-us_image_0000002269205393.png,screenshot,pass,1.00,"The screenshot shows the DataArts Studio Templates configuration page, matching the RST section 'Configuring a Template' and the figure caption 'Creating a script template'. | The left navigation pane highlights 'Templates', consistent with step 4 (Choose Templates). | The editor displays an SQL statement 'select @{aa}, @{bb}, @{cc};' referencing script parameters, matching step c (Enter an SQL statement and reference script parameters). | The right panel shows 'Template Name' (tpl_test_1) and 'Script Parameters' (aa=id, bb=name, cc=test_table), matching steps b and d (set template name and configure parameters). | Toolbar controls (Save, Format, Configure Editor, Help) are visible, supporting the interactive UI context.","The 'Add' and 'Save' buttons referenced in the procedure are not explicitly visible in this cropped view, though the Save toolbar control is present."
umn/source/user_guide/dataarts_factory/configuration_and_management/configuring_resources/configuring_an_obs_bucket.rst,Configuring an OBS Bucket,en-us_image_0000002234080176.png,screenshot,pass,1.00,"Image shows an 'OBS Bucket' configuration panel matching the figure caption 'Configuring an OBS bucket'. | The 'Bucket for Execution History' dropdown aligns with the step to select an OBS bucket for execution history. | A 'Save' button is visible, matching the final procedure step to click Save. | The panel is consistent with the Configuration > Configure > OBS Bucket navigation described in the RST.","The navigation pane and workspace context are not shown in this cropped panel. | No actual bucket value is selected (placeholder '-Select-' shown), so the selected-bucket state is not demonstrated."
umn/source/user_guide/dataarts_factory/configuration_and_management/configuring_resources/configuring_environment_variables.rst,Configuring Environment Variables,en-us_image_0000002234075804.png,screenshot,pass,1.00,"Image shows the 'Import Environment Variable' dialog box exactly as described in step 5 of the Importing Environment Variables section. | File Location dropdown set to OBS, file path field, and Duplicate Name Policy (Overwrite/Skip) radio buttons all match the RST description. | Figure caption 'Importing Environment Variables' aligns with the section content. | Cancel and Next buttons are visible as expected for a dialog box.",
umn/source/user_guide/dataarts_factory/configuration_and_management/configuring_resources/configuring_environment_variables.rst,Configuring Environment Variables,en-us_image_0000002234235624.png,screenshot,pass,1.00,"Image shows the Environment Variable page with Import/Export buttons, Variables table, and Constant Parameter section as described in the Configuration Method section. | Table columns (Edit Status, Variable Name, Variable Value, Description, Operation) match Table 1 in the RST. | Edit statuses (Modify, Delete, Add) are visible, matching the RST description of add/modify/delete operations. | The pencil icon next to Variable Value fields corresponds to the |image1| reference for editing EL expressions. | Constant Parameter section with empty state matches the RST distinction between variables and constants.","The Save button mentioned in the RST ('click Save') is not visible in the screenshot, possibly below the visible area."
umn/source/user_guide/dataarts_factory/configuration_and_management/configuring_resources/configuring_environment_variables.rst,Configuring Environment Variables,en-us_image_0000002269114989.png,screenshot,pass,0.83,"Image shows a Create OBS node with its Properties panel, matching Figure 3 caption 'Configuring parameters for the Create OBS node' in the Example section. | The node canvas and right-side properties panel (Node Name, OBS Path, Advanced Settings) are clearly visible. | The figure correctly illustrates step 2 of the Example: 'On the Node Properties tab page, configure the node properties.' | The OBS Path shows a plain path (obs://dataartsstudio/) rather than an environment variable reference like ${job}, which the example context implies.","No environment variable reference (e.g., ${job} or #{Evn.get(""job"")}) is visible in the OBS Path field, despite the example context describing a variable named 'job' with value '123'. | The Node Properties tab label is not explicitly visible; the panel is titled 'Properties'."
umn/source/user_guide/dataarts_factory/configuration_and_management/configuring_resources/configuring_environment_variables.rst,Configuring Environment Variables,en-us_image_0000002234075784.png,icon,pass,1.00,"Image is a small pencil/edit icon, matching the |image1| substitution defined in the RST. | The RST references this icon in the context of editing EL expressions: 'click |image1| next to the text box to edit the EL expression.' | The icon is a standard edit/pencil pictogram, consistent with its use as a UI symbol for editing. | No contradiction with the RST text; the icon serves its documented purpose.",
umn/source/user_guide/dataarts_factory/configuration_and_management/configuring_resources/configuring_the_number_of_concurrently_running_nodes.rst,Configuring the Number of Concurrently Running Nodes,en-us_image_0000002234076372.png,screenshot,pass,1.00,"The screenshot shows the 'Nodes Concurrently Running' configuration page with the 'Nodes Concurrently Running in the Workspace' input field, matching the procedure step in the RST. | A 'Save' button is visible, corresponding to the final 'Click Save' step. | The 'Historical Nodes Concurrently Running' area with a time-range picker and chart matches the 'Viewing the Number of Historical Nodes Concurrently Running' section. | The helper text 'Maximum number of nodes that can run concurrently in the current DataArts Studio instance: 1000' aligns with the constraint that the workspace value must not exceed the instance maximum. | The tooltip 'Enter a value from 10 to 1,000' is consistent with the configurable range described in the document.","The RST table lists a maximum of 400 concurrent nodes for the highest scheduling tier, while the image shows an instance maximum of 1000; this is a quota difference rather than a clear visual contradiction. | The navigation pane (Configuration > Configure) is not visible in the cropped screenshot."
umn/source/user_guide/dataarts_factory/configuration_and_management/configuring_resources/managing_job_tags.rst,Managing Job Tags,en-us_image_0000002269118469.png,screenshot,pass,1.00,"The image is a spreadsheet view showing a job-tag matrix, matching the 'Exporting Job Tags' figure caption 'Figure 1 Exporting job tags'. | Column A is labeled 'jobName' and lists job names (job_foreach, job_real, job_subjob, etc.), consistent with the RST note that the first column is the job name. | Columns B–F contain tag names (e.g., DWS_TRANSFORM, The MRS cluster...), consistent with the RST note that the first row is the tag name. | Cells contain 0/1 values, matching the RST description that 1 means a job has the tag and 0 means it does not. | No interactive controls or buttons are visible, only a data grid.","Tag names in columns C–F are truncated, so full tag labels are not fully readable. | No application chrome (toolbar/menu) is visible, so the exact exporting tool context is not shown."
umn/source/user_guide/dataarts_factory/configuration_and_management/managing_resources.rst,Managing Resources,en-us_image_0000002234235724.png,icon,pass,1.00,"The image is a small circular plus (+) icon, a standard 'create/add' button. | The RST references |image1| in the 'Creating a Directory' step: 'In the directory list, click |image1|.' | A plus icon is the conventional UI symbol for creating a new item, matching the 'create directory' action. | No contradictions between the icon and its documented usage.","The icon is shown in isolation without surrounding UI context, so the exact placement in the directory list cannot be verified."
umn/source/user_guide/dataarts_factory/configuration_and_management/managing_resources.rst,Managing Resources,en-us_image_0000002234235716.png,icon,pass,1.00,"The image is a three-vertical-dots (kebab) menu icon, a standard 'more options' control. | The RST references |image2| in the 'Importing a Resource' step: 'click |image2| and select Import Resource.' | A kebab menu icon is the conventional way to reveal additional actions such as 'Import Resource' in a resource directory. | No contradictions between the icon and its documented usage.",The icon is shown in isolation; the actual dropdown menu containing 'Import Resource' is not visible.
umn/source/user_guide/dataarts_factory/configuration_and_management/managing_resources.rst,Managing Resources,en-us_image_0000002234075884.png,icon,pass,1.00,"The image is a three-vertical-dots (kebab) menu icon, identical in style to the 'more options' control. | The RST references |image3| in the 'Exporting a Resource' step: 'select a resource, click |image3|, and select Export Resource.' | A kebab menu icon is the conventional way to reveal additional actions such as 'Export Resource' for a selected resource. | No contradictions between the icon and its documented usage.",The icon is shown in isolation; the actual dropdown menu containing 'Export Resource' is not visible.
umn/source/user_guide/dataarts_factory/data_management/creating_a_data_connection.rst,Creating a Data Connection,en-us_image_0000002269120705.png,screenshot,pass,1.00,"The image shows a 'Reference List' dialog box exactly as described in the RST figure caption. | The table columns (Name, Reference Module, Created On, Operation) match the context of viewing jobs or scripts that use a connection. | The red warning text about a data connection being referenced aligns with the 'Viewing Connection References' section. | OK and Cancel buttons are visible at the bottom, consistent with a dialog box UI. | No contradictions between the image content and the RST description.",
umn/source/user_guide/dataarts_factory/data_management/creating_a_data_connection.rst,Creating a Data Connection,en-us_image_0000002269120701.png,icon,pass,0.88,"The image is a small database/connection icon (cylindrical shape with horizontal lines in blue), referenced in the RST as the button to click to display the connection list. | It is used in step 4: 'Click |image1| to display the connection list,' which is directly relevant to the Viewing Connection References section. | The icon is small and slightly blurry, making fine details hard to discern, but the database symbol shape is recognizable. | No contradictions between the icon's purpose and the RST text.","The icon is very small and low-resolution, making it difficult to confirm exact visual details such as label text or precise styling."
umn/source/user_guide/dataarts_factory/data_management/creating_a_database.rst,Creating a Database,en-us_image_0000002234081428.png,icon,pass,0.93,"The image is a small blue database cylinder icon, directly relevant to the topic of creating a database. | The RST references this icon as the element to click in the script development menu before right-clicking a data connection to create a database. | The icon is used in step 4 of the 'Creating a Database on the DataArts Factory Console' section. | The visual clearly shows a database symbol (stacked cylinders), consistent with a database node in a UI tree. | No contradictions between the image and the RST content.","The icon does not show the surrounding script development menu context. | The icon is very small and low-resolution, making it hard to confirm exact UI placement."
umn/source/user_guide/dataarts_factory/data_management/creating_a_database.rst,Creating a Database,en-us_image_0000002269120645.png,icon,pass,0.93,"The image is a small blue database cylinder icon, relevant to the database management topic. | The RST references this icon in the 'Modify a database' related operation, where the user clicks it in the script development menu. | The icon is used in the 'Related Operations' section for modifying a database. | The visual clearly shows a database symbol, consistent with a database node in a UI tree. | No contradictions between the image and the RST content.","The icon does not show the surrounding script development menu context. | The icon is very small and low-resolution, making it hard to confirm exact UI placement."
umn/source/user_guide/dataarts_factory/data_management/creating_a_database.rst,Creating a Database,en-us_image_0000002234081440.png,icon,pass,0.93,"The image is a small blue database cylinder icon, relevant to the database management topic. | The RST references this icon in the 'Delete a database' related operation, where the user clicks it in the script development menu. | The icon is used in the 'Related Operations' section for deleting a database. | The visual clearly shows a database symbol, consistent with a database node in a UI tree. | No contradictions between the image and the RST content.","The icon does not show the surrounding script development menu context. | The icon is very small and low-resolution, making it hard to confirm exact UI placement."
umn/source/user_guide/dataarts_factory/data_management/creating_a_table.rst,Creating a Table,en-us_image_0000002234080764.png,icon,pass,1.00,"Image is a small database/cylinder pictogram, matching the 'click |image1|, expand the data connection to tables' step in GUI mode. | It is an isolated symbolic graphic, not a full UI screenshot. | The icon aligns with the table-creation workflow described in the document.",No surrounding UI context is visible to confirm the exact button label.
umn/source/user_guide/dataarts_factory/data_management/creating_a_table.rst,Creating a Table,en-us_image_0000002234240616.png,icon,pass,1.00,"Image is a plus-in-circle pictogram, matching 'click |image2| to create a table' in the GUI mode steps. | It is an isolated symbolic graphic (icon), not a screenshot. | The plus symbol is consistent with a 'create/add table' action.",No tooltip or label visible to confirm the exact action name.
umn/source/user_guide/dataarts_factory/data_management/creating_a_table.rst,Creating a Table,en-us_image_0000002269119985.png,icon,pass,1.00,"Image is a database/cylinder pictogram used in the DDL mode step 'click |image3|, expand the data connection to tables'. | It is an isolated icon, not a UI screenshot. | Consistent with the table-creation workflow.",No surrounding interface visible to confirm context.
umn/source/user_guide/dataarts_factory/data_management/creating_a_table.rst,Creating a Table,en-us_image_0000002269200033.png,icon,pass,1.00,Image is a plus-in-circle pictogram matching 'click |image4| to create a table' in DDL mode. | It is an isolated symbolic graphic (icon). | The plus symbol aligns with a create-table action.,No label or tooltip visible.
umn/source/user_guide/dataarts_factory/data_management/creating_a_table.rst,Creating a Table,en-us_image_0000002269119953.png,icon,pass,1.00,"Image is a database/cylinder pictogram used in 'View table details' related operation ('click |image5|'). | It is an isolated icon, not a screenshot. | Relevant to the table management section.",No UI context visible to confirm the exact menu item.
umn/source/user_guide/dataarts_factory/data_management/creating_a_table.rst,Creating a Table,en-us_image_0000002234080788.png,icon,pass,0.93,"Image is a database pictogram with a small magnifier/search symbol, used in the 'Delete a table' related operation ('click |image6|'). | It is an isolated icon, not a screenshot. | The magnifier element is slightly atypical for a delete action, but it functions as the icon to expand the data connection tree.",No label visible to confirm whether the icon denotes view or delete.
umn/source/user_guide/dataarts_factory/data_management/creating_a_table.rst,Creating a Table,en-us_image_0000002234240612.png,icon,pass,1.00,"Image is a plus-in-circle pictogram matching 'To add a column, click |image7|' (also reused for image9/image11). | It is an isolated symbolic graphic (icon). | The plus symbol aligns with an add-column action in the table structure.",No surrounding table-structure UI visible.
umn/source/user_guide/dataarts_factory/data_management/creating_a_table.rst,Creating a Table,en-us_image_0000002234240632.png,icon,pass,1.00,"Image is a trash-can pictogram matching 'To delete a column, click |image8|'. | It is an isolated symbolic graphic (icon). | The trash symbol aligns with a delete-column action.",No surrounding UI visible to confirm context.
umn/source/user_guide/dataarts_factory/data_management/creating_a_table.rst,Creating a Table,en-us_image_0000002234080752.png,icon,pass,1.00,"Image is a trash-can pictogram matching 'To delete a column, click |image10|' in the DWS table structure. | It is an isolated symbolic graphic (icon). | The trash symbol aligns with a delete-column action.",No surrounding UI visible to confirm context.
umn/source/user_guide/dataarts_factory/data_management/creating_a_table.rst,Creating a Table,en-us_image_0000002269119961.png,icon,pass,1.00,"Image is a trash-can pictogram matching 'To delete a column, click |image12|' in the MRS Hive table structure. | It is an isolated symbolic graphic (icon). | The trash symbol aligns with a delete-column action.",No surrounding UI visible to confirm context.
umn/source/user_guide/dataarts_factory/data_management/data_management_process.rst,Data Management Process,en-us_image_0000002269200857.png,other,fail,0.00,Local color check detected #3298ff.,
umn/source/user_guide/dataarts_factory/data_management/data_management_process.rst,Data Management Process,en-us_image_0000002234241420.png,icon,pass,0.95,"The image is a small icon depicting a table/database symbol with a magnifying glass, consistent with the RST instruction to 'Click |image1| to view the databases, data tables, and fields in the data connection directory tree.' | The icon is directly referenced in the Data Management Process section as the control for viewing database objects, matching the topic and section context. | The visual shape (stacked rows representing a table plus a circular search/view element) semantically aligns with the described function of viewing databases, tables, and fields. | No contradiction between the icon's appearance and the textual description of its purpose.","The icon is small and slightly pixelated, making fine details (e.g., exact glyph elements) hard to confirm with full certainty. | No tooltip or label is visible in the image to explicitly confirm the 'view databases/tables' function."
umn/source/user_guide/dataarts_factory/data_management/optional_creating_a_database_schema.rst,(Optional) Creating a Database Schema,en-us_image_0000002269120509.png,icon,pass,1.00,"Image is a small blue database pictogram (stacked cylinders), matching the inline |image1| reference. | RST step 4 instructs to click this icon in the script development menu to expand a DWS data connection, which aligns with the database schema topic. | The icon is semantically consistent with managing database schemas under a DWS connection. | No visible contradiction between the icon and the surrounding text.",Only the isolated icon is shown; no surrounding menu or UI context is visible. | No label or tooltip text is visible to confirm the exact control name.
umn/source/user_guide/dataarts_factory/data_management/optional_creating_a_database_schema.rst,(Optional) Creating a Database Schema,en-us_image_0000002269200561.png,icon,pass,1.00,"Image is a small blue database pictogram (stacked cylinders), matching the inline |image2| reference. | RST 'Related Operations' instructs to click this icon to expand a data connection for modifying a schema, consistent with the topic. | The database symbol is semantically appropriate for schema modification operations. | No visible contradiction between the icon and the surrounding text.",Only the isolated icon is shown; no surrounding menu or UI context is visible. | No label or tooltip text is visible to confirm the exact control name.
umn/source/user_guide/dataarts_factory/data_management/optional_creating_a_database_schema.rst,(Optional) Creating a Database Schema,en-us_image_0000002234241140.png,icon,pass,1.00,"Image is a small blue database pictogram (stacked cylinders), matching the inline |image3| reference. | RST 'Related Operations' instructs to click this icon to expand a data connection for deleting a schema, consistent with the topic. | The database symbol is semantically appropriate for schema deletion operations. | No visible contradiction between the icon and the surrounding text.",Only the isolated icon is shown; no surrounding menu or UI context is visible. | No label or tooltip text is visible to confirm the exact control name.
umn/source/user_guide/dataarts_factory/download_center.rst,Download Center,en-us_image_0000002269117185.png,screenshot,pass,1.00,"Screenshot clearly shows the Download Center page with title, Set Default OBS Path button, date range filter, Directory dropdown, and a data table | Table columns (Directory, Operation Time, Operation Type, Status, Path, Operation) match the RST description of viewing file name, operator, operation time, operation type, task status, and OBS path | The Set Default OBS Path button is highlighted, matching the RST step to click it | Download and delete icons are visible in the Operation column, matching the RST references to image1 and image2","Some column values appear redacted (black bars), likely for privacy, but the structure is still clear"
umn/source/user_guide/dataarts_factory/download_center.rst,Download Center,en-us_image_0000002269117181.png,icon,pass,1.00,Small download icon (downward arrow with horizontal line) matching the RST reference |image1| for downloading data from the OBS path | Icon is consistent with the download action described in the Operation column of the Download Center table,Icon is small and slightly pixelated but clearly identifiable as a download symbol
umn/source/user_guide/dataarts_factory/download_center.rst,Download Center,en-us_image_0000002269197257.png,icon,pass,1.00,Small trash can icon matching the RST reference |image2| for deleting download and dump records | Icon is consistent with the delete action described in the Operation column of the Download Center table,Icon is small and slightly pixelated but clearly identifiable as a delete/trash symbol
umn/source/user_guide/dataarts_factory/el_expression_reference/el_expression_use_examples.rst,EL Expression Use Examples,en-us_image_0000002234085136.png,icon,partial,0.72,"The image is a standard save (floppy disk) icon used in the DataArts Factory console. | It is referenced in step 1d ('Click |image1| and set the script name') and step 2d ('Click |image3| to save the job configuration'). | The icon is part of the procedure for setting up a job that uses EL expressions, but does not directly illustrate EL expression syntax or behavior. | The icon is a simple, isolated UI symbol with no surrounding interface context.",No surrounding UI context is visible; only the isolated save icon is shown. | The icon does not demonstrate any EL expression functionality directly.
umn/source/user_guide/dataarts_factory/el_expression_reference/el_expression_use_examples.rst,EL Expression Use Examples,en-us_image_0000002234244964.png,icon,partial,0.72,"The image is a standard play/run (right-pointing triangle) icon used in the DataArts Factory console. | It is referenced in step 2c ('Click |image2| to test the running job'). | The icon is part of the procedure to test a job that uses EL expressions, but does not directly illustrate EL expression syntax or behavior. | The icon is a simple, isolated UI symbol with no surrounding interface context.",No surrounding UI context is visible; only the isolated play icon is shown. | The icon does not demonstrate any EL expression functionality directly.
umn/source/user_guide/dataarts_factory/el_expression_reference/expression_overview.rst,Expression Overview,en-us_image_0000002234085024.png,screenshot,partial,0.60,"Shows a DataArts Factory pipeline editor with a node and a properties panel containing the EL expression #{DateUtil.now()}. | The node shown is a Shell node (dli_xueyuan), not a Kafka Client node as the surrounding section describes. | The expression matches the example used in the debugging section.","No Kafka Client node or Kafka-specific data field is visible, so the image does not illustrate the stated Kafka Client method."
umn/source/user_guide/dataarts_factory/el_expression_reference/expression_overview.rst,Expression Overview,en-us_image_0000002269204289.png,screenshot,pass,1.00,"Displays a log/JSON output where the ""output"" field contains a timestamp value highlighted in a red box. | This matches the description that the value of the EL expression is printed in the log. | The highlighted timestamp corresponds to the result of #{DateUtil.now()}.","The log does not explicitly label which node produced it, but the content is consistent with the debugging description."
umn/source/user_guide/dataarts_factory/el_expression_reference/expression_overview.rst,Expression Overview,en-us_image_0000002234244824.png,screenshot,pass,1.00,"Shows the pipeline editor with a Shell node and its properties panel. | The Shell statement field contains the EL expression #{DateUtil.now()}, matching the shell node debugging method. | Toolbar and radio controls are visible, consistent with the Test workflow described.","The host connection prerequisite is not visible in the image, but the shell node configuration is clearly shown."
umn/source/user_guide/dataarts_factory/el_expression_reference/expression_overview.rst,Expression Overview,en-us_image_0000002269204293.png,screenshot,pass,1.00,"Shows a log/JSON output with the ""output"" field containing a highlighted timestamp. | Consistent with the shell node method where the EL expression value is printed in the log. | The highlighted value matches the result of #{DateUtil.now()}.","No explicit node label in the log, but content aligns with the described shell node debugging."
umn/source/user_guide/dataarts_factory/el_expression_reference/expression_overview.rst,Expression Overview,en-us_image_0000002269204277.png,screenshot,pass,1.00,"Shows the Create OBS node properties panel with Node Name and OBS Path fields. | The OBS Path contains the EL expression #{DateUtil.now()} highlighted in a red box, matching the described method. | A Create_OBS node icon is visible in the canvas, consistent with the section.","The Test button is not visible in this cropped view, but the OBS path configuration is clearly shown."
umn/source/user_guide/dataarts_factory/el_expression_reference/expression_overview.rst,Expression Overview,en-us_image_0000002234085036.png,screenshot,pass,1.00,"Shows the OBS console Objects view with a folder name highlighted in a red box. | The folder name is a timestamp (Tue Jun 27 18:21:49 GMT+08:00 2023), matching the EL expression result used as the OBS path name. | Consistent with the description of viewing the created path name in the OBS console.","The exact bucket name is partially truncated, but the created path name is clearly visible."
umn/source/user_guide/dataarts_factory/execution_history.rst,Execution History,en-us_image_0000002269202721.png,icon,pass,1.00,"The icon depicts a document with text lines and the word 'log', consistent with an execution history / log button. | The RST instructs the user to click this icon to display script and job execution history in the past seven days. | The icon is used in the Script Execution History section as the trigger for viewing history. | No contradiction between the icon's meaning (log/history) and the surrounding text.","The icon does not show a tooltip or label confirming it is specifically the 'execution history' button, but context in the RST confirms this."
umn/source/user_guide/dataarts_factory/job_development/creating_a_job.rst,Creating a Job,en-us_image_0000002269197141.png,screenshot,pass,1.00,"The image is a UI screenshot of the DataArts Factory job directory list with a right-click context menu open. | The context menu shows 'Create Directory', 'Create Job' (highlighted with a red box), and 'Filter out Jobs Without Owners', matching the step 'right-click a directory and select Create Job'. | The left pane shows a 'Jobs(4)' directory tree, consistent with the job directory list described in the RST. | The figure is referenced in the RST as 'Figure 1 Creating a job' within the Creating a Job section, so it is topically and sectionally relevant. | No visible element contradicts the surrounding text.",The full dialog box for configuring job parameters (Table 2) is not shown in this image; only the context menu is visible. | The exact workspace name and console header are partially cut off.
umn/source/user_guide/dataarts_factory/job_development/developing_a_batch_processing_single-task_sql_job.rst,Developing a Batch Processing Single-Task SQL Job,en-us_image_0000002234240156.png,screenshot,pass,1.00,"Image is Figure 1 'Viewing a data table', matching the Data Table section. | Shows a table name list and a column name/field type/description grid as described. | Right-side tabs (System Functions, Versions, Data Tables, Basic Info) align with the editor layout.",
umn/source/user_guide/dataarts_factory/job_development/developing_a_batch_processing_single-task_sql_job.rst,Developing a Batch Processing Single-Task SQL Job,en-us_image_0000002269199617.png,icon,pass,0.93,"Eye icon referenced as |image1| for opening Queue Management. | Isolated symbolic graphic, consistent with an icon.",No surrounding UI context to confirm exact placement.
umn/source/user_guide/dataarts_factory/job_development/developing_a_batch_processing_single-task_sql_job.rst,Developing a Batch Processing Single-Task SQL Job,en-us_image_0000002234080348.png,icon,pass,0.93,"Circle/checkbox icon referenced as |image2| for recording dirty data. | Isolated symbolic graphic, consistent with an icon.",No surrounding UI context to confirm exact placement.
umn/source/user_guide/dataarts_factory/job_development/developing_a_batch_processing_single-task_sql_job.rst,Developing a Batch Processing Single-Task SQL Job,en-us_image_0000002269205005.png,icon,pass,0.93,"Radio/circle icon referenced as |image3|/|image4| for dirty data selection. | Isolated symbolic graphic, consistent with an icon.",No surrounding UI context to confirm exact placement.
umn/source/user_guide/dataarts_factory/job_development/developing_a_batch_processing_single-task_sql_job.rst,Developing a Batch Processing Single-Task SQL Job,en-us_image_0000002269196941.png,icon,pass,0.93,"Pencil/edit icon referenced as |image5| for editing parameter expression. | Isolated symbolic graphic, consistent with an icon.",No surrounding UI context to confirm exact placement.
umn/source/user_guide/dataarts_factory/job_development/developing_a_batch_processing_single-task_sql_job.rst,Developing a Batch Processing Single-Task SQL Job,en-us_image_0000002234237504.png,icon,pass,0.93,"Toggle/switch icon referenced as |image6| for masking a parameter value. | Isolated symbolic graphic, consistent with an icon.",No surrounding UI context to confirm exact placement.
umn/source/user_guide/dataarts_factory/job_development/developing_a_batch_processing_single-task_sql_job.rst,Developing a Batch Processing Single-Task SQL Job,en-us_image_0000002234077652.png,icon,pass,0.93,"Minus/delete icon referenced as |image7| for deleting a job parameter. | Isolated symbolic graphic, consistent with an icon.",No surrounding UI context to confirm exact placement.
umn/source/user_guide/dataarts_factory/job_development/developing_a_batch_processing_single-task_sql_job.rst,Developing a Batch Processing Single-Task SQL Job,en-us_image_0000002234237516.png,icon,pass,0.93,"Pencil/edit icon referenced as |image8| for editing a constant parameter expression. | Isolated symbolic graphic, consistent with an icon.",No surrounding UI context to confirm exact placement.
umn/source/user_guide/dataarts_factory/job_development/developing_a_batch_processing_single-task_sql_job.rst,Developing a Batch Processing Single-Task SQL Job,en-us_image_0000002269116869.png,icon,pass,0.93,"Minus/delete icon referenced as |image9| for deleting a constant parameter. | Isolated symbolic graphic, consistent with an icon.",No surrounding UI context to confirm exact placement.
umn/source/user_guide/dataarts_factory/job_development/developing_a_batch_processing_single-task_sql_job.rst,Developing a Batch Processing Single-Task SQL Job,en-us_image_0000002234080340.png,icon,pass,0.93,"Trash/delete icon referenced as |image10| for deleting an added quality job. | Isolated symbolic graphic, consistent with an icon.",No surrounding UI context to confirm exact placement.
umn/source/user_guide/dataarts_factory/job_development/developing_a_batch_processing_single-task_sql_job.rst,Developing a Batch Processing Single-Task SQL Job,en-us_image_0000002269119545.png,icon,pass,0.93,"Play/execute icon referenced as |image11| for executing the job. | Isolated symbolic graphic, consistent with an icon.",No surrounding UI context to confirm exact placement.
umn/source/user_guide/dataarts_factory/job_development/developing_a_batch_processing_single-task_sql_job.rst,Developing a Batch Processing Single-Task SQL Job,en-us_image_0000002234240172.png,icon,pass,0.93,"Save (floppy disk) icon referenced as |image12| for saving the job configuration. | Isolated symbolic graphic, consistent with an icon.",No surrounding UI context to confirm exact placement.
umn/source/user_guide/dataarts_factory/job_development/developing_a_batch_processing_single-task_sql_job.rst,Developing a Batch Processing Single-Task SQL Job,en-us_image_0000002269198189.png,screenshot,pass,1.00,"Shows SQL editor with a select statement and a Result tab, matching the quotation/escape character example. | Result grid displays JSON-like values with quotation and escape characters as described. | Download and Dump buttons visible, consistent with the section.",
umn/source/user_guide/dataarts_factory/job_development/developing_a_batch_processing_single-task_sql_job.rst,Developing a Batch Processing Single-Task SQL Job,en-us_image_0000002234078892.png,screenshot,pass,1.00,"Dump Result dialog with Data Format, Resource Queue, Compression Format, Storage Path, Character Set, Quotation/Escape Character fields. | Matches Table 7 dump parameters and the example where quotation/escape are left empty. | OK and Cancel buttons visible.",
umn/source/user_guide/dataarts_factory/job_development/developing_a_batch_processing_single-task_sql_job.rst,Developing a Batch Processing Single-Task SQL Job,en-us_image_0000002234078900.png,screenshot,pass,1.00,Shows a CSV result grid where the JSON value is split across columns D and E due to empty quotation/escape characters. | Matches the description that leaving them empty causes the .csv file to contain two rows in Excel.,
umn/source/user_guide/dataarts_factory/job_development/developing_a_batch_processing_single-task_sql_job.rst,Developing a Batch Processing Single-Task SQL Job,en-us_image_0000002234238756.png,screenshot,pass,1.00,Shows a CSV result grid where the JSON value is kept intact in column D when quotation/escape characters are specified. | Matches the description of specifying double quotation marks to keep the field together.,
umn/source/user_guide/dataarts_factory/job_development/developing_a_pipeline_job.rst,Developing a Pipeline Job,en-us_image_0000002234238200.png,screenshot,pass,1.00,"Image shows a job canvas with three nodes (DWS_SQL_9953, CDM_Job_0532, MRS_Hive_SQL_2991) connected by arrows, matching Figure 1 'Compiling a job'. | Directly illustrates the step of dragging nodes and connecting them on the canvas. | Consistent with the 'Compiling Job Nodes' section description.","No surrounding UI chrome (toolbar, navigation) is visible, only the node canvas fragment."
umn/source/user_guide/dataarts_factory/job_development/developing_a_pipeline_job.rst,Developing a Pipeline Job,en-us_image_0000002269117569.png,screenshot,pass,1.00,"Image shows the 'Edit Parameter Expression' dialog with Failure Policy options and the ternary EL expression #{(Job.getNodeStatus(""DQM"")) == ""success"" ? ""true"" : ""false""}. | Matches Figure 2 'Set Condition' and the code-block expression in the RST. | Contains interactive controls (radio buttons, OK/Cancel buttons).",None significant; the dialog content aligns with the documented Set Condition behavior.
umn/source/user_guide/dataarts_factory/job_development/developing_a_pipeline_job.rst,Developing a Pipeline Job,en-us_image_0000002269117557.png,icon,pass,0.93,Small yellow circular plus icon referenced as |image1| for connecting nodes on the canvas. | Matches the 'Compiling Job Nodes' step of selecting the connect icon and dragging to link nodes.,Icon is generic; the specific 'connect' meaning is conveyed only by RST context.
umn/source/user_guide/dataarts_factory/job_development/developing_a_pipeline_job.rst,Developing a Pipeline Job,en-us_image_0000002269117573.png,icon,pass,0.93,Pencil/edit icon in a square referenced as |image2| for 'Edit Parameter Expression' next to the parameter value text box. | Relevant to the 'Configuring Job Parameters' section.,Icon is a generic edit symbol; function is defined by RST context.
umn/source/user_guide/dataarts_factory/job_development/developing_a_pipeline_job.rst,Developing a Pipeline Job,en-us_image_0000002269117553.png,icon,pass,0.93,Toggle/switch icon referenced as |image3| for masking a parameter value for security. | Relevant to the 'Mask' function in the job parameter setup table.,Icon is a generic toggle; the 'mask' purpose is given by RST context.
umn/source/user_guide/dataarts_factory/job_development/developing_a_pipeline_job.rst,Developing a Pipeline Job,en-us_image_0000002269117565.png,icon,pass,0.93,Minus/delete icon in a square referenced as |image4| for deleting a job parameter. | Relevant to the 'Delete' function in the job parameter setup table.,Icon is a generic minus symbol; the delete purpose is given by RST context.
umn/source/user_guide/dataarts_factory/job_development/developing_a_pipeline_job.rst,Developing a Pipeline Job,en-us_image_0000002234078360.png,icon,pass,0.93,Pencil/edit icon referenced as |image5| for 'Edit Parameter Expression' of a constant parameter. | Relevant to the 'Configuring Job Parameters' section.,Icon is a generic edit symbol; function is defined by RST context.
umn/source/user_guide/dataarts_factory/job_development/developing_a_real-time_processing_single-task_dli_spark_job.rst,Developing a Real-Time Processing Single-Task DLI Spark Job,en-us_image_0000002269196941.png,icon,pass,1.00,"The image is a pencil/edit icon in a square border, matching the RST description of clicking an icon to edit a parameter expression. | It is referenced as |image1| in the Variables > Edit Parameter Expression row of Table 4. | The icon is semantically appropriate for an 'edit' action in a parameter configuration UI.",
umn/source/user_guide/dataarts_factory/job_development/developing_a_real-time_processing_single-task_dli_spark_job.rst,Developing a Real-Time Processing Single-Task DLI Spark Job,en-us_image_0000002234237504.png,icon,pass,1.00,"The image is a toggle switch icon, appropriate for enabling/disabling a masking feature. | It is referenced as |image2| in the Variables > Mask row of Table 4, where the RST says to click it to mask the value for security purposes. | A toggle switch is a standard UI control for on/off actions like masking.",
umn/source/user_guide/dataarts_factory/job_development/developing_a_real-time_processing_single-task_dli_spark_job.rst,Developing a Real-Time Processing Single-Task DLI Spark Job,en-us_image_0000002234077652.png,icon,pass,1.00,"The image is a minus/dash icon in a square border, a standard symbol for delete or remove actions. | It is referenced as |image3| in the Variables > Delete row of Table 4, where the RST says to click it to delete the job parameter. | The icon is semantically consistent with a delete operation in a parameter list.",
umn/source/user_guide/dataarts_factory/job_development/developing_a_real-time_processing_single-task_dli_spark_job.rst,Developing a Real-Time Processing Single-Task DLI Spark Job,en-us_image_0000002234237516.png,icon,pass,1.00,"The image is a pencil/edit icon in a square border, identical in appearance to image1. | It is referenced as |image4| in the Constant Parameter > Edit Parameter Expression row of Table 4. | The icon correctly represents the edit action described in the RST for constant parameter expressions.",
umn/source/user_guide/dataarts_factory/job_development/developing_a_real-time_processing_single-task_dli_spark_job.rst,Developing a Real-Time Processing Single-Task DLI Spark Job,en-us_image_0000002269116869.png,icon,pass,1.00,"The image is a minus/dash icon in a square border, identical in appearance to image3. | It is referenced as |image5| in the Constant Parameter > Delete row of Table 4. | The icon correctly represents the delete action described in the RST for removing a constant parameter.",
umn/source/user_guide/dataarts_factory/job_development/developing_a_real-time_processing_single-task_mrs_flink_jar_job.rst,Developing a Real-Time Processing Single-Task MRS Flink Jar Job,en-us_image_0000002234237164.png,icon,pass,1.00,"The image is a pencil/edit icon in a square border, matching the RST description of clicking to edit a parameter expression. | It is referenced as |image1| in the Variables > Edit Parameter Expression row of Table 4. | The pencil symbol is a standard convention for an edit action, consistent with the described functionality. | The icon is used in the context of configuring Flink Jar job parameters, which aligns with the document topic.",
umn/source/user_guide/dataarts_factory/job_development/developing_a_real-time_processing_single-task_mrs_flink_jar_job.rst,Developing a Real-Time Processing Single-Task MRS Flink Jar Job,en-us_image_0000002234077316.png,icon,pass,1.00,"The image is a toggle switch icon (off position), matching the RST description of clicking to mask a parameter value for security. | It is referenced as |image2| in the Variables > Mask row of Table 4. | A toggle switch is a standard UI control for enabling/disabling a feature such as masking. | The icon is relevant to the job parameter configuration context of the document.",
umn/source/user_guide/dataarts_factory/job_development/developing_a_real-time_processing_single-task_mrs_flink_jar_job.rst,Developing a Real-Time Processing Single-Task MRS Flink Jar Job,en-us_image_0000002269116521.png,icon,pass,1.00,"The image is a minus/dash icon in a square border, matching the RST description of clicking to delete a job parameter. | It is referenced as |image3| in the Variables > Delete row of Table 4. | A minus sign in a bordered square is a common convention for a remove/delete action. | The icon is relevant to the job parameter configuration context of the document.",
umn/source/user_guide/dataarts_factory/job_development/developing_a_real-time_processing_single-task_mrs_flink_jar_job.rst,Developing a Real-Time Processing Single-Task MRS Flink Jar Job,en-us_image_0000002269116529.png,icon,pass,1.00,"The image is a pencil/edit icon in a square border, identical in appearance to image1. | It is referenced as |image4| in the Constant Parameter > Edit Parameter Expression row of Table 4. | The pencil symbol is a standard convention for an edit action, consistent with the described functionality of editing a parameter expression. | The icon is relevant to the job parameter configuration context of the document.",
umn/source/user_guide/dataarts_factory/job_development/developing_a_real-time_processing_single-task_mrs_flink_jar_job.rst,Developing a Real-Time Processing Single-Task MRS Flink Jar Job,en-us_image_0000002269196601.png,icon,pass,1.00,"The image is a minus/dash icon in a square border, identical in appearance to image3. | It is referenced as |image5| in the Constant Parameter > Delete row of Table 4. | A minus sign in a bordered square is a common convention for a remove/delete action. | The icon is relevant to the job parameter configuration context of the document.",
umn/source/user_guide/dataarts_factory/job_development/developing_a_real-time_processing_single-task_mrs_flink_sql_job.rst,Developing a Real-Time Processing Single-Task MRS Flink SQL Job,en-us_image_0000002234237164.png,icon,pass,1.00,"The image is a pencil/edit icon in a square border, matching the RST reference |image1| for 'Edit Parameter Expression'. | The RST states: 'Click |image1| next to the parameter value text box. In the displayed dialog box, edit the parameter expression.' | The icon is semantically appropriate for an edit action in the job parameter configuration context. | The icon is used in the 'Configuring Job Parameters' section under the Variables subsection.",
umn/source/user_guide/dataarts_factory/job_development/developing_a_real-time_processing_single-task_mrs_flink_sql_job.rst,Developing a Real-Time Processing Single-Task MRS Flink SQL Job,en-us_image_0000002234077316.png,icon,pass,1.00,"The image is a toggle switch icon (off position), matching the RST reference |image2| for the 'Mask' action. | The RST states: 'If the parameter value is a key, click |image2| to mask the value for security purposes.' | A toggle switch icon is semantically appropriate for enabling/disabling a masking feature. | The icon is used in the 'Configuring Job Parameters' section under the Variables subsection.",
umn/source/user_guide/dataarts_factory/job_development/developing_a_real-time_processing_single-task_mrs_flink_sql_job.rst,Developing a Real-Time Processing Single-Task MRS Flink SQL Job,en-us_image_0000002269116521.png,icon,pass,1.00,"The image is a minus/dash icon in a square border, matching the RST reference |image3| for the 'Delete' action. | The RST states: 'Click |image3| next to the parameter name and value text boxes to delete the job parameter.' | A minus icon is a standard symbol for remove/delete operations in UI design. | The icon is used in the 'Configuring Job Parameters' section under the Variables subsection.",
umn/source/user_guide/dataarts_factory/job_development/developing_a_real-time_processing_single-task_mrs_flink_sql_job.rst,Developing a Real-Time Processing Single-Task MRS Flink SQL Job,en-us_image_0000002269116529.png,icon,pass,1.00,"The image is a pencil/edit icon in a square border, matching the RST reference |image4| for 'Edit Parameter Expression' in the Constant Parameter section. | The RST states: 'Click |image4| next to the parameter value text box. In the displayed dialog box, edit the parameter expression.' | The icon is semantically appropriate for an edit action in the constant parameter configuration context. | The icon is used in the 'Configuring Job Parameters' section under the Constant Parameter subsection.",
umn/source/user_guide/dataarts_factory/job_development/developing_a_real-time_processing_single-task_mrs_flink_sql_job.rst,Developing a Real-Time Processing Single-Task MRS Flink SQL Job,en-us_image_0000002269196601.png,icon,pass,1.00,"The image is a minus/dash icon in a square border, matching the RST reference |image5| for the 'Delete' action in the Constant Parameter section. | The RST states: 'Click |image5| next to the parameter name and value text boxes to delete the job parameter.' | A minus icon is a standard symbol for remove/delete operations in UI design. | The icon is used in the 'Configuring Job Parameters' section under the Constant Parameter subsection.",
umn/source/user_guide/dataarts_factory/job_development/developing_a_real-time_processing_single-task_mrs_flink_sql_job.rst,Developing a Real-Time Processing Single-Task MRS Flink SQL Job,en-us_image_0000002234079692.png,icon,pass,1.00,"The image is a floppy disk/save icon, matching the RST reference |image6| for saving the job configuration. | The RST states: 'After the job is executed, click |image6| to save the job configuration.' | A floppy disk icon is the universal symbol for the save action in software interfaces. | The icon is used in the 'Saving a Job' section, which is directly relevant to the document topic.",
umn/source/user_guide/dataarts_factory/job_development/job_development_process.rst,Job Development Process,en-us_image_0000002234237740.png,other,fail,0.00,Local color check detected #3298ff.,
umn/source/user_guide/dataarts_factory/job_development/optional_managing_jobs/changing_the_job_owner.rst,Changing the Job Owner,en-us_image_0000002269199053.png,screenshot,pass,1.00,"Image shows a 'Configure Owner' dialog with Current Owner and Target Owner dropdowns, a Migrate button, and a Close button | All elements match the RST description in steps 5 and 6 exactly | The dialog title 'Configure Owner' matches the RST step 4 reference | The Migrate and Close buttons correspond to the actions described in the procedure",
umn/source/user_guide/dataarts_factory/job_development/optional_managing_jobs/changing_the_job_owner.rst,Changing the Job Owner,en-us_image_0000002234239624.png,icon,partial,0.78,"Image is a three-dot vertical (kebab menu) icon, which is the standard 'more options' button referenced in step 4 | The RST states to click this icon and select 'Configure Owner', which is consistent with a menu icon | The icon is small and slightly blurry, making fine details hard to discern | It is a generic UI symbol rather than something specific to the job owner topic","The icon is very small and low-resolution, making it difficult to confirm exact appearance | No surrounding UI context is visible to confirm it is the job directory toolbar button"
umn/source/user_guide/dataarts_factory/job_development/optional_managing_jobs/copying_a_job.rst,Copying a Job,en-us_image_0000002234077808.png,screenshot,pass,1.00,"The image is a UI screenshot of the DataArts Factory job directory with a right-click context menu open. | The context menu shows 'Copy and Save As' highlighted, matching step 4 of the procedure (right-click the job and choose Copy Save As). | The left pane shows a 'Jobs' folder tree with job entries, consistent with the 'job directory' described in the RST. | The figure caption 'Figure 1 Copying a job' aligns with the displayed action of copying a job. | No contradiction between the image content and the RST description.","The dialog box for configuring parameters (step 5 / Table 1) is not shown in this image, but that is a separate step not covered by this figure."
umn/source/user_guide/dataarts_factory/job_development/optional_managing_jobs/copying_the_job_name_and_renaming_a_job.rst,Copying the Job Name and Renaming a Job,en-us_image_0000002269116973.png,screenshot,pass,1.00,"Image shows a job directory tree with a right-click context menu where 'Copy Name' is highlighted, matching Figure 1 description exactly. | The context menu includes Rename, Move, Delete, Export, Copy and Save As, Copy Name, View Job Dependency Graph, and Monitor options. | The job list (job_2490_copy, job_5736, job_8627, etc.) is consistent with a DataArts Factory job development environment. | The highlighted 'Copy Name' option directly corresponds to step 4 of the 'Copying the Job Name' section.",
umn/source/user_guide/dataarts_factory/job_development/optional_managing_jobs/copying_the_job_name_and_renaming_a_job.rst,Copying the Job Name and Renaming a Job,en-us_image_0000002234237616.png,screenshot,pass,1.00,"Image shows the same job directory tree with a right-click context menu where 'Rename' is highlighted, matching Figure 2 description. | The context menu options are identical to Figure 1 but with 'Rename' selected instead of 'Copy Name'. | This directly corresponds to step 4 of the 'Renaming a job' section: 'Right-click the job name and choose Rename from the shortcut menu.' | The job directory structure and environment are consistent with DataArts Factory.",
umn/source/user_guide/dataarts_factory/job_development/optional_managing_jobs/copying_the_job_name_and_renaming_a_job.rst,Copying the Job Name and Renaming a Job,en-us_image_0000002234077768.png,screenshot,pass,1.00,"Image shows a 'Modify Job Name' dialog box with a 'Job Name' field containing 'job_2490_copy', matching Figure 3 description. | The dialog has OK (red) and Cancel buttons, consistent with step 6 'Click OK'. | The Job Name field with a required indicator (asterisk) aligns with Table 1 parameter description. | This directly corresponds to step 5 of the 'Renaming a job' section: 'In the displayed Modify Job Name dialog box, change the job name.'",
umn/source/user_guide/dataarts_factory/job_development/optional_managing_jobs/deleting_a_job.rst,Deleting a Job,en-us_image_0000002234238264.png,screenshot,pass,1.00,"Image shows the DataArts Factory job directory with a right-click context menu open on a job. | The 'Delete' option is highlighted in the context menu, matching the RST step 'choose Delete from the shortcut menu'. | The job list (job_2490, job_5736, etc.) and folder structure match the DataArts Factory interface described in the RST. | This is labeled as Figure 1 'Deleting a job' in the RST, consistent with the visual content.",
umn/source/user_guide/dataarts_factory/job_development/optional_managing_jobs/deleting_a_job.rst,Deleting a Job,en-us_image_0000002234238260.png,screenshot,pass,0.88,"Image shows the job directory in checkbox mode with multiple jobs selected (job_2490_copy, job_5736). | A dropdown menu is visible with options including 'Delete Job' highlighted, 'Move Job', 'Export Job', etc. | The RST states to 'select Batch Delete' but the image shows the menu item labeled 'Delete Job', a minor naming discrepancy. | The checkbox mode and batch selection workflow match the 'Batch Deleting Scripts' section description. | This is labeled as Figure 2 'Deleting jobs' in the RST.","The RST references the menu item as 'Batch Delete' but the image shows 'Delete Job' as the highlighted option, creating a slight label mismatch."
umn/source/user_guide/dataarts_factory/job_development/optional_managing_jobs/deleting_a_job.rst,Deleting a Job,en-us_image_0000002234235716.png,icon,partial,0.78,"Image is a small three-dot vertical ellipsis icon (kebab/more-options button). | The RST uses this icon as |image1| and |image2|, referring to the button that reveals the dropdown menu for 'Show Check Box' and 'Batch Delete'. | The icon is a standard UI symbol for accessing additional options, consistent with its described function in the RST. | It is referenced twice in the RST (same image path for both |image1| and |image2|), which is consistent with a single reusable UI element.","The icon is very small and low-resolution, making it difficult to confirm exact pixel-level details. | The icon alone does not show the resulting menu; the user must infer the action from the RST text."
umn/source/user_guide/dataarts_factory/job_development/optional_managing_jobs/exporting_and_importing_jobs.rst,Exporting and Importing Jobs,en-us_image_0000002269197209.png,screenshot,pass,1.00,"Screenshot shows the DataArts Factory job directory with a list of jobs and a context menu open | The context menu displays 'Export Job' highlighted, matching the RST step 5 description | The 'Show Check Box' option is visible at the top of the menu, matching step 4 | Figure caption in RST is 'Selecting and exporting jobs' which aligns with the image content",
umn/source/user_guide/dataarts_factory/job_development/optional_managing_jobs/exporting_and_importing_jobs.rst,Exporting and Importing Jobs,en-us_image_0000002269117093.png,screenshot,pass,1.00,Screenshot shows the 'Export Job' dialog box as described in RST step 6 | Export Scope options match: 'Export jobs only' and 'Export jobs and their dependency scripts and resource definitions' | Job Status options match: 'Developed' and 'Submitted' | OK and Cancel buttons are visible at the bottom,
umn/source/user_guide/dataarts_factory/job_development/optional_managing_jobs/exporting_and_importing_jobs.rst,Exporting and Importing Jobs,en-us_image_0000002234237728.png,screenshot,pass,1.00,Screenshot shows the 'Import Job' dialog as described in the Importing Jobs section | File Location dropdown shows 'OBS' matching the RST description of importing from OBS | Select File from OBS field shows a file path (obs://hoo/hoo.zip) | Duplicate Name Policy shows 'Overwrite' and 'Skip' options matching the RST note about overwrite policy | Next button is visible at the bottom,
umn/source/user_guide/dataarts_factory/job_development/optional_managing_jobs/exporting_and_importing_jobs.rst,Exporting and Importing Jobs,en-us_image_0000002234235716.png,icon,partial,0.72,"Three vertical dots (ellipsis) icon representing a 'more options' menu button | Referenced in RST as |image1| and |image2| for clicking to show the context menu in the job directory | Generic UI element that opens the menu containing 'Show Check Box' and 'Export Job' options | The icon is small and isolated, consistent with an icon classification",The icon is a generic three-dot menu symbol with no topic-specific visual detail
umn/source/user_guide/dataarts_factory/job_development/optional_managing_jobs/exporting_and_importing_jobs.rst,Exporting and Importing Jobs,en-us_image_0000002234077920.png,icon,partial,0.72,Three vertical dots (ellipsis) icon representing a 'more options' menu button | Referenced in RST as |image3| for the Importing Jobs step: 'Click |image3| > Import Job in the job directory' | Same type of menu trigger icon used in the import workflow | Small isolated symbol consistent with icon classification,The icon is a generic three-dot menu symbol with no topic-specific visual detail
umn/source/user_guide/dataarts_factory/job_development/optional_managing_jobs/going_to_monitor_job_page.rst,Going to Monitor Job page,en-us_image_0000002269196933.png,screenshot,pass,1.00,"Image shows a job directory tree with a right-click context menu open, matching step 4 of the procedure. | The 'Monitor' option is highlighted at the bottom of the context menu, exactly as described in the RST. | The directory tree shows 'Jobs(10)' and 'test(2)' with multiple job entries, consistent with a DataArts Factory development environment. | Figure 1 caption 'Going to Monitor Job page' aligns with the visual content showing the action of selecting Monitor. | No contradictions between the image content and the RST description.","The full DataArts Factory left navigation pane is not visible, only the job tree area is shown."
umn/source/user_guide/dataarts_factory/job_development/optional_managing_jobs/going_to_monitor_job_page.rst,Going to Monitor Job page,en-us_image_0000002234237496.png,screenshot,pass,1.00,"Image shows the Monitor Job page with job name 'dws', Current Version: 2, Stopped status, Execute, Configure PatchData, and Edit buttons, matching step 5 description. | A 'View Log' tooltip is visible on the DWS node, demonstrating the ability to view logs of job nodes as stated in the RST. | Auto Refresh with 15s interval and a search field for node names are visible, consistent with a monitoring interface. | Figure 2 caption 'Monitor Job page' directly matches the displayed interface. | No contradictions between the image content and the RST description.","The full job graph with multiple nodes is not visible; only a single DWS node is shown. | The job development page (accessible via Edit) is not shown, only the monitor page."
umn/source/user_guide/dataarts_factory/job_development/optional_managing_jobs/moving_a_job_or_job_directory.rst,Moving a Job or Job Directory,en-us_image_0000002269197233.png,screenshot,pass,1.00,"Image shows a job directory tree with a right-click context menu open | The 'Move' option is highlighted/selected in the context menu, matching the RST description of right-clicking a job and selecting Move | The context menu includes Rename, Move, Delete, Export, Copy and Save As, Copy Name, View Job Dependency Graph, Monitor | The job list shows various jobs (job_2490_copy, job_5736, etc.) consistent with a DataArts Factory job directory | This is Figure 1 as described in the RST: 'Selecting a job to be moved'",
umn/source/user_guide/dataarts_factory/job_development/optional_managing_jobs/moving_a_job_or_job_directory.rst,Moving a Job or Job Directory,en-us_image_0000002269197229.png,screenshot,pass,1.00,"Image shows a 'Move Job' dialog box with a 'Select Directory' field | The directory path shows '/Jobs/' as the default, matching the RST table description that parent directory is root by default | A directory tree is displayed with folders (All, a, aaaaaaaaaaaaaa, b, del-test, drag_test, qi_test, qjx, test_xyj, xie_test) | OK and Cancel buttons are present at the bottom of the dialog | This is Figure 2 as described in the RST: 'Moving a job' - the dialog for configuring the target directory",
umn/source/user_guide/dataarts_factory/job_development/optional_managing_jobs/moving_a_job_or_job_directory.rst,Moving a Job or Job Directory,en-us_image_0000002234237788.png,screenshot,pass,1.00,"Image shows a 'Move Directory' dialog box with a 'Select Directory' field | The directory path shows '/Jobs/' as the default, consistent with the RST description | A directory tree is displayed with the same folder structure as Figure 2 | OK and Cancel buttons are present at the bottom of the dialog | This is Figure 3 as described in the RST: 'Move a directory' - the dialog for moving a job directory",
umn/source/user_guide/dataarts_factory/job_development/optional_managing_jobs/unlocking_a_job.rst,Unlocking a Job,en-us_image_0000002234236424.png,other,fail,0.00,Local color check detected #3298ff.,
umn/source/user_guide/dataarts_factory/job_development/optional_managing_jobs/unlocking_a_job.rst,Unlocking a Job,en-us_image_0000002269195869.png,screenshot,pass,1.00,"The image is a UI toolbar screenshot showing Save, Submit, Unlock, Lock, Start, and Edit JSON controls. | The 'Unlock' button is highlighted with a red box, directly matching step 5 ('click Unlock to unlock the job'). | It corresponds to Figure 2 'Unlocking a job' referenced in the Procedure section. | No contradiction between the image content and the RST description.",The surrounding job canvas/editor context is not visible; only the toolbar strip is shown.
umn/source/user_guide/dataarts_factory/job_development/optional_managing_jobs/unlocking_jobs.rst,Unlocking Jobs,en-us_image_0000002269116789.png,screenshot,pass,1.00,"Screenshot shows the DataArts Factory job directory with a tree of jobs (Jobs (10), test (2), job_2490_cop, job_5736, job_8627, job_9580, migrationJob_, migrationJob_) | Context menu is open showing options including Hide Check Box, Delete Job, Move Job, Export Job, Import Job, Configure Job, Configure Owner, and Batch Unlock | Batch Unlock option is highlighted, matching the RST description of selecting Batch Unlock | Checkboxes are visible next to job entries, consistent with the Show Check Box step | Toolbar at top shows job-related icons consistent with DataArts Factory interface",The 'Unlocked.' confirmation message mentioned in the RST is not visible in this screenshot
umn/source/user_guide/dataarts_factory/job_development/optional_managing_jobs/unlocking_jobs.rst,Unlocking Jobs,en-us_image_0000002234077572.png,icon,partial,0.72,"Image shows a three-dot vertical (kebab) menu icon, which is the standard UI element for accessing context menus | RST step 4 references this icon as the one to click in the job directory to select Show Check Box | The icon is small and somewhat blurry but clearly identifiable as a three-dot menu symbol | It is a generic UI element rather than a feature-specific graphic",No surrounding context visible to confirm it is specifically in the job directory | Icon is low resolution making fine details unclear
umn/source/user_guide/dataarts_factory/job_development/optional_managing_jobs/unlocking_jobs.rst,Unlocking Jobs,en-us_image_0000002234077580.png,icon,partial,0.72,"Image shows a three-dot vertical (kebab) menu icon, identical in appearance to the previous image | RST step 5 references this icon as the one to click after selecting jobs to access Batch Unlock | The icon is small and somewhat blurry but clearly identifiable as a three-dot menu symbol | It is a generic UI element used to open the context menu containing the Batch Unlock option",No surrounding context visible to confirm it is specifically in the job directory | Icon is low resolution making fine details unclear
umn/source/user_guide/dataarts_factory/job_development/optional_managing_jobs/viewing_a_job_dependency_graph.rst,Viewing a Job Dependency Graph,en-us_image_0000002269204853.png,screenshot,pass,1.00,"Shows the Job Dependency page with a dependency graph of task nodes | Search box labeled 'Enter a job name.' is visible in the upper right corner | Radio buttons for display options (complete dependency graphs, current job and upstream/downstream, directly connected jobs) are visible | Download icon is present in the upper right | Title bar reads 'Scheduling-State Job Dependency View' | Close button is visible at the bottom | Matches Figure 1 description in the RST",
umn/source/user_guide/dataarts_factory/job_development/optional_managing_jobs/viewing_a_job_dependency_graph.rst,Viewing a Job Dependency Graph,en-us_image_0000002269124773.png,screenshot,pass,1.00,"Shows a dependency graph with job nodes (job_A1 through job_A9 and edw_dtr_order_data) | job_A1 is highlighted in green, matching the RST description of the hovered node | Upstream jobs (job_A2, job_A3, job_A4, job_A5, job_A7, job_A8, job_A9) are marked in blue | Downstream job (edw_dtr_order_data) is marked in yellow | Matches Figure 2 description: 'Marking upstream and downstream job nodes of a node' | Color coding exactly matches the RST text about green/blue/yellow marking",
umn/source/user_guide/dataarts_factory/job_development/optional_managing_jobs/viewing_a_job_dependency_graph.rst,Viewing a Job Dependency Graph,en-us_image_0000002234085576.png,screenshot,pass,1.00,"Shows a right-click context menu on a job node in the dependency graph | Context menu items: View Job, Copy Job Name, Collapse Upstream Job, Collapse Downstream Job | These match exactly the RST description: 'view the job, copy the job name, and collapse upstream or downstream jobs' | The graph shows color-coded nodes (green, blue, yellow) consistent with the dependency view | Matches Figure 3 description: 'Job node operations'",
umn/source/user_guide/dataarts_factory/job_development/releasing_a_job_task.rst,Releasing a Job Task,en-us_image_0000002236808296.png,screenshot,pass,1.00,"Image shows the Task Release page with Tasks tab active, matching Figure 1 caption 'Clicking Release' | Visible Release and Revoke buttons at top match the RST step 4 description | Table columns (ID, Name, Task Type, Version, Change Type, Submitter, Submitted At, Operation) align with the described task list | Operation column shows View, Release, Revoke links as described in the RST | Filter by Name with keyword search box matches the RST note about filtering by name",
umn/source/user_guide/dataarts_factory/job_development/releasing_a_job_task.rst,Releasing a Job Task,en-us_image_0000002234236268.png,screenshot,pass,1.00,"Image shows the Packages tab (highlighted) matching Figure 2 caption 'Viewing the task status' | Filter fields for Application Time and Released At match the RST description of filtering by Applicant, Application Time, Release At, or Released By | Status column shows 'Successful' and 'Pending review' states consistent with the release workflow described | Operation column shows View Details, Release, Revoke links matching the RST step 5 description | Table structure with ID, Name, Applicant, Application Time, Released By, Released At, Status, Operation columns aligns with the documented interface",
umn/source/user_guide/dataarts_factory/job_development/releasing_a_job_task.rst,Releasing a Job Task,en-us_image_0000002234236276.png,screenshot,pass,1.00,"Image shows a 'Release Package Details' dialog matching Figure 3 caption 'Viewing release package details' | The dialog contains a table with ID, Name, Owner, Change, Committed At, Status, Enabled/Disabled, Operation columns | Operation column shows a 'Compare...' link matching the RST description of clicking 'Compare Version' to view differences | Status column shows a success indicator consistent with the release status described in the RST | Close button at the bottom is consistent with a modal dialog for viewing details","The 'Compare Version' label is truncated to 'Compare...' in the image, but contextually matches the RST description"
umn/source/user_guide/dataarts_factory/job_development/submitting_a_version.rst,Submitting a Version,en-us_image_0000002269120589.png,screenshot,pass,1.00,"Shows the 'Submit New Version' dialog with Reviewer dropdown, Version Description field (0/128), checkbox, and OK/Cancel/Compare Version buttons | The Submit button in the toolbar is highlighted with a red border, matching the RST instruction to click Submit | The 128-character limit on the description field matches the RST text | The checkbox and its label match the RST description of selecting a check box below",
umn/source/user_guide/dataarts_factory/job_development/submitting_a_version.rst,Submitting a Version,en-us_image_0000002236652800.png,screenshot,pass,1.00,"Shows the 'Submitted Versions' tab with a version table containing Version, Committed By, Committed At, Version Description, and Operation columns | The Operation column shows 'Roll Back' and 'View' links, matching the RST description of rolling back to a submitted version | The 'Compare Version' button is visible (grayed out), consistent with the version management interface | The table shows one version record, consistent with the RST stating a maximum of 100 latest versions are saved",
umn/source/user_guide/dataarts_factory/job_development/submitting_a_version.rst,Submitting a Version,en-us_image_0000002271691905.png,screenshot,partial,0.67,"The RST states that clicking View displays 'a new page showing the job definition of the version' where you cannot modify job attributes | The image shows the version list (Submitted Versions tab) rather than the detail page with job definition | The image appears identical to Figure 2 (Rolling back the version), not showing a distinct detail view | The figure is placed in the 'Viewing Version Details' section but does not visually demonstrate the detail view described in the text",The actual version detail page showing job definition is not visible | No indication of a read-only view or job attributes display is shown
umn/source/user_guide/dataarts_factory/job_development/submitting_a_version.rst,Submitting a Version,en-us_image_0000002424391793.png,screenshot,pass,1.00,"Shows the 'Submitted Versions' tab with the 'Compare Version' button now active (not grayed out) | Version 1 is selected via a checked checkbox, matching the RST instruction to select versions to be compared | The interface matches the RST description: 'Select the versions to be compared and click Compare Version' | The single selected version is consistent with the RST note that selecting one version compares it with the development-state job JSON",
umn/source/user_guide/dataarts_factory/node_reference/cdm_job.rst,CDM Job,en-us_image_0000002269198773.png,icon,partial,0.72,"The image is a small pencil/edit icon used as a UI symbol for the 'Modify' action in the Input lineage section of Table 3. | The icon is generic and not specific to CDM Job, but it is contextually relevant to the lineage parameter configuration described in the RST. | The RST explicitly references |image1| for the Modify action in the Input lineage row, matching the pencil icon's semantic meaning.","No surrounding UI context is visible; the icon is isolated without a full interface screenshot. | The icon is low-resolution and slightly blurry, making fine details hard to discern."
umn/source/user_guide/dataarts_factory/node_reference/cdm_job.rst,CDM Job,en-us_image_0000002269198765.png,icon,partial,0.72,"The image is a small trash/delete icon used as a UI symbol for the 'Delete' action in the Input lineage section of Table 3. | The icon is generic and not specific to CDM Job, but it is contextually relevant to the lineage parameter configuration described in the RST. | The RST explicitly references |image2| for the Delete action in the Input lineage row, matching the trash icon's semantic meaning.",No surrounding UI context is visible; the icon is isolated without a full interface screenshot. | The icon is low-resolution and slightly blurry.
umn/source/user_guide/dataarts_factory/node_reference/cdm_job.rst,CDM Job,en-us_image_0000002234079480.png,icon,partial,0.72,"The image is a small info/details icon (circle with 'i') used as a UI symbol for the 'View Details' action in the Input lineage section of Table 3. | The icon is generic and not specific to CDM Job, but it is contextually relevant to the lineage parameter configuration described in the RST. | The RST explicitly references |image3| for the View Details action in the Input lineage row, matching the info icon's semantic meaning.",No surrounding UI context is visible; the icon is isolated without a full interface screenshot. | The icon is low-resolution and slightly blurry.
umn/source/user_guide/dataarts_factory/node_reference/cdm_job.rst,CDM Job,en-us_image_0000002269118737.png,icon,partial,0.72,"The image is a small pencil/edit icon used as a UI symbol for the 'Modify' action in the Output lineage section of Table 3. | The icon is identical to image1 (Input Modify) and is generic, not specific to CDM Job. | The RST explicitly references |image4| for the Modify action in the Output lineage row, matching the pencil icon's semantic meaning.",No surrounding UI context is visible; the icon is isolated without a full interface screenshot. | The icon is low-resolution and slightly blurry.
umn/source/user_guide/dataarts_factory/node_reference/cdm_job.rst,CDM Job,en-us_image_0000002269198821.png,icon,partial,0.72,"The image is a small trash/delete icon used as a UI symbol for the 'Delete' action in the Output lineage section of Table 3. | The icon is identical to image2 (Input Delete) and is generic, not specific to CDM Job. | The RST explicitly references |image5| for the Delete action in the Output lineage row, matching the trash icon's semantic meaning.",No surrounding UI context is visible; the icon is isolated without a full interface screenshot. | The icon is low-resolution and slightly blurry.
umn/source/user_guide/dataarts_factory/node_reference/cdm_job.rst,CDM Job,en-us_image_0000002269118733.png,icon,partial,0.72,"The image is a small info/details icon (circle with 'i') used as a UI symbol for the 'View Details' action in the Output lineage section of Table 3. | The icon is identical to image3 (Input View Details) and is generic, not specific to CDM Job. | The RST explicitly references |image6| for the View Details action in the Output lineage row, matching the info icon's semantic meaning.",No surrounding UI context is visible; the icon is isolated without a full interface screenshot. | The icon is low-resolution and slightly blurry.
umn/source/user_guide/dataarts_factory/node_reference/dli_flink_job.rst,DLI Flink Job,en-us_image_0000002234239680.png,icon,pass,0.90,"The image is a small circular refresh/reload pictogram, matching the RST reference |image1| in Table 2 (Flink SQL job) Script Parameter row: 'click |image1| to refresh the parameters.' | It is an isolated UI symbol (refresh button), not a full UI screenshot, so it is classified as an icon. | The refresh icon semantically matches the described action of refreshing script parameters. | No contradiction between the icon and the surrounding RST text.","The icon is low-resolution and has no visible text label, so its exact tooltip/label cannot be confirmed. | No surrounding UI context is shown to confirm the button's placement."
umn/source/user_guide/dataarts_factory/node_reference/dli_flink_job.rst,DLI Flink Job,en-us_image_0000002269119041.png,icon,pass,0.90,"The image is a small circular refresh/reload pictogram, matching the RST reference |image2| in Table 3 (Flink OpenSource SQL job) Script Parameter row: 'click |image2| to refresh the parameters.' | It is an isolated UI symbol (refresh button), not a full UI screenshot, so it is classified as an icon. | The refresh icon semantically matches the described action of refreshing script parameters. | No contradiction between the icon and the surrounding RST text.","The icon is low-resolution and has no visible text label, so its exact tooltip/label cannot be confirmed. | No surrounding UI context is shown to confirm the button's placement."
umn/source/user_guide/dataarts_factory/node_reference/dli_spark.rst,DLI Spark,en-us_image_0000002269198773.png,icon,pass,0.90,"The image is a small pencil/edit icon, consistent with its use in the RST as the 'Modify' action icon in Table 3 (Lineage). | The RST explicitly references this icon (|image7|) for the Modify operation in the Input lineage section. | The icon is a generic UI symbol, not specific to DLI Spark, but it is correctly placed in the DLI Spark node reference context. | The visual content (pencil) matches the described action of modifying parameter settings.",No additional context beyond the icon itself is visible; the surrounding UI is not shown.
umn/source/user_guide/dataarts_factory/node_reference/dli_spark.rst,DLI Spark,en-us_image_0000002269198765.png,icon,pass,0.90,"The image is a small trash/delete icon, consistent with its use in the RST as the 'Delete' action icon in Table 3 (Lineage). | The RST explicitly references this icon (|image8|) for the Delete operation in the Input lineage section. | The icon is a generic UI symbol, not specific to DLI Spark, but it is correctly placed in the DLI Spark node reference context. | The visual content (trash can) matches the described action of deleting parameter settings.",No additional context beyond the icon itself is visible; the surrounding UI is not shown.
umn/source/user_guide/dataarts_factory/node_reference/dli_spark.rst,DLI Spark,en-us_image_0000002234079480.png,icon,pass,0.90,"The image is a small info (i-in-circle) icon, consistent with its use in the RST as the 'View Details' action icon in Table 3 (Lineage). | The RST explicitly references this icon (|image9|) for the View Details operation in the Input lineage section. | The icon is a generic UI symbol, not specific to DLI Spark, but it is correctly placed in the DLI Spark node reference context. | The visual content (info circle) matches the described action of viewing details about a table.",No additional context beyond the icon itself is visible; the surrounding UI is not shown.
umn/source/user_guide/dataarts_factory/node_reference/dli_spark.rst,DLI Spark,en-us_image_0000002269118737.png,icon,pass,0.90,"The image is a small pencil/edit icon, consistent with its use in the RST as the 'Modify' action icon in Table 3 (Lineage) for the Output section. | The RST explicitly references this icon (|image10|) for the Modify operation in the Output lineage section. | The icon is a generic UI symbol, not specific to DLI Spark, but it is correctly placed in the DLI Spark node reference context. | The visual content (pencil) matches the described action of modifying parameter settings.",No additional context beyond the icon itself is visible; the surrounding UI is not shown.
umn/source/user_guide/dataarts_factory/node_reference/dli_spark.rst,DLI Spark,en-us_image_0000002269198821.png,icon,pass,0.90,"The image is a small trash/delete icon, consistent with its use in the RST as the 'Delete' action icon in Table 3 (Lineage) for the Output section. | The RST explicitly references this icon (|image11|) for the Delete operation in the Output lineage section. | The icon is a generic UI symbol, not specific to DLI Spark, but it is correctly placed in the DLI Spark node reference context. | The visual content (trash can) matches the described action of deleting parameter settings.",No additional context beyond the icon itself is visible; the surrounding UI is not shown.
umn/source/user_guide/dataarts_factory/node_reference/dli_spark.rst,DLI Spark,en-us_image_0000002269118733.png,icon,pass,0.90,"The image is a small info (i-in-circle) icon, consistent with its use in the RST as the 'View Details' action icon in Table 3 (Lineage) for the Output section. | The RST explicitly references this icon (|image12|) for the View Details operation in the Output lineage section. | The icon is a generic UI symbol, not specific to DLI Spark, but it is correctly placed in the DLI Spark node reference context. | The visual content (info circle) matches the described action of viewing details about a table.",No additional context beyond the icon itself is visible; the surrounding UI is not shown.
umn/source/user_guide/dataarts_factory/node_reference/dli_sql.rst,DLI SQL,en-us_image_0000002234245572.png,icon,partial,0.77,"The image is an eye/view icon, consistent with its use in the RST as a navigation action to the Queue Management page. | The icon is small and symbolic, matching the 'icon' classification. | It is referenced in the Queue Name parameter description for navigating to DLI Queue Management. | The visual clearly shows an eye symbol, which is a standard view/navigate icon.","The icon is very small and low-resolution, making fine details hard to discern. | No surrounding UI context is visible to confirm the exact button placement."
umn/source/user_guide/dataarts_factory/node_reference/dli_sql.rst,DLI SQL,en-us_image_0000002234085744.png,icon,pass,0.83,"The image is a circular refresh/reload arrow icon, matching its RST description 'click |image2| to refresh the parameters.' | The icon is small and symbolic, matching the 'icon' classification. | It is referenced in the Script Parameter description for refreshing script parameters. | The visual clearly shows a circular arrow, a standard refresh symbol.",The icon is very small and low-resolution. | No surrounding UI context is visible.
umn/source/user_guide/dataarts_factory/node_reference/dli_sql.rst,DLI SQL,en-us_image_0000002269205005.png,icon,pass,0.83,"The image is a circle/checkbox icon, matching its RST use for selecting whether to record dirty data. | The icon is small and symbolic, matching the 'icon' classification. | It is referenced as |image3|, |image4|, and |image5| in the Record Dirty Data parameter description. | The visual shows an empty circle, consistent with a checkbox or radio button in an unselected state.",The icon is very small and low-resolution. | It is unclear whether this represents a checked or unchecked state given the RST uses it for both selected and unselected descriptions.
umn/source/user_guide/dataarts_factory/node_reference/dli_sql.rst,DLI SQL,en-us_image_0000002269198773.png,icon,pass,0.83,"The image is a pencil/edit icon, matching its RST description 'Click |image12| to modify the parameter settings.' | The icon is small and symbolic, matching the 'icon' classification. | It is referenced in the Input lineage Modify row of Table 3. | The visual clearly shows a pencil, a standard edit/modify symbol.",The icon is very small and low-resolution. | No surrounding UI context is visible.
umn/source/user_guide/dataarts_factory/node_reference/dli_sql.rst,DLI SQL,en-us_image_0000002269198765.png,icon,pass,0.83,"The image is a trash can/delete icon, matching its RST description 'Click |image13| to delete the parameter settings.' | The icon is small and symbolic, matching the 'icon' classification. | It is referenced in the Input lineage Delete row of Table 3. | The visual clearly shows a trash can, a standard delete symbol.",The icon is very small and low-resolution. | No surrounding UI context is visible.
umn/source/user_guide/dataarts_factory/node_reference/dli_sql.rst,DLI SQL,en-us_image_0000002234079480.png,icon,pass,0.83,"The image is an info (i in circle) icon, matching its RST description 'Click |image14| to view details about the table created based on the input lineage.' | The icon is small and symbolic, matching the 'icon' classification. | It is referenced in the Input lineage View Details row of Table 3. | The visual clearly shows an 'i' in a circle, a standard information/details symbol.",The icon is very small and low-resolution. | No surrounding UI context is visible.
umn/source/user_guide/dataarts_factory/node_reference/dli_sql.rst,DLI SQL,en-us_image_0000002269118737.png,icon,pass,0.83,"The image is a pencil/edit icon, matching its RST description 'Click |image15| to modify the parameter settings.' | The icon is small and symbolic, matching the 'icon' classification. | It is referenced in the Output lineage Modify row of Table 3. | The visual clearly shows a pencil, a standard edit/modify symbol.",The icon is very small and low-resolution. | No surrounding UI context is visible.
umn/source/user_guide/dataarts_factory/node_reference/dli_sql.rst,DLI SQL,en-us_image_0000002269198821.png,icon,pass,0.83,"The image is a trash can/delete icon, matching its RST description 'Click |image16| to delete the parameter settings.' | The icon is small and symbolic, matching the 'icon' classification. | It is referenced in the Output lineage Delete row of Table 3. | The visual clearly shows a trash can, a standard delete symbol.",The icon is very small and low-resolution. | No surrounding UI context is visible.
umn/source/user_guide/dataarts_factory/node_reference/dli_sql.rst,DLI SQL,en-us_image_0000002269118733.png,icon,pass,0.83,"The image is an info (i in circle) icon, matching its RST description 'Click |image17| to view details about the table created based on the output lineage.' | The icon is small and symbolic, matching the 'icon' classification. | It is referenced in the Output lineage View Details row of Table 3. | The visual clearly shows an 'i' in a circle, a standard information/details symbol.",The icon is very small and low-resolution. | No surrounding UI context is visible.
umn/source/user_guide/dataarts_factory/node_reference/dummy.rst,Dummy,en-us_image_0000002234086156.png,other,pass,1.00,"Image is a schematic diagram showing two connection modes (mode 1 and mode 2) with nodes A, B, C, D and a central 'Dummy' node, matching the RST figure caption 'Figure 1 Connection modes'. | The diagram directly illustrates the RST statement that the Dummy node simplifies complex connection relationships by routing multiple inputs/outputs through a single node. | The figure is placed in the Functions section of the Dummy node reference, consistent with its purpose as an example. | Labels, arrows, and node icons are clearly visible, providing strong visual evidence.","No specific node types beyond generic icons (Spark, cloud, brain, scatter) are named in the image, but the RST does not require them."
umn/source/user_guide/dataarts_factory/node_reference/dws_sql.rst,DWS SQL,en-us_image_0000002269204937.png,icon,pass,0.90,"Circular refresh/reload icon matches the RST reference '|image1| to refresh the parameters' in the Script Parameter row. | Icon is a small symbolic UI graphic, consistent with image_kind=icon. | Used within the Parameters section (Table 1) of the DWS SQL node documentation.",No surrounding UI context; only the isolated refresh symbol is shown.
umn/source/user_guide/dataarts_factory/node_reference/dws_sql.rst,DWS SQL,en-us_image_0000002269198773.png,icon,pass,0.90,"Pencil/edit icon matches the RST 'Modify' action (|image8|) in the Lineage table. | Small symbolic UI graphic, consistent with image_kind=icon. | Appears in the Parameters section (Table 3) of the DWS SQL node documentation.",No surrounding UI context; only the isolated edit symbol is shown.
umn/source/user_guide/dataarts_factory/node_reference/dws_sql.rst,DWS SQL,en-us_image_0000002269198765.png,icon,pass,0.90,"Trash/delete icon matches the RST 'Delete' action (|image9|) in the Lineage table. | Small symbolic UI graphic, consistent with image_kind=icon. | Appears in the Parameters section (Table 3) of the DWS SQL node documentation.",No surrounding UI context; only the isolated delete symbol is shown.
umn/source/user_guide/dataarts_factory/node_reference/dws_sql.rst,DWS SQL,en-us_image_0000002234079480.png,icon,pass,0.90,"Info (i) icon matches the RST 'View Details' action (|image10|) in the Lineage table. | Small symbolic UI graphic, consistent with image_kind=icon. | Appears in the Parameters section (Table 3) of the DWS SQL node documentation.",No surrounding UI context; only the isolated info symbol is shown.
umn/source/user_guide/dataarts_factory/node_reference/dws_sql.rst,DWS SQL,en-us_image_0000002269118737.png,icon,pass,0.90,"Pencil/edit icon matches the RST 'Modify' action (|image11|) in the Output lineage row. | Small symbolic UI graphic, consistent with image_kind=icon. | Appears in the Parameters section (Table 3) of the DWS SQL node documentation.",No surrounding UI context; only the isolated edit symbol is shown.
umn/source/user_guide/dataarts_factory/node_reference/dws_sql.rst,DWS SQL,en-us_image_0000002269198821.png,icon,pass,0.90,"Trash/delete icon matches the RST 'Delete' action (|image12|) in the Output lineage row. | Small symbolic UI graphic, consistent with image_kind=icon. | Appears in the Parameters section (Table 3) of the DWS SQL node documentation.",No surrounding UI context; only the isolated delete symbol is shown.
umn/source/user_guide/dataarts_factory/node_reference/dws_sql.rst,DWS SQL,en-us_image_0000002269118733.png,icon,pass,0.90,"Info (i) icon matches the RST 'View Details' action (|image13|) in the Output lineage row. | Small symbolic UI graphic, consistent with image_kind=icon. | Appears in the Parameters section (Table 3) of the DWS SQL node documentation.",No surrounding UI context; only the isolated info symbol is shown.
umn/source/user_guide/dataarts_factory/node_reference/kafka_client.rst,Kafka Client,en-us_image_0000002269122377.png,icon,partial,0.77,"The image is a small pencil/edit pictogram, matching the 'icon' classification. | In the RST, |image2| is referenced in the Text parameter row: 'You can directly enter text or click |image2| to use the EL expression,' so the pencil icon semantically represents the edit/write action for entering text or an EL expression. | The icon is placed within the Parameters table (Text row) of the Kafka Client node, which is consistent with the document's topic. | The visual content (a pencil over a line) clearly conveys an edit/write action, supporting its use as the click target for entering text/EL expression.","The image is a generic edit/pencil icon and does not itself show the EL expression dialog or any Kafka-specific UI, so its exact in-app appearance cannot be confirmed from the image alone. | The RST defines |image1| to the same file but does not visibly use it in the body, so its intended placement is unclear."
umn/source/user_guide/dataarts_factory/node_reference/mrs_clickhouse.rst,MRS ClickHouse,en-us_image_0000002269119309.png,icon,pass,0.90,"Image is a small circular refresh/reload pictogram, matching the RST usage 'click |image1| to refresh the parameters'. | It is an isolated UI symbol, not a full interface screenshot. | The refresh action aligns with the Script Parameter description in the MRS ClickHouse node reference.",No surrounding UI context is shown; only the icon is visible.
umn/source/user_guide/dataarts_factory/node_reference/mrs_clickhouse.rst,MRS ClickHouse,en-us_image_0000002269198773.png,icon,pass,0.90,"Image is a pencil/edit pictogram, matching the RST usage for 'Modify' (click |image8| to modify the parameter settings). | It is an isolated UI symbol, not a full interface screenshot. | The edit action aligns with the Lineage table modify operation in the MRS ClickHouse node reference.",No surrounding UI context is shown; only the icon is visible.
umn/source/user_guide/dataarts_factory/node_reference/mrs_clickhouse.rst,MRS ClickHouse,en-us_image_0000002269198765.png,icon,pass,0.90,"Image is a trash/delete pictogram, matching the RST usage for 'Delete' (click |image9| to delete the parameter settings). | It is an isolated UI symbol, not a full interface screenshot. | The delete action aligns with the Lineage table delete operation in the MRS ClickHouse node reference.",No surrounding UI context is shown; only the icon is visible.
umn/source/user_guide/dataarts_factory/node_reference/mrs_clickhouse.rst,MRS ClickHouse,en-us_image_0000002234079480.png,icon,pass,0.90,"Image is an information (i-in-circle) pictogram, matching the RST usage for 'View Details' (click |image10| to view details). | It is an isolated UI symbol, not a full interface screenshot. | The info action aligns with the Lineage table view-details operation in the MRS ClickHouse node reference.",No surrounding UI context is shown; only the icon is visible.
umn/source/user_guide/dataarts_factory/node_reference/mrs_clickhouse.rst,MRS ClickHouse,en-us_image_0000002269118737.png,icon,pass,0.90,"Image is a pencil/edit pictogram, matching the RST usage for 'Modify' (click |image11| to modify the parameter settings). | It is an isolated UI symbol, not a full interface screenshot. | The edit action aligns with the Output lineage modify operation in the MRS ClickHouse node reference.",No surrounding UI context is shown; only the icon is visible.
umn/source/user_guide/dataarts_factory/node_reference/mrs_clickhouse.rst,MRS ClickHouse,en-us_image_0000002269198821.png,icon,pass,0.90,"Image is a trash/delete pictogram, matching the RST usage for 'Delete' (click |image12| to delete the parameter settings). | It is an isolated UI symbol, not a full interface screenshot. | The delete action aligns with the Output lineage delete operation in the MRS ClickHouse node reference.",No surrounding UI context is shown; only the icon is visible.
umn/source/user_guide/dataarts_factory/node_reference/mrs_clickhouse.rst,MRS ClickHouse,en-us_image_0000002269118733.png,icon,pass,0.90,"Image is an information (i-in-circle) pictogram, matching the RST usage for 'View Details' (click |image13| to view details). | It is an isolated UI symbol, not a full interface screenshot. | The info action aligns with the Output lineage view-details operation in the MRS ClickHouse node reference.",No surrounding UI context is shown; only the icon is visible.
umn/source/user_guide/dataarts_factory/node_reference/mrs_flink_job.rst,MRS Flink Job,en-us_image_0000002269204937.png,icon,pass,1.00,"The image is a circular refresh/reload arrow icon, which is a standard UI symbol for refreshing. | The RST states 'click |image1| to refresh the parameters' in the Script Parameter row, and the refresh icon directly matches this described action. | The icon is placed in the Parameters table under the Script Parameter description, which is the correct section for refreshing script parameters. | The visual content (circular arrow) unambiguously represents a refresh action, consistent with the documented usage.",
umn/source/user_guide/dataarts_factory/node_reference/mrs_flink_job.rst,MRS Flink Job,en-us_image_0000002234245708.png,icon,pass,1.00,"The image is an eye icon, a common UI symbol for 'view' or 'navigate to' a page. | The RST states 'Click |image2|. On the **Clusters** page, create an MRS cluster.' in the MRS Cluster Name row, and the eye icon serves as a navigation/view button to reach the Clusters page. | The icon is placed in the Parameters table under the MRS Cluster Name description, which is the correct section for navigating to cluster management. | The visual content (eye symbol) is consistent with a 'view' or 'go to' navigation action in a UI context.",
umn/source/user_guide/dataarts_factory/node_reference/mrs_hive_sql.rst,MRS Hive SQL,en-us_image_0000002269204937.png,icon,pass,0.90,"Image is a small circular-arrow refresh pictogram, matching the RST text 'click |image1| to refresh the parameters' in the Script Parameter row. | It is an isolated UI symbol, not a full interface screenshot. | The refresh action aligns with the described parameter-refresh behavior of the MRS Hive SQL node.",No surrounding UI context is shown; only the standalone icon is visible.
umn/source/user_guide/dataarts_factory/node_reference/mrs_hive_sql.rst,MRS Hive SQL,en-us_image_0000002269198773.png,icon,pass,0.90,"Image is a pencil/edit pictogram, matching the RST 'Click |image8| to modify the parameter settings' in the Lineage table. | It is an isolated symbolic graphic, not a screenshot. | The edit symbol corresponds to the modify action described for lineage parameters.",No surrounding UI context is shown; only the standalone icon is visible.
umn/source/user_guide/dataarts_factory/node_reference/mrs_hive_sql.rst,MRS Hive SQL,en-us_image_0000002269198765.png,icon,pass,0.90,"Image is a trash-can/delete pictogram, matching the RST 'Click |image9| to delete the parameter settings' in the Lineage table. | It is an isolated symbolic graphic, not a screenshot. | The delete symbol corresponds to the delete action described for lineage parameters.",No surrounding UI context is shown; only the standalone icon is visible.
umn/source/user_guide/dataarts_factory/node_reference/mrs_hive_sql.rst,MRS Hive SQL,en-us_image_0000002234079480.png,icon,pass,0.90,"Image is an information (i-in-circle) pictogram, matching the RST 'Click |image10| to view details' in the Lineage table. | It is an isolated symbolic graphic, not a screenshot. | The info symbol corresponds to the view-details action described for lineage parameters.",No surrounding UI context is shown; only the standalone icon is visible.
umn/source/user_guide/dataarts_factory/node_reference/mrs_hive_sql.rst,MRS Hive SQL,en-us_image_0000002269118737.png,icon,pass,0.90,"Image is a pencil/edit pictogram, matching the RST 'Click |image11| to modify the parameter settings' in the Output lineage section. | It is an isolated symbolic graphic, not a screenshot. | The edit symbol corresponds to the modify action described for output lineage parameters.",No surrounding UI context is shown; only the standalone icon is visible.
umn/source/user_guide/dataarts_factory/node_reference/mrs_hive_sql.rst,MRS Hive SQL,en-us_image_0000002269198821.png,icon,pass,0.90,"Image is a trash-can/delete pictogram, matching the RST 'Click |image12| to delete the parameter settings' in the Output lineage section. | It is an isolated symbolic graphic, not a screenshot. | The delete symbol corresponds to the delete action described for output lineage parameters.",No surrounding UI context is shown; only the standalone icon is visible.
umn/source/user_guide/dataarts_factory/node_reference/mrs_hive_sql.rst,MRS Hive SQL,en-us_image_0000002269118733.png,icon,pass,0.90,"Image is an information (i-in-circle) pictogram, matching the RST 'Click |image13| to view details' in the Output lineage section. | It is an isolated symbolic graphic, not a screenshot. | The info symbol corresponds to the view-details action described for output lineage parameters.",No surrounding UI context is shown; only the standalone icon is visible.
umn/source/user_guide/dataarts_factory/node_reference/mrs_impala_sql.rst,MRS Impala SQL,en-us_image_0000002269124905.png,icon,pass,0.90,"Image is a small circular refresh/reload pictogram, an isolated UI symbol. | RST Table 1 (Script Parameter) instructs to click this icon to refresh parameters, matching the refresh glyph. | Icon is used within the MRS Impala SQL node parameter documentation, so it is topically relevant.",No surrounding UI context is shown; only the isolated refresh symbol is visible.
umn/source/user_guide/dataarts_factory/node_reference/mrs_impala_sql.rst,MRS Impala SQL,en-us_image_0000002269198773.png,icon,pass,0.90,"Image is a small pencil/edit pictogram, an isolated UI symbol. | RST Table 3 (Input, Modify) instructs to click this icon to modify parameter settings, matching the edit glyph. | Used within the MRS Impala SQL node lineage table, so it is section-relevant.",No surrounding UI context is shown; only the isolated edit symbol is visible.
umn/source/user_guide/dataarts_factory/node_reference/mrs_impala_sql.rst,MRS Impala SQL,en-us_image_0000002269198765.png,icon,pass,0.90,"Image is a small trash-can/delete pictogram, an isolated UI symbol. | RST Table 3 (Input, Delete) instructs to click this icon to delete parameter settings, matching the delete glyph. | Used within the MRS Impala SQL node lineage table, so it is section-relevant.",No surrounding UI context is shown; only the isolated delete symbol is visible.
umn/source/user_guide/dataarts_factory/node_reference/mrs_impala_sql.rst,MRS Impala SQL,en-us_image_0000002234079480.png,icon,pass,0.90,"Image is a small information (i-in-circle) pictogram, an isolated UI symbol. | RST Table 3 (Input, View Details) instructs to click this icon to view table details, matching the info glyph. | Used within the MRS Impala SQL node lineage table, so it is section-relevant.",No surrounding UI context is shown; only the isolated info symbol is visible.
umn/source/user_guide/dataarts_factory/node_reference/mrs_impala_sql.rst,MRS Impala SQL,en-us_image_0000002269118737.png,icon,pass,0.90,"Image is a small pencil/edit pictogram, an isolated UI symbol. | RST Table 3 (Output, Modify) instructs to click this icon to modify parameter settings, matching the edit glyph. | Used within the MRS Impala SQL node lineage table, so it is section-relevant.",No surrounding UI context is shown; only the isolated edit symbol is visible.
umn/source/user_guide/dataarts_factory/node_reference/mrs_impala_sql.rst,MRS Impala SQL,en-us_image_0000002269198821.png,icon,pass,0.90,"Image is a small trash-can/delete pictogram, an isolated UI symbol. | RST Table 3 (Output, Delete) instructs to click this icon to delete parameter settings, matching the delete glyph. | Used within the MRS Impala SQL node lineage table, so it is section-relevant.",No surrounding UI context is shown; only the isolated delete symbol is visible.
umn/source/user_guide/dataarts_factory/node_reference/mrs_impala_sql.rst,MRS Impala SQL,en-us_image_0000002269118733.png,icon,pass,0.90,"Image is a small information (i-in-circle) pictogram, an isolated UI symbol. | RST Table 3 (Output, View Details) instructs to click this icon to view table details, matching the info glyph. | Used within the MRS Impala SQL node lineage table, so it is section-relevant.",No surrounding UI context is shown; only the isolated info symbol is visible.
umn/source/user_guide/dataarts_factory/node_reference/mrs_mapreduce.rst,MRS MapReduce,en-us_image_0000002234085912.png,icon,partial,0.65,"The image is a small eye-shaped pictogram used as a clickable navigation icon in the UI. | In the RST it is referenced as 'Click |image1|. On the Clusters page, create an MRS cluster,' indicating it is a navigation button to the Clusters page. | The icon is tangentially related to the MRS MapReduce topic: it helps the user create an MRS cluster, a prerequisite for configuring the MRS MapReduce node. | The icon does not depict any MRS MapReduce-specific details; it is a generic navigation symbol. | No contradiction between the image content and the RST description.",The image does not show any text label or tooltip identifying it as a 'Clusters' navigation button. | No surrounding UI context is visible to confirm the exact placement of the icon within the DataArts Studio interface.
umn/source/user_guide/dataarts_factory/node_reference/mrs_presto_sql.rst,MRS Presto SQL,en-us_image_0000002269118725.png,icon,pass,0.90,"The image is a circular refresh/reload arrow icon, matching its use in the RST as |image1| for 'refresh the parameters' in the Script Parameter row of Table 1. | The icon is a small symbolic graphic representing a UI action, consistent with the icon classification. | The icon is directly relevant to the MRS Presto SQL node parameter configuration context.",No surrounding UI context is visible; only the isolated icon is shown.
umn/source/user_guide/dataarts_factory/node_reference/mrs_presto_sql.rst,MRS Presto SQL,en-us_image_0000002269198773.png,icon,pass,0.90,"The image is a pencil/edit icon, matching its use in the RST as |image8| for 'modify the parameter settings' in the Input section of Table 3 (Lineage). | The icon is a small symbolic graphic representing a modify/edit action. | The icon is directly relevant to the lineage parameter modification context in the MRS Presto SQL node documentation.",No surrounding UI context is visible; only the isolated icon is shown.
umn/source/user_guide/dataarts_factory/node_reference/mrs_presto_sql.rst,MRS Presto SQL,en-us_image_0000002269198765.png,icon,pass,0.90,"The image is a trash can/delete icon, matching its use in the RST as |image9| for 'delete the parameter settings' in the Input section of Table 3 (Lineage). | The icon is a small symbolic graphic representing a delete action. | The icon is directly relevant to the lineage parameter deletion context in the MRS Presto SQL node documentation.",No surrounding UI context is visible; only the isolated icon is shown.
umn/source/user_guide/dataarts_factory/node_reference/mrs_presto_sql.rst,MRS Presto SQL,en-us_image_0000002234079480.png,icon,pass,0.90,"The image is an information 'i' in a circle icon, matching its use in the RST as |image10| for 'view details about the table created based on the input lineage' in Table 3. | The icon is a small symbolic graphic representing a view-details/information action. | The icon is directly relevant to the lineage details viewing context in the MRS Presto SQL node documentation.",No surrounding UI context is visible; only the isolated icon is shown.
umn/source/user_guide/dataarts_factory/node_reference/mrs_presto_sql.rst,MRS Presto SQL,en-us_image_0000002269118737.png,icon,pass,0.90,"The image is a pencil/edit icon, matching its use in the RST as |image11| for 'modify the parameter settings' in the Output section of Table 3 (Lineage). | The icon is a small symbolic graphic representing a modify/edit action. | The icon is directly relevant to the output lineage parameter modification context in the MRS Presto SQL node documentation.",No surrounding UI context is visible; only the isolated icon is shown.
umn/source/user_guide/dataarts_factory/node_reference/mrs_presto_sql.rst,MRS Presto SQL,en-us_image_0000002269198821.png,icon,pass,0.90,"The image is a trash can/delete icon, matching its use in the RST as |image12| for 'delete the parameter settings' in the Output section of Table 3 (Lineage). | The icon is a small symbolic graphic representing a delete action. | The icon is directly relevant to the output lineage parameter deletion context in the MRS Presto SQL node documentation.",No surrounding UI context is visible; only the isolated icon is shown.
umn/source/user_guide/dataarts_factory/node_reference/mrs_presto_sql.rst,MRS Presto SQL,en-us_image_0000002269118733.png,icon,pass,0.90,"The image is an information 'i' in a circle icon, matching its use in the RST as |image13| for 'view details about the table created based on the output lineage' in Table 3. | The icon is a small symbolic graphic representing a view-details/information action. | The icon is directly relevant to the output lineage details viewing context in the MRS Presto SQL node documentation.",No surrounding UI context is visible; only the isolated icon is shown.
umn/source/user_guide/dataarts_factory/node_reference/mrs_spark.rst,MRS Spark,en-us_image_0000002234245684.png,icon,partial,0.77,"Image is a small eye-shaped pictogram, matching the 'icon' classification. | In the RST, |image1| is referenced as the button to open the Clusters page to create an MRS cluster, which is part of the MRS Spark node parameters. | The eye glyph is a generic view/look symbol rather than a cluster-creation symbol, so the detail match is only partial.",No surrounding UI context is visible to confirm the button's exact function. | The icon alone does not indicate 'create cluster' semantics.
umn/source/user_guide/dataarts_factory/node_reference/mrs_spark.rst,MRS Spark,en-us_image_0000002269198773.png,icon,pass,1.00,"Image is a pencil/edit pictogram, an isolated UI symbol (icon). | The RST uses this glyph (|image8|) for the 'Modify' action in the Lineage table, which a pencil icon conventionally represents. | The icon directly matches the described modify operation in the MRS Spark node lineage section.",No full UI screenshot is present; only the standalone icon is shown.
umn/source/user_guide/dataarts_factory/node_reference/mrs_spark.rst,MRS Spark,en-us_image_0000002269198765.png,icon,pass,1.00,"Image is a trash-can pictogram, an isolated UI symbol (icon). | The RST uses this glyph (|image9|) for the 'Delete' action in the Lineage table, which a trash icon conventionally represents. | The icon matches the described delete operation in the MRS Spark node lineage section.",No full UI screenshot is present; only the standalone icon is shown.
umn/source/user_guide/dataarts_factory/node_reference/mrs_spark.rst,MRS Spark,en-us_image_0000002234079480.png,icon,pass,1.00,"Image is an information (i-in-circle) pictogram, an isolated UI symbol (icon). | The RST uses this glyph (|image10|) for the 'View Details' action in the Lineage table, which an info icon conventionally represents. | The icon matches the described view-details operation in the MRS Spark node lineage section.",No full UI screenshot is present; only the standalone icon is shown.
umn/source/user_guide/dataarts_factory/node_reference/mrs_spark.rst,MRS Spark,en-us_image_0000002269118737.png,icon,pass,1.00,"Image is a pencil/edit pictogram, an isolated UI symbol (icon). | The RST uses this glyph (|image11|) for the 'Modify' action in the Output lineage section, which a pencil icon conventionally represents. | The icon matches the described modify operation in the MRS Spark node lineage section.",No full UI screenshot is present; only the standalone icon is shown.
umn/source/user_guide/dataarts_factory/node_reference/mrs_spark.rst,MRS Spark,en-us_image_0000002269198821.png,icon,pass,1.00,"Image is a trash-can pictogram, an isolated UI symbol (icon). | The RST uses this glyph (|image12|) for the 'Delete' action in the Output lineage section, which a trash icon conventionally represents. | The icon matches the described delete operation in the MRS Spark node lineage section.",No full UI screenshot is present; only the standalone icon is shown.
umn/source/user_guide/dataarts_factory/node_reference/mrs_spark.rst,MRS Spark,en-us_image_0000002269118733.png,icon,pass,1.00,"Image is an information (i-in-circle) pictogram, an isolated UI symbol (icon). | The RST uses this glyph (|image13|) for the 'View Details' action in the Output lineage section, which an info icon conventionally represents. | The icon matches the described view-details operation in the MRS Spark node lineage section.",No full UI screenshot is present; only the standalone icon is shown.
umn/source/user_guide/dataarts_factory/node_reference/mrs_spark_python.rst,MRS Spark Python,en-us_image_0000002234245684.png,icon,partial,0.72,"Image is a small eye/view pictogram, consistent with an icon used for a clickable action. | Referenced in the MRS Cluster Name parameter as the control to open the Clusters page. | The eye glyph semantically suggests 'view' rather than 'create a cluster', a minor semantic mismatch.",No surrounding UI context to confirm the exact action the eye icon triggers.
umn/source/user_guide/dataarts_factory/node_reference/mrs_spark_python.rst,MRS Spark Python,en-us_image_0000002269198773.png,icon,pass,1.00,"Image is a pencil/edit pictogram, matching the 'Modify' action in the Lineage table. | Used for |image2| and |image8| to modify input lineage parameter settings. | The edit glyph directly corresponds to the described modify operation.","No full UI context, but the icon's meaning is unambiguous."
umn/source/user_guide/dataarts_factory/node_reference/mrs_spark_python.rst,MRS Spark Python,en-us_image_0000002269198765.png,icon,pass,1.00,"Image is a trash-can/delete pictogram, matching the 'Delete' action in the Lineage table. | Used for |image3| and |image9| to delete input lineage parameter settings. | The delete glyph directly corresponds to the described delete operation.","No full UI context, but the icon's meaning is unambiguous."
umn/source/user_guide/dataarts_factory/node_reference/mrs_spark_python.rst,MRS Spark Python,en-us_image_0000002234079480.png,icon,pass,1.00,"Image is an information (i-in-circle) pictogram, matching the 'View Details' action. | Used for |image4| and |image10| to view details of the input lineage table. | The info glyph directly corresponds to the described view-details operation.","No full UI context, but the icon's meaning is unambiguous."
umn/source/user_guide/dataarts_factory/node_reference/mrs_spark_python.rst,MRS Spark Python,en-us_image_0000002269118737.png,icon,pass,1.00,"Image is a pencil/edit pictogram, matching the 'Modify' action for output lineage. | Used for |image5| and |image11| to modify output lineage parameter settings. | The edit glyph directly corresponds to the described modify operation.","No full UI context, but the icon's meaning is unambiguous."
umn/source/user_guide/dataarts_factory/node_reference/mrs_spark_python.rst,MRS Spark Python,en-us_image_0000002269198821.png,icon,pass,1.00,"Image is a trash-can/delete pictogram, matching the 'Delete' action for output lineage. | Used for |image6| and |image12| to delete output lineage parameter settings. | The delete glyph directly corresponds to the described delete operation.","No full UI context, but the icon's meaning is unambiguous."
umn/source/user_guide/dataarts_factory/node_reference/mrs_spark_python.rst,MRS Spark Python,en-us_image_0000002269118733.png,icon,pass,1.00,"Image is an information (i-in-circle) pictogram, matching the 'View Details' action for output lineage. | Used for |image7| and |image13| to view details of the output lineage table. | The info glyph directly corresponds to the described view-details operation.","No full UI context, but the icon's meaning is unambiguous."
umn/source/user_guide/dataarts_factory/node_reference/mrs_spark_sql.rst,MRS Spark SQL,en-us_image_0000002269204937.png,icon,pass,0.83,"Image is a small circular refresh/reload arrow symbol, matching the |image1| reference used for 'refresh the parameters' in the Script Parameter row. | The icon semantically matches the refresh action described in the MRS Spark SQL node parameter table. | It is an isolated pictogram, not a full UI screenshot.",No surrounding UI context is visible to confirm the exact placement within the node configuration panel.
umn/source/user_guide/dataarts_factory/node_reference/mrs_spark_sql.rst,MRS Spark SQL,en-us_image_0000002269198773.png,icon,pass,0.90,"Image is a pencil/edit symbol, matching the |image2|/|image8| reference used for the 'Modify' action in the Lineage table. | The edit icon semantically matches modifying parameter settings as described in the document. | It is an isolated pictogram, not a full UI screenshot.",No surrounding UI context is visible to confirm the exact placement within the lineage panel.
umn/source/user_guide/dataarts_factory/node_reference/mrs_spark_sql.rst,MRS Spark SQL,en-us_image_0000002269198765.png,icon,pass,0.90,"Image is a trash-can/delete symbol, matching the |image3|/|image9| reference used for the 'Delete' action in the Lineage table. | The delete icon semantically matches deleting parameter settings as described in the document. | It is an isolated pictogram, not a full UI screenshot.",No surrounding UI context is visible to confirm the exact placement within the lineage panel.
umn/source/user_guide/dataarts_factory/node_reference/mrs_spark_sql.rst,MRS Spark SQL,en-us_image_0000002234079480.png,icon,pass,0.90,"Image is an information 'i' in a circle symbol, matching the |image4|/|image10| reference used for the 'View Details' action in the Lineage table. | The info icon semantically matches viewing details about a table as described in the document. | It is an isolated pictogram, not a full UI screenshot.",No surrounding UI context is visible to confirm the exact placement within the lineage panel.
umn/source/user_guide/dataarts_factory/node_reference/mrs_spark_sql.rst,MRS Spark SQL,en-us_image_0000002269118737.png,icon,pass,0.90,"Image is a pencil/edit symbol, matching the |image5|/|image11| reference used for the 'Modify' action in the Output lineage section. | The edit icon semantically matches modifying parameter settings as described in the document. | It is an isolated pictogram, not a full UI screenshot.",No surrounding UI context is visible to confirm the exact placement within the output lineage panel.
umn/source/user_guide/dataarts_factory/node_reference/mrs_spark_sql.rst,MRS Spark SQL,en-us_image_0000002269198821.png,icon,pass,0.90,"Image is a trash-can/delete symbol, matching the |image6|/|image12| reference used for the 'Delete' action in the Output lineage section. | The delete icon semantically matches deleting parameter settings as described in the document. | It is an isolated pictogram, not a full UI screenshot.",No surrounding UI context is visible to confirm the exact placement within the output lineage panel.
umn/source/user_guide/dataarts_factory/node_reference/mrs_spark_sql.rst,MRS Spark SQL,en-us_image_0000002269118733.png,icon,pass,0.90,"Image is an information 'i' in a circle symbol, matching the |image7|/|image13| reference used for the 'View Details' action in the Output lineage section. | The info icon semantically matches viewing details about a table as described in the document. | It is an isolated pictogram, not a full UI screenshot.",No surrounding UI context is visible to confirm the exact placement within the output lineage panel.
umn/source/user_guide/dataarts_factory/node_reference/node_lineages/configuring_data_lineages.rst,Configuring Data Lineages,en-us_image_0000002234076044.png,screenshot,pass,1.00,"Image shows the lineageInfo panel with Input (HIVE) and Output (DWS) sections, matching Figure 1 description of manual configuration of lineage relationships | Input section shows Type, Connection, Name, Database, Table Name fields; Output section shows Type, Connection, Name, Database, Schema, Table Name fields | Right sidebar shows Node Properties with lineageInfo highlighted, consistent with the procedure described in the RST | The image serves as a general example of what the manual lineage configuration looks like, as stated in the RST","No specific table names are filled in, which is expected for a general example figure"
umn/source/user_guide/dataarts_factory/node_reference/node_lineages/configuring_data_lineages.rst,Configuring Data Lineages,en-us_image_0000002269115237.png,screenshot,pass,1.00,"Image shows the job canvas with CDM_Job_4527 connected to MRS_Spark_5834 node, matching the RST description of an MRS Spark node in a pipeline data development job | Right panel shows the lineageInfo page with empty Input and Output sections, each with a + Add button | This matches Figure 2 description: lineageInfo page, corresponding to step 4 of the procedure | The MRS Spark node is highlighted/selected in the canvas, consistent with the instruction to click the MRS Spark node",The job canvas is partially visible; only two nodes are shown which is sufficient for the context
umn/source/user_guide/dataarts_factory/node_reference/node_lineages/configuring_data_lineages.rst,Configuring Data Lineages,en-us_image_0000002234235876.png,screenshot,pass,1.00,"Image shows the lineageInfo panel with Input section configured: Type HIVE, Connection mrs_..., Database default, Table Name hive | This exactly matches Figure 3 description and the RST text stating 'you can configure input table hive' | The job canvas shows CDM_Job_4527 connected to MRS_Spark_5834, consistent with the procedure context | Output section is empty with + Add button, indicating the user is still in the input configuration step","Connection name is partially redacted (mrs_...), which is normal for documentation screenshots"
umn/source/user_guide/dataarts_factory/node_reference/node_lineages/configuring_data_lineages.rst,Configuring Data Lineages,en-us_image_0000002234235868.png,screenshot,pass,1.00,"Image shows the Output section of lineageInfo configured: Type HIVE, Connection mrs_..., Database default, Table Name a | This exactly matches Figure 4 description and the RST text stating 'you can configure output table a' | The job canvas shows CDM_Job_4527 connected to MRS_Spark_5834, consistent with the procedure context | The panel header shows 'Output' indicating the user has moved to the output configuration step after clicking OK on input","Connection name is partially redacted (mrs_...), which is normal for documentation screenshots"
umn/source/user_guide/dataarts_factory/node_reference/node_lineages/data_lineage_overview.rst,Data Lineage Overview,en-us_image_0000002269114837.png,screenshot,pass,1.00,"Image is a UI screenshot of a data lineage graph with Upstream/Downstream controls and a Show Process checkbox. | Shows tables wk_01, wk_02, wk_03, wk_04, wk_05 and job nodes hive_1 and hive_2 sub_sql_node connected by arrows, matching the RST description of Figure 1. | Flow matches the text: wk_01 -> hive_1 -> wk_02 -> hive_2 -> wk_03/wk_04/wk_05. | Directly corresponds to the 'What Is Data Lineage?' section figure.",
umn/source/user_guide/dataarts_factory/node_reference/node_lineages/data_lineage_overview.rst,Data Lineage Overview,en-us_image_0000002234075636.png,icon,pass,1.00,"Small symbolic graphic of a table grid with a header row. | RST defines |image1| as indicating a data table, which matches this icon. | Used as a legend symbol in the lineage figure caption.",
umn/source/user_guide/dataarts_factory/node_reference/node_lineages/data_lineage_overview.rst,Data Lineage Overview,en-us_image_0000002234075628.png,icon,pass,1.00,"Small symbolic graphic of connected nodes representing a job/process node. | RST defines |image2| as indicating a job node, which matches this icon. | Used as a legend symbol in the lineage figure caption.",
umn/source/user_guide/dataarts_factory/node_reference/node_lineages/viewing_data_lineages.rst,Viewing Data Lineages,en-us_image_0000002269198345.png,screenshot,pass,1.00,"Shows the job editing page with a toolbar including the highlighted Execute button, matching Figure 1 'Starting job scheduling'. | Displays a lineage graph with nodes (Dummy_0462, MRS_Hive_SQL_1689, MRS_Hive_SQL_5870, DWS_SQL_6323) consistent with the data lineage context. | Directly supports RST step 4 'Click Execute' in the Starting Job Scheduling section.","No explicit indication that the job has been successfully scheduled yet, but the figure is meant to illustrate the action of clicking Execute."
umn/source/user_guide/dataarts_factory/node_reference/node_lineages/viewing_data_lineages.rst,Viewing Data Lineages,en-us_image_0000002269198329.png,screenshot,pass,1.00,"Shows the Data Catalog page with the Technical Assets tab and Search Filters, matching Figure 2 'Selecting types'. | The Types area shows Job, Node, and Table checkboxes highlighted, plus the Search All button and OK/Cancel, exactly as described in RST step 2. | Directly supports the instruction to select Job, Node, and Table and click OK.","The data connection filter area is not fully visible, but the relevant type-selection controls are clearly shown."
umn/source/user_guide/dataarts_factory/node_reference/node_lineages/viewing_data_lineages.rst,Viewing Data Lineages,en-us_image_0000002269118261.png,screenshot,pass,1.00,"Shows a job details page (dli_xueyuan_job) with Details and Job tabs and a highlighted Edit button, matching Figure 3 'Viewing job details'. | The asset name ends with _job, consistent with RST step 3 about clicking an asset ending with _job. | The Edit button on the Job tab matches the instruction to go to the job editing page.",The lineage graph itself is not shown in this figure; it focuses on the job details and Edit action.
umn/source/user_guide/dataarts_factory/node_reference/node_lineages/viewing_data_lineages.rst,Viewing Data Lineages,en-us_image_0000002269198357.png,screenshot,pass,1.00,"Shows a node details page (hive_1, mrs_hive_sql_node) with the Lineage tab and an upstream/downstream lineage graph, matching Figure 4 'Viewing lineages of a node'. | The graph shows upstream (wk_01) and downstream (wk_02) links with + / - expand icons, consistent with RST step 4. | The right panel shows node details and an Edit button, matching the instruction to view node details and go to the job editing page.",The + / - expand icons are small but present beside the nodes; no further detail is missing for the described actions.
umn/source/user_guide/dataarts_factory/node_reference/node_lineages/viewing_data_lineages.rst,Viewing Data Lineages,en-us_image_0000002234238896.png,screenshot,pass,1.00,"Shows a lineage view with a table node (wk_02, hive_table) selected and its details in the right panel, matching Figure 5 'Viewing lineages of a table'. | The lineage graph shows upstream (wk_01) and downstream (wk_02) table links with expand icons, consistent with RST step 5. | The right panel displays table metadata (owner, createTime, name), supporting the instruction to view table details.",The table icon in the search result list is not shown; the figure focuses on the table details/lineage page.
umn/source/user_guide/dataarts_factory/node_reference/node_lineages/viewing_data_lineages.rst,Viewing Data Lineages,en-us_image_0000002234079060.png,icon,partial,0.78,"A small symbolic pictogram (a node/workflow glyph) used as the |image1| reference in RST step 3 for the navigation pane icon. | It is an isolated UI symbol rather than a full interface, so it is classified as an icon. | It is relevant to the Starting Job Scheduling step where the user clicks the navigation icon to open a job.","The icon is low-resolution and small, so its exact label or meaning is not legible beyond being a node/workflow symbol. | No surrounding navigation pane context is visible to confirm the exact menu location."
umn/source/user_guide/dataarts_factory/node_reference/node_overview.rst,Node Overview,en-us_image_0000002234085828.png,other,pass,1.00,"Image is a conceptual diagram illustrating serial and parallel node connections, matching the RST's description of serial (node B after node A) and parallel (run at the same time) modes. | Left panel labeled 'Serial connection' shows Begin -> A -> B with sequential arrows; right panel labeled 'Parallel connection' shows Begin branching to A and B, consistent with the text. | The figure is referenced in the RST as 'Figure 1 Connection diagram' within the Node Overview section, so it is directly relevant to the section. | Clear visual labels (Begin, A, B, Serial/Parallel connection) provide strong evidence supporting the documented connection semantics.","The diagram does not show actual node parameter configuration or EL expressions, which are mentioned elsewhere in the RST. | No explicit timing or execution-order annotations beyond the arrow direction are present."
umn/source/user_guide/dataarts_factory/node_reference/obs_manager.rst,OBS Manager,en-us_image_0000002269198773.png,icon,pass,0.90,"Image is a small pencil/edit icon, a symbolic UI graphic. | It is referenced as |image7| for the 'Modify' action in Table 3 (Lineage). | The pencil icon semantically matches the 'modify parameter settings' description. | No contradiction with the RST text.",No surrounding UI context; only the isolated icon is shown.
umn/source/user_guide/dataarts_factory/node_reference/obs_manager.rst,OBS Manager,en-us_image_0000002269198765.png,icon,pass,0.90,"Image is a small trash-can/delete icon, a symbolic UI graphic. | It is referenced as |image8| for the 'Delete' action in Table 3 (Lineage). | The trash icon semantically matches the 'delete the parameter settings' description. | No contradiction with the RST text.",No surrounding UI context; only the isolated icon is shown.
umn/source/user_guide/dataarts_factory/node_reference/obs_manager.rst,OBS Manager,en-us_image_0000002234079480.png,icon,pass,0.90,"Image is a small info ('i' in circle) icon, a symbolic UI graphic. | It is referenced as |image9| for the 'View Details' action in Table 3 (Lineage). | The info icon semantically matches the 'view details' description. | No contradiction with the RST text.",No surrounding UI context; only the isolated icon is shown.
umn/source/user_guide/dataarts_factory/node_reference/obs_manager.rst,OBS Manager,en-us_image_0000002269118737.png,icon,pass,0.90,"Image is a small pencil/edit icon, a symbolic UI graphic. | It is referenced as |image10| for the 'Modify' action in the Output lineage of Table 3. | The pencil icon semantically matches the 'modify the parameter settings' description. | No contradiction with the RST text.",No surrounding UI context; only the isolated icon is shown.
umn/source/user_guide/dataarts_factory/node_reference/obs_manager.rst,OBS Manager,en-us_image_0000002269198821.png,icon,pass,0.90,"Image is a small trash-can/delete icon, a symbolic UI graphic. | It is referenced as |image11| for the 'Delete' action in the Output lineage of Table 3. | The trash icon semantically matches the 'delete the parameter settings' description. | No contradiction with the RST text.",No surrounding UI context; only the isolated icon is shown.
umn/source/user_guide/dataarts_factory/node_reference/obs_manager.rst,OBS Manager,en-us_image_0000002269118733.png,icon,pass,0.90,"Image is a small info ('i' in circle) icon, a symbolic UI graphic. | It is referenced as |image12| for the 'View Details' action in the Output lineage of Table 3. | The info icon semantically matches the 'view details' description. | No contradiction with the RST text.",No surrounding UI context; only the isolated icon is shown.
umn/source/user_guide/dataarts_factory/node_reference/rest_client.rst,Rest Client,en-us_image_0000002234086280.png,icon,pass,1.00,"Image is a plus (+) icon, matching the RST instruction 'Click |image1| to add a request header'. | The plus symbol is the conventional 'add' control, consistent with the Request Header parameter description. | It is an isolated UI symbol (icon), not a full screenshot.",No surrounding UI context is shown; only the isolated plus glyph is visible.
umn/source/user_guide/dataarts_factory/node_reference/rest_client.rst,Rest Client,en-us_image_0000002269198773.png,icon,pass,1.00,"Image is a pencil/edit icon, matching the RST 'Modify' action (|image8|) in the Lineage table. | The pencil glyph is the standard symbol for editing/modifying settings. | It is an isolated UI symbol (icon), not a screenshot.",No surrounding UI context is shown; only the isolated pencil glyph is visible.
umn/source/user_guide/dataarts_factory/node_reference/rest_client.rst,Rest Client,en-us_image_0000002269198765.png,icon,pass,1.00,"Image is a trash-can icon, matching the RST 'Delete' action (|image9|) in the Lineage table. | The trash-can glyph is the standard symbol for deletion. | It is an isolated UI symbol (icon), not a screenshot.",No surrounding UI context is shown; only the isolated trash-can glyph is visible.
umn/source/user_guide/dataarts_factory/node_reference/rest_client.rst,Rest Client,en-us_image_0000002234079480.png,icon,pass,1.00,"Image is an information (i) circle icon, matching the RST 'View Details' action (|image10|) in the Lineage table. | The info glyph is the standard symbol for viewing details/information. | It is an isolated UI symbol (icon), not a screenshot.",No surrounding UI context is shown; only the isolated info glyph is visible.
umn/source/user_guide/dataarts_factory/node_reference/rest_client.rst,Rest Client,en-us_image_0000002269118737.png,icon,pass,1.00,"Image is a pencil/edit icon, matching the RST 'Modify' action (|image11|) for the Output lineage. | The pencil glyph is the standard symbol for editing/modifying settings. | It is an isolated UI symbol (icon), not a screenshot.",No surrounding UI context is shown; only the isolated pencil glyph is visible.
umn/source/user_guide/dataarts_factory/node_reference/rest_client.rst,Rest Client,en-us_image_0000002269198821.png,icon,pass,1.00,"Image is a trash-can icon, matching the RST 'Delete' action (|image12|) for the Output lineage. | The trash-can glyph is the standard symbol for deletion. | It is an isolated UI symbol (icon), not a screenshot.",No surrounding UI context is shown; only the isolated trash-can glyph is visible.
umn/source/user_guide/dataarts_factory/node_reference/rest_client.rst,Rest Client,en-us_image_0000002269118733.png,icon,pass,1.00,"Image is an information (i) circle icon, matching the RST 'View Details' action (|image13|) for the Output lineage. | The info glyph is the standard symbol for viewing details/information. | It is an isolated UI symbol (icon), not a screenshot.",No surrounding UI context is shown; only the isolated info glyph is visible.
umn/source/user_guide/dataarts_factory/o_and_m_and_scheduling/instance_monitoring.rst,Instance Monitoring,en-us_image_0000002234239808.png,screenshot,pass,1.00,"Image shows the Rerun dialog box with Rerun Type, Rerun From, Parameters to Use, and Ignore OBS Listening fields, matching Figure 1 in the RST. | All radio button options (Rerun selected instance, Error node, The first node, Specified node, Parameters of the original job, Parameters of the latest job, Yes/No) match Table 3 in the RST. | The warning text about simultaneous execution and rerun from first node matches the RST description. | OK and Cancel buttons are visible at the bottom.",
umn/source/user_guide/dataarts_factory/o_and_m_and_scheduling/instance_monitoring.rst,Instance Monitoring,en-us_image_0000002234079932.png,screenshot,pass,1.00,"Image shows the Monitor Instance page with multiple job instances selected via checkboxes, matching Figure 2 in the RST. | The Rerun dialog shows only Rerun From, Parameters to Use, and Ignore OBS Listening (no Rerun Type), consistent with the RST note about batch rerun. | The background shows the job list with checkboxes and job names (job_4173_tes...), matching the described batch selection workflow. | Stop and Rerun buttons are visible in the toolbar above the job list.",
umn/source/user_guide/dataarts_factory/o_and_m_and_scheduling/instance_monitoring.rst,Instance Monitoring,en-us_image_0000002234079976.png,screenshot,pass,1.00,"Image shows a DAG with job_child and job_father nodes connected by a dependency arrow, matching Figure 7 in the RST. | Both nodes are green with checkmark icons, indicating successful status. | The DAG displays the dependency between job instances as described in the Viewing the DAG section. | A small location/pin icon is visible near job_father.",
umn/source/user_guide/dataarts_factory/o_and_m_and_scheduling/instance_monitoring.rst,Instance Monitoring,en-us_image_0000002234080000.png,screenshot,pass,1.00,"Image shows a DAG with job_A9 (selected, darker green border) and job_A1 (blue, downstream), matching Figure 8 in the RST. | The selected instance has a highlighted border, and the downstream instance is shown in a different color, consistent with the RST description of darkened background colors. | A location/pin icon is visible near job_A9. | The dependency arrow from job_A9 to job_A1 is clearly visible.",
umn/source/user_guide/dataarts_factory/o_and_m_and_scheduling/instance_monitoring.rst,Instance Monitoring,en-us_image_0000002234239816.png,screenshot,pass,1.00,"Image shows a right-click context menu on a DAG node with options: Expand Upstream Node, Expand Downstream Node, Stop, Rerun, Continue, Succeed, Analyze Upstream Node, Edit Job. | All menu items match the RST description of operations available when right-clicking a job instance in the DAG. | The DAG shows job_child and a partially visible job node with the context menu overlaid. | Some menu items (Rerun, Continue, Succeed) appear grayed out, indicating they are not available for the current state.",
umn/source/user_guide/dataarts_factory/o_and_m_and_scheduling/instance_monitoring.rst,Instance Monitoring,en-us_image_0000002234239844.png,icon,pass,0.88,"Image is a small downward chevron/arrow icon, matching |image1| in the RST which is clicked to display running records of all nodes in an instance. | The icon is consistent with an expand/collapse control used in UI tables. | The icon is small and slightly blurry, limiting visual detail.","The icon is very small and low resolution, making it difficult to discern fine details."
umn/source/user_guide/dataarts_factory/o_and_m_and_scheduling/instance_monitoring.rst,Instance Monitoring,en-us_image_0000002269119133.png,icon,pass,0.88,"Image is a small target/crosshair-like icon, matching |image2| in the RST which is clicked to restore the DAG to its initial state. | The icon is consistent with a reset/restore control in a UI. | The icon is small and slightly blurry, limiting visual detail.","The icon is very small and low resolution, making it difficult to discern fine details."
umn/source/user_guide/dataarts_factory/o_and_m_and_scheduling/instance_monitoring.rst,Instance Monitoring,en-us_image_0000002234079984.png,icon,pass,0.88,"Image is a small X/close icon, matching |image3| in the RST which is clicked to close the DAG. | The icon is a standard close symbol used in UI dialogs and panels. | The icon is small and slightly blurry, limiting visual detail.","The icon is very small and low resolution, making it difficult to discern fine details."
umn/source/user_guide/dataarts_factory/o_and_m_and_scheduling/instance_monitoring.rst,Instance Monitoring,en-us_image_0000002234080008.png,icon,pass,0.88,"Image is a small grid/drag-handle icon, matching |image4| in the RST which is dragged to change the DAG width. | The icon is consistent with a resize/drag handle control in a UI. | The icon is small and slightly blurry, limiting visual detail.","The icon is very small and low resolution, making it difficult to discern fine details."
umn/source/user_guide/dataarts_factory/o_and_m_and_scheduling/managing_backups.rst,Managing Backups,en-us_image_0000002269199621.png,screenshot,pass,1.00,"The screenshot shows the 'Manage Restoration' tab with a 'Restore Backup' dialog, matching the 'Restoring Assets' section and Figure 1 caption. | The dialog contains 'Select File from OBS' (obs:// path) and 'Duplicate Name Policy' (Overwrite/Skip), exactly as described in the RST step 3. | Interactive controls (Restore Backup button, radio buttons, OK/Cancel) are visible and consistent with the described workflow. | No element in the image contradicts the RST description.","The RST note about modifying the backup.json file before restoration is not depicted in the image. | The table columns (Restored On, Restored From, Restoration Progress, Status) are empty, so no actual restoration data is shown."
umn/source/user_guide/dataarts_factory/o_and_m_and_scheduling/monitoring_a_job/monitoring_a_batch_job.rst,Monitoring a Batch Job,en-us_image_0000002234240444.png,other,fail,0.00,Local color check detected #3298ff.,
umn/source/user_guide/dataarts_factory/o_and_m_and_scheduling/monitoring_a_job/monitoring_a_batch_job.rst,Monitoring a Batch Job,en-us_image_0000002234080616.png,screenshot,pass,1.00,"Image shows the Batch Job Monitoring page with Batch Jobs tab active, matching Figure 1 caption | Visible buttons (Execute, Stop Scheduling, Configure Notification, Add Job Tag, Export All Data) match operations listed in Table 1 | Table columns (Name, Scheduling, Schedule, Next Plan Time, Owner, Last Modified, Last Instance, Operation) align with the RST description | Filter options (Job Name, notification, status) match the filtering operations described",
umn/source/user_guide/dataarts_factory/o_and_m_and_scheduling/monitoring_a_job/monitoring_a_batch_job.rst,Monitoring a Batch Job,en-us_image_0000002234240472.png,screenshot,pass,1.00,Image shows the Start Job dialog matching Figure 3 caption | Two buttons 'Start Current Job Only' and 'Start Current and Depended Jobs' exactly match the RST text about dependent job configuration | The note about depended jobs count (1) and View job list link aligns with the scheduling section description,
umn/source/user_guide/dataarts_factory/o_and_m_and_scheduling/monitoring_a_job/monitoring_a_batch_job.rst,Monitoring a Batch Job,en-us_image_0000002269119825.png,screenshot,pass,0.93,"Image shows the Configure PatchData dialog matching Figure 4 caption | Visible fields (PatchData Name, Job Name, Scheduling Time Type, Date, Run PatchData Tasks Periodically, Parallel Periods, Upstream or Downstream Job, Patch Data by Day, Priority) match Table 2 parameters | The info note about CDM jobs not running concurrently matches the RST note about concurrent running | Some parameters from Table 2 (Stop Upon Failure, Ignore OBS Listening, Set Running Period) are not visible, likely below the fold","Stop Upon Failure, Ignore OBS Listening, and Set Running Period parameters not visible in the screenshot"
umn/source/user_guide/dataarts_factory/o_and_m_and_scheduling/monitoring_a_job/monitoring_a_batch_job.rst,Monitoring a Batch Job,en-us_image_0000002234240480.png,screenshot,pass,0.93,"Image shows the Add Job Label dialog matching Figure 5 caption about adding a job tag | Dialog contains Name field, Add button, and Mode (Append/Overwrite) options for setting job tag parameters | OK and Cancel buttons present as expected for a configuration dialog | Minor naming difference: RST says 'Add Job Tag' while image shows 'Add Job Label'","RST does not detail the specific fields (Name, Mode with Append/Overwrite) shown in the dialog"
umn/source/user_guide/dataarts_factory/o_and_m_and_scheduling/monitoring_a_job/monitoring_a_batch_job.rst,Monitoring a Batch Job,en-us_image_0000002269119869.png,screenshot,pass,1.00,"Image shows a job dependency graph matching Figure 6 caption about marking upstream and downstream nodes | job_A1 is highlighted in green (current node), upstream nodes (job_A2, job_A7, job_A8, job_A9, job_A3, job_A4, job_A5) in blue, downstream (edw_dtr_order_data) in orange/yellow | Color coding exactly matches RST: 'the node is marked green, its upstream job is marked blue, and its downstream job is marked orange'",
umn/source/user_guide/dataarts_factory/o_and_m_and_scheduling/monitoring_a_job/monitoring_a_batch_job.rst,Monitoring a Batch Job,en-us_image_0000002234080640.png,screenshot,pass,1.00,"Image shows a right-click context menu on a job node in the dependency graph, matching Figure 7 caption | Menu options (View Job, Copy Job Name, Collapse Upstream Job, Collapse Downstream Job) exactly match RST: 'view the job, copy the job name, and collapse upstream or downstream jobs' | The dependency graph background with colored nodes is consistent with the job dependency graph section",
umn/source/user_guide/dataarts_factory/o_and_m_and_scheduling/monitoring_a_job/monitoring_a_batch_job.rst,Monitoring a Batch Job,en-us_image_0000002269119817.png,icon,pass,0.88,"Image is a small downward chevron/arrow icon used as an expand indicator | Referenced in RST as |image1| in Table 1: 'Click |image1| in front of the job name. The Last Instance information is displayed.' | The icon serves as a clickable expand/collapse control to reveal Last Instance information | The icon is very small and low-resolution, making detailed visual assessment limited","Icon is very small and blurry, making it difficult to confirm exact visual details"
umn/source/user_guide/dataarts_factory/o_and_m_and_scheduling/monitoring_a_job/monitoring_a_real-time_job.rst,Monitoring a Real-Time Job,en-us_image_0000002269119761.png,screenshot,pass,1.00,"Image is labeled Figure 1 'Real-time job monitoring page' in the RST and shows exactly that page. | The 'Real-Time Jobs' tab is selected, matching the document's focus on real-time job monitoring. | The table columns (Name, Status, Actual Start Time, End Time, Owner, Last Modified By, Last Modified, Created By, Create Time, Operation) align with the described monitoring information. | Operation column shows Start, Stop, Add Job Tag links matching Table 1 operations in the RST. | Filtering controls (Job Name dropdown, status filter 'Starting (1)') match the described filtering capabilities.","The 'Pause', 'Recover', 'Rerun' operations mentioned in the RST are not visible in the Operation column of this screenshot (only Start, Stop, Add Job Tag are shown)."
umn/source/user_guide/dataarts_factory/o_and_m_and_scheduling/monitoring_a_job/monitoring_a_real-time_job.rst,Monitoring a Real-Time Job,en-us_image_0000002234080564.png,screenshot,pass,1.00,"Image is labeled Figure 2 'Configuring scheduling' and shows the job monitoring detail page with a node context menu. | The context menu displays 'Schedule' highlighted in red, corresponding to the 'Configure Scheduling' action described in the RST. | The breadcrumb 'Job Monitoring > job_1891' and status 'Normal' match the described navigation path. | The toolbar shows Start, Stop, Pause, Restore, Edit buttons consistent with job status-related operations. | The 'Pending: 0 message(s)' text and node icon are consistent with event-driven scheduling context.","The actual scheduling configuration dialog (with Concurrent Events, Event Detection Interval, Failure Policy parameters from Table 3) is not shown; only the context menu is visible."
umn/source/user_guide/dataarts_factory/o_and_m_and_scheduling/monitoring_a_job/monitoring_a_real-time_job.rst,Monitoring a Real-Time Job,en-us_image_0000002234080568.png,icon,partial,0.72,The image is a small downward chevron/arrow icon used as |image1| in Table 1 row 4. | The RST states 'Click job in front of the |image1| name' indicating this icon appears before job names as an expand/collapse control. | The icon is a generic UI symbol (chevron) commonly used for expandable rows in tables. | It is semantically relevant to the monitoring table but is a very generic element.,"The icon is very small and low-resolution, making it difficult to confirm exact styling. | No surrounding context is visible to confirm its placement relative to job names."
umn/source/user_guide/dataarts_factory/o_and_m_and_scheduling/notification_management/cycle_overview.rst,Cycle Overview,en-us_image_0000002234239928.png,screenshot,pass,1.00,"The image is a UI dialog titled 'Configure Notification' matching the RST figure 'Create a notification' in the Creating a Notification section. | All table parameters are visible: Notification Name, Cycle, Select Time, Start Time, Topic Name, OBS Bucket, and Notification toggle. | Cycle shows 'Every week' and Select Time shows Monday/Tuesday, consistent with the Weekly cycle description in the table. | Start Time displays hour and minute fields, matching the 'accurate to hour or minute' description. | Interactive controls (OK, Cancel, toggle, dropdowns, View Topic link) are present.","The dialog title reads 'Configure Notification' whereas the RST refers to the 'Create Notification' dialog box, a minor wording difference. | The OBS bucket value is partially masked in the image."
umn/source/user_guide/dataarts_factory/o_and_m_and_scheduling/notification_management/managing_notifications.rst,Managing Notifications,en-us_image_0000002269119697.png,screenshot,pass,1.00,"Image shows the 'Configure Notification' dialog with Job Name, Notification Type, Topic Name, and Notification toggle, matching Figure 1 in the RST. | All parameters described in Table 1 are visible in the dialog. | The dialog directly corresponds to the 'Configuring a Notification' section step 4.",
umn/source/user_guide/dataarts_factory/o_and_m_and_scheduling/notification_management/managing_notifications.rst,Managing Notifications,en-us_image_0000002234080432.png,screenshot,pass,1.00,"Image shows the Manage Notification tab with the Edit button highlighted in red, matching the 'Editing a Notification' section. | The Configure Notification dialog is open showing the same parameters as Table 1. | The background list shows multiple notifications with Edit/Delete operations, consistent with the RST description.",
umn/source/user_guide/dataarts_factory/o_and_m_and_scheduling/notification_management/managing_notifications.rst,Managing Notifications,en-us_image_0000002234080476.png,screenshot,pass,1.00,"Image shows the Manage Notification tab with the Notification column highlighted in red, matching Figure 3. | Toggle switches are visible in the Notification column, consistent with the RST description of clicking the toggle to disable. | The table columns (Jobs/Baseline/Rule Name, Notification Type, Topic, Recipient, Created By, Notification) are clearly visible.",
umn/source/user_guide/dataarts_factory/o_and_m_and_scheduling/notification_management/managing_notifications.rst,Managing Notifications,en-us_image_0000002269119681.png,screenshot,pass,1.00,"Image shows the Notification Records tab highlighted, matching Figure 4 in the RST. | The table displays Job Name/Baseline Name, Notification Type, and Status columns with sample data. | Consistent with the 'Viewing a Notification' section describing viewing notification records.",
umn/source/user_guide/dataarts_factory/o_and_m_and_scheduling/notification_management/managing_notifications.rst,Managing Notifications,en-us_image_0000002269119629.png,screenshot,pass,1.00,"Image shows the Manage Notification tab with the Delete button highlighted in red in the Operation column, matching Figure 5. | The Batch Delete button is visible at the top, consistent with the RST's two deletion methods. | A checkbox is selected for the job_7833 row, demonstrating the batch selection option.",
umn/source/user_guide/dataarts_factory/o_and_m_and_scheduling/notification_management/managing_notifications.rst,Managing Notifications,en-us_image_0000002234240288.png,icon,pass,1.00,Image is a small toggle switch icon in the on/enabled (blue) state. | Used as |image1| in the RST to represent the enabled notification state before disabling. | Consistent with the 'Disabling a Notification' section describing the toggle changing from on to off.,
umn/source/user_guide/dataarts_factory/o_and_m_and_scheduling/notification_management/managing_notifications.rst,Managing Notifications,en-us_image_0000002269119645.png,icon,pass,1.00,Image is a small toggle switch icon in the off/disabled (gray) state. | Used as |image2| in the RST to represent the disabled notification state after clicking. | Consistent with the 'Disabling a Notification' section describing the toggle changing to indicate the function is disabled.,
umn/source/user_guide/dataarts_factory/o_and_m_and_scheduling/overview.rst,Overview,en-us_image_0000002234084820.png,screenshot,pass,1.00,"Image is the 'Status' figure (Figure 1) referenced in the Status section of the Overview page. | Shows the donut chart with total instances (2445) and the highlighted 'Successful: 2444(99.96%)' matching the described total/percentage statistics. | Filter buttons Today, Yesterday, Two days ago, Last 7 days, All, My Instances match the RST filter options. | Status counters (Successful, Failed, Abnormal, Cancel, Pause, Waiting, Running, etc.) align with the status statistics described.","No real-time job redirection behavior is visible, but that is a note not expected in the image."
umn/source/user_guide/dataarts_factory/overview.rst,Overview,en-us_image_0000002234083444.png,other,fail,0.00,Local color check detected #3298ff.,
umn/source/user_guide/dataarts_factory/review_center.rst,Review Center,en-us_image_0000002234238980.png,screenshot,pass,1.00,"The image is a UI screenshot of the Review Center's Review Configuration tab, matching Figure 1 in the RST. | It shows the Review toggle enabled, the Review Configuration options (All jobs/scripts, Custom jobs/scripts, Baseline task jobs), and the Review Information area with a reviewer table, all described in the Review Settings section. | The tabs (Pending review, Reviewed, My Applications, Review Configuration) align with the navigation described in the document. | No visible contradiction between the image content and the RST text.",The 'Manage Reviewer' / 'Edit' / 'Add' workflow steps are not directly visible in this static view. | The reviewer account name is redacted in the table.
umn/source/user_guide/dataarts_factory/script_development/developing_scripts/developing_a_python_script.rst,Developing a Python Script,en-us_image_0000002269116013.png,icon,partial,0.72,"The image shows three horizontal blue bars, a common UI pattern for a 'more options' or menu icon. | The RST references this icon in the context of hovering to reveal a 'Release' option, consistent with a menu/options icon. | The icon is a small symbolic graphic, not a full screenshot or page view. | The icon is relevant to the script development procedure described in the document, specifically the step about navigating to the release page.",The 'Release' label or tooltip is not visible in the image; only the three-bar icon is shown. | No surrounding UI context is visible to confirm the exact location of this icon within the DataArts Factory interface.
umn/source/user_guide/dataarts_factory/script_development/developing_scripts/developing_a_shell_script.rst,Developing a Shell Script,en-us_image_0000002269116013.png,icon,partial,0.62,"The image is a hamburger-style menu icon (three horizontal blue bars) used as a UI navigation element. | The RST references it as the element to hover over to access the 'Release' option in enterprise mode. | The icon is a generic UI symbol, not specific to shell script development, limiting topic match. | The icon is consistent with a menu trigger that would reveal a 'Release' action on hover. | No contradiction between the described interaction and the visual content of the icon.",The image does not show the 'Release' label or any surrounding UI context to confirm it is specifically the release menu trigger. | No visible text or additional UI elements to confirm the exact placement within the DataArts Factory interface.
umn/source/user_guide/dataarts_factory/script_development/developing_scripts/developing_an_sql_script.rst,Developing an SQL Script,en-us_image_0000002234238764.png,screenshot,pass,1.00,"Image is labeled Figure 1 Program Parameter in the RST and shows an MRS Hive SQL node properties panel. | The 'Program Parameter' section with Parameter/Value fields and an Add button is highlighted, matching the RST description of setting a program parameter on Node Properties. | Visible toolbar (Save, Submit, Execute, etc.) and node canvas confirm a script/job development UI.","No explicit caption text inside the image, but the RST caption identifies it as Program Parameter."
umn/source/user_guide/dataarts_factory/script_development/developing_scripts/developing_an_sql_script.rst,Developing an SQL Script,en-us_image_0000002269118113.png,icon,pass,0.88,"RST references |image1| as the control to view queue performance (running jobs and CU usage). | The icon depicts a chart with an eye, consistent with a 'view performance' action. | It is a small isolated symbolic graphic, classified as an icon.",No label or tooltip visible to confirm the exact function beyond the RST context.
umn/source/user_guide/dataarts_factory/script_development/developing_scripts/developing_an_sql_script.rst,Developing an SQL Script,en-us_image_0000002269198213.png,icon,partial,0.78,"RST references |image2| as the control that opens the DLI Queue Management page. | The icon is a plus-in-circle symbol, plausibly an 'open/add' action for queue management. | It is a small isolated pictogram, classified as an icon.",No text label visible; the association with Queue Management relies on RST context.
umn/source/user_guide/dataarts_factory/script_development/developing_scripts/developing_an_sql_script.rst,Developing an SQL Script,en-us_image_0000002269118105.png,icon,pass,0.88,"RST references |image3| as the control to set key/value properties for submitting SQL jobs. | The gear/settings icon is consistent with a configuration action. | It is a small isolated pictogram, classified as an icon.",No label visible to confirm it specifically opens the key/value property dialog.
umn/source/user_guide/dataarts_factory/script_development/developing_scripts/developing_an_sql_script.rst,Developing an SQL Script,en-us_image_0000002269116013.png,icon,pass,0.88,"RST references |image4| as the control to hover over and click Release in enterprise mode. | The three-line (menu) icon is consistent with a menu offering a Release action. | It is a small isolated pictogram, classified as an icon.",No 'Release' label visible; association relies on RST context.
umn/source/user_guide/dataarts_factory/script_development/developing_scripts/developing_an_sql_script.rst,Developing an SQL Script,en-us_image_0000002234238748.png,icon,pass,0.88,"RST references |image5| as the upper-right control to set environment variables for scripts. | The gear/settings icon is consistent with a configuration action. | It is a small isolated pictogram, classified as an icon.",No label visible to confirm it specifically opens the environment-variable dialog.
umn/source/user_guide/dataarts_factory/script_development/developing_scripts/developing_an_sql_script.rst,Developing an SQL Script,en-us_image_0000002269198189.png,screenshot,pass,1.00,"RST uses |image6| as the example of quotation/escape character usage in an SQL script. | The image shows an SQL editor with a select statement containing escaped quotes and a Result tab with a data grid. | Download and Dump buttons are visible, matching the execution-result context.","Some text in the editor is redacted/blurred, but the escaped-quote example is still legible."
umn/source/user_guide/dataarts_factory/script_development/developing_scripts/developing_an_sql_script.rst,Developing an SQL Script,en-us_image_0000002234078892.png,screenshot,pass,1.00,"RST uses |image7| to illustrate leaving Quotation Character and Escape Character empty in the Dump dialog. | The image shows the 'Dump Result' dialog with Data Format, Resource Queue, Storage Path, Character Set, and Quotation/Escape Character fields. | The Quotation and Escape Character fields show default placeholder values, consistent with the 'leave empty' description.","Storage path value is partially redacted, but the field structure is clear."
umn/source/user_guide/dataarts_factory/script_development/developing_scripts/developing_an_sql_script.rst,Developing an SQL Script,en-us_image_0000002234078900.png,other,pass,1.00,"RST uses |image8| to show the downloaded .csv file containing two rows when quotation/escape are left empty. | The image shows a two-row data grid (columns D, E) with escaped-quote content, matching the description. | It is a data fragment rather than a full application interface, classified as other.",No surrounding UI chrome; only the data cells are shown.
umn/source/user_guide/dataarts_factory/script_development/developing_scripts/developing_an_sql_script.rst,Developing an SQL Script,en-us_image_0000002234238756.png,other,pass,1.00,"RST uses |image9| to show the downloaded file when quotation and escape characters are specified (double quotes). | The image shows a two-row data grid (columns D, E) with quoted JSON content, matching the description. | It is a data fragment rather than a full application interface, classified as other.",No surrounding UI chrome; only the data cells are shown.
umn/source/user_guide/dataarts_factory/script_development/optional_managing_scripts/changing_the_script_owner.rst,Changing the Script Owner,en-us_image_0000002234080928.png,screenshot,pass,1.00,"Image shows a 'Configure Owner' dialog with Current Owner and Target Owner dropdowns, matching the RST description exactly | The Migrate and Close buttons are visible, corresponding to steps 5 and 6 in the procedure | The dialog title 'Configure Owner' matches the RST step 4 instruction to select 'Configure Owner' | All UI elements are clearly readable and consistent with the documented workflow","The dropdown values are empty, so specific owner names are not shown | No workspace or script context is visible in the dialog"
umn/source/user_guide/dataarts_factory/script_development/optional_managing_scripts/changing_the_script_owner.rst,Changing the Script Owner,en-us_image_0000002269200193.png,icon,partial,0.78,"Image is a three-dot vertical ellipsis (kebab menu) icon, which is the standard 'more options' button referenced in step 4 | The RST states 'click |image1| and select Configure Owner', and this icon represents that menu trigger | The icon is small and slightly blurry, making fine details hard to discern | It is a generic UI symbol rather than a screenshot showing the full context","The icon is isolated without surrounding UI context, so it is not possible to confirm its exact placement in the script directory toolbar | The image is low-resolution and slightly blurred"
umn/source/user_guide/dataarts_factory/script_development/optional_managing_scripts/copying_a_script.rst,Copying a Script,en-us_image_0000002234237972.png,screenshot,pass,1.00,"The image is a UI screenshot showing a right-click context menu in the DataArts Factory script directory. | The menu item 'Copy and Save As' is highlighted, matching step 4 of the procedure that instructs choosing 'Copy Save As'. | The 'Scripts (6)' label and search bar confirm the script directory context described in the RST. | The figure caption 'Copying a script' aligns with the visible action of selecting the copy option.","The dialog box for configuring parameters (Table 1) is not shown in this image, but that is a separate step."
umn/source/user_guide/dataarts_factory/script_development/optional_managing_scripts/copying_the_script_name_and_renaming_a_script.rst,Copying the Script Name and Renaming a Script,en-us_image_0000002234078220.png,screenshot,pass,1.00,"Image shows a right-click context menu in the script directory with 'Copy Name' highlighted in blue | Matches Figure 1 caption 'Copying the script name' exactly | The left panel shows 'Scripts (6)' consistent with the script directory described in the RST | Context menu items (Rename, Modify Script Description, Move, Delete, Export, Copy and Save As, Copy Name, View Reference) are visible",
umn/source/user_guide/dataarts_factory/script_development/optional_managing_scripts/copying_the_script_name_and_renaming_a_script.rst,Copying the Script Name and Renaming a Script,en-us_image_0000002269197485.png,screenshot,pass,1.00,Image shows a right-click context menu in the script directory with 'Rename' highlighted in blue | Matches Figure 2 caption 'Renaming a script' exactly | The left panel shows 'Scripts (6)' consistent with the script directory described in the RST | Context menu items are visible with Rename as the selected action,
umn/source/user_guide/dataarts_factory/script_development/optional_managing_scripts/copying_the_script_name_and_renaming_a_script.rst,Copying the Script Name and Renaming a Script,en-us_image_0000002234078204.png,screenshot,pass,1.00,Image shows the 'Modify Script Name' dialog box as described in step 5 of the Renaming section | Contains a 'Script Name' field with value 'move' and OK/Cancel buttons | Matches Figure 3 caption 'Renaming a script' and the RST description of changing the script name | The dialog has a close (X) button in the top-right corner,
umn/source/user_guide/dataarts_factory/script_development/optional_managing_scripts/deleting_a_script.rst,Deleting a Script,en-us_image_0000002234235716.png,icon,pass,0.83,"The image is a small vertical three-dot (kebab) menu icon, an isolated UI symbol, so it is classified as an icon. | The RST uses this icon in the 'Batch Deleting Scripts' steps as the trigger to open a menu containing 'Show Check Box' and 'Batch Delete', which matches a more-options menu icon. | The icon is directly relevant to the batch-deletion workflow described in the section. | The visual content (three vertically stacked dots) is consistent with a clickable 'more actions' control referenced by the text.","The image does not show the menu items ('Show Check Box', 'Batch Delete') that the text says appear after clicking it. | No surrounding UI context is visible to confirm the exact location of the icon within the script directory toolbar."
umn/source/user_guide/dataarts_factory/script_development/optional_managing_scripts/exporting_and_importing_scripts.rst,Exporting and Importing Scripts,en-us_image_0000002269117649.png,screenshot,pass,1.00,"Shows a script directory tree with a context menu open, matching Figure 1 'Selecting and exporting scripts' | The context menu displays 'Export Script' highlighted, consistent with RST step 5 | Left panel shows Scripts(7) with various script items (DLL, DW), matching the script directory context | The menu also shows 'Show Check Box' option referenced in RST step 4",
umn/source/user_guide/dataarts_factory/script_development/optional_managing_scripts/exporting_and_importing_scripts.rst,Exporting and Importing Scripts,en-us_image_0000002269117665.png,screenshot,pass,1.00,Shows the 'Export Script' dialog box matching Figure 2 in the RST | Contains 'Export Status' field with 'Developed' and 'Submitted' radio buttons as described in RST step 6 | OK and Cancel buttons are visible at the bottom of the dialog | The dialog layout and fields align precisely with the RST description,
umn/source/user_guide/dataarts_factory/script_development/optional_managing_scripts/exporting_and_importing_scripts.rst,Exporting and Importing Scripts,en-us_image_0000002234238280.png,screenshot,pass,1.00,"Shows the 'Import Script' dialog box matching Figure 3 in the RST | Contains 'File Location' set to OBS, 'Select File from OBS' field, and 'Duplicate Name Policy' with Overwrite/Skip options | The 'Next' button at the bottom matches RST step 5 | All fields described in RST step 4 are visible in the dialog",
umn/source/user_guide/dataarts_factory/script_development/optional_managing_scripts/exporting_and_importing_scripts.rst,Exporting and Importing Scripts,en-us_image_0000002234235716.png,icon,partial,0.72,"A small three-dot vertical (kebab menu) icon, used as the trigger for the context menu in the script directory | Referenced in the RST as |image1|, |image2|, and |image3| for clicking to open the script operations menu | It is a generic UI symbol rather than a screenshot showing export/import functionality directly | The icon is consistent with the RST instruction to 'Click [icon] in the script directory'",The icon is generic and does not visually indicate export or import functionality specifically | No surrounding UI context is visible to confirm its placement in the script directory
umn/source/user_guide/dataarts_factory/script_development/optional_managing_scripts/moving_a_script_or_script_directory.rst,Moving a Script or Script Directory,en-us_image_0000002269118053.png,screenshot,pass,1.00,Image shows a 'Move Script' dialog box matching Figure 1 in the RST | Displays the 'Select Directory' parameter with a directory tree as described in Table 1 | Shows OK and Cancel buttons consistent with step 4c | Directory path /Scripts/0114/ is visible in the Select Directory field,
umn/source/user_guide/dataarts_factory/script_development/optional_managing_scripts/moving_a_script_or_script_directory.rst,Moving a Script or Script Directory,en-us_image_0000002269118061.png,screenshot,pass,1.00,Image shows a 'Move Directory' dialog box matching Figure 2 in the RST | Displays the 'Select Directory' parameter with a directory tree as described in Table 1 | Shows OK and Cancel buttons consistent with step 4c | Directory path /Scripts/ is visible in the Select Directory field,
umn/source/user_guide/dataarts_factory/script_development/optional_managing_scripts/moving_a_script_or_script_directory.rst,Moving a Script or Script Directory,en-us_image_0000002234078864.png,screenshot,pass,1.00,"Image shows a right-click context menu with 'Move' option highlighted, matching step 4a | Context menu includes Rename, Modify Script Description, Move, Delete, Export, Copy and Save As, Copy Name, View Reference | Shows the script directory tree on the left with 'Scripts (6)' | Directly illustrates the right-click method described in the RST",
umn/source/user_guide/dataarts_factory/script_development/optional_managing_scripts/unlocking_a_script.rst,Unlocking a Script,en-us_image_0000002234236424.png,other,fail,0.00,Local color check detected #3298ff.,
umn/source/user_guide/dataarts_factory/script_development/optional_managing_scripts/unlocking_a_script.rst,Unlocking a Script,en-us_image_0000002269117313.png,screenshot,pass,1.00,"The image is a UI screenshot of a script editor toolbar, matching Figure 2 'Unlocking a script'. | The toolbar shows an 'Unlock' button highlighted with a red box, consistent with step 5 instructing to click Unlock in the upper part of the script editor. | A code editor area below the toolbar displays SQL content ('-- Hive sql' and 'select * from test;'), consistent with a script development page. | The image aligns with the 'Unlocking a Script' section and its prerequisites (a developed script). | No visible element contradicts the RST description.",The image does not show the surrounding DataArts Factory navigation or workspace context described in earlier steps. | Lock status indicators in the directory tree (Figure 1) are not present in this image.
umn/source/user_guide/dataarts_factory/script_development/optional_managing_scripts/unlocking_scripts.rst,Unlocking Scripts,en-us_image_0000002269114909.png,screenshot,pass,1.00,"Image is a screenshot of the DataArts Factory script directory showing a context menu with 'Show Check Box' highlighted in a red box, matching Figure 1 description. | The left panel shows scripts (flink, hive_api, hive_sc, shell, spark) with 'Locked by you' status, consistent with the unlocking scripts topic. | The context menu also shows 'Batch Unlock' at the bottom, which is relevant to the overall procedure. | The image directly illustrates step 4 of the procedure: clicking the menu icon and selecting 'Show Check Box'.",
umn/source/user_guide/dataarts_factory/script_development/optional_managing_scripts/unlocking_scripts.rst,Unlocking Scripts,en-us_image_0000002234235528.png,screenshot,pass,1.00,"Image is a screenshot showing the script directory with checkboxes visible (hive_api and hive_sc checked), and a context menu with 'Batch Unlock' highlighted in a red box, matching Figure 2 description. | The 'Hide Check Box' option at the top of the menu confirms that 'Show Check Box' was previously selected, consistent with the procedure flow. | The image directly illustrates step 5: selecting scripts and clicking 'Batch Unlock'. | Scripts show 'Locked by you' status, consistent with the unlocking scripts topic.",The 'Unlocked.' confirmation message mentioned in the RST is not visible in this screenshot.
umn/source/user_guide/dataarts_factory/script_development/optional_managing_scripts/unlocking_scripts.rst,Unlocking Scripts,en-us_image_0000002234235552.png,icon,pass,0.88,"Image is a small three-dot vertical menu icon (ellipsis), which is the icon referenced as |image1| in step 4 for clicking in the script directory. | The icon matches the three-dot menu button visible in the top-right area of the script directory panel in the screenshots (Figures 1 and 2). | It is a generic UI symbol used to open a context menu, consistent with its role in the procedure.","The icon is small and slightly blurry, making it difficult to confirm exact pixel-level details. | No surrounding context is visible to confirm it is specifically the script directory menu icon versus other three-dot icons in the UI."
umn/source/user_guide/dataarts_factory/script_development/optional_managing_scripts/unlocking_scripts.rst,Unlocking Scripts,en-us_image_0000002269194989.png,icon,pass,0.88,"Image is a small three-dot vertical menu icon (ellipsis), which is the icon referenced as |image2| in step 5 for clicking to access the Batch Unlock option. | The icon is identical in appearance to |image1|, which is consistent since both refer to the same menu trigger in the script directory. | It serves as the visual cue for the user to click and open the context menu containing 'Batch Unlock'.","The icon is small and slightly blurry, making it difficult to confirm exact pixel-level details. | No surrounding context is visible to distinguish it from the identical |image1| icon."
umn/source/user_guide/dataarts_factory/script_development/optional_managing_scripts/viewing_script_references.rst,Viewing Script References,en-us_image_0000002269198221.png,screenshot,pass,1.00,"The image shows a 'Reference List' dialog box, matching the RST step 5 description of viewing script references in a displayed dialog. | The table lists referenced jobs (Name, Reference Module, Created By, Operation), consistent with the figure caption 'References of a script'. | The red note 'The script is referenced by the following jobs' aligns with the topic of viewing script references. | Interactive controls (OK, Cancel, Delete) are visible, confirming it is a UI screenshot.","The image does not show the right-click context menu step that precedes opening this dialog. | The 'Created By' column values are blurred/redacted, so creator details cannot be verified."
umn/source/user_guide/dataarts_factory/script_development/releasing_a_script_task.rst,Releasing a Script Task,en-us_image_0000002236648476.png,screenshot,pass,1.00,"Image shows the Task Release page with Tasks tab active, matching Figure 1 caption 'Clicking Release' | Visible Release and Revoke buttons at top match the RST step 4 description | Operation column shows View, Release, Revoke links as described in the procedure | Filter by Name with keyword search box matches the RST note about filtering tasks by name | Table columns (ID, Name, Task Type, Version, Change Type, Submitter, Submitted At) align with task submission context",
umn/source/user_guide/dataarts_factory/script_development/releasing_a_script_task.rst,Releasing a Script Task,en-us_image_0000002234085212.png,screenshot,pass,1.00,"Image shows the Packages tab (highlighted in blue) matching Figure 2 caption 'Viewing the task status' | Status column displays 'Successful' and 'Pending review' matching the RST description of release status | Filter options for Application Time and Released At match the RST note about filtering packages | Operation column shows View Details, Release, Revoke links as described in step 5 | Applicant column visible matches the RST mention of filtering by Applicant",
umn/source/user_guide/dataarts_factory/script_development/releasing_a_script_task.rst,Releasing a Script Task,en-us_image_0000002269124413.png,screenshot,pass,1.00,"Image shows a 'Release Package Details' dialog matching Figure 3 caption 'Viewing release package details' | Table includes columns for ID, Name, Owner, Change, Committed At, Status, Enabled/Disabled, Operation | Operation column shows 'Compare...' link matching the RST description of clicking Compare Version | Status column shows a success indicator matching the release status context | Close button at bottom is consistent with a modal dialog for viewing details","The 'Compare Version' text is truncated to 'Compare...' in the image, but contextually matches"
umn/source/user_guide/dataarts_factory/script_development/script_development_process.rst,Script Development Process,en-us_image_0000002269118145.png,other,fail,0.00,Local color check detected #3298ff.,
umn/source/user_guide/dataarts_factory/script_development/script_development_process.rst,Script Development Process,en-us_image_0000002234078960.png,icon,partial,0.77,"The image is a small hamburger-menu icon (three horizontal blue bars), consistent with the RST reference to a menu control the user hovers over to access 'Style Configuration'. | The icon is semantically relevant to the script development section, specifically the bullet describing SQL editor style configuration. | The visual content (three stacked horizontal lines) is a standard, unambiguous representation of a menu/overflow icon. | No contradiction between the image and the surrounding text; the text describes hovering over this icon to reveal options.","The image does not show the 'Style Configuration' label or any dropdown, so the exact menu content is not visible. | No surrounding UI context is present to confirm the specific application or page where this icon appears."
umn/source/user_guide/dataarts_factory/script_development/submitting_a_version.rst,Submitting a Version,en-us_image_0000002234076428.png,screenshot,pass,1.00,"Shows the Submit New Version dialog with Reviewer, Version Description, checkbox, and Compare Version button as described in the RST | The Submit button is highlighted at the top of the script editor | Matches Figure 1 caption 'Submitting a version' exactly | Dialog fields (Reviewer, Description with 0/128 counter) align with the RST description",
umn/source/user_guide/dataarts_factory/script_development/submitting_a_version.rst,Submitting a Version,en-us_image_0000002269115641.png,screenshot,pass,1.00,"Shows the Versions tab with Submitted Versions and Saved Versions tabs | Displays version list with Version, Committed By, Committed At, Description, Operation columns | Roll Back links are visible for each version as described in the RST | Matches Figure 2 caption 'Rolling back a version'",
umn/source/user_guide/dataarts_factory/script_development/submitting_a_version.rst,Submitting a Version,en-us_image_0000002234076436.png,screenshot,pass,1.00,Shows two versions (1 and 2) with checkboxes selected for comparison | The Compare Version button is active (not grayed out) indicating versions are selected | Matches Figure 3 caption 'Comparing versions' | Aligns with the RST step of selecting versions to be compared,
umn/source/user_guide/dataarts_factory/script_development/submitting_a_version.rst,Submitting a Version,en-us_image_0000002234236252.png,screenshot,pass,1.00,Shows side-by-side comparison of two script versions (top_like_product > 3 and top_like_product > 2) | Displays DLI SQL script content in both panels | Matches Figure 4 caption 'Version comparison details' | Aligns with RST description of showing script content of different versions on left and right,
umn/source/user_guide/dataarts_factory/script_development/submitting_a_version.rst,Submitting a Version,en-us_image_0000002271689457.png,icon,pass,1.00,Small upward-pointing chevron icon used as a navigation button | Referenced as |image1| in the RST for going to the previous change in version comparison | Matches the RST description of the button to go to the previous change,
umn/source/user_guide/dataarts_factory/script_development/submitting_a_version.rst,Submitting a Version,en-us_image_0000002271769549.png,icon,pass,1.00,Small downward-pointing chevron icon used as a navigation button | Referenced as |image2| in the RST for going to the next change in version comparison | Matches the RST description of the button to go to the next change,
umn/source/user_guide/dataarts_factory/solution.rst,Solution,en-us_image_0000002269124789.png,icon,partial,0.67,"The image is a small UI icon showing what appears to be a folder/directory symbol with a plus sign, consistent with the RST instruction to 'show the solution directory.' | It is referenced in step 4 of the 'Creating a Solution' section, where the user clicks this icon to reveal the solution directory. | The icon is very small and low-resolution, making precise identification difficult. | No contradiction between the icon's apparent function and the surrounding text.",The image is too small and blurry to confirm the exact icon design or label. | No visible text or tooltip in the image to confirm it specifically represents 'show solution directory.'
umn/source/user_guide/dataarts_factory/solution.rst,Solution,en-us_image_0000002269124797.png,icon,pass,0.85,"The image is a circle with a plus sign, a standard 'create/add' icon used in UIs. | It is referenced in step 5 of the 'Creating a Solution' section, where clicking it opens the 'Create Solution' page. | The plus-in-circle icon is a widely recognized symbol for creating or adding a new item, matching the 'Create Solution' action described in the RST. | No contradiction between the icon and the surrounding text.","The image is small and slightly blurry, but the plus-in-circle shape is still identifiable. | No visible label or tooltip in the image to confirm the exact action."
umn/source/user_guide/dataarts_factory/usage_guidance/configuring_a_yearly_scheduled_job.rst,Configuring a Yearly Scheduled Job,en-us_image_0000002269120033.png,screenshot,pass,1.00,"Image shows the Scheduling Setup panel with 'Scheduling Frequency' set to 'Every month', exactly matching the RST instruction in step 2. | The 'Select' field shows '29th of each month', consistent with the RST example of June 29, 2023. | The figure caption 'Setting Scheduling Frequency to Every month' aligns with the visible UI content. | The right-side navigation shows 'Scheduling Setup' highlighted, confirming the correct panel context.",
umn/source/user_guide/dataarts_factory/usage_guidance/configuring_a_yearly_scheduled_job.rst,Configuring a Yearly Scheduled Job,en-us_image_0000002269120029.png,screenshot,pass,1.00,"Image shows a context menu on the connection line between a Dummy node (Dummy_2371) and a subsequent node (dws_sql_0427), matching the RST description in step 3. | The 'Set Condition' option is visible and appears highlighted in the context menu, exactly as the RST instructs. | The figure caption 'Configuring a condition expression' is consistent with the action shown. | The node names and connection line layout match the RST scenario of a Dummy node connected to a subsequent node.",
umn/source/user_guide/dataarts_factory/usage_guidance/configuring_a_yearly_scheduled_job.rst,Configuring a Yearly Scheduled Job,en-us_image_0000002234080828.png,screenshot,pass,1.00,"The dialog titled 'Edit Parameter Expression' displays the exact expression #{DateUtil.getMonth(Job.planTime) == 6 ? ""true"" : ""false""} as specified in the RST code block. | The expression checks whether the month is 6 (June), matching the RST explanation about checking if the current time falls in June. | The left panel shows 'Embedded Object' with DateUtil, Job, and other utilities, providing context for the expression components. | The figure caption 'Condition expression' aligns with the content shown in the dialog.",
umn/source/user_guide/dataarts_factory/usage_guidance/developing_a_dli_spark_job.rst,Developing a DLI Spark Job,en-us_image_0000002234235780.png,screenshot,pass,1.00,"Image shows the 'Create Resource' dialog in the Manage Resource page, matching Figure 1 in the RST. | The resource name 'spark-example', type 'jar', and resource location 'OBS' all match the RST description. | The dialog includes fields for Main JAR Package, Select Directory, and Description as expected for associating a JAR package. | The 'Create Resource' button is highlighted with a red box, consistent with the RST instruction to click it.",
umn/source/user_guide/dataarts_factory/usage_guidance/developing_a_dli_spark_job.rst,Developing a DLI Spark Job,en-us_image_0000002234235784.png,screenshot,pass,0.88,"Image shows the 'Create Job' dialog in DataArts Factory, matching Figure 2 in the RST. | The dialog includes Job Name, Job Type, Mode, Creation Method, and other fields consistent with job creation. | The job name shown is 'job_2640' rather than 'job_DLI_Spark' as specified in the RST, a minor discrepancy. | The left panel shows the job list and 'Create Job' option, consistent with the workflow described.",The job name in the screenshot ('job_2640') does not match the RST-specified name ('job_DLI_Spark').
umn/source/user_guide/dataarts_factory/usage_guidance/developing_a_dli_spark_job.rst,Developing a DLI Spark Job,en-us_image_0000002269115141.png,screenshot,pass,1.00,"Image shows the DLI Spark node properties panel, matching Figure 3 in the RST. | Key properties highlighted with red boxes include DLI Queue, Job Running Resource, Major Job Class, and Spark program resource package, all mentioned in the RST. | The node name 'DLI_Spark_2032' and the canvas view on the left are consistent with the job development page described. | The 'Job Running Resource' shows '8-core 32 GB memory' which aligns with the RST description of CPU and memory resources.",The Major Job Class field is empty in the screenshot; the RST specifies it should be 'org.apache.spark.examples.SparkPi'.
umn/source/user_guide/dataarts_factory/usage_guidance/developing_a_dli_spark_job.rst,Developing a DLI Spark Job,en-us_image_0000002269115137.png,screenshot,pass,1.00,"Image shows a 'Logs' panel with INFO-level entries, matching Figure 4 'Job logs (for reference only)' in the RST. | The log entries confirm the job and DLI_Spark node started to run, consistent with the RST step about checking for errors. | No error messages are present, aligning with the RST instruction 'If no error is recorded in logs, save and submit the job.' | The timestamp format and log structure are typical of Spark job execution logs.",
umn/source/user_guide/dataarts_factory/usage_guidance/developing_a_dli_spark_job.rst,Developing a DLI Spark Job,en-us_image_0000002269195221.png,icon,pass,1.00,"Image is a small play/run triangle icon, used as |image1| in the RST text 'click |image1| to test the job'. | The icon is a standard play button symbol, appropriate for triggering a job test/run action. | It is referenced inline in the RST as the button to click after job orchestration is complete. | The icon is isolated and symbolic, fitting the 'icon' classification.",
umn/source/user_guide/dataarts_factory/usage_guidance/developing_a_dws_sql_job.rst,Developing a DWS SQL Job,en-us_image_0000002234238460.png,screenshot,partial,0.78,"Image shows a script development interface with SQL editor, toolbar (Save, Submit, Execute, etc.), Connection and Database fields, and Execution History panel | Matches the 'Developing a DWS SQL Script' section which describes creating a DWS SQL script in the development area | The Submit button and Connection field mentioned in the RST are visible in the image | The script content shows test01 table operations rather than the dws_sql sales collection script described in the RST",The script name 'dws_sql' is not visible; the tab shows 'Test' instead | The SQL content is for a test table (test01) rather than the store sales collection described in the RST | The specific data connection name 'dws_link' is not shown; 'dlitest' is displayed instead
umn/source/user_guide/dataarts_factory/usage_guidance/developing_a_dws_sql_job.rst,Developing a DWS SQL Job,en-us_image_0000002234238444.png,screenshot,pass,0.93,"Image shows the DWS SQL node properties configuration panel with SQL script, Script Parameter, Data Connection, Database, and Dirty Data Table fields | Directly matches Figure 2 caption 'Configuring properties for the DWS SQL node' | The SQL script radio button is selected, matching the RST instruction to associate with the dws_sql script | Data Connection and Database fields are present as described in the RST","Node Name field mentioned in the RST is not visible in this image | The specific values (dws_sql script name, dws_link connection, gaussdb database) are not filled in the fields"
umn/source/user_guide/dataarts_factory/usage_guidance/developing_a_dws_sql_job.rst,Developing a DWS SQL Job,en-us_image_0000002269197901.png,screenshot,pass,1.00,"Image shows the Scheduling Setup panel with Scheduling Type (Run periodically selected), date range, frequency, and start time | Matches Figure 3 caption 'Configuring the scheduling policy' | The date range Aug 06, 2021 to Aug 31, 2021 matches the RST statement 'From Aug 6 to Aug 31 in 2021' | Scheduling Frequency 'Every day' and Start Time '02:00' match the RST description of execution at 02:00 every day",
umn/source/user_guide/dataarts_factory/usage_guidance/developing_a_dws_sql_job.rst,Developing a DWS SQL Job,en-us_image_0000002269197897.png,icon,pass,1.00,Image shows a small blue/purple play (triangle) button icon | Referenced in the RST as |image1| in the step 'click |image1| to test it' | The play button icon is consistent with a test/execute action button in a job development interface | Serves as the visual indicator for the test action described in the RST,
umn/source/user_guide/dataarts_factory/usage_guidance/developing_a_hive_sql_job.rst,Developing a Hive SQL Job,en-us_image_0000002269195065.png,screenshot,pass,1.00,"Shows DataArts Factory interface with 'Develop Script' selected in the left navigation | Context menu displays 'Create Hive SQL Script' option, matching the RST instruction | Script editor shows SQL statement 'SELECT * FROM stus;' consistent with developing a Hive SQL script | Tab labeled 'hive_sql' is visible, matching the script name in the RST | Execution History panel at bottom shows the statement being executed",
umn/source/user_guide/dataarts_factory/usage_guidance/developing_a_hive_sql_job.rst,Developing a Hive SQL Job,en-us_image_0000002234235616.png,screenshot,pass,1.00,"Shows 'Create Job' dialog with Job Name field containing 'job_hive_sql' as specified in the RST | Job Type is set to 'Batch processing' and Mode to 'Pipeline', consistent with creating a periodic job | Dialog includes fields for Select Directory, Owner, Priority, Agency, and Log Path | OK and Cancel buttons are visible at the bottom of the dialog",
umn/source/user_guide/dataarts_factory/usage_guidance/developing_a_hive_sql_job.rst,Developing a Hive SQL Job,en-us_image_0000002269195025.png,screenshot,pass,1.00,"Shows 'MRS Hive SQL' node properties panel matching the RST description of configuring node properties | Node Name field shows 'hive_sql' as stated in the RST | SQL script field shows 'hive_sql' matching the developed script name | Data Connection field shows 'hive_link_01' and Database shows 'default', consistent with the RST key properties | Hive icon visible on the canvas to the left of the properties panel",
umn/source/user_guide/dataarts_factory/usage_guidance/developing_a_hive_sql_job.rst,Developing a Hive SQL Job,en-us_image_0000002234235580.png,screenshot,pass,1.00,"Shows 'Scheduling Setup' panel with 'Run periodically' selected, matching the RST description | Date range shows Jan 01, 2021 to Jan 25, 2021, exactly matching the note in the RST | Scheduling Frequency is 'Every day' and Start Time is 02h 00min, matching the RST note about 02:00 daily execution | Right sidebar shows 'Scheduling Setup' tab highlighted, consistent with clicking blank area to configure scheduling",
umn/source/user_guide/dataarts_factory/usage_guidance/developing_a_hive_sql_job.rst,Developing a Hive SQL Job,en-us_image_0000002269195049.png,icon,pass,0.88,"Small play/triangle icon used as the |image1| reference in the RST for the test action | RST states 'click |image1| to test it' which aligns with a play/run button symbol | The icon is a simple right-pointing triangle, commonly representing execute or run actions | Very small image with limited visual detail beyond the basic triangle shape",No surrounding UI context visible to confirm the exact button label or placement | Icon is very small making it difficult to verify additional details
umn/source/user_guide/dataarts_factory/usage_guidance/developing_a_python_job.rst,Developing a Python Job,en-us_image_0000002269196981.png,screenshot,pass,1.00,"Image shows a Python script editor in DataArts Factory with the exact code described in the RST (import sys, Company_Name1, template, etc.) | Toolbar shows Save, Submit, Execute buttons matching the workflow described | Python Version set to Python 3, Host Connection set to ecs, and parameter field shows 'Microsoft Oracle' as specified in the RST | Matches Figure 1 'Editing the Python statements' in the 'Developing a Python Script' section",
umn/source/user_guide/dataarts_factory/usage_guidance/developing_a_python_job.rst,Developing a Python Job,en-us_image_0000002269116885.png,screenshot,pass,1.00,"Image shows the execution result panel with 'Result' tab active | Output table displays two rows matching the expected output: Microsoft and Oracle company information with website URLs | Matches Figure 2 'Viewing the script execution result' in the 'Developing a Python Script' section | The output format (No:000000001, CompanyName, Website) matches the Python template defined in the RST",
umn/source/user_guide/dataarts_factory/usage_guidance/developing_a_python_job.rst,Developing a Python Job,en-us_image_0000002269196997.png,screenshot,pass,1.00,"Image shows the DataArts Factory job editor with a Python node on the canvas labeled 'python_test' | Right panel shows Node Properties with Python script selected, Python Script set to 'python_test', Python Version 'Python 3', Host Connection 'ecs' | Script Parameters field shows 'Microsoft Oracle' matching the RST description | Matches Figure 3 'Configuring properties of the Python node' in the 'Referencing the Python Script in a Job' section",
umn/source/user_guide/dataarts_factory/usage_guidance/developing_a_python_job.rst,Developing a Python Job,en-us_image_0000002269116909.png,screenshot,pass,1.00,Image shows a 'View Log' dialog with JSON output indicating 'Python job execute success' | The output field contains the expected company information for Microsoft and Oracle | Log entries show timestamps and detail output matching the script's print statements | Matches Figure 4 'Checking the job execution result' in the 'Referencing the Python Script in a Job' section,
umn/source/user_guide/dataarts_factory/usage_guidance/developing_a_python_job.rst,Developing a Python Job,en-us_image_0000002234237528.png,screenshot,pass,0.88,"Image shows a terminal SSH session on an ECS instance named 'ecs-dgc' matching the RST description | The 'python' command is run showing Python 2.7.5, demonstrating the Python environment check described in the note | The image illustrates the concept of logging into the ECS and verifying the Python environment | RST states CentOS 8.0 64bit with ARM but the image shows CentOS Linux 7 (AltArch) - a version discrepancy",RST specifies CentOS 8.0 but image shows CentOS Linux 7 | RST uses Python 3 as the example but the image shows Python 2.7.5 (though the note only says to check the Python environment)
umn/source/user_guide/dataarts_factory/usage_guidance/developing_an_mrs_spark_python_job.rst,Developing an MRS Spark Python Job,en-us_image_0000002269198269.png,screenshot,pass,1.00,Shows OBS bucket interface with in.txt and wordcount.py files highlighted in a red box | Matches Figure 1 caption 'Uploading files to an OBS bucket' | Files match the data preparation step in Case 1,
umn/source/user_guide/dataarts_factory/usage_guidance/developing_an_mrs_spark_python_job.rst,Developing an MRS Spark Python Job,en-us_image_0000002269198253.png,screenshot,pass,1.00,"Shows Create Job dialog with job name job_MRS_Spark_Python | Matches Figure 2 caption 'Creating a job' | Job type is Batch processing, mode is Pipeline, consistent with the procedure",
umn/source/user_guide/dataarts_factory/usage_guidance/developing_an_mrs_spark_python_job.rst,Developing an MRS Spark Python Job,en-us_image_0000002234078972.png,screenshot,pass,1.00,"Shows MRS Spark Python node properties panel with Node Name, Job Name, MRS Cluster, and Script Parameters | Script Parameters show --master yarn, --deploy-mode cluster, and the three OBS paths matching the code block | Matches Figure 3 caption 'Configuring properties for an MRS Spark Python node'",
umn/source/user_guide/dataarts_factory/usage_guidance/developing_an_mrs_spark_python_job.rst,Developing an MRS Spark Python Job,en-us_image_0000002269198261.png,screenshot,pass,1.00,"Shows Job Monitoring page for job_MRS_Spark_Python with status Stopped | Table shows a Running entry with start time, matching the job execution result view | Matches Figure 4 caption 'Viewing the job execution result'",
umn/source/user_guide/dataarts_factory/usage_guidance/developing_an_mrs_spark_python_job.rst,Developing an MRS Spark Python Job,en-us_image_0000002269118173.png,screenshot,pass,1.00,Shows job run logs with 'mrs spark python finished' and 'job result SUCCEEDED' highlighted in red | Confirms successful execution as stated in the RST | Matches Figure 5 caption 'Job run logs',
umn/source/user_guide/dataarts_factory/usage_guidance/developing_an_mrs_spark_python_job.rst,Developing an MRS Spark Python Job,en-us_image_0000002234238812.png,screenshot,pass,1.00,"Shows job scheduling table with job_MRS_Spark entry, priority High, status Running | Matches Figure 6 caption 'Job execution status' | Consistent with the Monitor Job step in the procedure",
umn/source/user_guide/dataarts_factory/usage_guidance/developing_an_mrs_spark_python_job.rst,Developing an MRS Spark Python Job,en-us_image_0000002234238820.png,screenshot,pass,0.88,Shows Object Storage interface with a folder in the bucket | Matches Figure 7 caption 'Viewing the returned records in the OBS bucket' | Folder name is partially redacted making it hard to confirm it is the 'out' directory,"The folder name is partially redacted, so it is not fully clear that this is the 'out' output directory mentioned in the RST"
umn/source/user_guide/dataarts_factory/usage_guidance/developing_an_mrs_spark_python_job.rst,Developing an MRS Spark Python Job,en-us_image_0000002234078988.png,screenshot,pass,1.00,Shows Job Monitoring page for job_MRS_Spark_Python with status Stopped and a Running entry | Matches Figure 8 caption 'Viewing the job execution result' for Case 2 | Consistent with the procedure step for Case 2,
umn/source/user_guide/dataarts_factory/usage_guidance/developing_an_mrs_spark_python_job.rst,Developing an MRS Spark Python Job,en-us_image_0000002234078980.png,screenshot,pass,1.00,Shows YARN logs with 'hello python' highlighted in a red box | Matches Figure 9 caption 'Viewing logs on YARN' | Confirms the output of the zt_test_sparkPython1.py script as described in Case 2,
umn/source/user_guide/dataarts_factory/usage_guidance/if_statements.rst,IF Statements,en-us_image_0000002269116645.png,screenshot,pass,1.00,"Shows a CDM node connected to two Dummy nodes (A and B) via IF-labeled connection lines, matching Figure 1 description | The topology exactly matches the RST description of a CDM node with two branches for IF statement demonstration | Directly relevant to the 'Determining the IF Statement Branch Based on Execution Status' section",
umn/source/user_guide/dataarts_factory/usage_guidance/if_statements.rst,IF Statements,en-us_image_0000002269196749.png,screenshot,pass,1.00,"Shows Advanced Settings panel with 'Policy for Handling Subsequent Nodes' section | 'Go to the next node' is selected and highlighted in red, matching the RST instruction to set Failure Policy to 'Go to the next node' | Directly corresponds to Figure 2 in the configuration method section",
umn/source/user_guide/dataarts_factory/usage_guidance/if_statements.rst,IF Statements,en-us_image_0000002234077448.png,screenshot,pass,1.00,"Shows the Edit EL expression dialog with the exact IF statement expression #{(Job.getNodeStatus(""CDM"")) == ""success"" ? ""true"" : ""false""} | Failure Policy is set to 'Skip all subsequent nodes' as described in the RST | The left panel shows Embedded Object tree with Job, Loop, StringUtil etc. matching the EL expression context | Directly corresponds to Figure 3 in the configuration method",
umn/source/user_guide/dataarts_factory/usage_guidance/if_statements.rst,IF Statements,en-us_image_0000002269196757.png,screenshot,pass,1.00,Shows Monitor Instance page with job_2851 status 'Run successfully' | Two Dummy nodes (Dummy_4141 and Dummy_6381) both show 'Run successfully' status | Matches Figure 4 description of viewing job execution result after testing | Consistent with the RST statement that the execution result meets expectation,"The RST mentions that if execution is fail, branch A is skipped and branch B is executed, but the image shows both nodes succeeded, which may represent a different test scenario"
umn/source/user_guide/dataarts_factory/usage_guidance/if_statements.rst,IF Statements,en-us_image_0000002234237324.png,screenshot,pass,1.00,Shows HIVE node connected to For_Each_1044 node with a single connection line | Matches Figure 5 description of the job orchestration for the second scenario | Directly relevant to the 'Determining IF Statement Branch Based on Execution Result' section,
umn/source/user_guide/dataarts_factory/usage_guidance/if_statements.rst,IF Statements,en-us_image_0000002234077436.png,screenshot,pass,1.00,"Shows Dummy_0546 connected to three nodes labeled >5, =5, and <5 via IF-labeled connection lines | The <5 node has a green checkmark indicating it was executed, matching the RST description that <5 branch is executed when result is 4 | Matches Figure 6 'Example sub-job' description exactly",
umn/source/user_guide/dataarts_factory/usage_guidance/if_statements.rst,IF Statements,en-us_image_0000002269196765.png,screenshot,pass,1.00,"Shows the sub-job canvas on the left and Parameter Setup panel on the right | The 'result' variable is highlighted in red in the Variables section, matching the RST instruction to set parameter name to 'result' | Matches Figure 7 'Configuring job parameters' description",
umn/source/user_guide/dataarts_factory/usage_guidance/if_statements.rst,IF Statements,en-us_image_0000002234077496.png,screenshot,pass,1.00,"Shows the SQL query 'SELECT count(*) FROM student_score WHERE score> ""85""' in the editor | The Result tab shows the query result with value 4 highlighted in red | Matches Figure 8 'HIVE SQL script execution result' and the RST description that the result is 4",
umn/source/user_guide/dataarts_factory/usage_guidance/if_statements.rst,IF Statements,en-us_image_0000002269196781.png,screenshot,pass,1.00,Shows For Each properties panel with Node Name 'For_Each_1224' | Subjob in a Loop is set to 'foreach' (highlighted in red) | Subjob Parameter Name shows 'result' with #{Loop.dataArray[0][0]} expression (highlighted in red) | Dataset shows #{Job.getNodeOutput('HIVE')} (highlighted in red) | Matches Figure 9 and all the RST configuration instructions exactly,
umn/source/user_guide/dataarts_factory/usage_guidance/if_statements.rst,IF Statements,en-us_image_0000002269196741.png,screenshot,pass,1.00,Shows Monitor Instance page with foreach_1 job status 'Run successfully' | Two Dummy nodes (Dummy_4141 and Dummy_6381) both show 'Run successfully' | Matches Figure 10 'Execution result of the subjob' description | Consistent with the RST statement that the <5 branch is successfully executed,
umn/source/user_guide/dataarts_factory/usage_guidance/if_statements.rst,IF Statements,en-us_image_0000002234237348.png,screenshot,pass,1.00,"Shows three DWS SQL nodes (test1, test2, test3) connected to a Python node (showtables) via IF-labeled lines | All three parent nodes have green checkmarks indicating successful execution | Matches Figure 11 'A job with multiple IF statements' description exactly | Directly relevant to the 'Configuring the Policy for Executing a Node with Multiple IF Statements' section",
umn/source/user_guide/dataarts_factory/usage_guidance/if_statements.rst,IF Statements,en-us_image_0000002234237268.png,screenshot,pass,1.00,"Shows the multi-IF job with test1 and test2 succeeded (green check), test3 failed (red X) | showtables node has a green checkmark indicating it was executed | Logs confirm: test3 failed to run, but showtables started and finished to run | Matches Figure 12 'How the job runs if Multi-IF Policy is OR' - with OR policy, showtables executes if any IF is true",
umn/source/user_guide/dataarts_factory/usage_guidance/if_statements.rst,IF Statements,en-us_image_0000002234077444.png,screenshot,pass,1.00,"Shows the multi-IF job with test1 and test2 succeeded, test3 failed (red X) | showtables node has a blue X icon indicating it was skipped | Logs confirm test3 failed and showtables was not executed (skipped) | Matches Figure 13 'How the job runs if Multi-IF Policy is AND' - with AND policy, showtables is skipped because not all IFs are true",
umn/source/user_guide/dataarts_factory/usage_guidance/if_statements.rst,IF Statements,en-us_image_0000002269116637.png,icon,partial,0.72,"Small yellow circular icon with a plus sign, used as |image1| in the RST for the 'click and hold to connect' instruction | Represents the connection/drag action between nodes in the job canvas | The icon is small and slightly blurry but clearly a plus/connect symbol","The icon is very small and low resolution, making it difficult to discern fine details"
umn/source/user_guide/dataarts_factory/usage_guidance/if_statements.rst,IF Statements,en-us_image_0000002234237300.png,icon,partial,0.72,"Small yellow circular icon with a plus sign, used as |image2| in the RST for the 'click and hold to connect' instruction in the subjob development section | Represents the connection action between Dummy nodes in the sub-job canvas | Same style as other connection icons in the document",The icon is very small and low resolution
umn/source/user_guide/dataarts_factory/usage_guidance/if_statements.rst,IF Statements,en-us_image_0000002269196709.png,icon,partial,0.72,"Small yellow circular icon with a plus sign, used as |image3| in the RST for the 'click and hold to connect' instruction in the main job development section | Represents the connection action between HIVE SQL and For Each nodes | Same style as other connection icons in the document",The icon is very small and low resolution
umn/source/user_guide/dataarts_factory/usage_guidance/if_statements.rst,IF Statements,en-us_image_0000002234237340.png,icon,partial,0.72,"Small yellow circular icon with a plus sign, used as |image4| in the RST for the 'click and hold to connect' instruction in the multi-IF policy section | Represents the connection action between DWS SQL nodes and the Python node | Same style as other connection icons in the document",The icon is very small and low resolution
umn/source/user_guide/dataarts_factory/usage_guidance/obtaining_the_maximum_value_and_transferring_it_to_a_cdm_job_using_a_query_sql_statement.rst,Obtaining the Maximum Value and Transferring It to a CDM Job Using a Query SQL Statement,en-us_image_0000002234079008.png,screenshot,pass,1.00,"Shows CDM Job node properties panel with Node Name, CDM Cluster Name, Job Type (Existing jobs selected), and CDM job name fields | Matches Figure 1 caption 'Configuring CDM Job node properties' in the RST | Displays the pipeline canvas with Dummy_4232 and mysql2obs_tablename nodes connected | All fields align with the 'Creating a Pipeline Subjob' section instructions",
umn/source/user_guide/dataarts_factory/usage_guidance/obtaining_the_maximum_value_and_transferring_it_to_a_cdm_job_using_a_query_sql_statement.rst,Obtaining the Maximum Value and Transferring It to a CDM Job Using a Query SQL Statement,en-us_image_0000002234238852.png,screenshot,pass,1.00,Shows Parameter Setup panel with Variable Parameter section containing 'maxtime' | Matches Figure 2 caption 'Configuring job parameters' in the RST | The maxtime parameter is highlighted with a red border as described in the instructions | Pipeline canvas shows the same Dummy_4232 and mysql2obs_tablename nodes,
umn/source/user_guide/dataarts_factory/usage_guidance/obtaining_the_maximum_value_and_transferring_it_to_a_cdm_job_using_a_query_sql_statement.rst,Obtaining the Maximum Value and Transferring It to a CDM Job Using a Query SQL Statement,en-us_image_0000002234079016.png,screenshot,pass,1.00,Shows MRS Spark SQL node properties with Node Name 'maxtime' and SQL script 'maxtime' | Matches Figure 3 caption 'Configuring properties for the MRS Spark SQL node' | Displays Data Connection 'mrs_spark_2x' and Database 'default' | Pipeline canvas shows maxtime (Spark SQL) node connected to For_Each_2473 node,
umn/source/user_guide/dataarts_factory/usage_guidance/obtaining_the_maximum_value_and_transferring_it_to_a_cdm_job_using_a_query_sql_statement.rst,Obtaining the Maximum Value and Transferring It to a CDM Job Using a Query SQL Statement,en-us_image_0000002269118201.png,screenshot,pass,1.00,"Shows For Each node properties with Subjob in a Loop set to 'sub' | Displays Subjob Parameter Name 'maxtime' with expression '#{Loop.current[0]}' | Shows Dataset field with '#{Job.getNodeOutput(""maxtime"")}' expression | Matches Figure 4 caption and all expressions mentioned in the RST",
umn/source/user_guide/dataarts_factory/usage_guidance/obtaining_the_maximum_value_and_transferring_it_to_a_cdm_job_using_a_query_sql_statement.rst,Obtaining the Maximum Value and Transferring It to a CDM Job Using a Query SQL Statement,en-us_image_0000002269118193.png,screenshot,pass,1.00,Shows CDM Job properties panel with the edit icon highlighted next to CDM job name | Matches Figure 5 caption 'Editing the CDM job' | The RST instructs to click the edit icon next to the job name to go to the job configuration page | Pipeline canvas shows the same nodes as in previous figures,
umn/source/user_guide/dataarts_factory/usage_guidance/obtaining_the_maximum_value_and_transferring_it_to_a_cdm_job_using_a_query_sql_statement.rst,Obtaining the Maximum Value and Transferring It to a CDM Job Using a Query SQL Statement,en-us_image_0000002234079000.png,screenshot,pass,1.00,Shows Job Configuration page with Source and Destination Job Configuration sections | The Where Clause field under 'Hide Advanced Attributes' is highlighted with a red border | Matches Figure 6 caption 'Configuring a where clause' | The RST describes configuring a where clause in advanced attributes of the source job configuration,
umn/source/user_guide/dataarts_factory/usage_guidance/obtaining_the_maximum_value_and_transferring_it_to_a_cdm_job_using_a_query_sql_statement.rst,Obtaining the Maximum Value and Transferring It to a CDM Job Using a Query SQL Statement,en-us_image_0000002269198293.png,icon,pass,1.00,Small pencil/edit icon used as |image1| in the RST | Referenced in the step 'Click |image1| next to the job name to go to the job configuration page' | The icon is a standard edit/pencil symbol consistent with the context | Isolated icon graphic without surrounding UI context,
umn/source/user_guide/dataarts_factory/usage_guidance/obtaining_the_output_of_an_sql_node.rst,Obtaining the Output of an SQL Node,en-us_image_0000002269116113.png,screenshot,pass,1.00,"Shows the example job canvas with MRS Hive SQL node 'count95' connected to Kafka Client node 'Kafka_Client_4719', matching Figure 1 in the RST. | The node names and connection exactly match the description in step 5 of the StringUtil section. | Clearly depicts the workflow described for obtaining output using StringUtil.",
umn/source/user_guide/dataarts_factory/usage_guidance/obtaining_the_output_of_an_sql_node.rst,Obtaining the Output of an SQL Node,en-us_image_0000002269196257.png,screenshot,pass,1.00,"Shows the MRS Hive SQL properties panel with Node Name 'count95', SQL script 'count95', Data Connection 'hive', and Database 'default'. | Matches Figure 2 and step 6 of the StringUtil configuration method exactly. | The red highlight on the SQL script field draws attention to the key configuration.",
umn/source/user_guide/dataarts_factory/usage_guidance/obtaining_the_output_of_an_sql_node.rst,Obtaining the Output of an SQL Node,en-us_image_0000002234077004.png,screenshot,pass,1.00,"Shows the Kafka Client properties panel with the StringUtil EL expression in the Sent Content field. | The expression #{StringUtil.split(StringUtil.split(StringUtil.split(Job.getNodeOutput(""count95""),""]"")[0],""["")[0],""\\"")[0]} matches the RST description. | Matches Figure 3 and step 7 of the StringUtil configuration method.",
umn/source/user_guide/dataarts_factory/usage_guidance/obtaining_the_output_of_an_sql_node.rst,Obtaining the Output of an SQL Node,en-us_image_0000002269196209.png,screenshot,pass,1.00,"Shows the View Log dialog with log entries confirming the Kafka Client sent 'data: 2'. | The red highlight on 'data: 2' matches the RST description that the two-dimensional array [[""2""]] was converted to 2. | Matches Figure 4 and step 8 of the StringUtil section.",
umn/source/user_guide/dataarts_factory/usage_guidance/obtaining_the_output_of_an_sql_node.rst,Obtaining the Output of an SQL Node,en-us_image_0000002269116181.png,screenshot,pass,1.00,Shows the main job canvas with 'select95' (Hive SQL node) connected to 'For_Each_7304' (For Each node). | Matches Figure 5 and the description of the main job in the For Each node section. | The node names and connection align with the RST instructions for developing the main job.,
umn/source/user_guide/dataarts_factory/usage_guidance/obtaining_the_output_of_an_sql_node.rst,Obtaining the Output of an SQL Node,en-us_image_0000002234236804.png,screenshot,pass,1.00,"Shows the subjob with Kafka Client node 'Kafka_Client_8793' and Parameter Setup panel. | The Variable Parameter section shows 'name' and 'score' parameter names, matching the RST description. | Matches Figure 6 and the subjob development steps in the For Each section.",
umn/source/user_guide/dataarts_factory/usage_guidance/obtaining_the_output_of_an_sql_node.rst,Obtaining the Output of an SQL Node,en-us_image_0000002234076984.png,screenshot,pass,1.00,Shows the Kafka Client properties for the subjob with Sent Content set to '${name}: ${score}'. | Matches Figure 7 and step 4 of the subjob development in the For Each section. | The expression format matches the RST instruction to use ${job_param_name} for parent job parameters.,
umn/source/user_guide/dataarts_factory/usage_guidance/obtaining_the_output_of_an_sql_node.rst,Obtaining the Output of an SQL Node,en-us_image_0000002269116161.png,screenshot,pass,1.00,"Shows the MRS Hive SQL properties for the main job with Node Name 'select95' and SQL script 'select95'. | Matches Figure 8 and step 5 of the main job development in the For Each section. | The canvas shows the select95 node connected to For_Each_7304, consistent with the main job layout.",
umn/source/user_guide/dataarts_factory/usage_guidance/obtaining_the_output_of_an_sql_node.rst,Obtaining the Output of an SQL Node,en-us_image_0000002269116149.png,screenshot,pass,1.00,"Shows the For Each node properties with Subjob in a Loop 'EL_test_slave', Subjob Parameter Name 'name' and 'score' with Loop.current expressions, and Dataset with Job.getNodeOutput(""select95""). | Matches Figure 9 and step 6 of the main job development exactly. | All key configurations described in the RST are visible and correctly set.",
umn/source/user_guide/dataarts_factory/usage_guidance/obtaining_the_output_of_an_sql_node.rst,Obtaining the Output of an SQL Node,en-us_image_0000002234076948.png,screenshot,pass,1.00,"Shows the Monitor Instance page with execution results for EL_test_slave_2, EL_test_slave_1, and EL_test_master. | The subjob instances show Kafka_Client_8793 with Successful status, matching the RST description. | Matches Figure 10 and step 3 of testing the main job.",
umn/source/user_guide/dataarts_factory/usage_guidance/obtaining_the_output_of_an_sql_node.rst,Obtaining the Output of an SQL Node,en-us_image_0000002269116221.png,screenshot,pass,1.00,Shows the log of the subjob execution with 'data: WANG: 97.0' highlighted in red. | Confirms that the For Each node successfully obtained the output values (name and score) from the previous node. | Matches Figure 11 and step 4 of testing the main job.,
umn/source/user_guide/dataarts_factory/usage_guidance/obtaining_the_output_of_an_sql_node.rst,Obtaining the Output of an SQL Node,en-us_image_0000002234236776.png,icon,partial,0.72,"A small yellow circular icon with a plus sign, used as a UI element to connect nodes on the canvas. | Referenced in the RST as |image1| for clicking and holding to connect nodes in step 5 of the StringUtil section. | The icon is a generic UI control, not directly illustrating the SQL output concept but supporting the workflow instructions.","The icon is very small and low-resolution, making it difficult to discern fine details."
umn/source/user_guide/dataarts_factory/usage_guidance/obtaining_the_output_of_an_sql_node.rst,Obtaining the Output of an SQL Node,en-us_image_0000002234076960.png,icon,partial,0.72,"A small yellow circular icon with a plus sign, identical to |image1|, used to connect nodes on the canvas. | Referenced in the RST as |image2| for clicking and holding to connect nodes in the main job development step. | The icon is a generic UI control supporting the workflow instructions for the For Each node section.","The icon is very small and low-resolution, making it difficult to discern fine details."
umn/source/user_guide/dataarts_factory/usage_guidance/obtaining_the_return_value_of_a_rest_client_node.rst,Obtaining the Return Value of a Rest Client Node,en-us_image_0000002234241808.png,screenshot,pass,1.00,"Shows a DataArts Studio workflow canvas with two Rest Client nodes (Rest_Client_4901 and Rest_Client_3405) connected by an arrow, matching Figure 1 description | Right panel displays Rest Client properties including MRS URL, GET method, IAM authentication, consistent with the document's description of invoking MRS API to query cluster list | Node name Rest_Client_4901 matches the name referenced in the EL expression in the second section | The workflow structure (two Rest Client nodes) aligns with the scenario of obtaining cluster ID and transferring it to other nodes",The specific parameter 'The response message body parses the transfer parameter' set to 'clusterId=clusters[0].clusterId' is not visible in this screenshot (it may be below the visible area)
umn/source/user_guide/dataarts_factory/usage_guidance/obtaining_the_return_value_of_a_rest_client_node.rst,Obtaining the Return Value of a Rest Client Node,en-us_image_0000002234241796.png,screenshot,pass,1.00,"Displays a JSON response body with clusterTotal and clusters array, matching Figure 2 description of the JSON message body returned by the API | The clusterId field is highlighted with a red box, directly corresponding to the document's focus on obtaining the first cluster's ID | The JSON structure (clusters[0].clusterId) matches the parameter expression 'clusterId=clusters[0].clusterId' mentioned in the document | Shows cluster details including clusterName, clusterState, and componentList, providing context for the MRS cluster query response",The full JSON response is not visible (appears to be a partial view of a larger response)
umn/source/user_guide/dataarts_factory/usage_guidance/obtaining_the_return_value_of_a_rest_client_node.rst,Obtaining the Return Value of a Rest Client Node,en-us_image_0000002269201253.png,screenshot,pass,1.00,"Shows a workflow with Rest_Client_4901 connected to Kafka_Client_3660, matching Figure 3 description of Rest Client invoking MRS API then Kafka Client sending a message | The Sent Content field in the Kafka Client properties displays the exact EL expression mentioned in the document: #{JSONUtil.toString(JSONUtil.path(Job.getNodeOutput(""Rest_Client_4901""),""clusters[0].clusterId""))} | Kafka Client configuration shows Data Connection 'kafka-drs' and Topic Name 'kafka', consistent with the scenario of sending a character string message | The node name Rest_Client_4901 in the EL expression matches the Rest Client node visible in the workflow canvas","The Rest Client node's own configuration (URL, method) is not visible in this screenshot as the Kafka Client properties panel is shown instead"
umn/source/user_guide/dataarts_factory/usage_guidance/referencing_parameters_in_scripts_and_jobs.rst,Referencing Parameters in Scripts and Jobs,en-us_image_0000002234236216.png,screenshot,pass,0.88,"Image shows the Environment Variable configuration page with Variables and Constant Parameter sections, matching the RST description. | The RST mentions parameter name 'sdqw' and value 'wqewqewqe', but the image shows 'aaa' and 'asdasd'/'777778', a minor value mismatch. | The UI structure (Import/Export, Variables, Constant Parameter, Add, Save) aligns with the environment variable configuration described in the RST.","The specific parameter values mentioned in the RST (sdqw, wqewqewqe) are not visible in the image."
umn/source/user_guide/dataarts_factory/usage_guidance/referencing_parameters_in_scripts_and_jobs.rst,Referencing Parameters in Scripts and Jobs,en-us_image_0000002269195693.png,screenshot,pass,1.00,"Image shows the Create OBS node properties with OBS Path containing ${sdqw}, matching the RST step of configuring a Create OBS node with an environment variable reference. | The Node Properties tab is visible with Node Name, OBS Path, and Advanced Settings as described. | The ${sdqw} reference in the OBS Path directly corresponds to the environment variable mentioned in the RST.",
umn/source/user_guide/dataarts_factory/usage_guidance/referencing_parameters_in_scripts_and_jobs.rst,Referencing Parameters in Scripts and Jobs,en-us_image_0000002234076400.png,screenshot,pass,1.00,"Image shows the Parameter Setup page with Variables and Constant Parameter sections, matching the RST description of job parameters. | The Variables section shows 'job' and 'jobA', and Constant Parameter shows 'test' and '67', illustrating the variable/constant distinction described in the RST. | The right-side navigation shows 'Parameter Setup' highlighted, confirming the job parameter configuration context.",
umn/source/user_guide/dataarts_factory/usage_guidance/referencing_parameters_in_scripts_and_jobs.rst,Referencing Parameters in Scripts and Jobs,en-us_image_0000002269115597.png,screenshot,pass,1.00,"Image shows a job canvas with a Create OBS node connected to a Dummy node, and the Node Properties panel showing a job parameter reference in the OBS Path. | The OBS Path contains a job parameter reference, demonstrating how a job parameter is referenced by a job node as described in the RST. | The visual layout matches the RST description of using a job parameter configuration in a node.",
umn/source/user_guide/dataarts_factory/usage_guidance/referencing_parameters_in_scripts_and_jobs.rst,Referencing Parameters in Scripts and Jobs,en-us_image_0000002269195641.png,screenshot,pass,1.00,"Image shows a SQL script editor with ${time} parameters in the code and a Test Parameters panel on the right, matching the RST description of configuring script parameters when executing independently. | The Test Parameters panel shows parameter names (time, aa, bb) with value fields, consistent with the RST description. | The red arrow annotation points from the toolbar to the Test Parameters panel, highlighting the parameter configuration area.",
umn/source/user_guide/dataarts_factory/usage_guidance/referencing_parameters_in_scripts_and_jobs.rst,Referencing Parameters in Scripts and Jobs,en-us_image_0000002269195669.png,screenshot,pass,1.00,"Image shows the script development page with the SQL statement 'INSERT INTO B FROM (SELECT * FROM A WHERE DATE = ${DATE})', exactly matching the code block in the RST. | The left navigation shows 'Develop Script' selected, consistent with the RST context of script development. | The ${DATE} variable in the script matches the RST description of using variables in script expressions.",
umn/source/user_guide/dataarts_factory/usage_guidance/referencing_parameters_in_scripts_and_jobs.rst,Referencing Parameters in Scripts and Jobs,en-us_image_0000002269115569.png,screenshot,pass,1.00,"Image shows the 'Edit Parameter Expression' dialog with an EL expression and the DWS SQL node properties panel with Script Parameter DATE, matching the RST description of configuring script parameters during job scheduling. | The left navigation shows job development context, consistent with the RST step of choosing Data Development > Develop Job. | The Script Parameter section shows 'DATE' with an EL expression value, matching the RST note about parameter names and EL expressions.",
umn/source/user_guide/dataarts_factory/usage_guidance/referencing_parameters_in_scripts_and_jobs.rst,Referencing Parameters in Scripts and Jobs,en-us_image_0000002234076364.png,icon,pass,1.00,"Image is a small refresh/sync icon (circular arrow), matching the RST reference to |image1| for synchronizing changes. | The icon is used in the context of the note about synchronizing or editing changes to script parameters. | The visual representation (circular arrow) is consistent with a synchronize/refresh action.",
umn/source/user_guide/dataarts_factory/usage_guidance/referencing_parameters_in_scripts_and_jobs.rst,Referencing Parameters in Scripts and Jobs,en-us_image_0000002269115617.png,icon,pass,1.00,"Image is a small pencil/edit icon, matching the RST reference to |image2| for editing changes. | The icon is used in the context of the note about editing changes to script parameters. | The visual representation (pencil) is consistent with an edit action.",
umn/source/user_guide/dataarts_factory/usage_guidance/setting_the_job_scheduling_time_to_the_last_day_of_each_month.rst,Setting the Job Scheduling Time to the Last Day of Each Month,en-us_image_0000002234243360.png,screenshot,pass,1.00,"Image shows the Scheduling Setup panel with Scheduling Frequency set to 'Every day', matching Figure 1 caption and RST step 2 of Method 1. | The red highlight box around the Scheduling Frequency dropdown clearly indicates the setting being configured. | Scheduling Type is set to 'Run periodically' which is consistent with the context of periodic scheduling. | The left side shows a job node (MRS_Hive_SQL_440_7) confirming this is within a job development context.",
umn/source/user_guide/dataarts_factory/usage_guidance/setting_the_job_scheduling_time_to_the_last_day_of_each_month.rst,Setting the Job Scheduling Time to the Last Day of Each Month,en-us_image_0000002269202797.png,screenshot,pass,1.00,"Image shows a context menu with 'Set Condition' option appearing on the connection line between a Dummy node (Dummy_5666) and a subsequent node (MRS_Hive_SQL_440_7). | This directly matches RST step 3 of Method 1: 'Right-click the connection line between the Dummy node and its subsequent node and select Set Condition.' | The green arrow between nodes represents the connection line being right-clicked. | The 'Set Condition' menu item is highlighted, indicating the user's selection.",
umn/source/user_guide/dataarts_factory/usage_guidance/setting_the_job_scheduling_time_to_the_last_day_of_each_month.rst,Setting the Job Scheduling Time to the Last Day of Each Month,en-us_image_0000002269202825.png,screenshot,pass,1.00,"Image shows the 'Edit Parameter Expression' dialog with the exact expression from the RST: #{DateUtil.getDay(DateUtil.addDays(Job.planTime,1)) == 1 ? ""true"" : ""false""}. | The expression is highlighted with a red box, matching the RST's emphasis on the condition expression. | Failure Policy is set to 'Skip all subsequent nodes' which aligns with the RST description that subsequent nodes are skipped if the condition is false. | The embedded object tree (DateUtil, Job, etc.) provides context for building the expression. | OK and Cancel buttons are visible at the bottom of the dialog.",
umn/source/user_guide/dataarts_factory/usage_guidance/setting_the_job_scheduling_time_to_the_last_day_of_each_month.rst,Setting the Job Scheduling Time to the Last Day of Each Month,en-us_image_0000002234243352.png,screenshot,pass,1.00,"Image shows the Scheduling Setup panel with Scheduling Frequency set to 'Every month' (highlighted with red box). | The Select Time dropdown shows 'the last day of each month' selected (highlighted with red box), matching RST step 3 of Method 2. | The dropdown list shows other options (25th-31st of each month) confirming this is a day-selection dropdown. | Scheduling Type is set to 'Run periodically' consistent with the RST instructions. | The right navigation shows 'Scheduling Setup' tab is active, matching the RST instruction to click Scheduling Setup.",
umn/source/user_guide/dataarts_factory/usage_guidance/using_for_each_nodes.rst,Using For Each Nodes,en-us_image_0000002234242340.png,screenshot,pass,1.00,"Image shows a For Each node configuration panel with Node Name 'For_Each_1224', Subjob in a Loop 'foreach', Subjob Parameter Name 'result' with value '#{Loop.current[0]}', and Dataset ""[['1'],['3'],['2']]"" | Matches Figure 1 description in the RST exactly: parameter name 'result', dataset [['1'],['3'],['2']], and the traversal of one-dimensional array | The job canvas shows MRS_Hive_SQL_420 connected to For_Each_1224, consistent with the scenario described",
umn/source/user_guide/dataarts_factory/usage_guidance/using_for_each_nodes.rst,Using For Each Nodes,en-us_image_0000002269201777.png,screenshot,pass,1.00,"Shows DLI SQL editor with CREATE TABLE Table_List, INSERT INTO Table_List VALUES, and SELECT * FROM Table_List statements | Result panel displays the Table_List data with Source and Destination columns matching Table 1 in the RST | Data rows (a_new/a, d_1/d, b_2/b, c_3/c, c_5/e, b_1/f) match the expected dataset from the RST",
umn/source/user_guide/dataarts_factory/usage_guidance/using_for_each_nodes.rst,Using For Each Nodes,en-us_image_0000002269121693.png,screenshot,pass,1.00,"Shows DLI SQL node configuration with Node Name 'dli' and SQL statement 'INSERT INTO ${Destination} select * from ${Source};' | Matches Figure 3 description: the SQL statement uses ${Source} and ${Destination} variables as described in the RST | The DLI node icon is visible on the canvas, consistent with the subjob configuration step",
umn/source/user_guide/dataarts_factory/usage_guidance/using_for_each_nodes.rst,Using For Each Nodes,en-us_image_0000002269121685.png,screenshot,pass,1.00,"Shows Parameter Setup panel with Variables 'Source' and 'Destination' as described in the RST | Matches Figure 4: configuring subjob parameters by setting parameter names for the For Each operator to identify | The DLI node icon is visible on the canvas, consistent with the subjob context",
umn/source/user_guide/dataarts_factory/usage_guidance/using_for_each_nodes.rst,Using For Each Nodes,en-us_image_0000002269201849.png,screenshot,pass,1.00,Shows a job canvas with preDLI (DLI node) connected to For_Each_5331 (For Each node) | Matches Figure 5: compiling a job with DLI SQL and For Each nodes as described in the RST | The node names and connection match the master job ForeachDemo_master configuration,
umn/source/user_guide/dataarts_factory/usage_guidance/using_for_each_nodes.rst,Using For Each Nodes,en-us_image_0000002269201865.png,screenshot,pass,1.00,"Shows DLI SQL node with Node Name 'preDLI' and SQL statement 'SELECT * FROM Table_List;' | Matches Figure 6: DLI SQL node configuration reading data from Table_List as the dataset | The canvas shows preDLI connected to For_Each_5331, consistent with the master job layout",
umn/source/user_guide/dataarts_factory/usage_guidance/using_for_each_nodes.rst,Using For Each Nodes,en-us_image_0000002269121789.png,screenshot,pass,1.00,"Shows For Each node with Node Name 'For_Each_5331', Subjob in a Loop 'ForeachDemo', Subjob Parameter Name Source '#{Loop.current[0]}' and Destination '#{Loop.current[1]}' | Dataset field shows '#{Job.getNodeOutput('preDLI')}' matching the RST description exactly | Matches Figure 7: all configuration properties align with the RST step 4c description",
umn/source/user_guide/dataarts_factory/usage_guidance/using_for_each_nodes.rst,Using For Each Nodes,en-us_image_0000002269201833.png,screenshot,pass,1.00,Shows Monitor Instance page with job execution history including ForeachDemo_master | Expanded view shows sub-instances preDLI (DLI SQL) and For_Each_5351 (ForEachJob) with 'Run successfully' status | Matches Figure 8: viewing job instances after successful execution of the For Each node,"The RST mentions six subjob instances should be generated, but the image only shows the For_Each_5351 node without clearly showing all six sub-instances"
umn/source/user_guide/dataarts_factory/usage_guidance/using_for_each_nodes.rst,Using For Each Nodes,en-us_image_0000002424391613.png,screenshot,pass,1.00,"Shows DLI SQL editor with 'SELECT * FROM a;' and result showing ZHAO/90, QIAN/88, SUN/93 | Matches Figure 9: destination table data verification, confirming data was inserted correctly | Data matches the INSERT INTO a_new VALUES ('ZHAO','90'),('QIAN','88'),('SUN','93') from the RST",
umn/source/user_guide/dataarts_factory/usage_guidance/using_for_each_nodes.rst,Using For Each Nodes,en-us_image_0000002234082492.png,icon,partial,0.77,"Small yellow circle with a plus sign, used as |image1| in the RST for 'click and drag |image1| to compile the job' | It is a generic UI add/plus icon, not specific to For Each nodes but referenced in the job compilation step | The icon is clearly a small symbolic graphic (pictogram) for adding nodes to a job canvas",The icon is generic and does not provide specific information about For Each node functionality | It is a standard UI element rather than a domain-specific illustration
umn/source/user_guide/dataarts_factory/usage_guidance/using_patchdata.rst,Using PatchData,en-us_image_0000002234076104.png,screenshot,pass,1.00,"Image shows a DWS SQL code editor with the exact INSERT INTO B (SELECT * FROM A WHERE DATE = ${DATE}) statement described in the RST. | Matches Figure 1 'Developing a script' in the 'Develop a PatchData script' step. | The header comments (DWS sql, author, create time) are consistent with a DataArts Factory SQL script editor.",
umn/source/user_guide/dataarts_factory/usage_guidance/using_patchdata.rst,Using PatchData,en-us_image_0000002234235952.png,screenshot,pass,1.00,"Image shows the 'Edit Parameter Expression' dialog with the DateUtil.format(DateUtil.addDays(Job.planTime,-1),'yyyy-MM-dd') expression, matching the RST example. | Right panel shows node properties with Script Parameter DATE and the same expression, consistent with the RST description of setting parameter values. | Matches Figure 2 'Node parameters' in the 'Develop a PatchData batch processing job' step. | The Embedded Object tree (DateUtil, Env, Job, etc.) is visible, supporting the RST note about DateUtil embedded object.",
umn/source/user_guide/dataarts_factory/usage_guidance/using_patchdata.rst,Using PatchData,en-us_image_0000002269115341.png,screenshot,pass,1.00,"Image shows the Scheduling Setup panel with 'Run periodically' selected, matching the RST requirement for periodic scheduling. | Scheduling Frequency is set to 'Every day' and Start Time to 02:00, matching the RST note about the job being scheduled at 02:00 every day. | The From date shows Mar 09, 2023, consistent with the RST note about scheduling taking effect from March 9, 2023. | Matches Figure 3 'Configuring the scheduling period'.",
umn/source/user_guide/dataarts_factory/usage_guidance/using_patchdata.rst,Using PatchData,en-us_image_0000002269195385.png,screenshot,pass,1.00,"Image shows the 'Configure PatchData' dialog with all fields described in Table 2: PatchData Name, Job Name, Date, Parallel Periods, Upstream or Downstream Job. | The Date field shows 'Feb 28, 2023 00:00:00 - Mar 02, 2023 23:59', matching the RST example of supplementing data from Feb 27 to Mar 1. | Parallel Periods is set to 1, consistent with the RST description. | Matches Figure 4 'Configuring PatchData' in the 'Create a PatchData task' step.",
umn/source/user_guide/dataarts_factory/usage_guidance/using_patchdata.rst,Using PatchData,en-us_image_0000002269195381.png,screenshot,pass,1.00,"Image shows the 'Monitor PatchData' page with task name, running type, plan time, start time, and operation columns, matching the RST description. | The date range 'Feb 28, 2023 00:00:00 - Mar 02, 2023 23:59' is displayed, consistent with the configured PatchData date. | Shows job_7669 with a sub-entry dws_030903 (DWS SQL) and a 'View Log' operation, matching the RST description of viewing PatchData task status and logs. | Matches Figure 5 'Querying PatchData details'.",
umn/source/user_guide/dataarts_factory/usage_guidance/using_patchdata.rst,Using PatchData,en-us_image_0000002269195369.png,icon,partial,0.72,"Image is a small circular refresh/sync arrow icon, referenced as |image1| in the RST for synchronizing parameter changes. | The RST states 'you can click |image1| to synchronize the change', which matches the refresh icon semantics. | As a small icon, it provides limited visual detail but is semantically correct for a synchronize action.","Icon is very small and low-resolution, making it hard to confirm exact visual details."
umn/source/user_guide/dataarts_factory/usage_guidance/using_patchdata.rst,Using PatchData,en-us_image_0000002234076120.png,icon,partial,0.72,"Image is a small pencil/edit icon, referenced as |image2| in the RST for editing parameters. | The RST states 'or click |image2| to edit the parameters', which matches the edit/pencil icon semantics. | As a small icon, it provides limited visual detail but is semantically correct for an edit action.","Icon is very small and low-resolution, making it hard to confirm exact visual details."
umn/source/user_guide/dataarts_factory/usage_guidance/using_script_templates_and_parameter_templates.rst,Using Script Templates and Parameter Templates,en-us_image_0000002269199961.png,screenshot,pass,1.00,"Shows the DataArts Studio Develop Script editor with a Flink SQL script containing the @@{421_mobna} template reference, matching the script-template scenario. | Right-hand 'Script Templates' panel with Workspace/Public tabs and the 412_mobna template card matches the RST step of clicking Template and selecting a template. | Left tree shows the 412_test script, consistent with the RST's example of creating the 412_test script.",The Save action that creates the script is not shown in this frame.
umn/source/user_guide/dataarts_factory/usage_guidance/using_script_templates_and_parameter_templates.rst,Using Script Templates and Parameter Templates,en-us_image_0000002234080688.png,screenshot,pass,1.00,"Shows the MRS Flink Job node properties with Job Type set to Flink SQL job and Script Path set to 412_test, matching the pipeline-job scenario. | Script Parameter section auto-displays template parameters (421_mobna.aa/bb/cc) with values, matching the RST statement that template parameters are automatically displayed. | Red highlight boxes emphasize Job Type, Script Path, and the template parameters, aligning with the described steps.",The canvas/drag step for adding the MRS Flink Job node is not visible in this cropped view.
umn/source/user_guide/dataarts_factory/usage_guidance/using_script_templates_and_parameter_templates.rst,Using Script Templates and Parameter Templates,en-us_image_0000002269199973.png,screenshot,pass,1.00,"Shows the MRS Cluster field and the Program Parameter section with name/value pairs (aa=11, bb=22), matching the parameter-template scenario. | The 'Select Template' button is highlighted, matching the RST step of clicking Select Template to choose a parameter template. | Red boxes emphasize MRS Cluster, Program Parameter, and Select Template, consistent with the described workflow.","The template selection dialog itself is not shown, only the button."
umn/source/user_guide/dataarts_factory/usage_guidance/using_script_templates_and_parameter_templates.rst,Using Script Templates and Parameter Templates,en-us_image_0000002269199985.png,screenshot,pass,1.00,"Shows a single-task Flink SQL job editor with the @@{421_mobna} template reference in the script, matching the single-task Flink SQL scenario. | The Script Templates panel with the 412_mobna template card matches the RST step of clicking Template and selecting a template. | The Jobs tree on the left and the highlighted 'template' tab align with the Develop Job context.",The job creation step (Create Job in single-task Flink SQL mode) is not visible in this frame.
umn/source/user_guide/dataarts_factory/usage_guidance/using_script_templates_and_parameter_templates.rst,Using Script Templates and Parameter Templates,en-us_image_0000002234080700.png,screenshot,pass,1.00,"Shows the single-task Flink JAR job Properties panel with MRS Cluster set and Program Parameter fields (aa=11, bb=22), matching the JAR-job parameter-template scenario. | The 'Select Template' button is highlighted, matching the RST step of selecting a parameter template for program parameters. | Red boxes emphasize Program Parameter, Select Template, and MRS Cluster, consistent with the described steps.","The template selection dialog is not shown, only the button and resulting parameter fields."
umn/source/user_guide/dataarts_factory/usage_guidance/using_script_templates_and_parameter_templates.rst,Using Script Templates and Parameter Templates,en-us_image_0000002234240552.png,screenshot,pass,1.00,"Placed via the |image1| substitution within the single-task Flink SQL job section, showing the same Develop Job editor with the @@{421_mobna} template reference. | The Script Templates panel with the 412_mobna template card and the highlighted 'template' tab match the script-template selection step. | Content is consistent with the surrounding RST describing using a script template in a single-task Flink SQL job.","This image is visually near-identical to Figure 4, so it adds little new detail beyond the template panel view."
umn/source/user_guide/dataarts_migration_cdm_jobs/creating_a_job_in_a_cdm_cluster/configuring_a_scheduled_cdm_job.rst,Configuring a Scheduled CDM Job,en-us_image_0000002269120405.png,screenshot,pass,1.00,"Image shows the 'Configure Scheduled Execution' dialog with the Minute tab selected | Cycle (minutes) is set to 30, matching the RST example of a 30-minute cycle | Start Time is Jan 01,2023 00:00 and End Time is Dec 31,2023 23:59, matching the RST description | The figure is correctly placed in the 'Scheduling Job Execution by Minute' section",
umn/source/user_guide/dataarts_migration_cdm_jobs/creating_a_job_in_a_cdm_cluster/configuring_a_scheduled_cdm_job.rst,Configuring a Scheduled CDM Job,en-us_image_0000002234241012.png,screenshot,pass,1.00,"Image shows the 'Configure Scheduled Execution' dialog with the Hour tab selected | Cycle (hours) is set to 2, matching the RST example of a 2-hour cycle | Trigger Time (minute) shows 10,30,50, matching the RST description of execution at 00:10, 00:30, and 00:50 | Start Time Jan 01,2023 00:00 and End Time Dec 31,2023 23:59 match the RST example | The figure is correctly placed in the 'Scheduling Job Execution by Hour' section",
umn/source/user_guide/dataarts_migration_cdm_jobs/creating_a_job_in_a_cdm_cluster/configuring_a_scheduled_cdm_job.rst,Configuring a Scheduled CDM Job,en-us_image_0000002234241072.png,screenshot,pass,1.00,"Image shows the 'Configure Scheduled Execution' dialog with the Day tab selected | Cycle (days) is set to 3, matching the RST example of a 3-day cycle | Start Time is Jan 01,2023 00:00 and End Time is empty (Select a date and time), matching the RST statement that the configuration is valid permanently | The figure is correctly placed in the 'Scheduling Job Execution by Day' section",
umn/source/user_guide/dataarts_migration_cdm_jobs/creating_a_job_in_a_cdm_cluster/configuring_a_scheduled_cdm_job.rst,Configuring a Scheduled CDM Job,en-us_image_0000002234241004.png,screenshot,pass,1.00,"Image shows the 'Configure Scheduled Execution' dialog with the Week tab selected | Cycle (weeks) is set to 2, matching the RST example of a 2-week cycle | Trigger Time (day) shows Tuesday, Saturday, and Sunday checked, matching the RST description | Start Time Jan 01,2023 00:00 and End Time Dec 31,2023 23:59 match the RST example | The figure is correctly placed in the 'Scheduling Job Execution by Week' section",
umn/source/user_guide/dataarts_migration_cdm_jobs/creating_a_job_in_a_cdm_cluster/configuring_a_scheduled_cdm_job.rst,Configuring a Scheduled CDM Job,en-us_image_0000002234081196.png,screenshot,pass,1.00,"Image shows the 'Configure Scheduled Execution' dialog with the Month tab selected | Cycle (months) is set to 1, matching the RST example of a 1-month cycle | Trigger Time (day) shows 5,25, matching the RST description of execution on the 5th and 25th days | Start Time Jan 01,2023 00:00 and End Time Dec 31,2023 23:59 match the RST example | The figure is correctly placed in the 'Scheduling Job Execution by Month' section",
umn/source/user_guide/dataarts_migration_cdm_jobs/creating_a_job_in_a_cdm_cluster/configuring_cdm_destination_job_parameters/to_dli.rst,To DLI,en-us_image_0000002269114785.png,screenshot,pass,1.00,"Image shows the IAM console Policies/Roles page with the 'Create Custom Policy' button in the upper right, matching Figure 1 description. | Left navigation shows Users, User Groups, Permissions > Policies/Roles, consistent with step 2 instructions. | The page displays a table of custom policies with Modify/Delete operations, matching the expected IAM interface.",
umn/source/user_guide/dataarts_migration_cdm_jobs/creating_a_job_in_a_cdm_cluster/configuring_cdm_destination_job_parameters/to_dli.rst,To DLI,en-us_image_0000002234075564.png,screenshot,pass,1.00,"Image shows the Create Custom Policy page with Policy Name 'obs_dli-trans' entered, matching Figure 2 description. | Policy View is set to JSON (highlighted), consistent with step 3 instructions to select JSON for Policy View. | Policy Content displays the JSON code with Version 1.1, Statement, Effect Allow, and obs: actions matching the code block in the RST.","The full JSON content is truncated in the visible area (only first ~25 lines shown), but the visible portion matches the RST code block."
umn/source/user_guide/dataarts_migration_cdm_jobs/creating_a_job_in_a_cdm_cluster/configuring_cdm_destination_job_parameters/to_dli.rst,To DLI,en-us_image_0000002269114801.png,screenshot,pass,1.00,"Image shows the 'Authorize User Group' page with step 1 'Select Policy/Role' active, matching Figure 3 description. | The policy 'obs_dli-trans' is checked and listed as a Custom policy, consistent with step 5 instructions to assign the custom policy. | The search field shows 'obs_dli-trans' highlighted, confirming the policy is being selected for authorization.",
umn/source/user_guide/dataarts_migration_cdm_jobs/creating_a_job_in_a_cdm_cluster/configuring_cdm_destination_job_parameters/to_dws.rst,To DWS,en-us_image_0000002269198369.png,other,pass,1.00,"The image is a field-mapping table matching the referenced 'Figure 1 Field mapping in automatic table creation'. | It shows source database types (Oracle, MySQL, SQL Server, PostgreSQL, Db2, GaussDB, SAP HANA) mapped to the DWS destination type, consistent with the RST description. | The example in the RST (Oracle NUMBER(3,0) mapping to DWS SMALLINT) is visible in the first row of the table. | The table directly supports the 'Field Mapping in Automatic Table Creation on DWS' section.",No interactive UI controls are present; the image is a static data table.
umn/source/user_guide/dataarts_migration_cdm_jobs/creating_a_job_in_a_cdm_cluster/configuring_cdm_destination_job_parameters/to_obs.rst,To OBS,en-us_image_0000002234082412.png,icon,pass,0.88,"The image is a small circular icon with a row of small squares, consistent with a clickable selection/expand control. | The RST references this image (|image1|) next to the KMS ID text box for selecting a KMS key created in DEW, matching the icon's purpose. | The icon appears within the 'KMS ID' row of the OBS destination parameter table, directly relevant to the section. | No contradiction between the icon and the surrounding text describing a clickable key-selection control.","The icon is low-resolution, so its exact glyph/label cannot be confirmed. | No surrounding UI context (text box, label) is visible in the isolated image to fully verify the control's placement."
umn/source/user_guide/dataarts_migration_cdm_jobs/creating_a_job_in_a_cdm_cluster/configuring_cdm_job_field_mapping.rst,Configuring CDM Job Field Mapping,en-us_image_0000002234237032.png,screenshot,pass,1.00,"Shows a field mapping UI with Source Field and Destination Field tables, matching Figure 1 'Field mapping'. | Displays source fields (user_id, user_name, create_by1) mapped to destination fields (c1, c2, c3) with type columns, consistent with the field mapping scenario. | Includes add/edit and operation icons in the Operation column, aligning with the RST description of customizing fields and converters.",No explicit page title or tab label visible to confirm it is the 'Map Field' page.
umn/source/user_guide/dataarts_migration_cdm_jobs/creating_a_job_in_a_cdm_cluster/configuring_cdm_job_field_mapping.rst,Configuring CDM Job Field Mapping,en-us_image_0000002269116385.png,screenshot,pass,1.00,"Shows a 'Create Converter' dialog matching Figure 2 'Creating a converter'. | Contains the Anonymization converter with Reserve Start Length, Reserve End Length, and Replace Character fields, exactly as described in the RST anonymization example. | Includes Save and Back buttons, consistent with a converter configuration dialog.","Field values are empty, so the specific example values (3, 4, *) are not shown."
umn/source/user_guide/dataarts_migration_cdm_jobs/creating_a_job_in_a_cdm_cluster/configuring_cdm_job_field_mapping.rst,Configuring CDM Job Field Mapping,en-us_image_0000002269116369.png,icon,pass,0.88,"A plus-in-circle add icon, matching image1 used to customize new fields on the Map Field page. | Symbolic UI control consistent with the 'Add' action described in the RST.",Icon is low-resolution; no tooltip or label visible to confirm exact function.
umn/source/user_guide/dataarts_migration_cdm_jobs/creating_a_job_in_a_cdm_cluster/configuring_cdm_job_field_mapping.rst,Configuring CDM Job Field Mapping,en-us_image_0000002269196453.png,icon,pass,0.88,"A circular refresh/convert arrows icon, matching image2 used to create a field converter in the Operation column. | Symbolic UI control consistent with the converter action described in the RST.",Icon is low-resolution; no tooltip or label visible to confirm exact function.
umn/source/user_guide/dataarts_migration_cdm_jobs/creating_a_job_in_a_cdm_cluster/configuring_cdm_job_field_mapping.rst,Configuring CDM Job Field Mapping,en-us_image_0000002269116389.png,icon,pass,0.88,"A plus-in-circle add icon, matching image3 used to add a new field when CDM fails to obtain all columns. | Symbolic UI control consistent with the 'Add a new field' action in the RST.",Icon is low-resolution; no tooltip or label visible to confirm exact function.
umn/source/user_guide/dataarts_migration_cdm_jobs/creating_a_job_in_a_cdm_cluster/configuring_cdm_job_field_mapping.rst,Configuring CDM Job Field Mapping,en-us_image_0000002234077176.png,icon,pass,0.88,"A pencil/edit icon, matching image4 used to map fields in batches when field mapping is incorrect. | Symbolic UI control consistent with the batch mapping/edit action in the RST.",Icon is low-resolution; no tooltip or label visible to confirm exact function.
umn/source/user_guide/dataarts_migration_cdm_jobs/creating_a_job_in_a_cdm_cluster/configuring_cdm_job_field_mapping.rst,Configuring CDM Job Field Mapping,en-us_image_0000002234077148.png,icon,pass,0.88,"A plus-in-circle add icon, matching image5 used to select 'Add' and customize a new field on the Map Field page. | Symbolic UI control consistent with the 'Adding a Field' section in the RST.",Icon is low-resolution; no tooltip or label visible to confirm exact function.
umn/source/user_guide/dataarts_migration_cdm_jobs/creating_a_job_in_a_cdm_cluster/configuring_cdm_job_field_mapping.rst,Configuring CDM Job Field Mapping,en-us_image_0000002234077160.png,icon,pass,0.88,"A circular refresh/convert arrows icon, matching image6 used to create a converter in the 'Creating a Converter' section. | Symbolic UI control consistent with the converter creation action in the RST.",Icon is low-resolution; no tooltip or label visible to confirm exact function.
umn/source/user_guide/dataarts_migration_cdm_jobs/creating_a_job_in_a_cdm_cluster/creating_an_entire_database_migration_job.rst,Creating an Entire Database Migration Job,en-us_image_0000002234082252.png,screenshot,pass,1.00,"Image is a UI screenshot showing the 'Map Field' interface with source and destination table panels, matching Figure 1 in the RST. | The RST step 5 instructs to select source and destination tables and ensure names match (e.g., 'test' to 'test'); the image shows exactly this with 'test' highlighted in red on both sides. | The interface includes Select All, Deselect, Batch mapping buttons and navigation arrows, consistent with a table-mapping workflow. | The left panel header 'Tables in test_1117369' and right panel 'Tables to be migrated to test_1117369_1' align with the entire-DB migration context. | No contradictions between the image content and the RST description.",
umn/source/user_guide/dataarts_migration_cdm_jobs/creating_a_job_in_a_cdm_cluster/creating_an_entire_database_migration_job.rst,Creating an Entire Database Migration Job,en-us_image_0000002269121457.png,screenshot,pass,1.00,"Image is a UI screenshot showing the task parameters configuration form, matching Figure 2 in the RST. | All parameters from Table 3 are visible: Concurrent Extractors tables (10), Concurrent Extractors (1), Write Dirty Data (Yes/No), Write Dirty Data Link (obs), OBS Bucket, Dirty Data Directory, Max. error records in a single shard (10). | The RST step 6 instructs to click Next and set job parameters; the image shows exactly that configuration page with Previous, Save, and Save and Run buttons. | The 'Write Dirty Data' toggle is set to 'Yes', which is consistent with the RST note that Write Dirty Data Link and OBS Bucket are displayed when set to Yes. | No contradictions between the image content and the RST description.",
umn/source/user_guide/dataarts_migration_cdm_jobs/creating_a_job_in_a_cdm_cluster/managing_cdm_jobs.rst,Managing CDM Jobs,en-us_image_0000002234242960.png,screenshot,pass,1.00,"The image is a UI dialog titled 'Export' with radio-button options and OK/Cancel controls, matching the 'Export jobs in batches' section. | The visible options (All jobs and links, All links, All jobs, Jobs by name, All jobs by groups) correspond directly to the bullet list in the RST. | The 'All jobs by groups' option shows a 'DEFAULT' group tag, consistent with the group-based export described in the document. | The figure is referenced in the RST as 'Figure 1 Export' at exactly this image path, confirming placement.",No additional context beyond the export dialog is shown; the surrounding job list is not visible.
umn/source/user_guide/dataarts_migration_cdm_jobs/creating_a_job_in_a_cdm_cluster/table_file_migration_jobs.rst,Table/File Migration Jobs,en-us_image_0000002269124649.png,screenshot,pass,1.00,"Image shows a Job Configuration page with Job Name, Source Link Name, and Destination Link Name fields, matching Figure 1 description. | The Cancel and Next buttons at the bottom align with the procedure steps described in the RST. | Layout matches step 3 of the Procedure section exactly.",
umn/source/user_guide/dataarts_migration_cdm_jobs/creating_a_job_in_a_cdm_cluster/table_file_migration_jobs.rst,Table/File Migration Jobs,en-us_image_0000002269204745.png,screenshot,pass,1.00,"Image displays Source Field and Destination Field tables with mapped fields (ID to ID, CHAR1 to CHAR1), matching Figure 2 'Field mapping'. | Operation icons (refresh, search, delete) and dashed mapping arrows are visible, consistent with the RST description of field mapping. | Field types (DECIMAL, CHAR, numeric, bpchar) are shown, aligning with the RST note about checking type conversions.",
umn/source/user_guide/dataarts_migration_cdm_jobs/creating_a_job_in_a_cdm_cluster/table_file_migration_jobs.rst,Table/File Migration Jobs,en-us_image_0000002269116385.png,screenshot,pass,1.00,"Image shows a 'Create Converter' dialog with Anonymization selected, Reserve Start Length, Reserve End Length, and Replace Character fields. | All fields exactly match the RST description of the Anonymization converter parameters. | Save and Back buttons are present, consistent with the dialog interaction described.",
umn/source/user_guide/dataarts_migration_cdm_jobs/creating_a_job_in_a_cdm_cluster/table_file_migration_jobs.rst,Table/File Migration Jobs,en-us_image_0000002234085456.png,screenshot,pass,0.88,"Image shows 'Configure Task' page with Retry if failed, Group, Schedule Execution, Concurrent Extractors, Write Dirty Data, Throttling, byteRate, and ChannelCapacity fields. | Most parameters match Table 3 in the RST (Retry upon Failure, Job group, Schedule Execution, Concurrent Extractors, Write Dirty Data, Throttling, byteRate). | The image labels the last field 'ChannelCapacity(Mb)' while the RST calls it 'Intermediate Queue Cache Size (MB)', a minor naming discrepancy.",The RST mentions 'Number of split retries' and 'Concurrent Loaders' parameters which are not visible in the screenshot (may be hidden under advanced attributes or not applicable).
umn/source/user_guide/dataarts_migration_cdm_jobs/creating_a_job_in_a_cdm_cluster/table_file_migration_jobs.rst,Table/File Migration Jobs,en-us_image_0000002269124641.png,icon,partial,0.72,"Image is a small plus-in-circle icon, referenced as |image1| in the RST for adding a new field. | The icon is a generic add button, semantically consistent with the 'Add a new field' action described. | Used in the Map Field tab notes section of the Procedure.","The icon is very small and low-resolution, making it difficult to confirm exact visual details."
umn/source/user_guide/dataarts_migration_cdm_jobs/creating_a_job_in_a_cdm_cluster/table_file_migration_jobs.rst,Table/File Migration Jobs,en-us_image_0000002269204741.png,icon,partial,0.72,"Image is a small plus-in-circle icon, referenced as |image2| in the RST for adding custom constants, variables, and expressions. | The icon is a generic add button, semantically consistent with the described action. | Used in the Map Field tab notes section of the Procedure.","The icon is very small and low-resolution, making it difficult to confirm exact visual details."
umn/source/user_guide/dataarts_migration_cdm_jobs/creating_a_job_in_a_cdm_cluster/table_file_migration_jobs.rst,Table/File Migration Jobs,en-us_image_0000002234085460.png,icon,partial,0.72,"Image is a small circular refresh/sync arrow icon, referenced as |image3| in the RST for triggering field conversion. | The circular arrow icon is semantically consistent with a 'convert' or 'refresh' action. | Used in step 7 of the Procedure where the user clicks the icon to create a converter.","The icon is very small and low-resolution, making it difficult to confirm exact visual details."
umn/source/user_guide/dataarts_migration_cdm_jobs/creating_a_link_in_a_cdm_cluster/configuring_link_parameters/dli_link_parameters.rst,DLI Link Parameters,en-us_image_0000002269114785.png,screenshot,pass,1.00,"Image shows the IAM console Policies/Roles page, matching Figure 2 caption 'Creating a custom policy'. | Left navigation shows Permissions > Policies/Roles path as described in RST step 2. | The 'Create Custom Policy' button is visible in the upper right corner as stated in the RST. | Table lists custom policies (xxxxx, obs-test-ex, test1_dws) consistent with the context. | No contradictions between the image and the RST description.",
umn/source/user_guide/dataarts_migration_cdm_jobs/creating_a_link_in_a_cdm_cluster/configuring_link_parameters/dli_link_parameters.rst,DLI Link Parameters,en-us_image_0000002234075564.png,screenshot,pass,1.00,"Image shows the Create Custom Policy form with Policy Name 'obs_dli-trans', matching Figure 3 caption. | Policy View is set to JSON (highlighted blue button), as described in RST step 3. | JSON content in the editor matches the code-block in the RST (Version 1.1, Effect Allow, obs:object:GetObject, etc.). | OK and Cancel buttons are visible at the bottom of the form. | No contradictions between the image and the RST description.","The full JSON is not visible (scrolled), but the visible portion matches the RST code-block."
umn/source/user_guide/dataarts_migration_cdm_jobs/creating_a_link_in_a_cdm_cluster/configuring_link_parameters/dli_link_parameters.rst,DLI Link Parameters,en-us_image_0000002269114801.png,screenshot,pass,1.00,"Image shows the 'Authorize User Group' page, matching Figure 4 caption about assigning the obs_dli-trans policy. | The search field contains 'obs_dli-trans' (highlighted in red box), confirming the policy being assigned. | The policy 'obs_dli-trans' of type 'Custom policy' is checked in the table. | Step indicator shows '1 Select Policy/Role' as the active step, consistent with the authorization flow. | No contradictions between the image and the RST description.",
umn/source/user_guide/dataarts_migration_cdm_jobs/creating_a_link_in_a_cdm_cluster/creating_a_hadoop_cluster_configuration.rst,Creating a Hadoop Cluster Configuration,en-us_image_0000002234237808.png,screenshot,pass,1.00,"Image shows a side-by-side comparison of Hadoop link creation forms, matching the RST caption 'Comparison before and after using the cluster configurations' | Left form shows the full set of fields (Manager IP, Username, Password) while the right form shows the simplified version with Use Cluster Config set to Yes and a Cluster Config Name field | The red arrow between the two forms visually communicates the simplification described in the RST | All field names (Name, Connector, Hadoop Type, Authentication Method, Run Mode, Use Cluster Config, Cluster Config Name) match the RST description | Buttons (Cancel, Previous, Test, Save) are visible and consistent with a CDM console UI",
umn/source/user_guide/dataarts_migration_cdm_jobs/creating_a_link_in_a_cdm_cluster/creating_a_hadoop_cluster_configuration.rst,Creating a Hadoop Cluster Configuration,en-us_image_0000002234237800.png,screenshot,pass,1.00,"Image shows a 'Create Cluster Configuration' dialog matching the RST Figure 2 caption exactly | All five fields described in the RST are present: Configuration Name, Configuration File (with Upload button), Principal, Keytab File (with Upload button), Description | The OK and Cancel buttons at the bottom match the RST step 3 instruction to click OK | The dialog is consistent with step 2 of the Procedure section in the RST | Required field indicators (red asterisks) on Configuration Name and Configuration File are visible",
umn/source/user_guide/dataarts_migration_cdm_jobs/creating_a_link_in_a_cdm_cluster/creating_a_hadoop_cluster_configuration.rst,Creating a Hadoop Cluster Configuration,en-us_image_0000002269197245.png,screenshot,pass,1.00,"Image shows a Hadoop link form with 'Use Cluster Config' set to Yes, matching the RST Figure 3 caption | The red highlight on the 'Yes' button and the Cluster Config Name icon button draws attention to the key interaction described in step 3 | The Cluster Config Name dropdown shows 'No data available.' indicating no cluster configurations have been created yet, which is consistent with the workflow | Fields (Name, Connector, Hadoop Type, Authentication Method, Run Mode) match the simplified form shown in Figure 1's right side | Buttons (Cancel, Previous, Test, Save) are present and consistent with the CDM console UI",
umn/source/user_guide/dataarts_migration_cdm_jobs/creating_a_link_in_a_cdm_cluster/creating_a_link_between_cdm_and_a_data_source.rst,Creating a Link Between CDM and a Data Source,en-us_image_0000002234235252.png,screenshot,pass,1.00,"The image is a UI screenshot of the CDM 'Create Link' connector selection page, matching Figure 1 'Selecting a connector type' referenced in step 2 of the Creating Links section. | It displays connectors grouped by category (Data Warehouse, Hadoop, Object Storage, File System, Relational Database, NoSQL, Messaging System, Search, Open Beta Test), consistent with the RST statement that connectors are classified by data source type. | Visible 'Cancel' and 'Next' buttons align with the RST instruction to select a connector and click Next. | No contradiction between the image content and the RST description.","The image shows only a subset of the connectors listed in Table 1 (e.g., SAP HANA, CloudTable, DMS Kafka, Cassandra, Shentong are not visible), but this is not a contradiction since the RST notes some are in OBT phase."
umn/source/user_guide/dataarts_migration_cdm_jobs/creating_a_link_in_a_cdm_cluster/uploading_a_cdm_link_driver.rst,Uploading a CDM Link Driver,en-us_image_0000002269202165.png,screenshot,pass,1.00,"The image is a UI screenshot of the Driver Management page showing a driver table, matching the figure caption 'Uploading a driver' in the Procedure section. | The Operation column contains 'Upload' and 'Copy from SFTP' links, directly matching step 2 of the RST procedure. | Driver names (MySQL, ORACLE_6/7/8, POSTGRESQL, SQLSERVER, POSTGRESQL_KINGBASE, DM) align with the drivers listed in Table 1 of the RST. | The red note 'Updated drivers take effect after the CDM cluster is restarted' matches the optional restart step in the RST.","The image includes a DORIS driver row that is not listed in the RST Table 1, but this is an addition rather than a contradiction. | The screenshot does not show the navigation path (Cluster Management > Job Management > Link Management > Driver Management) described in step 1."
umn/source/user_guide/dataarts_migration_cdm_jobs/creating_and_managing_a_cdm_cluster/deleting_a_cdm_cluster.rst,Deleting a CDM Cluster,en-us_image_0000002234077736.png,screenshot,pass,1.00,"The image is a 'Delete Cluster' confirmation dialog, directly matching the figure caption 'Deleting a cluster'. | It shows the cluster name, status, a warning that resources will be released and job configurations deleted, and a field pre-filled with 'DELETE', matching step 3 of the RST. | The 'No' and 'Yes' buttons correspond to the RST instruction to click 'Yes' after entering DELETE. | No visible contradiction between the image content and the RST text.","The cluster name is partially redacted, so the exact cluster identifier cannot be verified. | The surrounding CDM console context (cluster list, More menu) is not shown, only the confirmation dialog."
umn/source/user_guide/dataarts_migration_cdm_jobs/creating_and_managing_a_cdm_cluster/downloading_cdm_cluster_logs.rst,Downloading CDM Cluster Logs,en-us_image_0000002234236680.png,screenshot,pass,1.00,"Image is a UI dialog titled 'Download Log', matching the figure caption 'Figure 1 Download Log' in the RST. | The dialog contains an OK button, consistent with RST step 3 instructing to click OK to download logs. | The dialog shows log type options (All logs / Logs of failed jobs), relevant to obtaining cluster logs described in the scenario. | No visible contradiction between the image content and the RST procedure.","The RST does not explicitly describe the 'Log Type' radio options shown in the dialog, but this is supplementary detail rather than a contradiction."
umn/source/user_guide/dataarts_migration_cdm_jobs/creating_and_managing_a_cdm_cluster/managing_and_viewing_cdm_metrics/configuring_cdm_alarm_rules.rst,Configuring CDM Alarm Rules,en-us_image_0000002234244428.png,screenshot,pass,1.00,"The image is a UI screenshot of the Cloud Service Monitoring 'Details' page for Cloud Data Migration instances, matching the 'Monitored CDM clusters' figure caption. | It shows the Operation column with a 'More' dropdown open displaying 'Create Alarm Rule' and 'View Alarm Rule', exactly as described in step 2 of the procedure. | The table lists CDM cluster instances with Status and Alarms (Critical/Major/Minor/Warning) columns, consistent with the alarm-rule configuration context. | No visible contradiction between the image content and the RST text.","The actual alarm rule configuration form (step 3) is not shown in this image, only the entry point to create the rule."
umn/source/user_guide/dataarts_migration_cdm_jobs/creating_and_managing_a_cdm_cluster/managing_and_viewing_cdm_metrics/querying_cdm_metrics.rst,Querying CDM Metrics,en-us_image_0000002234238204.png,screenshot,pass,1.00,"Image shows a CDM monitoring dashboard with multiple metric graphs (Bytes In, Bytes Out, CPU Usage, Memory Usage, Disk Usage, Disk I/O, Tomcat Heap Usage, Tomcat Connect, Tomcat Thread Count), matching the RST description of viewing graphs of all monitoring metrics | Time period selector (1h, 3h, 12h, 1d, 7d) visible in upper left corner, matching step 4 of the procedure | Cluster name 'cdm-liang-cdm-dn-1-1' visible at top, consistent with CDM cluster context | Auto Refresh toggle, Select Metric button, and search field visible, consistent with a monitoring console interface | Figure caption in RST is 'Querying Metrics' which directly matches the content shown","The zoom icon (image1) referenced in step 3 is not clearly visible in the upper right corner of this screenshot, though a refresh icon is present"
umn/source/user_guide/dataarts_migration_cdm_jobs/creating_and_managing_a_cdm_cluster/managing_and_viewing_cdm_metrics/querying_cdm_metrics.rst,Querying CDM Metrics,en-us_image_0000002234078364.png,icon,pass,1.00,"Image shows a small zoom/expand icon with two diagonal arrows (upper-left and lower-right), consistent with a zoom-in control | RST step 3 states 'Click |image1| in the upper right corner of the graphs to zoom in the graphs', and this icon is the referenced image1 | The icon is a standard expand/zoom symbol used in monitoring dashboards | Small size and isolated nature confirm it is an icon rather than a screenshot",No additional context visible beyond the icon itself; the surrounding UI is not shown
umn/source/user_guide/dataarts_migration_cdm_jobs/creating_and_managing_a_cdm_cluster/restarting_a_cdm_cluster.rst,Restarting a CDM Cluster,en-us_image_0000002269200177.png,screenshot,pass,1.00,"The image is a 'Restart Cluster' confirmation dialog, directly matching the figure caption 'Figure 1 Restarting a cluster'. | It shows a cluster row with Name and Status (Running), consistent with locating the target cluster in the Operation column. | The Mode section offers 'Restart CDM service process' (selected) and 'Restart the ECS of the cluster', matching the RST's two restart options (CDM service process vs VM/ECS restart). | Interactive controls (radio buttons and Yes/No buttons) are visible, supporting the step-3 instruction to select a mode and click OK/Yes.","The RST labels the second option 'VM restart' while the image shows 'Restart the ECS of the cluster'; wording differs but is semantically equivalent. | The cluster name is partially redacted, so the exact target cluster cannot be verified."
umn/source/user_guide/dataarts_migration_cdm_jobs/creating_and_managing_a_cdm_cluster/viewing_and_modifying_cdm_cluster_configurations.rst,Viewing and Modifying CDM Cluster Configurations,en-us_image_0000002269200177.png,screenshot,pass,1.00,"The image is a UI dialog titled 'Restart Cluster', matching the RST's 'Figure 1 Restarting a cluster' in the Modifying Cluster Configurations section. | The dialog shows a cluster table with Name and Status (Running) and a Mode selector with two radio options: 'Restart CDM service process' and 'Restart the ECS of the cluster', corresponding to the RST's 'Restart CDM service process' and 'VM restart' descriptions. | The Yes/No confirmation buttons align with step 5 of the RST ('Select VM restart and click Yes'). | No clear contradiction; the RST's 'VM restart' label maps to the image's 'Restart the ECS of the cluster' option.","The cluster name in the table is partially redacted, so the exact cluster identifier is not visible."
umn/source/user_guide/dataarts_migration_cdm_jobs/improving_migration_performance/how_migration_jobs_work.rst,How Migration Jobs Work,en-us_image_0000002269117481.png,other,pass,1.00,"The image is a schematic diagram illustrating the CDM migration model, matching the RST caption 'Figure 1 Migration model used by CDM'. | It shows source data source, network bandwidth, CDM, network bandwidth, and destination data source, consistent with the factors listed in Table 1 (source read speed, network bandwidth, destination write performance). | The lower 'How CDM jobs work' panel depicts jobs split into tasks based on concurrent extractors and concurrent task running with extractor/channel/loader, matching the numbered steps in the RST. | No interactive UI controls are present; it is a static explanatory diagram.","The diagram does not explicitly label the 'Maximum Concurrent Extractors' queueing detail beyond the text annotation, but this is consistent with the RST."
umn/source/user_guide/dataarts_migration_cdm_jobs/improving_migration_performance/performance_tuning.rst,Performance Tuning,en-us_image_0000002269116797.png,screenshot,pass,1.00,"Image is a UI screenshot of the CDM cluster Settings tab, matching Figure 1 caption 'Setting Maximum Concurrent Extractors for a CDM cluster'. | The highlighted field 'Maximum Concurrent Extractors' with value 16 directly corresponds to the document's Table 1 (cdm.large = 16). | The red box highlights the exact parameter discussed in the 'Changing Concurrent Extractors' section. | The interface shows tabs (Table/File Migration, Entire DB Migration, Links, Agents, Settings) consistent with a CDM cluster configuration page. | No contradictions between the image content and the RST text.","The specific CDM cluster flavor is not visible in the screenshot, so the exact mapping to the table row cannot be confirmed visually."
umn/source/user_guide/dataarts_migration_cdm_jobs/improving_migration_performance/performance_tuning.rst,Performance Tuning,en-us_image_0000002234077588.png,screenshot,pass,1.00,"Image is a UI screenshot of a 'Configure Task' panel, matching Figure 2 caption 'Setting Concurrent Extractors for a job'. | The highlighted field 'Concurrent Extractors' with value 1 directly corresponds to the document's guidance on setting concurrent extractors for a job. | The red box highlights the exact parameter discussed in the 'Changing Concurrent Extractors' section. | Additional fields (Retry if failed, Group, Schedule Execution, Write Dirty Data, Throttling) are consistent with a CDM job task configuration interface. | No contradictions between the image content and the RST text.","The specific data source or destination type is not visible, so the recommendation context (e.g., DLI destination) cannot be confirmed from the image alone."
umn/source/user_guide/dataarts_migration_cdm_jobs/key_operation_guide/adding_fields.rst,Adding Fields,en-us_image_0000002234237032.png,screenshot,pass,1.00,"Image is labeled Figure 1 'Field mapping' in the RST and shows exactly that: a Map Field page with Source Field and Destination Field panels. | The screenshot displays source fields (user_id INT, user_name VARCHAR) mapped to destination fields (c1 VARCHAR, c2 VARCHAR, c3 VARCHAR) with dashed connector lines. | A custom field 'create_by1' with example value 'Jacky' and type 'Add custom fields' is visible, matching the document's description of customizing new fields. | Operation icons (refresh, search, delete, add, edit) are visible in both panels, consistent with the described UI interactions. | The highlighted c3 row in light blue indicates a selected/active field, consistent with the field-mapping workflow.","The 'Map Field' tab label is not explicitly visible in the screenshot, though the layout clearly represents that page."
umn/source/user_guide/dataarts_migration_cdm_jobs/key_operation_guide/adding_fields.rst,Adding Fields,en-us_image_0000002269197469.png,icon,pass,0.88,"Referenced as |image1| in the RST Scenario section: 'clicking |image1| on the Map Field page' to customize new fields. | The icon is a plus sign inside a circle, a standard 'add' symbol consistent with adding a new field. | The icon is small and slightly blurry, limiting fine visual detail assessment. | No contradiction between the icon's meaning (add) and the document's described action (customize new fields).","The icon is low-resolution and slightly blurry, making it hard to confirm exact styling or tooltip text."
umn/source/user_guide/dataarts_migration_cdm_jobs/key_operation_guide/adding_fields.rst,Adding Fields,en-us_image_0000002234077148.png,icon,pass,0.88,"Referenced as |image2| in the RST: 'You can click |image2| on the Map Field page and select Add to customize a new field.' | The icon is a plus sign inside a circle, matching the 'Add' action described in the text. | The icon is small and slightly blurry, limiting fine visual detail assessment. | No contradiction between the icon and the described add-field workflow.",The icon is low-resolution; exact rendering details are unclear.
umn/source/user_guide/dataarts_migration_cdm_jobs/key_operation_guide/adding_fields.rst,Adding Fields,en-us_image_0000002269116389.png,icon,pass,0.88,"Referenced as |image3| in the RST Constraints section: 'you can click |image3| and select Add a new field to add new fields.' | The icon is a plus sign inside a circle, consistent with the 'Add a new field' action. | The icon is small and slightly blurry, limiting fine visual detail assessment. | No contradiction between the icon and the described action of adding new fields when CDM fails to obtain all columns.",The icon is low-resolution; exact rendering details are unclear.
umn/source/user_guide/dataarts_migration_cdm_jobs/key_operation_guide/adding_fields.rst,Adding Fields,en-us_image_0000002234077176.png,icon,pass,0.88,"Referenced as |image4| in the RST Constraints section: 'clicking |image4| to map fields in batches.' | The icon is a pencil/edit symbol, consistent with an edit or batch-mapping action. | The icon is small and slightly blurry, limiting fine visual detail assessment. | No contradiction between the edit icon and the described batch field-mapping action.",The icon is low-resolution; exact rendering details are unclear.
umn/source/user_guide/dataarts_migration_cdm_jobs/key_operation_guide/auto_table_creation.rst,Auto Table Creation,en-us_image_0000002269198369.png,other,pass,1.00,"The image is a field-type mapping table with source database columns (Oracle, MySQL, SQL Server, PostgreSQL, Db2, GaussDB, SAP HANA) and a destination column (DWS), matching the 'Field Mapping in Automatic Table Creation' topic. | It corresponds to Figure 1 referenced in the RST, which describes field mapping between DWS tables created by CDM and source tables. | The RST example (Oracle NUMBER(3,0) mapped to DWS SMALLINT) is directly visible in the first row of the image (Oracle NUMBER(p,0) p=3 or p=5 -> DWS SMALLINT). | No interactive UI controls are present; it is a static table graphic, so it is classified as 'other'.","The image does not include Hive destination mappings, but Figure 1 in the RST is specifically about DWS, so this is not a contradiction. | Some source cells are marked 'None', which is consistent with the table format but provides no additional mapping detail."
umn/source/user_guide/dataarts_migration_cdm_jobs/key_operation_guide/configuring_field_converters.rst,Configuring Field Converters,en-us_image_0000002269205189.png,screenshot,pass,1.00,"Image shows a 'Create Converter' dialog with Anonymization selected, matching Figure 1 caption and the Anonymization section. | Fields 'Reserve Start Length', 'Reserve End Length', and 'Replace Character' are visible, exactly matching the RST parameter list. | The 'Converter List' dialog with 'Create Converter' button is visible, consistent with the Scenario description. | Save and Back buttons are present as interactive controls.",
umn/source/user_guide/dataarts_migration_cdm_jobs/key_operation_guide/configuring_field_converters.rst,Configuring Field Converters,en-us_image_0000002234085932.png,screenshot,pass,1.00,"Image shows a 'Create Converter' dialog with 'Expression conversion' selected, matching Figure 2 caption. | The Expression field contains '${dateformat(yyyyMMdd)}' enclosed in single quotes, matching Method 1 in the RST. | Test, Save, and Back buttons are visible as interactive controls. | The red highlight box around the expression field emphasizes the quotation mark usage described in the text.",
umn/source/user_guide/dataarts_migration_cdm_jobs/key_operation_guide/configuring_field_converters.rst,Configuring Field Converters,en-us_image_0000002234245752.png,screenshot,pass,1.00,"Image shows a field mapping UI with Source Field and Destination Field columns, matching Figure 3 caption 'Adding a custom source field'. | Row 3 is highlighted with a red box showing 'newname' and an example value with a date macro, consistent with Method 2 in the RST. | The 'Add custom fields' type label is visible in the highlighted row. | Interactive controls (add, edit, delete icons) are visible in the Operation columns.",
umn/source/user_guide/dataarts_migration_cdm_jobs/key_operation_guide/configuring_field_converters.rst,Configuring Field Converters,en-us_image_0000002269205185.png,icon,pass,0.88,"Image is a small circular refresh/convert icon (two curved arrows with a center dot), matching |image1| referenced in the Scenario section. | The RST states this icon is clicked in the Operation column to create a field converter, which is consistent with the icon's convert/refresh semantics. | As a small icon, fine detail is limited but the symbol is clearly a conversion/refresh pictogram.",Icon is very small; exact pixel-level detail is hard to discern.
umn/source/user_guide/dataarts_migration_cdm_jobs/key_operation_guide/configuring_field_converters.rst,Configuring Field Converters,en-us_image_0000002234085928.png,icon,pass,0.88,"Image is a small plus-in-circle icon, matching |image2| referenced in the Constraints section. | The RST states this icon is clicked to select 'Add a new field', which is consistent with the plus/add semantics of the icon. | As a small icon, fine detail is limited but the plus symbol is clearly visible.",Icon is very small; exact pixel-level detail is hard to discern.
umn/source/user_guide/dataarts_migration_cdm_jobs/key_operation_guide/configuring_field_converters.rst,Configuring Field Converters,en-us_image_0000002269125109.png,icon,pass,0.88,"Image is a small pencil/edit icon, matching |image3| referenced in the Constraints section. | The RST states this icon is clicked to map fields in batches, which is consistent with the edit/mapping semantics of the icon. | As a small icon, fine detail is limited but the pencil symbol is clearly visible.",Icon is very small; exact pixel-level detail is hard to discern.
umn/source/user_guide/dataarts_migration_cdm_jobs/key_operation_guide/converting_unsupported_data_types.rst,Converting Unsupported Data Types,en-us_image_0000002269194845.png,screenshot,pass,1.00,"Shows a 'Warning' dialog stating source field types [BINARY] are not supported and field [column2] must be deleted, matching the scenario text. | Displays the Create Job field-mapping table with Source Field (column1 BIGNT, column2 BINARY) and Destination Field, consistent with the CDM field mapping context. | Directly illustrates the unsupported-data-type message described in the Scenario section.",No additional missing information; the image aligns with the scenario description.
umn/source/user_guide/dataarts_migration_cdm_jobs/key_operation_guide/converting_unsupported_data_types.rst,Converting Unsupported Data Types,en-us_image_0000002269114769.png,screenshot,pass,1.00,"Shows the Source Job Configuration panel with 'Use SQL Statement' set to Yes, matching step 1 of the procedure. | The SQL Statement field contains the exact example from the RST: select `id`, `name`, cast(`gender` AS char(255)) AS `gender` from `test_1117869`.`test_no_support_type`. | Source Link Name (mysql_link) and the highlighted Yes toggle provide clear visual evidence of enabling the SQL statement.",No significant missing information; the image matches the procedure step and the example SQL.
umn/source/user_guide/dataarts_migration_cdm_jobs/key_operation_guide/converting_unsupported_data_types.rst,Converting Unsupported Data Types,en-us_image_0000002234235396.png,screenshot,pass,1.00,"Shows Source Field and Destination Field mapping tables after conversion, matching step 2 about fields converted to CDM-supported types. | The gender field type VARCHAR(255) is highlighted, reflecting the cast to char(255) from the SQL example. | Source types (INT, VARCHAR(255)) and destination types (TIMESTAMP, VARCHAR) demonstrate the converted, supported data types.",No significant missing information; the image aligns with the conversion result described in step 2.
umn/source/user_guide/dataarts_migration_cdm_jobs/key_operation_guide/file_formats.rst,File Formats,en-us_image_0000002234236152.png,screenshot,pass,1.00,"Image is Figure 1 showing a database query result where the 'name' field contains a comma (hello,world), directly illustrating the CSV field delimiter scenario described in the RST. | The RST explicitly states 'the value of the name field in the database contains a comma (,)' and this image shows exactly that. | The screenshot shows a SQL query interface with columns id, name, code and the problematic data row.",
umn/source/user_guide/dataarts_migration_cdm_jobs/key_operation_guide/file_formats.rst,File Formats,en-us_image_0000002234076308.png,screenshot,pass,1.00,"Image is Figure 2 showing the field mapping interface with an 'Add Fields' button, matching the RST instruction 'Click [image1] to add a field.' | The interface shows Source Field columns (_id, _source.books, _source.name) mapped to Destination Field numbers (1, 2, 3), consistent with the JSON converter example. | The 'Add Fields' button is clearly visible at the top of the interface.",
umn/source/user_guide/dataarts_migration_cdm_jobs/key_operation_guide/file_formats.rst,File Formats,en-us_image_0000002269115501.png,screenshot,pass,1.00,"Image is Figure 3 showing the field mapping interface with a new row (4) highlighted and the converter icon selected in the Operation column, matching 'Click [image2] to create a converter for the new field.' | The new field row is highlighted in blue, indicating it was just added, and the converter operation icon is emphasized. | Consistent with the JSON Example 4 workflow in the RST.",
umn/source/user_guide/dataarts_migration_cdm_jobs/key_operation_guide/file_formats.rst,File Formats,en-us_image_0000002234076300.png,screenshot,pass,1.00,"Image is Figure 4 showing the 'Create Converter' dialog with Converter set to 'Expression conversion' and Expression set to '1.0', exactly matching the RST description. | The RST states 'Set Converter to Expression conversion, enter 1.0 in the Expression text box, and click Save.' The image shows all these elements. | Test, Save, and Back buttons are visible at the bottom of the dialog.",
umn/source/user_guide/dataarts_migration_cdm_jobs/key_operation_guide/file_formats.rst,File Formats,en-us_image_0000002234236140.png,icon,pass,1.00,"Image is |image1|, a small circular plus (+) icon used as the 'add a field' button in the field mapping interface. | The RST references this icon with 'Click [image1] to add a field.' in the JSON Example 4 section. | The icon is a simple symbolic graphic representing the add/create action.",
umn/source/user_guide/dataarts_migration_cdm_jobs/key_operation_guide/file_formats.rst,File Formats,en-us_image_0000002269115513.png,icon,pass,1.00,"Image is |image2|, a small circular icon with a refresh/convert symbol (circular arrows) used as the 'create a converter' button. | The RST references this icon with 'Click [image2] to create a converter for the new field.' in the JSON Example 4 section. | The icon is a simple symbolic graphic representing the converter/transform action.",
umn/source/user_guide/dataarts_migration_cdm_jobs/key_operation_guide/incremental_migration/hbase_cloudtable_incremental_migration.rst,HBase/CloudTable Incremental Migration,en-us_image_0000002269120765.png,screenshot,pass,1.00,"The image is a UI screenshot of an advanced attributes panel showing 'Minimum Timestamp' and 'Maximum Timestamp' fields, matching the RST's description of setting a time range for HBase/CloudTable incremental migration. | Both timestamp fields contain macro variable text beginning with '${dateformat(yyyy-MM-dd HH:mm...)', consistent with the RST examples using ${dateformat(yyyy-MM-dd HH:mm:ss, -1, DAY)} and ${dateformat(yyyy-MM-dd HH:mm:ss)}. | The panel aligns with the figure caption 'Figure 1 Time range' and the surrounding text about advanced attributes and macro variables. | Interactive controls (Yes/No toggles and help icons) are visible, confirming it is an application screenshot.","The macro variable text in both timestamp fields is truncated, so the full expressions (e.g., the '-1, DAY' offset) cannot be fully verified. | The 'Split Rowkey' field shown in the image is not described in the provided RST excerpt."
umn/source/user_guide/dataarts_migration_cdm_jobs/key_operation_guide/incremental_migration/incremental_migration_of_relational_databases.rst,Incremental Migration of Relational Databases,en-us_image_0000002234240460.png,screenshot,pass,1.00,"Image is a database query result UI showing a table with columns FOO, BAR, and DS, matching the RST's Figure 1 'Table data'. | The DS column contains date values in the 2017-xx-xx format (e.g., 2017-05-01, 2017-10-15), consistent with the RST description of a varchar(30) time column. | The figure is referenced in the WHERE Clause section as the example table for incremental migration, so it is directly relevant. | A SQL query bar (SELECT * FROM SGOOP.CDM_20171016) and column header controls (filter/sort icons) are visible, confirming a screenshot with interactive controls. | No visible content contradicts the RST description of the table structure.",The image does not explicitly show the varchar(30) data type of the DS column; this is only implied by the date format. | The exact table name in the RST example is not fully visible in the query bar (truncated as SGOOP.CDM_20171016).
umn/source/user_guide/dataarts_migration_cdm_jobs/key_operation_guide/incremental_migration/mongodb_dds_incremental_migration.rst,MongoDB/DDS Incremental Migration,en-us_image_0000002269197449.png,screenshot,pass,1.00,"Image shows a 'query filters' input field under 'Hide Advanced Attributes', matching the RST description of setting query filters in advanced attributes. | The field content '{""ts"":{$gte:ISODate(""${dateformat' is the truncated start of the macro variable example given in the RST. | The figure caption 'Setting query filters' aligns with the image content. | Interactive controls (a link and a help icon) are visible in the UI fragment.","The full macro variable expression is truncated in the input field, so the complete value cannot be verified visually."
umn/source/user_guide/dataarts_migration_cdm_jobs/key_operation_guide/md5_verification.rst,MD5 Verification,en-us_image_0000002269198113.png,other,pass,1.00,"The image is a flow diagram showing File system → CDM → OBS with 'Extract' and 'Write' arrows, matching Figure 1 'Migrating files to OBS' referenced in the MD5 Verification section. | The diagram's Extract and Write stages align with the RST's description of CDM extracting from the source and writing to OBS, where MD5 verification occurs. | Labels (File system, CDM, OBS, Extract, Write) are clearly legible and consistent with the document's migration-mode explanation. | No interactive UI controls are present; it is a static schematic, so it is classified as 'other'.","The diagram does not depict the MD5 file or verification step explicitly, though the surrounding text covers it. | No indication of source types (HDFS, FTP, SFTP, HTTP) is shown in the image."
umn/source/user_guide/dataarts_migration_cdm_jobs/key_operation_guide/migration_in_transaction_mode.rst,Migration in Transaction Mode,en-us_image_0000002234076628.png,screenshot,partial,0.78,"The image is a UI screenshot of the 'Destination Job Configuration' panel, matching the RST's reference to advanced attributes of Destination Job Configuration. | A red box highlights a Yes/No toggle parameter in the advanced attributes area, consistent with the RST describing a parameter that enables transaction mode. | The figure is placed directly under the 'Migration in Transaction Mode' section as Figure 1, so it is topically relevant. | The highlighted parameter is labeled 'Is middle Relation table', which is semantically related to the staging/transaction concept but not the exact 'Import to Staging Table' label stated in the RST.","The RST names the parameter 'Import to Staging Table', but the image shows 'Is middle Relation table'; the exact correspondence is not explicit. | No visible indication in the image of the rollback/transaction behavior described in the RST."
umn/source/user_guide/dataarts_migration_cdm_jobs/key_operation_guide/recording_the_time_when_data_is_written_to_the_database.rst,Recording the Time When Data Is Written to the Database,en-us_image_0000002234078916.png,screenshot,pass,1.00,"Shows the Map Field page with Source Field and Destination Field columns as described in step 2 | The red circle highlights the '+' button that the RST instructs the user to click | Field names (L2, L3, Domain, type, 2020YR, etc.) and types (string) are visible | Bottom navigation bar shows Cancel, Previous, Next, and Save buttons matching the workflow",
umn/source/user_guide/dataarts_migration_cdm_jobs/key_operation_guide/recording_the_time_when_data_is_written_to_the_database.rst,Recording the Time When Data Is Written to the Database,en-us_image_0000002269118121.png,screenshot,pass,1.00,"Shows the Add Field dialog with 'Add custom fields' tab selected, matching step 3 | Name field displays 'InputTime' exactly as specified in the RST | Value field displays '${timestamp()}' exactly as specified in the RST | OK and Cancel buttons are visible for confirming the field addition",
umn/source/user_guide/dataarts_migration_cdm_jobs/key_operation_guide/recording_the_time_when_data_is_written_to_the_database.rst,Recording the Time When Data Is Written to the Database,en-us_image_0000002269198197.png,icon,pass,0.88,"Small circular '+' icon used as inline reference |image1| in step 2 of the RST | Represents the button the user clicks on the Map Field page to add a field | The icon is small and slightly blurry, limiting visual detail | Directly referenced in the text 'click |image1|' for adding a custom field","The icon is very small and low-resolution, making it difficult to discern fine details | No surrounding context visible to confirm exact placement in the UI"
umn/source/user_guide/dataarts_migration_cdm_jobs/key_operation_guide/regular_expressions_for_separating_semi-structured_text.rst,Regular Expressions for Separating Semi-structured Text,en-us_image_0000002234080632.png,screenshot,partial,0.72,"The image is a UI screenshot of the 'Source Job Configuration' panel, matching the RST statement that the regular expression is configured in Source Job Configuration. | The 'File Format' field is set to 'CSV', consistent with the RST requirement that File Format must be CSV. | The panel shows Source Link Name (mrs_hdfs), Source Directory/File, and a 'Show Advanced Attributes' link, which are part of the migration source configuration context. | The figure caption in the RST is 'Setting regular expression parameters', but no explicit regular expression field is visible in the screenshot; it is presumably under the collapsed 'Show Advanced Attributes' section.","No visible regular expression input field or parameter in the screenshot. | The 'Show Advanced Attributes' section is collapsed, so the actual regex configuration UI is not shown. | Source Directory/File field is empty, so no concrete path is demonstrated."
umn/source/user_guide/dataarts_migration_cdm_jobs/overview.rst,Overview,en-us_image_0000002234076228.png,other,pass,1.00,"Diagram illustrates CDM as a central cloud component integrating sources (third-party cloud, enterprise data center) into destinations (Hadoop, data warehouses, data lakes, lakehouses), matching the overview topic. | Shows HTTPS and VPN connections consistent with the RST's mention of VPN for on-premises migration and secure transmission. | Placed as Figure 1 'CDM' under the Introduction to CDM section, directly relevant. | Clear labeled architecture diagram provides strong visual evidence. | No elements contradict the RST content.","Does not depict the push-pull mode or SSL details described in the text, but those are not required for this figure."
umn/source/user_guide/dataarts_migration_cdm_jobs/overview.rst,Overview,en-us_image_0000002269115445.png,other,pass,1.00,"Diagram shows CDM management system with console access via HTTPS and internal management network, matching the Migration Principles section. | Depicts CDM Instance A and B in separate tenant VPCs with a 'Tenant isolation' boundary, consistent with the RST's data isolation description. | Shows Local DC (Database, Hadoop) connected via VPN network, matching the RST's VPN migration from on-premises data center. | Placed as Figure 2 'Migration principles' under the Migration Principles section, directly relevant. | Clear labeled diagram provides strong visual evidence. | No elements contradict the RST content.","Does not explicitly show RESTful API access or SSL, though the RST mentions them; not required for this figure."
umn/source/user_guide/dataarts_migration_cdm_jobs/tutorials/creating_a_mysql_link.rst,Creating a MySQL Link,en-us_image_0000002234235252.png,screenshot,pass,1.00,"The image is a UI screenshot of a connector-type selection page with category labels (Data Warehouse, Hadoop, Relational Database, etc.) and a grid of connector buttons. | It matches the RST figure caption 'Figure 1 Selecting a connector type' used in step 4 of the 'Creating a MySQL Link' tutorial. | The 'MySQL' connector button is visible in the Relational Database row, consistent with step 5 ('Select MySQL and click Next'). | Interactive controls (Cancel, Next, and selectable connector buttons) are visible, confirming it is a screenshot with interactive elements.","No specific link-name or parameter fields are shown, but those are described in the subsequent table rather than this figure."
umn/source/user_guide/dataarts_migration_cdm_jobs/tutorials/creating_an_mrs_hive_link.rst,Creating an MRS Hive Link,en-us_image_0000002234235252.png,screenshot,pass,1.00,"The image is a UI screenshot of a connector-type selection dialog, matching Figure 1 'Selecting a connector type' referenced in step 1 of the tutorial. | The grid is organized by categories (Data Warehouse, Hadoop, Object Storage, File System, Relational Database, NoSQL, Messaging System, Search), and 'MRS Hive' under Hadoop is highlighted, consistent with the instruction to select MRS Hive. | The presence of 'Cancel' and 'Next' buttons aligns with the RST step 'Select MRS Hive and click Next'. | No visible element contradicts the surrounding RST content.",The image does not show the 'Cluster Management' page or the 'Links' tab / 'Create Link' button mentioned in the preceding step text. | No explicit label indicating this is the 'Create Link' dialog is visible in the screenshot.
umn/source/user_guide/dataarts_migration_cdm_jobs/tutorials/migrating_an_entire_mysql_database_to_rds.rst,Migrating an Entire MySQL Database to RDS,en-us_image_0000002234235252.png,screenshot,pass,1.00,"Image shows the Select Connector page with categories including Relational Database containing RDS for MySQL, matching the RST description of selecting a connector type for the RDS link. | The RST states 'The Select Connector page is displayed' and 'Select RDS for MySQL', and the image clearly shows RDS for MySQL as an option under Relational Database. | The Cancel and Next buttons at the bottom match the RST instruction to 'click Next' after selecting the connector. | The image is directly referenced as Figure 1 in the Creating an RDS Link section.",
umn/source/user_guide/dataarts_migration_cdm_jobs/tutorials/migrating_an_entire_mysql_database_to_rds.rst,Migrating an Entire MySQL Database to RDS,en-us_image_0000002234081548.png,screenshot,pass,0.83,"Image shows the job creation form with Job Name, Source Job Configuration, and Destination Job Configuration, matching the RST's description of creating an entire DB migration job. | The RST instructs to select 'Yes' for Clear Data Before Import, but the image shows 'Do not clear', which is a direct contradiction. | The RST references the source link as 'mysqllink' but the image shows 'mysql_link', a minor naming discrepancy. | The image displays 'Table Name' fields (21_test, 21_test_2) and 'Use SQL Statement' which are not mentioned in the RST for the entire DB migration job configuration. | The RST says 'Constraint Conflict Handling: Select insert into' while the image labels it 'Conflict Handling Method: insert into' — same value but different label.",The RST does not mention the 'Use SQL Statement' or 'Table Name' fields visible in the image. | The RST does not specify the exact job name example shown ('mysql2rds').
umn/source/user_guide/dataarts_migration_cdm_jobs/tutorials/migrating_data_from_mrs_hdfs_to_obs.rst,Migrating Data from MRS HDFS to OBS,en-us_image_0000002234235252.png,screenshot,pass,1.00,"Image shows the Select Connector page with categories including Hadoop (MRS HDFS) and Object Storage (OBS), matching Figure 1 and Figure 2 captions | The page layout with Cancel and Next buttons at the bottom matches the RST instruction to select a connector and click Next | MRS HDFS and Object Storage Service (OBS) are both visible as selectable options, directly supporting the migration workflow described",
umn/source/user_guide/dataarts_migration_cdm_jobs/tutorials/migrating_data_from_mrs_hdfs_to_obs.rst,Migrating Data from MRS HDFS to OBS,en-us_image_0000002269194761.png,screenshot,pass,1.00,"Image shows the Access Keys page with a Create Access Key button, matching Figure 3 caption 'Clicking Create Access Key' | The informational note about access keys being downloadable only once aligns with the RST note about access key security | The table with Access Key ID, Description, Created, Status columns and 'No data available' state matches the expected initial state before creating a key",
umn/source/user_guide/dataarts_migration_cdm_jobs/tutorials/migrating_data_from_mrs_hdfs_to_obs.rst,Migrating Data from MRS HDFS to OBS,en-us_image_0000002269200297.jpg,screenshot,pass,0.88,"Image shows the Job Configuration page with Source (hdfs_link) and Destination (obs_link) sections, matching Figure 4 caption about migrating data from MRS HDFS to OBS | The two-step wizard (Configure Basic Information, Map Field) matches the RST workflow of configuring the job then mapping fields | File Format shows CSV in the image while the RST instructs to select Binary, a minor discrepancy | Source Link Name shows 'hdfs_link' while RST references 'hdfs_llink' (likely a typo in RST)","RST specifies Binary file format but image shows CSV, though RST notes file format need not be Binary for file copy scenarios | The RST mentions 'hdfs_llink' as the source link name but the image shows 'hdfs_link'"
umn/source/user_guide/dataarts_migration_cdm_jobs/tutorials/migrating_data_from_mysql_to_dws.rst,Migrating Data from MySQL to DWS,en-us_image_0000002234245436.jpg,screenshot,pass,1.00,"Image is a screenshot of the CDM job configuration page showing step 1 (Configure Basic Information) of a 3-step wizard. | The form displays Job Name, Source Job Configuration (Source Link Name, Use SQL Statement, Schema/Tablesapce, Table Name), and Destination Job Configuration (Destination Link Name, Schema/Tablesapce, Auto Table Creation, Table Name, Clear Data Before Import, Import Mode), all of which are described in the RST. | The source link is 'mysql' and destination link is 'dws', consistent with the MySQL-to-DWS migration scenario described in the document. | The Import Mode is set to COPY, matching the DWS link parameter described in Table 2 of the RST. | This image is explicitly referenced as Figure 1 in the 'Creating a Migration Job' section.",The RST mentions link names 'mysqllink' and 'dwslink' while the image shows 'mysql' and 'dws' — a minor naming difference but not a substantive contradiction.
umn/source/user_guide/dataarts_migration_cdm_jobs/tutorials/migrating_data_from_mysql_to_dws.rst,Migrating Data from MySQL to DWS,en-us_image_0000002269204877.png,screenshot,pass,1.00,"Image is a screenshot of the 'Map Field' page (step 2 of 3) in the CDM job creation wizard. | The page shows Source Field (Column ID, Example Value, Operation) and Destination Field (Name, Type, Operation) with automatic field mapping between source and destination columns. | The RST states 'CDM automatically matches the source and destination fields, as shown in Figure 2,' which is exactly what this image depicts. | The image includes Cancel, Previous, Next, and Save buttons at the bottom, consistent with a multi-step wizard flow described in the RST. | This image is explicitly referenced as Figure 2 in the 'Creating a Migration Job' section.","The RST mentions that users can drag fields to adjust mapping and that expressions support field conversion, but these interactive capabilities are not explicitly demonstrated in the static screenshot."
umn/source/user_guide/dataarts_migration_cdm_jobs/tutorials/migrating_data_from_mysql_to_mrs_hive.rst,Migrating Data from MySQL to MRS Hive,en-us_image_0000002234085224.png,screenshot,pass,1.00,"Image shows a table with 11 columns (TripID, Duration, StartDate, StartStation, StartTerminal, EndDate, EndStation, EndTerminal, Bike, SubscriberType, ZipCodev) matching the trip_data table described in the RST. | Data types (int(11), timestamp, varchar(64), varchar(32), varchar(10)) align with the SQL CREATE TABLE statement in the document. | Directly referenced as Figure 1 in the Scenario section describing the MySQL table fields.",
umn/source/user_guide/dataarts_migration_cdm_jobs/tutorials/migrating_data_from_mysql_to_mrs_hive.rst,Migrating Data from MySQL to MRS Hive,en-us_image_0000002234245040.png,screenshot,pass,1.00,"Shows the MySQL link creation form with fields: Name, Connector (Relational Database), Database Type (MySQL), Database Server, Port, Database Name, Username, Password, Use Local API, Use Agent, Driver Version. | Matches Table 1 parameters described in the RST for creating a MySQL link. | Includes the driver version reference (mysql-connector-java-5.1.48.jar) and advanced attributes section as described. | Referenced as Figure 2 in the 'Creating a MySQL Link' section.",
umn/source/user_guide/dataarts_migration_cdm_jobs/tutorials/migrating_data_from_mysql_to_mrs_hive.rst,Migrating Data from MySQL to MRS Hive,en-us_image_0000002234235252.png,screenshot,pass,1.00,"Shows the connector type selection grid with categories: Data Warehouse, Hadoop, Object Storage, File System, Relational Database, NoSQL, Messaging System, Search. | MRS Hive is visible under the Hadoop category, matching the RST instruction to select MRS Hive. | Referenced as Figure 3 in the 'Creating a Hive Link' section for selecting a connector type.",
umn/source/user_guide/dataarts_migration_cdm_jobs/tutorials/migrating_data_from_mysql_to_mrs_hive.rst,Migrating Data from MySQL to MRS Hive,en-us_image_0000002269204489.png,screenshot,pass,1.00,"Shows the field mapping interface with Source Field (left) and Destination Field (right) columns. | All 11 MySQL fields are mapped to corresponding Hive fields, plus three additional partition fields (y, ym, ymd) at the bottom. | The partition fields y, ym, ymd are highlighted, matching the RST description that Hive has three more fields than MySQL. | Referenced as Figure 5 in the 'Creating a Migration Job' section.",
umn/source/user_guide/dataarts_migration_cdm_jobs/tutorials/migrating_data_from_mysql_to_mrs_hive.rst,Migrating Data from MySQL to MRS Hive,en-us_image_0000002234245052.png,screenshot,pass,1.00,"Shows the 'Create Converter' dialog with 'Expression conversion' selected in the converter dropdown. | Contains Expression and TestExample input fields as described in the RST for configuring date expressions. | Has Test, Save, and Back buttons matching the workflow described. | Referenced as Figure 6 in the 'Creating a Migration Job' section for configuring expressions for y, ym, ymd fields.",
umn/source/user_guide/dataarts_migration_cdm_jobs/tutorials/migrating_data_from_mysql_to_mrs_hive.rst,Migrating Data from MySQL to MRS Hive,en-us_image_0000002269114701.png,screenshot,pass,1.00,"Shows the 'Configure Task' form with parameters: Retry if failed (Never), Group (DEFAULT), Schedule Execution (No), Concurrent Extractors (1), Write Dirty Data (No). | All parameters match the RST description of optional task configuration functions. | Includes additional fields (Number of split retries, Throttling) not explicitly mentioned but consistent with the task configuration context. | Referenced as Figure 7 in the 'Creating a Migration Job' section.",
umn/source/user_guide/dataarts_migration_cdm_jobs/tutorials/migrating_data_from_mysql_to_mrs_hive.rst,Migrating Data from MySQL to MRS Hive,en-us_image_0000002269204497.png,icon,pass,0.88,"Small circular refresh/convert icon used as an inline image reference (|image1|) in the RST. | The RST states 'Click |image1| to display the Converter List dialog box', indicating this icon represents a button to open the converter. | The icon is small and somewhat blurry, making fine details hard to discern. | Contextually matches the field mapping operation where a converter is needed for partition fields.","Icon is very small and low resolution, making it difficult to confirm exact visual details. | No surrounding UI context visible to confirm the exact button placement."
umn/source/user_guide/dataarts_migration_cdm_jobs/tutorials/migrating_data_from_mysql_to_obs.rst,Migrating Data from MySQL to OBS,en-us_image_0000002234237944.jpg,other,fail,0.00,Local color check detected #3298ff.,
umn/source/user_guide/dataarts_migration_cdm_jobs/tutorials/migrating_data_from_mysql_to_obs.rst,Migrating Data from MySQL to OBS,en-us_image_0000002234235252.png,screenshot,pass,1.00,"Image shows the 'Select Connector' page with categories including Object Storage, where 'Object Storage Service (OBS)' is highlighted, matching Figure 1 caption in the RST. | The RST instructs to 'Select Object Storage Service (OBS) and click Next', and the image clearly shows OBS selected with a Next button at the bottom. | The image is placed in the 'Creating an OBS Link' section, which is exactly where the connector selection step occurs. | All visible categories (Data Warehouse, Hadoop, Object Storage, File System, Relational Database, NoSQL, Messaging System, Search) are consistent with a CDM connector selection interface.",
umn/source/user_guide/dataarts_migration_cdm_jobs/tutorials/migrating_data_from_mysql_to_obs.rst,Migrating Data from MySQL to OBS,en-us_image_0000002269194761.png,screenshot,pass,1.00,"Image shows the 'Access Keys' page with a 'Create Access Key' button, matching Figure 2 caption 'Clicking Create Access Key' in the RST. | The RST instructs to 'choose Access Keys, and click Create Access Key', and the image displays exactly that page with the button visible. | The informational note about access keys being downloadable only once aligns with the RST note about access key security. | The table columns (Access Key ID, Description, Created, Status) and 'No data available' state are consistent with a fresh access keys page.",
umn/source/user_guide/dataarts_migration_cdm_jobs/tutorials/migrating_data_from_mysql_to_obs.rst,Migrating Data from MySQL to OBS,en-us_image_0000002269117305.jpg,screenshot,pass,1.00,"Image shows the 'Map Field' page with Source Field (Name, Example Value, Type, Operation) and Destination Field (Column ID), matching Figure 4 caption 'Table-to-file field mapping'. | The RST states 'CDM automatically matches the source and destination fields, as shown in Figure 4', and the image displays auto-mapped fields (uuid→1, order_no→2). | The step indicator at the top shows 'Configure Basic Information' completed and 'Map Field' as step 2, consistent with the workflow described in the RST. | The image is placed in the 'Creating a Migration Job' section, specifically at the field mapping step after clicking Next from the job configuration.","Only two fields (uuid, order_no) are visible; the full table schema is not shown, but this is consistent with a partial view of the mapping page."
umn/source/user_guide/dataarts_migration_cdm_jobs/tutorials/migrating_data_from_obs_to_css.rst,Migrating Data from OBS to CSS,en-us_image_0000002234235252.png,screenshot,pass,1.00,"Image shows a connector selection grid with categories including Object Storage and Search | Object Storage Service (OBS) is visible under the Object Storage category, matching the RST step to select OBS | Elasticsearch is visible under the Search category, relevant to the CSS destination | Cancel and Next buttons are present at the bottom, matching the UI flow described in the RST",
umn/source/user_guide/dataarts_migration_cdm_jobs/tutorials/migrating_data_from_obs_to_css.rst,Migrating Data from OBS to CSS,en-us_image_0000002269194761.png,screenshot,pass,1.00,"Image shows the Access Keys page with a Create Access Key button, matching Figure 2 caption | The informational note about access keys being downloadable only once matches the RST note | The table with Access Key ID, Description, Created, Status columns is visible | The 'No data available' state and 'Access keys available for creation: 2' text align with the RST note about only two access keys per user",
umn/source/user_guide/dataarts_migration_cdm_jobs/tutorials/migrating_data_from_obs_to_css.rst,Migrating Data from OBS to CSS,en-us_image_0000002269118185.png,screenshot,pass,1.00,"Image shows Job Configuration form with Job Name 'obs2css' indicating OBS to CSS migration | Source Job Configuration shows obslink, bucket cdm-test, source directory /, and File Format CSV | Destination Job Configuration shows csslink, Index test-css, and Type css | All fields match the RST description of creating a migration job from OBS to Cloud Search Service",
umn/source/user_guide/dataarts_migration_cdm_jobs/tutorials/migrating_data_from_obs_to_css.rst,Migrating Data from OBS to CSS,en-us_image_0000002269198277.png,screenshot,pass,1.00,"Image shows a field mapping page with Source Field and Destination Field sections | Source fields (aa, bb) with types VARCHAR2 and NUMBER are mapped to destination fields (e, i) with type string | Dashed arrows visually connect source to destination fields, matching the RST description of automatic field matching | Cancel, Previous, and Next buttons are present, consistent with the multi-step job creation flow",
umn/source/user_guide/dataarts_migration_cdm_jobs/tutorials/migrating_data_from_obs_to_css.rst,Migrating Data from OBS to CSS,en-us_image_0000002269114701.png,screenshot,pass,1.00,"Image shows Configure Task page with all parameters described in the RST | Retry if failed is set to Never, Group is DEFAULT, Schedule Execution is No, matching RST defaults | Concurrent Extractors is 1 and Write Dirty Data is No, matching the RST recommended values | Yes/No toggle buttons and Add/Edit/Delete controls are visible as interactive elements",
umn/source/user_guide/dataarts_migration_cdm_jobs/tutorials/migrating_data_from_obs_to_dli.rst,Migrating Data from OBS to DLI,en-us_image_0000002269197053.png,screenshot,pass,1.00,"Image shows a DLI link configuration form with Name (dlilink), Connector (DLI), AK, SK, and Project ID fields, matching Figure 1 description exactly. | The form layout and field labels align with the RST text describing DLI link parameters. | Buttons Cancel, Previous, Test, and Save are visible at the bottom, consistent with a link creation workflow. | No contradictions between the image content and the RST description.",
umn/source/user_guide/dataarts_migration_cdm_jobs/tutorials/migrating_data_from_obs_to_dli.rst,Migrating Data from OBS to DLI,en-us_image_0000002234235252.png,screenshot,pass,1.00,"Image displays the Select Connector page with a categorized grid of connector types, matching Figure 2's purpose. | Object Storage Service (OBS) is visible under the Object Storage category, consistent with the RST instruction to select OBS. | Data Lake Insight is visible under Data Warehouse, consistent with the DLI link creation step. | Cancel and Next buttons are present at the bottom, matching the workflow described in the RST.",
umn/source/user_guide/dataarts_migration_cdm_jobs/tutorials/migrating_data_from_obs_to_dli.rst,Migrating Data from OBS to DLI,en-us_image_0000002269194761.png,screenshot,pass,1.00,"Image shows the Access Keys page with a 'Create Access Key' button, matching Figure 3's description. | The info banner about access keys being downloadable only once aligns with the RST note about access key security. | The table with columns Access Key ID, Description, Created, Status and 'No data available' state is consistent with a fresh credentials page. | The 'Access keys available for creation: 2' text matches the RST note that only two access keys can be added per user.",
umn/source/user_guide/dataarts_migration_cdm_jobs/tutorials/migrating_data_from_obs_to_dli.rst,Migrating Data from OBS to DLI,en-us_image_0000002234077772.png,screenshot,pass,1.00,"Image shows Job Configuration with Source (obslink, bucket, directory, CSV format) and Destination (dlilink, resource queue, database, table) sections, matching Figure 4 exactly. | All field names and example values (obs2dli, obs-a0b377, /obs-8909/, CSV, cdm, sqoop, t_test) align with the RST description. | Clear Data Before Import toggle set to 'No' matches the RST instruction to retain the default value. | Cancel and Next buttons are present, consistent with the multi-step job creation workflow.",
umn/source/user_guide/dataarts_migration_cdm_jobs/tutorials/migrating_data_from_obs_to_dli.rst,Migrating Data from OBS to DLI,en-us_image_0000002269114701.png,screenshot,pass,1.00,"Image shows Configure Task page with Retry if failed (Never), Group (DEFAULT), Schedule Execution (No), Concurrent Extractors (1), Write Dirty Data (No), matching Figure 5 and the RST description. | The 'Hide Advanced Attributes' link and additional fields (Number of split retries, Throttling) are consistent with the RST's mention of optional parameters. | All default values shown (Never, DEFAULT, No, 1, No) match the RST instruction to retain default values. | No contradictions between the visible parameters and the RST text.",
umn/source/user_guide/dataarts_migration_cdm_jobs/tutorials/migrating_data_from_oracle_to_css.rst,Migrating Data from Oracle to CSS,en-us_image_0000002269114889.png,screenshot,pass,1.00,"Image shows the Job Configuration page for creating a migration job from Oracle to Cloud Search Service, matching Figure 1 in the RST | Source Link Name shows 'oracle_link' and Destination Link Name shows 'csslink', exactly as described in the RST | Schema/Tablespace, Table Name, Index, and Type fields are all present and match the RST description | The 'Show Advanced Attributes' links and Cancel/Next buttons are visible as described",
umn/source/user_guide/dataarts_migration_cdm_jobs/tutorials/migrating_data_from_oracle_to_css.rst,Migrating Data from Oracle to CSS,en-us_image_0000002269114877.png,screenshot,pass,1.00,"Image shows the Field Mapping page with Source Field and Destination Field panels, matching Figure 2 in the RST | Source fields show Oracle types (VARCHAR2(2000), NUMBER(24,127)) mapping to destination string types, consistent with Oracle-to-CSS migration | The RST states CDM automatically matches source and destination fields, which is visually demonstrated by the dashed arrows connecting fields | Cancel, Previous, and Next buttons are visible at the bottom of the page",
umn/source/user_guide/dataarts_migration_cdm_jobs/tutorials/migrating_data_from_oracle_to_css.rst,Migrating Data from Oracle to CSS,en-us_image_0000002269114701.png,screenshot,pass,1.00,"Image shows the Configure Task page matching Figure 3 in the RST | Retry if failed is set to 'Never', Group is 'DEFAULT', Schedule Execution is 'No', Concurrent Extractors is '1', Write Dirty Data is 'No' — all matching the RST defaults | The RST describes these exact optional parameters and their default values, all confirmed in the image | Additional fields like 'Number of split retries' and 'Throttling' are visible but covered by the RST's general statement to retain default values",
umn/source/user_guide/dataarts_migration_cdm_jobs/tutorials/migrating_data_from_oracle_to_dws.rst,Migrating Data from Oracle to DWS,en-us_image_0000002269203933.png,screenshot,pass,0.95,"Image is a UI form screenshot showing Oracle link creation parameters, matching Figure 1 in the RST. | All parameters from Table 1 (Name, Database Server, Port, Connection Type, Database Name, Username, Password, Use Agent, Agent, Oracle Version, Driver Version, Fetch Size, Link Attributes, Reference Sign) are visible. | The form is clearly in the 'Creating an Oracle Link' section context. | Values like oracle_link, 192.168.0.1, 3306, Service Name, db_user, 1000 match the RST example values. | Minor discrepancy: RST table example shows Oracle Version as 'Later than 12.1' but image shows 'Earlier than 12.1.0.1'; RST example Username is 'admin' but image shows 'sqoop'.","The RST table example for Oracle Version ('Later than 12.1') differs from the image ('Earlier than 12.1.0.1'), though both are valid selections."
umn/source/user_guide/dataarts_migration_cdm_jobs/tutorials/migrating_data_from_oracle_to_dws.rst,Migrating Data from Oracle to DWS,en-us_image_0000002269203941.jpg,screenshot,pass,0.95,"Image shows the Job Configuration page with Source and Destination Job Configuration sections, matching Figure 2 in the RST. | Source Link Name shows 'oracle_link' and Destination Link Name shows 'dws', consistent with the RST workflow. | Fields visible include Schema/Tablesapce, Table Name, Auto Table Creation, Clear Data Before Import, and Import Mode (COPY), all mentioned in the RST. | The page is clearly part of the 'Creating a Migration Job' section. | Minor discrepancy: RST references 'dwslink' as the destination link name but image shows 'dws'; RST mentions 'Orientation' and 'Extend char length' parameters not visible (likely under collapsed 'Show Advanced Attributes').",Orientation and Extend char length parameters mentioned in RST are not visible in the image (possibly under 'Show Advanced Attributes'). | Destination link name in image is 'dws' while RST example uses 'dwslink'.
umn/source/user_guide/dataarts_migration_cdm_jobs/tutorials/migrating_data_from_oracle_to_dws.rst,Migrating Data from Oracle to DWS,en-us_image_0000002234244496.png,screenshot,pass,1.00,"Image shows the 'Map Field' page (step 2 of 3) with Source Field and Destination Field tables, matching Figure 3 in the RST. | Fields are automatically mapped between source and destination (e.g., L1→L1, Domain→Domain, type→Type, 2020YR→YR2020), consistent with the RST statement that 'CDM automatically matches the source and destination fields.' | The page is clearly part of the 'Creating a Migration Job' section, specifically the step after clicking Next from job configuration. | Navigation buttons (Cancel, Previous, Next, Save) and per-row operation icons are visible, consistent with the RST mention of dragging fields to adjust mapping. | No contradictions between the image content and the RST description.","The RST mentions expressions supporting field conversion of character strings, dates, and values, but no expression editing UI is visible in this screenshot."
umn/source/user_guide/dataarts_migration_cdm_jobs/tutorials/migrating_the_entire_elasticsearch_database_to_css.rst,Migrating the Entire Elasticsearch Database to CSS,en-us_image_0000002269123741.png,screenshot,pass,1.00,"Image is a UI screenshot of the 'Creating an entire DB migration job' form, matching Figure 1 in the RST. | Shows Job Name field with 'Elasticsearch2CSS', Source Link Name 'es_link', Destination Link Name 'csslink', Index fields, and Clear Data Before Import toggle — all matching the RST description. | Contains interactive buttons: Cancel, Save, Save and Run, and Yes/No toggle for Clear Data Before Import. | The form layout and field labels align precisely with the RST step-by-step instructions for creating an entire DB migration job.","The RST mentions the index name can contain only lowercase letters, but the image shows 'test-css' with a hyphen — a minor inconsistency in naming convention."
umn/source/user_guide/dataarts_migration_cdm_jobs/tutorials/migrating_the_entire_elasticsearch_database_to_css.rst,Migrating the Entire Elasticsearch Database to CSS,en-us_image_0000002234244360.png,screenshot,pass,1.00,"Image is a UI screenshot showing a historical record table, matching Figure 2 in the RST. | Displays columns: Executed By, Start Time, Last Updated, Duration, Status, Statistics, Schedule, Log — consistent with the RST description of viewing historical execution records, read/write statistics, and job logs. | The Statistics column shows Pending/Running/Succeeded/Failed counts, matching the 'read/write statistics' mentioned in the RST. | A Back button is visible at the bottom, confirming interactive controls are present.","The RST mentions sub-jobs have job logs, but the image shows 'No log available' for the displayed record, which is consistent with a top-level job rather than a sub-job."
umn/source/user_guide/dataarts_migration_cdm_jobs/using_macro_variables_of_date_and_time.rst,Using Macro Variables of Date and Time,en-us_image_0000002234238916.png,screenshot,pass,1.00,"Image is a UI screenshot showing Source Job Configuration and Destination Job Configuration panels | Table Name field shows CDM_/${dateformat(yyyy-MM-dd)} matching the RST description | Write Directory field shows /opt/ttxx/${timestamp()} matching the RST description | Source Link Name is oracle_link and Destination Link Name is mrshdfs_link, consistent with the Oracle-to-HDFS migration example | The figure caption in RST (Figure 1) matches the content shown",The Table Name field appears truncated (shows yyyy-1 instead of full yyyy-MM-dd)
umn/source/user_guide/dataarts_migration_cdm_jobs/using_macro_variables_of_date_and_time.rst,Using Macro Variables of Date and Time,en-us_image_0000002269118281.png,screenshot,pass,1.00,"Image shows a database table view with columns FOO, BAR, and DS | The SQL query at top reads SELECT * FROM SQOOP.CDM_20171016, matching the RST reference to table SQOOP.CDM_20171016 | DS column contains date values including 2017-10-15, which the RST references as the target for the where clause example | The table structure and data align with the RST description of a table with a DS column indicating time | Figure 2 caption in RST (Table data) matches the content shown","The RST mentions the DS column value type is varchar(30) but this is not visible in the image | The full column set of the table is not visible (only FOO, BAR, DS are shown)"
umn/source/user_guide/dataarts_quality/monitoring_data_quality/creating_a_data_comparison_job.rst,Creating a Data Comparison Job,en-us_image_0000002269115301.png,screenshot,pass,1.00,"Image shows the directory creation UI with a highlighted '+' icon, matching Figure 1 'Creating a directory' in the RST. | The 'Directory name' input field and 'All' folder are visible, consistent with the RST description of entering a directory name in a dialog box. | The red highlight on the '+' icon matches the RST instruction to click the icon to create a directory.",
umn/source/user_guide/dataarts_quality/monitoring_data_quality/creating_a_data_comparison_job.rst,Creating a Data Comparison Job,en-us_image_0000002269115429.png,screenshot,pass,1.00,"Image shows the sync icon highlighted in red, matching Figure 2 'Synchronizing subjects from DataArts Architecture'. | The UI shows the directory toolbar with sync, add, and refresh icons, consistent with the RST description. | The 'Directory name' field and 'All' folder are visible, matching the context of the directory management section.",
umn/source/user_guide/dataarts_quality/monitoring_data_quality/creating_a_data_comparison_job.rst,Creating a Data Comparison Job,en-us_image_0000002234238428.png,screenshot,pass,1.00,"Image shows the 'Create Comparison Job' page with the 'Define Rule' step active, matching Figure 3. | The rule card shows Rule Type, Data Connection, and Template fields for both source and destination, consistent with Table 2 in the RST. | The edit icon is highlighted in red on the rule card, matching the RST instruction to click the icon to configure the rule. | The '+' button on the right side matches the RST mention of adding comparison rules.",
umn/source/user_guide/dataarts_quality/monitoring_data_quality/creating_a_data_comparison_job.rst,Creating a Data Comparison Job,en-us_image_0000002269197885.png,screenshot,pass,1.00,"Image shows the subscription configuration with Notification toggle, Notification Type checkboxes (Alarm triggered, Run successfully), and Topic field, matching Figure 4. | The Suppress Notifications toggle and consecutive alarms settings are visible, consistent with the RST note about suppress notifications. | The 'View Topic' link is visible next to the Topic field.",
umn/source/user_guide/dataarts_quality/monitoring_data_quality/creating_a_data_comparison_job.rst,Creating a Data Comparison Job,en-us_image_0000002269117801.png,screenshot,pass,1.00,"Image shows the 'Import Comparison Job' dialog with Import Configurations and Import Records tabs, matching Figure 5. | The Duplicate Name Policy options (Terminate, Skip, Overwrite) are visible, matching the RST description. | The file upload area and Import/Cancel buttons are present, consistent with the RST import instructions. | The note about 4 MB file limit and template compliance is visible at the top.",
umn/source/user_guide/dataarts_quality/monitoring_data_quality/creating_a_data_comparison_job.rst,Creating a Data Comparison Job,en-us_image_0000002234238440.png,screenshot,pass,1.00,"Image shows the resource mapping configuration with Catalogs and Topics tabs, matching Figure 6. | The Source Resource and Mapped Resource columns are visible with DWS and testDWS entries, consistent with the RST description of data connection mapping. | The Topics tab is active, matching the RST mention of selecting a topic if SMN is configured.","The image only shows the Topics tab; the Catalogs tab content (data connection, cluster, directory mapping) is not visible."
umn/source/user_guide/dataarts_quality/monitoring_data_quality/creating_a_data_comparison_job.rst,Creating a Data Comparison Job,en-us_image_0000002234238456.png,screenshot,pass,1.00,"Image shows the comparison jobs list with the 'More' dropdown open, highlighting 'Run' in red, matching Figure 7 'Running jobs'. | The job list shows multiple comparison jobs with Scheduling Status, Interval, Time Range, and Operation columns. | The 'Run' option in the More dropdown matches the RST instruction to click More and select Run.",
umn/source/user_guide/dataarts_quality/monitoring_data_quality/creating_a_data_comparison_job.rst,Creating a Data Comparison Job,en-us_image_0000002269117817.png,screenshot,pass,1.00,"Image shows the comparison jobs list with the 'More' dropdown open, highlighting 'Start Schedule' in red, matching Figure 8 'Scheduling jobs'. | The job list and toolbar are consistent with the RST description of scheduling comparison jobs. | The 'Start Schedule' option in the More dropdown matches the RST instruction.",
umn/source/user_guide/dataarts_quality/monitoring_data_quality/creating_a_data_comparison_job.rst,Creating a Data Comparison Job,en-us_image_0000002269197893.png,screenshot,pass,1.00,"Image shows the Comparison Jobs page with the 'More' dropdown open, highlighting 'Stop Scheduling', matching Figure 9. | The left navigation pane shows the directory tree with 'All' folder, consistent with the RST context. | The 'Stop Scheduling' option in the More dropdown matches the RST instruction for stopping scheduling.",
umn/source/user_guide/dataarts_quality/monitoring_data_quality/creating_a_data_comparison_job.rst,Creating a Data Comparison Job,en-us_image_0000002269197881.png,screenshot,pass,1.00,"Image shows the O&M page with the 'Stop' button highlighted in red, matching Figure 10 'Stopping instances'. | The page shows Instance Name, Type, Running Status, Notification, Start Time columns, consistent with the RST context of stopping running instances. | The 'Data is retained for 90 days' note is visible at the top.",
umn/source/user_guide/dataarts_quality/monitoring_data_quality/creating_a_data_comparison_job.rst,Creating a Data Comparison Job,en-us_image_0000002269117765.png,screenshot,pass,1.00,"Image shows the 'Stop Instance' confirmation dialog with Yes and No buttons, matching Figure 11. | The dialog text 'Are you sure you want to stop the following instance?' matches the RST instruction to confirm instances to stop. | The 'Show' links for viewing instance details are visible.",
umn/source/user_guide/dataarts_quality/monitoring_data_quality/creating_a_data_comparison_job.rst,Creating a Data Comparison Job,en-us_image_0000002234076184.png,icon,pass,1.00,"Image is a small '+' (plus) icon in a circle, matching |image1| referenced in the RST for creating a directory. | The RST states 'Click |image1| and enter a directory name in the displayed dialog box' to create a directory. | The icon is consistent with a 'create new' action button in a UI toolbar.",
umn/source/user_guide/dataarts_quality/monitoring_data_quality/creating_a_data_comparison_job.rst,Creating a Data Comparison Job,en-us_image_0000002234236024.png,icon,pass,1.00,"Image is a small sync/import icon, matching |image2| referenced in the RST for synchronizing subjects from DataArts Architecture. | The RST states 'You can also click |image2| to synchronize the subjects in DataArts Architecture as directories.' | The icon depicts a document with an arrow, consistent with a synchronization action.",
umn/source/user_guide/dataarts_quality/monitoring_data_quality/creating_a_data_comparison_job.rst,Creating a Data Comparison Job,en-us_image_0000002269115357.png,icon,pass,1.00,"Image is a small 'L1' layer indicator icon, matching |image3| referenced in the RST for displaying synchronized directories by layer. | The RST states synchronized directories are 'displayed by layer, such as |image3| and |image4|.' | The 'L1' label indicates a first-level subject layer in the directory hierarchy.",
umn/source/user_guide/dataarts_quality/monitoring_data_quality/creating_a_data_comparison_job.rst,Creating a Data Comparison Job,en-us_image_0000002269115421.png,icon,pass,1.00,"Image is a small 'L2' layer indicator icon, matching |image4| referenced in the RST for displaying synchronized directories by layer. | The RST states synchronized directories are 'displayed by layer, such as |image3| and |image4|.' | The 'L2' label indicates a second-level subject layer in the directory hierarchy.",
umn/source/user_guide/dataarts_quality/monitoring_data_quality/creating_a_data_comparison_job.rst,Creating a Data Comparison Job,en-us_image_0000002269115305.png,icon,pass,1.00,"Image is a small 'L1' layer indicator icon, matching |image5| referenced in the RST for subject layer naming during conflict resolution. | The RST states 'a subject layer (such as |image5| and |image6|) is added to the name of the directory' during first synchronization conflict. | The 'L1' label indicates a first-level subject layer used in directory naming.",
umn/source/user_guide/dataarts_quality/monitoring_data_quality/creating_a_data_comparison_job.rst,Creating a Data Comparison Job,en-us_image_0000002269115401.png,icon,pass,1.00,"Image is a small 'L2' layer indicator icon, matching |image6| referenced in the RST for subject layer naming during conflict resolution. | The RST states 'a subject layer (such as |image5| and |image6|) is added to the name of the directory' during first synchronization conflict. | The 'L2' label indicates a second-level subject layer used in directory naming.",
umn/source/user_guide/dataarts_quality/monitoring_data_quality/creating_a_data_comparison_job.rst,Creating a Data Comparison Job,en-us_image_0000002234076080.png,icon,pass,1.00,"Image is a small sync/import icon, matching |image7| referenced in the RST for re-synchronizing subjects. | The RST states 'You must click |image7| again to synchronize them' when subjects or subject layers change. | The icon is identical to |image2|, consistent with the same synchronization action.",
umn/source/user_guide/dataarts_quality/monitoring_data_quality/creating_a_data_comparison_job.rst,Creating a Data Comparison Job,en-us_image_0000002234238436.png,icon,pass,1.00,"Image is a small edit/configure icon (arrows in a box), matching |image8| referenced in the RST for configuring a rule on the rule card. | The RST states 'Click |image8| on the rule card and configure it based on Table 2.' | The icon depicts a configuration/edit action, consistent with modifying rule settings.",
umn/source/user_guide/dataarts_quality/monitoring_data_quality/creating_a_data_quality_rule.rst,Creating a Data Quality Rule,en-us_image_0000002269115301.png,screenshot,pass,1.00,"Shows the directory-creation UI with the plus icon highlighted, matching Figure 1 'Creating a directory'. | Contains the 'Directory name' input and 'All' folder as described in step 1.",No additional context beyond the small UI fragment.
umn/source/user_guide/dataarts_quality/monitoring_data_quality/creating_a_data_quality_rule.rst,Creating a Data Quality Rule,en-us_image_0000002269115429.png,screenshot,pass,1.00,"Shows the sync icon highlighted, matching Figure 2 'Synchronizing subjects from DataArts Architecture'. | Same directory panel layout as the surrounding text.",The actual synchronized subject layers are not visible in this fragment.
umn/source/user_guide/dataarts_quality/monitoring_data_quality/creating_a_data_quality_rule.rst,Creating a Data Quality Rule,en-us_image_0000002234241568.png,screenshot,pass,1.00,"Shows the Rule Templates page with the Create button highlighted, matching Figure 3 and step 2. | Lists built-in templates (Table rows, Unique value, Null value, etc.) consistent with the rule template table.",None significant.
umn/source/user_guide/dataarts_quality/monitoring_data_quality/creating_a_data_quality_rule.rst,Creating a Data Quality Rule,en-us_image_0000002234241524.png,screenshot,pass,1.00,"Shows the Relationship SQL editor, Output Description, and Abnormal Table Template, matching Figure 4 and the custom template example. | SQL content (min/max/avg/sum with is_test='0') matches the RST example exactly.","Top of the form (Dimension, Directory, Tag) is not visible in this crop."
umn/source/user_guide/dataarts_quality/monitoring_data_quality/creating_a_data_quality_rule.rst,Creating a Data Quality Rule,en-us_image_0000002269200985.png,screenshot,pass,1.00,"Shows the Edit Rule Template page with Version and Associated Jobs parameters, matching Figure 5 and the editing section. | Fields (Template Name, Directory, Dimension, Relationship) align with the described editable parameters.",Publish button not visible in this crop.
umn/source/user_guide/dataarts_quality/monitoring_data_quality/creating_a_data_quality_rule.rst,Creating a Data Quality Rule,en-us_image_0000002269120937.png,screenshot,pass,1.00,"Shows the Submit for Publishing dialog with Current version / New version options and Version field, matching Figure 6. | Consistent with the note about changing version names when publishing a new version.",None significant.
umn/source/user_guide/dataarts_quality/monitoring_data_quality/creating_a_data_quality_rule.rst,Creating a Data Quality Rule,en-us_image_0000002234081672.png,screenshot,pass,1.00,"Shows the View Publish History / Version Comparison tabs and a version timeline (V2.0, V1.0 Published), matching Figure 7. | Aligns with the step about viewing publish history and version changes.",Suspend control not visible in this crop.
umn/source/user_guide/dataarts_quality/monitoring_data_quality/creating_a_data_quality_rule.rst,Creating a Data Quality Rule,en-us_image_0000002269120897.png,screenshot,pass,1.00,"Shows the Suspend dialog with Version to Migrate and Associated Jobs, matching Figure 8. | Consistent with migrating jobs to a new version before suspending a historical version.",None significant.
umn/source/user_guide/dataarts_quality/monitoring_data_quality/creating_a_data_quality_rule.rst,Creating a Data Quality Rule,en-us_image_0000002269120885.jpg,screenshot,pass,1.00,"Shows the Version Comparison tab with Baseline and Incremental versions and SQL differences, matching Figure 9. | Aligns with comparing versions to see differences.",None significant.
umn/source/user_guide/dataarts_quality/monitoring_data_quality/creating_a_data_quality_rule.rst,Creating a Data Quality Rule,en-us_image_0000002234241512.png,screenshot,pass,1.00,"Shows the Import Rule Template dialog with Import Configurations / Import Records tabs and Duplicate Name Policy (Terminate/Skip), matching Figure 10. | Consistent with the import steps and the 4 MB limit note.",None significant.
umn/source/user_guide/dataarts_quality/monitoring_data_quality/creating_a_data_quality_rule.rst,Creating a Data Quality Rule,en-us_image_0000002269120961.png,screenshot,pass,1.00,"Shows the Catalogs resource mapping with Source Resource, Mapped Resource, and Select Directory, matching Figure 11. | Aligns with configuring the mapped resource for the catalog.",None significant.
umn/source/user_guide/dataarts_quality/monitoring_data_quality/creating_a_data_quality_rule.rst,Creating a Data Quality Rule,en-us_image_0000002234076184.png,icon,pass,0.88,Plus icon referenced as |image1| for creating a directory in step 1. | Small symbolic control matching the described action.,No surrounding UI context in the isolated icon.
umn/source/user_guide/dataarts_quality/monitoring_data_quality/creating_a_data_quality_rule.rst,Creating a Data Quality Rule,en-us_image_0000002234236024.png,icon,pass,0.88,Sync icon referenced as |image2| for synchronizing subjects from DataArts Architecture. | Small symbolic control matching the described action.,No surrounding UI context in the isolated icon.
umn/source/user_guide/dataarts_quality/monitoring_data_quality/creating_a_data_quality_rule.rst,Creating a Data Quality Rule,en-us_image_0000002269115357.png,icon,pass,0.88,'L1' layer label referenced as |image3| illustrating synchronized subject layers. | Small symbolic graphic matching the layer display description.,No full directory tree context in the isolated icon.
umn/source/user_guide/dataarts_quality/monitoring_data_quality/creating_a_data_quality_rule.rst,Creating a Data Quality Rule,en-us_image_0000002269115421.png,icon,pass,0.88,'L2' layer label referenced as |image4| illustrating synchronized subject layers. | Small symbolic graphic matching the layer display description.,No full directory tree context in the isolated icon.
umn/source/user_guide/dataarts_quality/monitoring_data_quality/creating_a_data_quality_rule.rst,Creating a Data Quality Rule,en-us_image_0000002269115305.png,icon,pass,0.88,'L1' layer label referenced as |image5| illustrating a subject layer added to a conflicting directory name. | Small symbolic graphic matching the conflict-resolution note.,No full directory tree context in the isolated icon.
umn/source/user_guide/dataarts_quality/monitoring_data_quality/creating_a_data_quality_rule.rst,Creating a Data Quality Rule,en-us_image_0000002269115401.png,icon,pass,0.88,'L2' layer label referenced as |image6| illustrating a subject layer added to a conflicting directory name. | Small symbolic graphic matching the conflict-resolution note.,No full directory tree context in the isolated icon.
umn/source/user_guide/dataarts_quality/monitoring_data_quality/creating_a_data_quality_rule.rst,Creating a Data Quality Rule,en-us_image_0000002234076080.png,icon,pass,0.88,Sync icon referenced as |image7| for re-synchronizing subjects after changes. | Small symbolic control matching the described action.,No surrounding UI context in the isolated icon.
umn/source/user_guide/dataarts_quality/monitoring_data_quality/creating_a_data_quality_rule.rst,Creating a Data Quality Rule,en-us_image_0000002269120949.png,icon,pass,0.88,Toggle labeled 'Multi-table and multi-field' referenced as |image8| for enabling input parameters / multi-table mode. | Isolated UI control matching the described toggle.,No surrounding form context in the isolated control.
umn/source/user_guide/dataarts_quality/monitoring_data_quality/viewing_data_quality_reports.rst,Viewing Data Quality Reports,en-us_image_0000002234079760.png,screenshot,pass,1.00,"Shows the Technical Reports page with a data connection tree, quality scoring donut, scoring changes chart, and report table. | Matches Figure 1 'Selecting a data connection' and step 3 of the technical report section. | Visible Export button and date range selector align with the described UI.","No specific data connection selection action is highlighted, but the page context matches."
umn/source/user_guide/dataarts_quality/monitoring_data_quality/viewing_data_quality_reports.rst,Viewing Data Quality Reports,en-us_image_0000002234079756.png,screenshot,pass,1.00,"Shows an expanded table row revealing Rule Name, Dimension, Description, Score, and Scoring Weight columns. | Matches Figure 2 'Viewing the rule score' and step 5 (expanding Table Score to view rules). | Pagination 'Total Records: 1' and search box are visible.","Some cell values are redacted/blurred, but the structure matches the description."
umn/source/user_guide/dataarts_quality/monitoring_data_quality/viewing_data_quality_reports.rst,Viewing Data Quality Reports,en-us_image_0000002269199013.png,screenshot,pass,1.00,"Shows the 'Sub-rule Field Score' dialog with field-level columns (Name, Rule Desc, Score, Column, Unique, Total Ro, rate of, Alarm S). | Matches Figure 3 'Table-associated rule scores' and step 6 (expanding Rule Score to view fields). | A close (X) control is present in the dialog.","Column headers are truncated, limiting full reading of field names."
umn/source/user_guide/dataarts_quality/monitoring_data_quality/viewing_data_quality_reports.rst,Viewing Data Quality Reports,en-us_image_0000002269199041.png,screenshot,pass,1.00,"Shows the Business Reports tab with a subject tree, quality scoring donut (Bad, 0 points), scoring changes chart, and a business-object report table. | Matches Figure 4 'Business object' and step 3 of the business report section. | Table columns include Business Domain Group, Business Domain, Business Object, Table Name, and scores.","Some subject names are redacted, but the layout matches the description."
umn/source/user_guide/dataarts_quality/monitoring_data_quality/viewing_data_quality_reports.rst,Viewing Data Quality Reports,en-us_image_0000002234239580.png,screenshot,pass,1.00,Shows the 'Sub-rule Field Score' dialog with field-level score columns. | Matches Figure 5 'Table-associated rule scores' and step 6 of the business report section. | A close (X) control is present in the dialog.,"Column headers and values are truncated, limiting full reading."
umn/source/user_guide/dataarts_quality/monitoring_data_quality/viewing_data_quality_reports.rst,Viewing Data Quality Reports,en-us_image_0000002234079768.png,screenshot,pass,1.00,Shows the left navigation with Quality Monitoring > Quality Reports highlighted and the Technical Reports page. | Matches Figure 6 'Quality Reports page' and step 2 of the export section. | Overview and Quality Scoring Changes panels with 'No data available' are visible.,"The directory tree content is blurred, but the navigation context matches."
umn/source/user_guide/dataarts_quality/monitoring_data_quality/viewing_data_quality_reports.rst,Viewing Data Quality Reports,en-us_image_0000002234079724.png,screenshot,pass,1.00,Shows the Quality Reports page with the Export button highlighted in the upper right corner. | Matches Figure 7 'Export' and step 3 of the export section. | Scoring Type and date selector are visible alongside the highlighted Export control.,No additional context needed; the highlighted Export button is clearly shown.
umn/source/user_guide/dataarts_quality/monitoring_data_quality/viewing_data_quality_reports.rst,Viewing Data Quality Reports,en-us_image_0000002234239564.png,screenshot,pass,1.00,Shows the 'Export Report' dialog with Export Configurations and Export Records tabs. | Displays the 'Export to OBS' and 'Cancel' buttons and the OBS path note. | Matches Figure 8 'Export to OBS' and step 3 of the export section.,"The OBS path configuration details are not shown, only the descriptive text."
umn/source/user_guide/dataarts_quality/monitoring_data_quality/viewing_data_quality_reports.rst,Viewing Data Quality Reports,en-us_image_0000002234239556.png,screenshot,pass,1.00,"Shows the 'Export Records' tab with a table of File Name, Start Time, End Time, Status, Operator, Error Message, and Operation (Download). | Matches Figure 9 'Export Records' and step 4 of the export section. | Status values (Failed/Success) and Download links are visible.","Some file names and operator values are redacted, but the structure matches."
umn/source/user_guide/dataarts_quality/monitoring_data_quality/viewing_data_quality_reports.rst,Viewing Data Quality Reports,en-us_image_0000002234079748.png,screenshot,pass,1.00,"Shows the Quality Reports page with the 'Refresh Now' button highlighted in the upper right corner. | Matches Figure 10 'Refresh Now' and step 3 of the refreshing data section. | Scoring Type, date range, and Export controls are visible alongside the highlighted Refresh Now button.","The temporary report result after refresh is not shown, only the button."
umn/source/user_guide/dataarts_quality/monitoring_data_quality/viewing_job_instances.rst,Viewing Job Instances,en-us_image_0000002269117929.png,screenshot,pass,1.00,"The image is a UI screenshot of the O&M page showing the list of rule instances, matching the figure caption 'O&M page'. | Top toolbar shows Export, Stop, and Delete buttons, matching the management area (No. 3) described in Table 1. | Time Range and Instance name search fields match the search area (No. 4) in Table 1. | Table columns (Instance Name, Type, Running Status, Notification, Start Time, Operation) and row values (Comparison job / Quality job, Alarming, Not triggered, Rerun/Details/More) align with Table 2. | Running Status values shown (Alarming) are consistent with the statuses listed in the RST.","The navigation bar (No. 1) and the concurrent SQL statements control (No. 5) are not visible in this cropped screenshot. | The duration column is labeled 'Instance Search Duration' in the image, whereas Table 2 lists 'Running Duration'; minor label mismatch."
umn/source/user_guide/dataarts_quality/tutorials/creating_a_comparison_job.rst,Creating a Comparison Job,en-us_image_0000002269116437.png,screenshot,pass,1.00,"Image shows the Basic Settings tab of the Create Comparison Job page with Job Name, Description, Directory, and Job Level fields. | Directly matches Figure 1 caption 'Configuring basic information' in the RST. | Job name 'compare_dws_dli' aligns with the DLI and DWS comparison scenario described.",
umn/source/user_guide/dataarts_quality/tutorials/creating_a_comparison_job.rst,Creating a Comparison Job,en-us_image_0000002234077224.png,screenshot,pass,1.00,Image shows the Edit Data Connection dialog with DLI selected as Data Connection Type. | Matches step 1a in the RST describing creation of a DLI data connection. | Contains the Test and OK buttons referenced in the RST text.,
umn/source/user_guide/dataarts_quality/tutorials/creating_a_comparison_job.rst,Creating a Comparison Job,en-us_image_0000002269196517.png,screenshot,pass,1.00,"Image shows the Edit Data Connection dialog with DWS selected as Data Connection Type. | Matches step 1b in the RST describing creation of a DWS data connection. | Displays DWS-specific parameters (Cluster Name, Username, Password, KMS Key, Connection Type) consistent with the RST reference to DWS Connection Parameters.",
umn/source/user_guide/dataarts_quality/tutorials/creating_a_comparison_job.rst,Creating a Comparison Job,en-us_image_0000002234237088.png,icon,pass,1.00,Small icon with two diagonal arrows (expand/configure symbol) used inline in the RST. | Referenced in step 2c as the icon to click on the rule card to configure the rule. | Matches the highlighted icon visible in image5 (the Define Rule page screenshot).,
umn/source/user_guide/dataarts_quality/tutorials/creating_a_comparison_job.rst,Creating a Comparison Job,en-us_image_0000002234237080.png,screenshot,pass,1.00,"Shows the Define Rule page with a rule card (01) containing Rule Type, Data Connection, and Template fields. | The configure icon (image4) is highlighted with a red box, matching the RST instruction to click it. | Matches step 2c in the RST procedure.",
umn/source/user_guide/dataarts_quality/tutorials/creating_a_comparison_job.rst,Creating a Comparison Job,en-us_image_0000002234237064.png,screenshot,pass,1.00,Shows the Rule Settings tab with Configure Source (DWS: test1027) and Configure Destination (DLI: dlistest1) panels. | Displays the Alarm Condition expression ${1_1}!=${2_1} matching the RST note about row count comparison. | Shows Table rows template and SQL 'select count(1) from ${Schema_Table1}' consistent with the comparison job context.,
umn/source/user_guide/dataarts_quality/tutorials/creating_a_comparison_job.rst,Creating a Comparison Job,en-us_image_0000002269196497.png,screenshot,pass,1.00,"Shows the Set Subscription step with Notification toggle enabled. | Displays Notification Type with 'Alarm triggered' checked and 'Run successfully' unchecked, matching the RST note. | Shows a Topic field (test01) consistent with SMN topic notification described in the RST.",
umn/source/user_guide/dataarts_quality/tutorials/creating_a_comparison_job.rst,Creating a Comparison Job,en-us_image_0000002269116425.png,screenshot,pass,0.83,"Shows the Set Scheduling step with 'On schedule' selected, matching the RST description. | The RST note states the configuration indicates execution 'every 15 minutes on Oct 27, 2020', but the image shows a date range 'Oct 28, 2021 - Jan 31, 2022' with Cycle 'Days' and Start from '00:00'. | The cycle and date in the image do not match the RST description of 15-minute intervals on Oct 27, 2020.","The RST describes a 15-minute cycle on Oct 27, 2020, but the image shows a daily cycle over a multi-month range in 2021-2022."
umn/source/user_guide/dataarts_quality/tutorials/creating_a_comparison_job.rst,Creating a Comparison Job,en-us_image_0000002234077228.png,screenshot,pass,1.00,"Shows the O&M page with a table listing the comparison job instance 'compare_dws_dli-3'. | Displays Running Status 'Successful', Notification 'Not triggered', and Operation column with 'Details' link. | Matches step 3b in the RST about viewing running results and logs via the Details link.",
umn/source/user_guide/dataarts_quality/tutorials/creating_a_comparison_job.rst,Creating a Comparison Job,en-us_image_0000002269116445.png,screenshot,pass,1.00,"Shows the Running Results tab with Source Settings (gaussdb.public.student, total lines: 3) and Destination Settings (default.student, total lines: 3). | Comparison Result panel shows Error Value 0 and Error Rate 0%, matching the RST statement that error rate 0 means same row counts. | Directly supports the 'Analyzing the Comparison Result' section of the RST.",
umn/source/user_guide/dataarts_quality/tutorials/creating_a_quality_job.rst,Creating a Quality Job,en-us_image_0000002269200681.png,screenshot,pass,1.00,"Shows the Quality Reports page with the Technical Reports tab active, matching Figure 1 in the RST. | Displays Quality Scoring donut chart, Quality Scoring Changes, and a reports table consistent with a technical report view. | Aligns with step 4a/4b describing viewing the Technical Reports page after running a quality job.",No explicit indication that this is the result of a specific quality job run.
umn/source/user_guide/dataarts_quality/tutorials/creating_a_quality_job.rst,Creating a Quality Job,en-us_image_0000002269200673.png,screenshot,pass,1.00,"Shows the Quality Reports page with the Business Reports tab active, matching Figure 2 in the RST. | Displays an Overview with Quality Scoring and a table with Business Domain Group/Domain/Object columns, consistent with business reports. | Aligns with step 4c describing clicking the Business Reports tab.",Some directory entries appear partially redacted/obscured in the left pane.
umn/source/user_guide/dataarts_quality/tutorials/creating_a_quality_job.rst,Creating a Quality Job,en-us_image_0000002269200665.png,screenshot,pass,1.00,"Shows the Set Basic Info step (step 1) of the Create Quality Job wizard with Job Name, Description, Directory, and Job Level fields. | Matches image1 in the RST, which is referenced when setting basic information about the quality job. | The five-step wizard header (Set Basic Info, Define Rule, Set Alarm, Set Subscription, Set Scheduling) matches the procedure.",The lower portion of the form (below Job Level) is cut off.
umn/source/user_guide/dataarts_quality/tutorials/creating_a_quality_job.rst,Creating a Quality Job,en-us_image_0000002234241244.png,icon,pass,0.83,"A small expand/fullscreen icon (square with two diagonal arrows), matching image2 referenced as the control to click on the rule card. | It is a generic UI symbol rather than a quality-job-specific graphic, so topic match is moderate. | It is placed in the Define Rule step context in the RST.","The icon is isolated, so its surrounding rule card context is not visible. | No label or tooltip is shown to confirm its exact function."
umn/source/user_guide/dataarts_quality/tutorials/creating_a_quality_job.rst,Creating a Quality Job,en-us_image_0000002234241260.png,screenshot,pass,1.00,"Shows the Define Rule step (step 2) with Object, Compute Engine, Rule Template, and Object Scope sections. | Matches image3 in the RST, referenced when configuring the rule on the Define Rule page. | Includes Previous/Next/Cancel buttons consistent with the wizard flow.","The data object table shows 'No data available', so no configured rule is visible."
umn/source/user_guide/dataarts_quality/tutorials/creating_a_quality_job.rst,Creating a Quality Job,en-us_image_0000002234241252.png,screenshot,pass,1.00,"Shows the Set Alarm step (step 3) with Alarm Condition (Sub rule-specific/Universal) and a Rule01 parameter/expression editor. | Matches image4 in the RST, referenced when setting alarm parameters. | Operator buttons and parameter tree are visible, consistent with configuring alarm expressions.","The expression field is empty, so no concrete alarm expression is shown."
umn/source/user_guide/dataarts_quality/tutorials/creating_a_quality_job.rst,Creating a Quality Job,en-us_image_0000002269200685.png,screenshot,pass,1.00,"Shows the Set Subscription step with Notification toggle, Notification Type checkboxes, and Topic selector. | Matches image5 in the RST, referenced when setting subscription parameters. | Mentions Simple Message Notification (SMN), consistent with subscription configuration.","The Topic dropdown is unselected, so no specific topic is shown."
umn/source/user_guide/dataarts_quality/tutorials/creating_a_quality_job.rst,Creating a Quality Job,en-us_image_0000002269200677.png,screenshot,pass,1.00,"Shows the Set Scheduling step (step 4) with a Repeat option of Once / On schedule. | Matches image6 in the RST, referenced when setting scheduling parameters. | The wizard header (Set Basic Info, Define Rule Group, Set Subscription, Set Scheduling) is consistent with the procedure.",Only the Repeat field is visible; other scheduling options (if any) are not shown.
umn/source/user_guide/dataarts_security/dashboard.rst,Dashboard,en-us_image_0000002269114945.png,screenshot,pass,1.00,"Image shows 'Security Administrator: dgc_doc' with a pencil edit icon and hand cursor, matching Figure 1 caption 'Configuring the security administrator'. | The RST describes selecting an IAM user on the Dashboard page to configure the security administrator, which is exactly what the image depicts. | The edit icon and cursor indicate the interactive nature of configuring the administrator.",The full Dashboard page context is not visible; only the security administrator field is shown.
umn/source/user_guide/dataarts_security/dashboard.rst,Dashboard,en-us_image_0000002234075704.png,screenshot,pass,1.00,"Image shows a data overview panel with filters (Data Source, Data Connection, Database, Time) and a View button, matching Figure 2 'Data overview'. | The Overview section displays Sensitive Tables (14), Sensitive Fields (22), Masking Tables (18), Tables with Watermarks (4), and Watermarks Traced (22), all metrics mentioned in the RST. | The RST states you can filter data by data source and time, which is reflected in the filter controls shown.","The specific data sources (GaussDB(DWS), DLI, MRS Hive) are not visible in the dropdown options."
umn/source/user_guide/dataarts_security/dashboard.rst,Dashboard,en-us_image_0000002234235568.png,screenshot,pass,1.00,"Image shows 'Table Security Levels' with a donut/pie chart displaying total 147 and a legend with customizable levels (ss, test1, Top secret, Secret, Confidential, test), matching Figure 3. | The RST states security levels are customizable and the number of custom security levels and associated sensitive tables are displayed beside the pie chart, which is exactly what is shown. | The refresh icon in the top-right corner is consistent with a dashboard chart component.",No additional missing evidence; the image fully aligns with the RST description.
umn/source/user_guide/dataarts_security/dashboard.rst,Dashboard,en-us_image_0000002234075732.png,screenshot,pass,1.00,"Image shows 'Field Security Levels' with a donut/pie chart displaying total 156 and a legend with customizable levels (ss, test1, Top secret, Secret, Confidential, test), matching Figure 4. | The RST states field security levels are customizable and the number of custom security levels and associated sensitive fields are displayed beside the pie chart, which is exactly what is shown. | The layout and structure are consistent with the table security levels chart, as expected for a parallel field-level view.",No additional missing evidence; the image fully aligns with the RST description.
umn/source/user_guide/dataarts_security/dashboard.rst,Dashboard,en-us_image_0000002234235596.png,screenshot,pass,1.00,"Image shows 'Masking Tasks' with a line chart displaying daily counts over 7 days (2020-11-04 to 2020-11-10), matching Figure 5 'Changes of masking task quantity'. | The RST states the number of masking tasks on each day in the last seven days is displayed, which is exactly what the chart shows. | The peak around 2020-11-09 with a value of 1 is consistent with a task count trend.",No additional missing evidence; the image fully aligns with the RST description.
umn/source/user_guide/dataarts_security/dashboard.rst,Dashboard,en-us_image_0000002269195013.png,screenshot,pass,1.00,"Image shows 'Watermark Embedding Tasks' with a line chart displaying daily counts over 7 days (2020-11-04 to 2020-11-10), matching Figure 6 'Changes of watermark embedding task quantity'. | The RST states the number of watermark embedding tasks on each day in the last seven days is displayed, which is exactly what the chart shows. | A tooltip showing '2020-11-06 Watermark Embedding Task: 0' provides additional detail consistent with the chart's purpose.",No additional missing evidence; the image fully aligns with the RST description.
umn/source/user_guide/dataarts_security/data_security_operations/diagnosing_data_security_risks.rst,Diagnosing Data Security Risks,en-us_image_0000002269203853.png,other,pass,1.00,"Image is a mind-map diagram showing 'Data security diagnosis' with three branches: Sensitive data protection, Data permission control, Data source protection. | Matches Figure 1 caption and the RST text describing the three diagnosis items. | Sub-items (data security levels, identification rules, masking, high privilege management, table permission control, security authentication, internet access, security group) align with the RST context. | No interactive controls present; it is a static infographic.",
umn/source/user_guide/dataarts_security/data_security_operations/diagnosing_data_security_risks.rst,Diagnosing Data Security Risks,en-us_image_0000002234244404.png,screenshot,pass,1.00,"Screenshot of the DataArts Studio console showing the Data Security Diagnosis page. | Left navigation pane highlights 'Data Security Diagnosis' under 'Data Security Operations', matching RST step 2. | Tabs for Sensitive Data Protection, Data Permission Control, Data Source Protection and a Scan button are visible, matching RST step 3. | Status shows 'Not scanned' which is consistent with the pre-scan state described in the procedure.",
umn/source/user_guide/dataarts_security/data_security_operations/diagnosing_data_security_risks.rst,Diagnosing Data Security Risks,en-us_image_0000002234084572.png,screenshot,pass,1.00,"Screenshot of the Data Security Diagnosis page after a scan, showing the Sensitive Data Protection tab active. | Displays risk levels (No risk, High risk) and diagnosis results, matching RST step 4 and Figure 3 caption. | A 'Handle Risk' button is visible next to the High risk item, consistent with the RST instruction to click Handle Risk. | Rescan button and last-scanned timestamp are visible, confirming post-scan state.",
umn/source/user_guide/dataarts_security/data_security_operations/viewing_audit_logs.rst,Viewing Audit Logs,en-us_image_0000002269120153.png,screenshot,pass,1.00,"Image shows the DataArts Studio console with Data Access Audit selected in the left navigation pane | Main area displays Data Access Audit with DWS Audit Log, HIVE Audit Log, and DLI Audit Log tabs | Export button and Data Connection Type dropdown are visible | Table headers Log Details, Execution Started, Execution Comple... are shown | Matches Figure 1 description in the RST exactly",
umn/source/user_guide/dataarts_security/data_security_operations/viewing_audit_logs.rst,Viewing Audit Logs,en-us_image_0000002234240764.png,screenshot,pass,1.00,"Image shows the DWS Audit Log tab with a detailed table of audit entries | Columns include Log Details, Execution Started, Operation Type, Audit Type, Operation Executor, Database, Object Name, Operation Command, Operation Result | Export button is visible in the top-left | Multiple log entries show login_logout, dml, and set operations with ok status | Matches Figure 2 description about DWS audit logs and Log Details/Export functionality",
umn/source/user_guide/dataarts_security/data_security_operations/viewing_audit_logs.rst,Viewing Audit Logs,en-us_image_0000002269120137.png,screenshot,pass,1.00,"Image shows the HIVE Audit Log tab with search content field and Lowest Log Level dropdown | Search and Search Settings buttons are visible | Table displays Time, Host Name, Line No., Log Level, Log Content columns | Log content shows HiveServer2 handler pool entries with user names and operation details | Matches Figure 3 description about MRS Hive audit logs with search-based display",
umn/source/user_guide/dataarts_security/data_security_operations/viewing_audit_logs.rst,Viewing Audit Logs,en-us_image_0000002269200217.png,screenshot,pass,1.00,"Image shows the DLI Audit Log tab with a table of log entries | Columns include Log Details, User Name, Database, Operation Type, Status, Created At, Time Cost, Statement, Results, Queue | User names are blurred for privacy | All entries show QUERY operation type with Successful status | Matches Figure 4 description about DLI audit logs with Log Details functionality",
umn/source/user_guide/dataarts_security/managing_the_recycle_bin.rst,Managing the Recycle Bin,en-us_image_0000002269195621.png,screenshot,pass,1.00,"Image shows the Recycle Bin page in DataArts Studio with left navigation pane highlighting 'Recycle Bin' | Displays 'Permission Sets' and 'Dynamic Masking' tabs matching the RST description of viewing deleted resources | Table columns (Name, ID, Administrator, Data Source Type, Parent Permission, Synchronization Status, Deleted By, Deleted At, Operation) align with the RST content about viewing deleted permission sets | Directly corresponds to Figure 1 referenced in step 2 of the RST",
umn/source/user_guide/dataarts_security/managing_the_recycle_bin.rst,Managing the Recycle Bin,en-us_image_0000002234236188.png,screenshot,pass,1.00,"Image shows the Recycle Bin page with the 'Restore' button above the list highlighted in a red box | The 'Restore' link in the Operation column is also highlighted in a red box, matching step 4's two methods | Checkbox is selected for the test_09 row, demonstrating the 'select permission sets' method described in the RST | Directly corresponds to Figure 2 'Restoring data' referenced in step 4 of the RST",
umn/source/user_guide/dataarts_security/managing_the_recycle_bin.rst,Managing the Recycle Bin,en-us_image_0000002269195609.png,screenshot,pass,1.00,"Image shows a 'Restore' dialog box with the message 'Restore the following 1 permission sets?' | Displays 'Name Conflict Strategy' with two radio button options: 'Report an error' and 'Add a timestamp to each name', exactly matching the RST description | Shows 'Cancel' and 'Yes' buttons as described in step 5 | Directly corresponds to Figure 3 'Setting Name Conflict Strategy' referenced in step 5 of the RST",
umn/source/user_guide/dataarts_security/overview.rst,Overview,en-us_image_0000002234078752.png,other,pass,1.00,"Image is a framework diagram matching Figure 1 caption 'DataArts Studio DataArts Security framework' | Shows all three major sections described in RST: Unified data security policies, End-to-end data security, and Resources | Unified data security policies section lists all four sub-components: Unified permission governance, Sensitive data governance, Privacy protection policies, Data security operations | End-to-end data security shows the full lifecycle: Data integration, Data management, Data development, Data assets, Data services | Resources section at bottom shows MRS, GaussDB(DWS), and DLI as stated in the RST | General-purpose security control layer includes Dynamic data masking, Data connection management, Agency permission management, Role management",
umn/source/user_guide/dataarts_security/overview.rst,Overview,en-us_image_0000002269117941.png,other,pass,1.00,"Image is a role-based diagram matching Figure 2 caption 'How different roles can use DataArts Security' | Shows all four roles mentioned in the RST: Data development engineer, Data security administrator, Data security auditor, Data security operator | Each role is mapped to specific tasks consistent with the RST description of security and governance requirements | Data development engineer shows Data permission application and Script/Job development | Data security administrator shows Data permission configuration, Queue permission configuration, Data classification, Resource permission configuration | Data security auditor shows Data security audit and Audit report | Data security operator shows Data security trend and Data security risks",
umn/source/user_guide/dataarts_security/sensitive_data_governance/creating_data_classifications.rst,Creating Data Classifications,en-us_image_0000002269202909.png,screenshot,pass,1.00,"Shows the DataArts Security > Data Classification page with left navigation, classification directory, Basic Information and Rule Recognition panels. | Matches Figure 1/Figure 3 caption 'Data Classification page' and the navigation steps in the RST. | Includes the 'Import Preset Data Classification' button referenced in the import section.",
umn/source/user_guide/dataarts_security/sensitive_data_governance/creating_data_classifications.rst,Creating Data Classifications,en-us_image_0000002234083500.png,screenshot,pass,1.00,"Shows the 'Create Classification' dialog with Level, Classification Name and Description fields. | Matches Figure 2 'Creating a data classification' and Table 1 parameters (Classification Name, Description). | Contains Cancel and OK buttons consistent with the described dialog box.",
umn/source/user_guide/dataarts_security/sensitive_data_governance/creating_data_classifications.rst,Creating Data Classifications,en-us_image_0000002234243376.png,screenshot,pass,1.00,"Shows the 'Import Preset Data Classification' dialog with rule list, Data Classification and Security Level columns. | Matches Figure 4 'Importing preset data classifications' and the import section steps. | Includes the informational note about importing identification rules and configuring security levels, matching the RST constraints.",
umn/source/user_guide/dataarts_security/sensitive_data_governance/creating_data_classifications.rst,Creating Data Classifications,en-us_image_0000002234083540.png,icon,partial,0.65,"Small tree/list pictogram referenced as |image1| for adding a root classification. | Symbolic UI icon, not a full interface, so limited detail.",Icon is low-resolution; exact glyph meaning is inferred from RST context.
umn/source/user_guide/dataarts_security/sensitive_data_governance/creating_data_classifications.rst,Creating Data Classifications,en-us_image_0000002234083524.png,icon,partial,0.65,Small tree/list pictogram referenced as |image2| for adding a same-level classification. | Symbolic UI icon with limited visual detail.,Low-resolution icon; meaning inferred from RST context.
umn/source/user_guide/dataarts_security/sensitive_data_governance/creating_data_classifications.rst,Creating Data Classifications,en-us_image_0000002234243424.png,icon,partial,0.65,Small tree-with-plus pictogram referenced as |image3| for adding a sub-classification. | Symbolic UI icon with limited visual detail.,Low-resolution icon; meaning inferred from RST context.
umn/source/user_guide/dataarts_security/sensitive_data_governance/creating_data_classifications.rst,Creating Data Classifications,en-us_image_0000002269122769.png,icon,partial,0.65,Small tree/list pictogram referenced as |image4| in the create-classification step. | Symbolic UI icon with limited visual detail.,Low-resolution icon; meaning inferred from RST context.
umn/source/user_guide/dataarts_security/sensitive_data_governance/creating_data_classifications.rst,Creating Data Classifications,en-us_image_0000002269122741.png,icon,partial,0.65,Small tree-with-plus pictogram referenced as |image5| in the create-classification step. | Symbolic UI icon with limited visual detail.,Low-resolution icon; meaning inferred from RST context.
umn/source/user_guide/dataarts_security/sensitive_data_governance/creating_data_classifications.rst,Creating Data Classifications,en-us_image_0000002234083532.png,icon,partial,0.65,Small import/box pictogram referenced as |image6| to open the Import Preset Data Classification dialog. | Symbolic UI icon with limited visual detail.,Low-resolution icon; meaning inferred from RST context.
umn/source/user_guide/dataarts_security/sensitive_data_governance/creating_data_classifications.rst,Creating Data Classifications,en-us_image_0000002269122729.png,icon,partial,0.65,Small pencil/edit pictogram referenced as |image7| for editing a classification. | Symbolic UI icon with limited visual detail.,Low-resolution icon; meaning inferred from RST context.
umn/source/user_guide/dataarts_security/sensitive_data_governance/creating_data_classifications.rst,Creating Data Classifications,en-us_image_0000002269122761.png,icon,partial,0.65,Small trash/delete pictogram referenced as |image8| for deleting a classification. | Symbolic UI icon with limited visual detail.,Low-resolution icon; meaning inferred from RST context.
umn/source/user_guide/dataarts_security/sensitive_data_governance/creating_data_classifications.rst,Creating Data Classifications,en-us_image_0000002234083536.png,icon,partial,0.65,Small edit-in-box pictogram referenced as |image9| for editing the data classification directory. | Symbolic UI icon with limited visual detail.,Low-resolution icon; meaning inferred from RST context.
umn/source/user_guide/dataarts_security/sensitive_data_governance/creating_data_classifications.rst,Creating Data Classifications,en-us_image_0000002269122749.png,icon,partial,0.65,Small edit-in-box pictogram referenced as |image10| for editing the classification directory. | Symbolic UI icon with limited visual detail.,Low-resolution icon; meaning inferred from RST context.
umn/source/user_guide/dataarts_security/sensitive_data_governance/creating_data_security_levels.rst,Creating Data Security Levels,en-us_image_0000002269120173.png,screenshot,pass,1.00,"Image shows the Data Confidentiality page in DataArts Security console with left navigation pane | Left navigation shows 'Data Confidentiality' selected under 'Sensitive Data Identification' | Page displays Create and Delete buttons, Default Security Level dropdown set to None | Table with columns Security Level, Name, Description, Created, Creator, Operation is visible | Empty state 'No data available' is shown, consistent with a fresh page before creating any levels | Matches Figure 1 description: 'Data Confidentiality page' at step 2 of Creating a Security Level",
umn/source/user_guide/dataarts_security/sensitive_data_governance/creating_data_security_levels.rst,Creating Data Security Levels,en-us_image_0000002234240816.png,screenshot,pass,1.00,"Image shows the Data Confidentiality page with a security level 'L1' being created | Name field contains 'L1' and Description field is empty, matching Table 1 parameters | Created timestamp shows Jul 01,2024 11:18:24 GMT+08:00 | Operation column shows Edit, Delete, More options | Matches Figure 2 description: 'Creating a data security level' at step 3 of Creating a Security Level | Shows the state after clicking Create and entering the security level name",
umn/source/user_guide/dataarts_security/sensitive_data_governance/creating_data_security_levels.rst,Creating Data Security Levels,en-us_image_0000002234240840.png,screenshot,pass,1.00,"Image shows the Data Confidentiality page with one security level 'L1' already created | Default Security Level dropdown shows '1 L1' selected, indicating a default has been configured | Text reads 'You can create 9 more' confirming one level exists | Left navigation pane visible with Data Confidentiality highlighted | Matches Figure 3 description: 'Data Confidentiality page' at step 2 of Configuring the Default Security Level",
umn/source/user_guide/dataarts_security/sensitive_data_governance/creating_data_security_levels.rst,Creating Data Security Levels,en-us_image_0000002234240832.png,screenshot,pass,1.00,Image shows the Default Security Level dropdown expanded with options 'None' and '1 L1' | This directly illustrates step 3: 'Select a security level from the Default Security Level drop-down list box' | Table shows one security level L1 with description '--' | Matches Figure 4 placement in the Configuring the Default Security Level section | The figure caption in RST says 'Creating a data security level' but the image content correctly shows the default level selection step,"Figure 4 caption in RST says 'Creating a data security level' which is slightly inconsistent with the actual content showing default level selection, but the image itself is correct for the step"
umn/source/user_guide/dataarts_security/sensitive_data_governance/creating_identification_rule_groups.rst,Creating Identification Rule Groups,en-us_image_0000002269200045.png,screenshot,pass,1.00,"Image shows the DataArts Studio console with the Rule Groups tab selected under Sensitive Data Identification, matching Figure 1 caption exactly | Left navigation bar shows Data Identification Rules highlighted, consistent with RST step 2 | The Rule Groups tab is underlined/active, matching RST step 3 instruction to click the Rule Groups tab | Create button and the note about 100 groups align with the RST constraints section | Table columns (Group, Rule Quantity, Details) are visible as expected for a rule groups list page",
umn/source/user_guide/dataarts_security/sensitive_data_governance/creating_identification_rule_groups.rst,Creating Identification Rule Groups,en-us_image_0000002234080780.png,screenshot,pass,1.00,"Image shows the Create Group dialog with Group name field (filled with 'test') and Description field, matching Table 1 parameters in the RST | Two-panel rule selection layout (All and Selected) matches RST step 4 description of selecting identification rules | The Selected panel shows the rule displayed on the right as described in the RST text after Figure 2 | OK and Cancel buttons at the bottom match the RST instruction to click OK after setting parameters | Security Level, Rule Recognition, and Data Classification columns are visible in both panels",
umn/source/user_guide/dataarts_security/sensitive_data_governance/creating_identification_rules.rst,Creating Identification Rules,en-us_image_0000002234077368.png,screenshot,pass,0.88,"Image shows the DataArts Security > Sensitive Data Identification > Data Identification Rules page with the Recognition Rules tab active, matching step 3 of the RST. | The Create button is visible as described in the RST instruction 'click Create'. | The left navigation pane shows the correct hierarchy: DataArts Security > Sensitive Data Identification > Data Identification Rules. | The image displays 'Up to 200 rules can be created' while the RST constraints state 'A maximum of 100 data identification rules can be created', which is a numerical discrepancy.","The RST states a maximum of 100 rules but the screenshot shows 200, creating a version or documentation inconsistency."
umn/source/user_guide/dataarts_security/sensitive_data_governance/creating_identification_rules.rst,Creating Identification Rules,en-us_image_0000002234237192.png,screenshot,pass,1.00,"Image shows the 'Create Rule' dialog with fields: Type (set to Built-In), Security Level, Data Classification, Template, Test Data, Test button, Name, and Description. | All fields match Table 1 in the RST for the Built-in type: Type, Security Level, Data Classification, Template, Name, Description. | The Test Data field and Test button correspond to the RST description: 'After selecting a preset rule, you can enter test data to check whether the preset rule can identify the test data.' | The dialog is referenced as Figure 2 in step 4 of the RST, which is exactly what is shown.","The Custom type fields (Rule Recognition, Regular) are not visible since Type is set to Built-In, but this is expected behavior per the RST."
umn/source/user_guide/dataarts_security/sensitive_data_governance/creating_identification_rules.rst,Creating Identification Rules,en-us_image_0000002234077340.png,icon,pass,1.00,"Image is a small toggle/switch icon in the off (disabled) state, shown in gray with the circle on the left. | The RST references this as |image1| in the 'Editing the identification rule status' section: 'click |image1| or |image2| to enable or disable the rule.' | The icon represents the disabled state of an identification rule, consistent with the RST context about enabling/disabling rules. | It is a small symbolic UI element (toggle switch), classified as an icon.",No additional context needed; the icon is self-explanatory in the context of the RST.
umn/source/user_guide/dataarts_security/sensitive_data_governance/creating_identification_rules.rst,Creating Identification Rules,en-us_image_0000002269116549.png,icon,pass,1.00,"Image is a small toggle/switch icon in the on (enabled) state, shown in blue with the circle on the right. | The RST references this as |image2| in the 'Editing the identification rule status' section: 'click |image1| or |image2| to enable or disable the rule.' | The icon represents the enabled state of an identification rule, consistent with the RST context. | It is a small symbolic UI element (toggle switch), classified as an icon.",No additional context needed; the icon is self-explanatory in the context of the RST.
umn/source/user_guide/dataarts_security/sensitive_data_governance/discovering_sensitive_data.rst,Discovering Sensitive Data,en-us_image_0000002269118937.png,screenshot,pass,1.00,"Image shows the Sensitive Data Discovery page with left navigation pane, matching Figure 1 caption in the RST. | The left navigation bar displays 'Sensitive Data Discovery' highlighted under 'Sensitive Data Identification', exactly as described in step 2. | The right panel shows Create and Delete buttons along with a task list table, consistent with the page layout described. | Sub-items (Data Confidentiality, Data Classification, Data Identification Rules, Sensitive Data Discovery, Sensitive Data Distribution) match the navigation structure implied by the RST.",
umn/source/user_guide/dataarts_security/sensitive_data_governance/discovering_sensitive_data.rst,Discovering Sensitive Data,en-us_image_0000002269118933.png,screenshot,pass,1.00,"Image shows the 'Create Sensitive Task' slide-out panel, matching Figure 2 caption in the RST. | Basic Settings section includes Task, Task Description, Data Source, Data Connection, Database, and Data Table fields as listed in Table 1. | Rule Settings section shows Recognize Rule Group dropdown and a table with Group, Rule Quantity, Details, Operation columns. | Schedule Properties section shows Repeat with Once and On Schedule radio buttons, matching the RST description. | Checkboxes for 'Update the security level' and 'Manually synchronize the recognition result' are visible, matching the RST constraints. | OK and Cancel buttons at the bottom correspond to step 4 (Click OK).","The Configure Resources section (Specifications, Executor Memory, Executor Cores, Executors, Driver Cores, Driver Memory) is not visible in this screenshot, likely below the visible area."
umn/source/user_guide/dataarts_security/sensitive_data_governance/discovering_sensitive_data.rst,Discovering Sensitive Data,en-us_image_0000002234079740.png,icon,pass,1.00,"Image is a small downward-pointing chevron/arrow icon, used as an expand/collapse control. | The RST references this as |image1| in the sentence 'click |image1| to expand instances' in the Related Operations section. | The icon's function (expanding a list of instances) is consistent with a down-chevron UI symbol. | The image is a small, isolated UI symbol with no surrounding interface context, fitting the 'icon' classification.",
umn/source/user_guide/dataarts_security/sensitive_data_governance/managing_sensitive_data.rst,Managing Sensitive Data,en-us_image_0000002234076456.png,screenshot,pass,1.00,"Image shows the Sensitive Data Governance page with the left navigation pane highlighting 'Sensitive Data Governance' under 'Sensitive Data Identification' | The page displays the 'Secrecy Level Permission Governance' tab with a default policy row showing User Type=User, Username=All Users, Confidentiality=10, Permission Type=PREVIEW | This matches the RST description of Figure 1 and step 2 which states a default policy granting all users access to the highest security level is displayed | The Create and Delete buttons are visible, consistent with the RST instructions",
umn/source/user_guide/dataarts_security/sensitive_data_governance/managing_sensitive_data.rst,Managing Sensitive Data,en-us_image_0000002234236288.png,screenshot,pass,1.00,"Image shows the Sensitive Data Governance page with a new policy row in edit mode containing dropdowns for User Type, Username, Confidentiality, and Permission Type | The four parameters (User Type, Username, Confidentiality, Permission Type) exactly match Table 1 in the RST | The Operation column shows Save and Cancel links for the new row, consistent with step 3 (Click Create and set parameters) and step 4 (Click Save) | The existing default policy row (All Users, 10, PREVIEW) is still visible below the new entry",
umn/source/user_guide/dataarts_security/sensitive_data_governance/sensitive_data_governance_process.rst,Sensitive Data Governance Process,en-us_image_0000002269117509.png,other,pass,1.00,"The image is a flowchart titled by the RST as 'Figure 1 Sensitive data identification process', matching the section topic exactly. | Each flowchart step (Create data security levels, Create data classifications, Create identification rules, Create identification rule groups, Discover sensitive data, View sensitive data distribution) corresponds one-to-one with the numbered list in the RST. | The diagram starts with 'Start' and ends with 'End', consistent with a process description. | A feedback arrow from 'Create identification rules' back to 'Create data security levels' is an extra detail but does not contradict the RST.","The RST does not explicitly describe the feedback/loop arrow shown in the diagram, so its purpose is not documented in the text."
umn/source/user_guide/dataarts_security/sensitive_data_governance/viewing_sensitive_data_distribution.rst,Viewing Sensitive Data Distribution,en-us_image_0000002269123241.png,screenshot,pass,1.00,"Shows the Sensitive Data Distribution page with left navigation highlighting 'Sensitive Data Distribution', matching Figure 1 caption. | Displays the three tabs (Sensitive Data Distribution, Data Discovery, Manual Recovery) and filter fields described in the RST. | Contains the 'Data of Different Security Levels' and 'Data of Different Categories' panels consistent with the page layout.",
umn/source/user_guide/dataarts_security/sensitive_data_governance/viewing_sensitive_data_distribution.rst,Viewing Sensitive Data Distribution,en-us_image_0000002269203249.png,screenshot,pass,1.00,"Shows expanded data source details with a table of columns (Column, Policy Name, Recognition Rules, Status, Security Level) matching Figure 2. | Operation column shows OK, Ignore, Data Sync, Delete actions described in Method 1 of the RST. | Confirm, Data Sync, and Delete batch buttons are visible, consistent with the documented batch operations.",
umn/source/user_guide/dataarts_security/sensitive_data_governance/viewing_sensitive_data_distribution.rst,Viewing Sensitive Data Distribution,en-us_image_0000002269123037.png,screenshot,pass,1.00,"Shows the Data Discovery tab with a data connection search field, matching Figure 3 and Method 2. | Table includes Data Source, Data Connection, Database, Rule, Security Level, Data Classification, and an Operation column with a View button. | The highlighted View button aligns with the RST instruction to click View in the Operation column.",
umn/source/user_guide/dataarts_security/sensitive_data_governance/viewing_sensitive_data_distribution.rst,Viewing Sensitive Data Distribution,en-us_image_0000002269203313.png,screenshot,pass,1.00,"Shows a 'View details' dialog with Data Table, Field, and Created columns, matching Figure 4. | Lists sensitive data fields (moth_tel_num) with creation timestamps, consistent with viewing sensitive data details. | Includes a status button (Disabled) relevant to the identification rule state.",
umn/source/user_guide/dataarts_security/sensitive_data_governance/viewing_sensitive_data_distribution.rst,Viewing Sensitive Data Distribution,en-us_image_0000002234243700.png,screenshot,pass,1.00,"Shows the Manual Recovery tab with a rule table, matching Figure 5 and the Manual Recovery instructions. | Operation column highlights OK, Ignore, and Data Sync actions as described in the RST. | Status column shows Disabled/Enabled states consistent with confirming or ignoring identification rules.",
umn/source/user_guide/dataarts_security/sensitive_data_governance/viewing_sensitive_data_distribution.rst,Viewing Sensitive Data Distribution,en-us_image_0000002269203125.png,icon,pass,1.00,"Small downward chevron icon matching the |image1| reference used to expand data source details in Method 1. | Symbolic UI control (expand arrow) consistent with the RST instruction to click the icon to expand details. | Isolated pictogram with no full interface, classifying it as an icon.",
umn/source/user_guide/dataarts_security/sensitive_data_protection/data_watermarks/embedding_data_watermarks.rst,Embedding Data Watermarks,en-us_image_0000002269123189.png,other,fail,0.00,Local color check detected #3298ff.,
umn/source/user_guide/dataarts_security/sensitive_data_protection/data_watermarks/embedding_data_watermarks.rst,Embedding Data Watermarks,en-us_image_0000002234243736.png,screenshot,pass,1.00,"Image shows the DataArts Security left navigation with 'Data Watermark Embedding' highlighted, matching step 2 of the RST. | The 'Create' button is visible in the upper part of the page as described in the RST. | The right panel shows a Task list with Create and Delete buttons, consistent with the 'Creating a Data Watermark Embedding Task' section. | Figure 2 caption in RST matches the content shown.",
umn/source/user_guide/dataarts_security/sensitive_data_protection/data_watermarks/embedding_data_watermarks.rst,Embedding Data Watermarks,en-us_image_0000002234083872.png,screenshot,pass,1.00,"Image shows the Basic Settings step (step 1 of 3) in the Create Task wizard, matching Figure 3 caption. | All fields from Table 1 are visible: Task, Description, Watermark ID, Error Correction Level (default 1), Watermark Version (V1). | The breadcrumb 'Data Watermark Embedding > Create Task' confirms the context. | Error Correction Level shows default value 1 and Watermark Version shows V1, consistent with RST descriptions.",
umn/source/user_guide/dataarts_security/sensitive_data_protection/data_watermarks/embedding_data_watermarks.rst,Embedding Data Watermarks,en-us_image_0000002269123245.png,screenshot,pass,1.00,"Image shows step 2 'Source and Target Settings' in the Create Task wizard, matching Figure 4 caption. | Source Settings section shows Data Source Type (MRS Hive), Data Connection, Database, Source Table, Watermark Embedding Bar, Dataset Scope (Incremental), and Time Field, all matching Table 2. | Target Database Settings section shows Data Source Type, Data Connection, Database, and Target Table with a Test button and green checkmark, matching Table 2. | Configure and Clear buttons are visible for Database and Source Table fields as described in the RST.","HTTP/HTTPS Port field is not visible, which is consistent since it is only required for MRS Doris and the image shows MRS Hive."
umn/source/user_guide/dataarts_security/sensitive_data_protection/data_watermarks/embedding_data_watermarks.rst,Embedding Data Watermarks,en-us_image_0000002234243852.png,screenshot,pass,1.00,"Image shows step 3 'Schedule Info Settings' in the Create Task wizard, matching Figure 5 caption. | Repeat field shows 'On Schedule' selected, consistent with the RST description for Incremental dataset scope. | Date, Cycle (Week), Time, Time Range, and Start now fields are all visible, matching Table 3 parameters. | The date range (Aug 25, 2023 to Sep 01, 2023) and Cycle set to Week align with the RST example of weekly scheduling.",
umn/source/user_guide/dataarts_security/sensitive_data_protection/data_watermarks/embedding_data_watermarks.rst,Embedding Data Watermarks,en-us_image_0000002269123157.png,icon,pass,1.00,"Image is a small downward-pointing chevron icon, used as an expand/collapse control in the UI. | The RST references this as |image1| in the context of 'click |image1| to expand instances' under Related Operations. | The icon is a standard UI symbol for expanding a list or section, consistent with its described purpose. | It is a small isolated pictogram, correctly classified as an icon.",
umn/source/user_guide/dataarts_security/sensitive_data_protection/data_watermarks/tracing_data_using_watermarks.rst,Tracing Data Using Watermarks,en-us_image_0000002269196145.png,screenshot,pass,1.00,"Image shows the DataArts Security left navigation with 'Data Watermark Source Tracing' highlighted, matching step 2 of the RST | The 'Create' button is visible in the upper part of the page as described in the RST | Navigation items (Dashboard, Access Permission Management, Sensitive Data Identification, Privacy Protection) are consistent with the DataArts Studio console layout",
umn/source/user_guide/dataarts_security/sensitive_data_protection/data_watermarks/tracing_data_using_watermarks.rst,Tracing Data Using Watermarks,en-us_image_0000002269196137.png,screenshot,pass,1.00,"Image shows the 'Create Task' dialog with all four parameters from Table 1: Task, Description, Source File, Separator | The Description field shows a 0/1,024 character counter matching the 1,024 character limit in the RST | Source File field shows 'Select a CSV file to upload' consistent with the CSV file requirement | Separator dropdown shows comma as default, matching the RST description | Run and Cancel buttons are present at the bottom of the dialog",
umn/source/user_guide/dataarts_security/sensitive_data_protection/data_watermarks/tracing_data_using_watermarks.rst,Tracing Data Using Watermarks,en-us_image_0000002234076868.png,screenshot,pass,1.00,Image shows a 'Watermark Tracing Result' dialog consistent with the 'Viewing the source tracing result' section | The dialog displays a task name 'fafa' and a 'Watermark ID' field with '--' indicating no watermark was found | The Close button is present for dismissing the result dialog | This matches the RST description of clicking 'View Result' in the Operation column,"The RST mentions results are displayed only for successfully executed tasks, but the image shows a null result ('--'), which is consistent but doesn't confirm the task state"
umn/source/user_guide/dataarts_security/sensitive_data_protection/dynamic_masking_tasks/managing_dynamic_masking_policies.rst,Managing Dynamic Masking Policies,en-us_image_0000002269200897.png,screenshot,pass,1.00,"Image shows the DataArts Security console with 'Dynamic Masking' selected in the left navigation pane, matching Figure 1 caption exactly. | The main panel displays the Dynamic Masking page with tabs, Create/Delete/Synchronise/Batch Settings buttons, and a table with Policy Name, Data Source Type, Cluster Name columns. | Left navigation shows the expected hierarchy: Privacy Protection > Dynamic Masking, consistent with the RST step 2 instruction. | All visible UI elements align with the RST description of navigating to Dynamic Masking and the Create button referenced in step 3.",
umn/source/user_guide/dataarts_security/sensitive_data_protection/dynamic_masking_tasks/managing_dynamic_masking_policies.rst,Managing Dynamic Masking Policies,en-us_image_0000002269200889.png,screenshot,pass,1.00,"Image shows the 'Create Dynamic Masking...' form with all parameters listed in Table 1: Policy Name, Data Source, User Group/Username, Data Connection, Cluster Name, Database, Data Table, Data Column. | Data Source is set to 'MRS Hive', matching the MRS Hive section of Table 1 in the RST. | The Data Column area shows a table with Column Name, Data Type, Confidentiality, Data Classification, and Masking Rule columns, consistent with the RST description. | The open dropdown for Masking Rule shows options (Mask, Show only the first/last four characters, Replace a value with its hash value, Mask the month and date, Replace a value with null) that match Table 2 MRS dynamic masking rules. | Figure 2 caption in RST is 'Setting parameters for the dynamic masking policy', which exactly matches this image.",
umn/source/user_guide/dataarts_security/sensitive_data_protection/dynamic_masking_tasks/managing_dynamic_masking_policies.rst,Managing Dynamic Masking Policies,en-us_image_0000002234241468.png,screenshot,pass,1.00,"Image shows a 'Policy Details(rrr)' dialog displaying policy information: Policy Name, User Group/Username, Data Connection, Cluster Name, Database Name, Table Name, and Data Column. | The Data Column section shows a table with column details (float_test, float, Mask lette...), consistent with the RST description of viewing policy details. | Running Logs section at the bottom shows 'Synchronization successful', matching the RST mention of policy run logs and synchronization status. | Figure 3 caption in RST is 'Viewing policy details', which exactly matches this image. | The RST Related Operations section describes clicking a policy name to view its details, which is what this dialog represents.","User Group/Username value is blurred/redacted in the image, so the exact value cannot be verified."
umn/source/user_guide/dataarts_security/sensitive_data_protection/dynamic_masking_tasks/subscribing_to_dynamic_masking_policies.rst,Subscribing to Dynamic Masking Policies,en-us_image_0000002269116957.png,other,pass,1.00,"Flowchart accurately depicts the dynamic masking policy subscription process described in the RST | All steps match: third-party platform releases to Kafka, DataArts Security consumes, format check, policy generation, synchronization to Ranger | The decision diamond for message format validation matches the constraints section | Figure 1 caption in RST matches the image content exactly",
umn/source/user_guide/dataarts_security/sensitive_data_protection/dynamic_masking_tasks/subscribing_to_dynamic_masking_policies.rst,Subscribing to Dynamic Masking Policies,en-us_image_0000002269197045.png,screenshot,pass,1.00,"Shows the Dynamic Desensitization Subscription tab as described in step 2 of the RST | Left navigation shows Dynamic Masking under Privacy Protection, matching the RST instructions | Create Subscription button and table with Kafka Connection Name and Cluster Name columns are visible | Figure 2 caption in RST matches the image content",
umn/source/user_guide/dataarts_security/sensitive_data_protection/dynamic_masking_tasks/subscribing_to_dynamic_masking_policies.rst,Subscribing to Dynamic Masking Policies,en-us_image_0000002234077760.png,screenshot,pass,1.00,"Shows the Create Subscription slide-out panel with all parameters from Table 1 | Connection Settings section includes Select Cluster, Cluster Type, Data Connection, Kafka Data Connection, Topic Subject | Scheduling Settings section includes Scheduling Time, Scheduling Period, Schedule Interval | OK and Cancel buttons at the bottom match the RST instruction to click OK | Figure 3 caption in RST matches the image content",
umn/source/user_guide/dataarts_security/sensitive_data_protection/dynamic_masking_tasks/subscribing_to_dynamic_masking_policies.rst,Subscribing to Dynamic Masking Policies,en-us_image_0000002234077756.png,screenshot,pass,1.00,"Shows the Subscription Details panel as described in the Related Operations section for viewing task details | Basic Information section displays Cluster Name, Cluster Type (MRS), Data Connection, Kafka Data Connection, Topic Subject, Scheduling Time, Scheduling Period, Schedule Interval | Shows Last Synchronized, Scheduling Status, Latest Synchronization Result, and Kafka Remaining Message Count | Run Logs section is visible at the bottom | Figure 4 caption in RST matches the image content",
umn/source/user_guide/dataarts_security/sensitive_data_protection/dynamic_watermarks.rst,Dynamic Watermarks,en-us_image_0000002269198593.png,screenshot,pass,1.00,"Shows the Dynamic Watermarking page in DataArts Studio with left navigation pane highlighting 'Dynamic Watermarking' | Displays the 'Dynamic Watermarking for DataArts Factory' toggle (off), Create and Delete buttons, and a table with Policy Name and Data Source Type columns | Matches Figure 1 caption 'Accessing the Dynamic Watermarking page' and steps 2-3 of the RST | Navigation items (Privacy Protection > Dynamic Watermarking) align with the RST instructions",
umn/source/user_guide/dataarts_security/sensitive_data_protection/dynamic_watermarks.rst,Dynamic Watermarks,en-us_image_0000002269118513.png,screenshot,pass,1.00,"Shows the 'Create Watermarking Policy' form under Dynamic Watermarking breadcrumb | All parameters from Table 1 are visible: Policy Name, Data Source Type, Data Connection, Cluster Name, Database, Data Table, User Group/Role | Cluster Name field appears grayed out, consistent with RST note 'You do not need to set this parameter' | Configure and Clear buttons next to Database and Data Table fields match the table selection modes described in the RST | Matches Figure 2 caption 'Setting parameters for the dynamic watermarking policy'",
umn/source/user_guide/dataarts_security/sensitive_data_protection/dynamic_watermarks.rst,Dynamic Watermarks,en-us_image_0000002234239156.png,screenshot,pass,1.00,"Shows a 'Details (aaaaa)' dialog displaying policy details: Policy Name, Cluster Name, Database, Data Table, User Group, Role | The 'Disabled' button at the bottom indicates the policy status, consistent with the RST's 'Setting the policy status' section | Matches Figure 3 caption 'Viewing policy details' and the Related Operations section | Role field shows multiple roles (admin, developer, viewer, operator) consistent with the User Group/Role parameter",
umn/source/user_guide/dataarts_security/sensitive_data_protection/dynamic_watermarks.rst,Dynamic Watermarks,en-us_image_0000002234239164.png,icon,pass,0.88,"Small toggle switch icon in the off state (gray track, circle on left) | Referenced as |image1| in the RST: 'Click |image1| to enable dynamic watermarking for DataArts Factory' | The off-state toggle is appropriate for an action to enable the feature | Minimal visual detail as it is a simple UI toggle symbol",No surrounding context visible; the icon is isolated without the page it belongs to
umn/source/user_guide/dataarts_security/sensitive_data_protection/dynamic_watermarks.rst,Dynamic Watermarks,en-us_image_0000002269198617.png,icon,pass,0.88,"Small toggle switch icon in the off state (gray track, circle on left) | Referenced as |image2| in the RST: 'click |image2| or |image3| to enable or disable the policy' | The off-state toggle represents the disabled state of a policy, consistent with enabling a disabled policy | Minimal visual detail as it is a simple UI toggle symbol",No surrounding context visible; the icon is isolated without the policy list it belongs to
umn/source/user_guide/dataarts_security/sensitive_data_protection/dynamic_watermarks.rst,Dynamic Watermarks,en-us_image_0000002234239172.png,icon,pass,0.88,"Small toggle switch icon in the on state (blue track, circle on right) | Referenced as |image3| in the RST: 'click |image2| or |image3| to enable or disable the policy' | The on-state toggle represents the enabled state of a policy, consistent with disabling an enabled policy | Minimal visual detail as it is a simple UI toggle symbol",No surrounding context visible; the icon is isolated without the policy list it belongs to
umn/source/user_guide/dataarts_security/sensitive_data_protection/file_watermarks.rst,File Watermarks,en-us_image_0000002269120233.png,screenshot,pass,0.95,"Image clearly shows the DataArts Studio File Watermarks page with the Watermark Insertion tab active | Left navigation pane shows File Watermarks selected under Privacy Protection, matching the RST instructions | Form fields (Data Type, Watermark Content, Data, Field) match Table 1 parameters for inserting a watermark | The second tab label appears to read 'Watermark Insertion' instead of 'Watermark Extraction', which is a minor inconsistency with the RST and Image 2",The second tab label appears duplicated as 'Watermark Insertion' rather than 'Watermark Extraction' as expected from the RST context
umn/source/user_guide/dataarts_security/sensitive_data_protection/file_watermarks.rst,File Watermarks,en-us_image_0000002234081024.png,screenshot,pass,1.00,"Image shows the File Watermarks page with the Watermark Extraction tab active, matching the RST step 2 of the Extracting a Watermark section | Left navigation pane shows File Watermarks selected, consistent with the RST instructions | Form fields (Data Type, Watermark Content, Data) match Table 2 parameters for extracting a watermark | Watermark Content field appears disabled/grayed out, consistent with the RST note that users do not need to set this parameter",
umn/source/user_guide/dataarts_security/sensitive_data_protection/static_masking_tasks/managing_masking_algorithms.rst,Managing Masking Algorithms,en-us_image_0000002234239216.png,screenshot,pass,1.00,"Image shows the DataArts Studio console with the Masking Algorithms page in the left navigation pane, matching the RST description of navigating to Masking Algorithms. | The Create button is visible in the main area, corresponding to step 3 in the RST which instructs the user to click Create. | The page title 'Masking Algorithm' and the list of algorithms (DwsMaskPartialDigital, MaskDate) are consistent with the document's context. | The left navigation shows Privacy Protection expanded with Masking Algorithms highlighted, matching the RST navigation path.",
umn/source/user_guide/dataarts_security/sensitive_data_protection/static_masking_tasks/managing_masking_algorithms.rst,Managing Masking Algorithms,en-us_image_0000002269198653.png,screenshot,pass,1.00,"Image shows the 'Create Masking Algorithm' dialog with all parameters listed in Table 2: Algorithm, Description, Masking Algorithm, Test, and Test Result. | The Masking Algorithm dropdown is set to 'Mask', which matches the RST description of the Mask algorithm type. | The Algorithm Template section shows Recommendation/Custom radio buttons and a template dropdown with 'keeping prefix and suffix', consistent with the Mask algorithm's configurable parameters (n and m). | The Test field and Test Result area are visible, matching the RST's description of entering test data and viewing results. | The OK and Cancel buttons at the bottom correspond to the RST instruction to click OK after setting parameters.",
umn/source/user_guide/dataarts_security/sensitive_data_protection/static_masking_tasks/managing_masking_policies.rst,Managing Masking Policies,en-us_image_0000002234244060.png,screenshot,pass,1.00,"Shows the DataArts Studio console with 'Masking Policies' selected in the left navigation under 'Privacy Protection', matching step 2 of the RST. | The 'Create' button is visible in the upper part of the page as described in the RST. | A table with 'Policy Name' column is visible, consistent with the masking policies list page. | The figure caption in the RST is 'Figure 1 Creating a data masking policy' which aligns with the content shown.",
umn/source/user_guide/dataarts_security/sensitive_data_protection/static_masking_tasks/managing_masking_policies.rst,Managing Masking Policies,en-us_image_0000002269203485.png,screenshot,pass,1.00,"Shows the 'Create Masking Policy' dialog box as referenced in step 3 of the RST. | All parameters from Table 1 are visible: Policy Name, Description, Status toggle, Recognition Rules, Algorithm Type, Masking Algorithm, and Operation columns. | The OK and Cancel buttons at the bottom match the instruction to 'click OK'. | The Status toggle is shown in the enabled (on) state, consistent with the RST note that policies are enabled by default.",
umn/source/user_guide/dataarts_security/sensitive_data_protection/static_masking_tasks/managing_masking_policies.rst,Managing Masking Policies,en-us_image_0000002269203509.png,icon,pass,1.00,"Shows a toggle switch in the off/disabled state (gray track, circle on left), representing the disabled policy status. | Referenced in the RST as |image1| in the 'Setting the masking policy status' section for disabling a policy. | The icon is a small symbolic graphic used inline in the text, consistent with the 'icon' classification.",
umn/source/user_guide/dataarts_security/sensitive_data_protection/static_masking_tasks/managing_masking_policies.rst,Managing Masking Policies,en-us_image_0000002234084212.png,icon,pass,1.00,"Shows a toggle switch in the on/enabled state (blue track, circle on right), representing the enabled policy status. | Referenced in the RST as |image2| in the 'Setting the masking policy status' section for enabling a policy. | The icon is a small symbolic graphic used inline in the text, consistent with the 'icon' classification.",
umn/source/user_guide/dataarts_security/sensitive_data_protection/static_masking_tasks/managing_sample_libraries.rst,Managing Sample Libraries,en-us_image_0000002269199561.png,screenshot,pass,1.00,"Shows the Sample Libraries page in DataArts Studio console with left navigation pane | Matches Figure 1 caption 'Sample Libraries page' exactly | Displays the navigation items (Dashboard, Access Permission Management, Sensitive Data Identification, Privacy Protection, Masking Algorithms, Sample Libraries, Masking Policies) | Shows the Create button, search box, Edit toggle, and All classification as described in step 2",
umn/source/user_guide/dataarts_security/sensitive_data_protection/static_masking_tasks/managing_sample_libraries.rst,Managing Sample Libraries,en-us_image_0000002234240128.png,screenshot,pass,1.00,Shows the Sample Libraries page with Edit toggle activated (blue) | Displays the plus icon highlighted in red next to the All classification | Shows the 'New node' input field for entering a classification name | Matches Figure 2 caption 'Adding a sample library classification' and step 3 description,
umn/source/user_guide/dataarts_security/sensitive_data_protection/static_masking_tasks/managing_sample_libraries.rst,Managing Sample Libraries,en-us_image_0000002234240112.png,screenshot,pass,1.00,"Shows the Sample Libraries page with the Create button highlighted in red | Left pane shows All and test classifications | Right pane shows the Create button, search field, and Name column header | Matches Figure 3 caption 'Creating a sample' and step 4 description",
umn/source/user_guide/dataarts_security/sensitive_data_protection/static_masking_tasks/managing_sample_libraries.rst,Managing Sample Libraries,en-us_image_0000002234080276.png,screenshot,pass,1.00,"Shows the Create dialog box with all parameters from Table 1 | Fields visible: Name (obs01_agerange), Description (0/1,024), Classification (test), Sample Libraries (obs://cdm-resource/agerange.txt), Delimiter (Comma) | Cancel and Confirm buttons at the bottom | Matches Figure 4 caption 'Creating a sample' and step 5 description",
umn/source/user_guide/dataarts_security/sensitive_data_protection/static_masking_tasks/managing_sample_libraries.rst,Managing Sample Libraries,en-us_image_0000002269199569.png,icon,partial,0.72,Small toggle switch icon in off/gray state | Used as |image1| in step 3 to activate edit mode in the directory | Consistent with the Edit toggle seen in the screenshots | Generic toggle icon without specific labeling,No label or context visible in the isolated icon | Cannot confirm exact state (on/off) from the small image
umn/source/user_guide/dataarts_security/sensitive_data_protection/static_masking_tasks/managing_sample_libraries.rst,Managing Sample Libraries,en-us_image_0000002234240120.png,icon,pass,1.00,Plus sign in a circle icon representing add/new node | Used as |image2| in step 3 to add a sample library classification | Matches the plus icon highlighted in red in Figure 2 | Clearly an add/create action icon,
umn/source/user_guide/dataarts_security/sensitive_data_protection/static_masking_tasks/managing_sample_libraries.rst,Managing Sample Libraries,en-us_image_0000002234240092.png,icon,partial,0.72,"Small toggle switch icon in off/gray state | Used as |image3| in Related Operations for editing a sample library classification | Represents the Edit toggle to activate edit mode | Same icon as |image1|, generic toggle without specific context",No label visible in the isolated icon | Cannot distinguish from other toggle icons in the document
umn/source/user_guide/dataarts_security/sensitive_data_protection/static_masking_tasks/managing_sample_libraries.rst,Managing Sample Libraries,en-us_image_0000002234080288.png,icon,pass,1.00,Pencil/edit icon representing the edit action | Used as |image4| in Related Operations to edit a classification name | Standard edit icon matching the described action | Clearly an edit/modify action icon,
umn/source/user_guide/dataarts_security/sensitive_data_protection/static_masking_tasks/managing_sample_libraries.rst,Managing Sample Libraries,en-us_image_0000002234240100.png,icon,partial,0.72,Small toggle switch icon in off/gray state | Used as |image5| in Related Operations for deleting a sample library classification | Represents activating edit mode before performing deletion | Same generic toggle icon as |image1| and |image3|,No label visible in the isolated icon | Cannot distinguish from other toggle icons in the document
umn/source/user_guide/dataarts_security/sensitive_data_protection/static_masking_tasks/managing_sample_libraries.rst,Managing Sample Libraries,en-us_image_0000002234080268.png,icon,pass,1.00,Trash can/delete icon representing the delete action | Used as |image6| in Related Operations to delete a sample library classification | Standard delete icon matching the described action | Clearly a delete/remove action icon,
umn/source/user_guide/dataarts_security/sensitive_data_protection/static_masking_tasks/managing_static_masking_tasks.rst,Managing Static Masking Tasks,en-us_image_0000002269196553.png,screenshot,pass,1.00,"Shows the DataArts Studio console with Static Masking selected in the left navigation under Privacy Protection | Right pane displays the Create button and a task list with Task Name column, matching the RST description for step 2 | The navigation structure (Dashboard, Access Permission Management, Sensitive Data Identification, Privacy Protection > Masking Algorithms, Masking Policies, Static Masking) is clearly visible",
umn/source/user_guide/dataarts_security/sensitive_data_protection/static_masking_tasks/managing_static_masking_tasks.rst,Managing Static Masking Tasks,en-us_image_0000002269196557.png,screenshot,pass,1.00,"Shows the Create Task dialog at step 1 (Basic Settings) of a 3-step wizard | Displays Task Name (required, with 'Please enter' placeholder) and Description fields with 0/255 character counter | Matches RST step 3: 'In the displayed dialog box, set Task Name and Description and click Next'",The Next button is not visible in the cropped image
umn/source/user_guide/dataarts_security/sensitive_data_protection/static_masking_tasks/managing_static_masking_tasks.rst,Managing Static Masking Tasks,en-us_image_0000002234077252.png,screenshot,pass,1.00,"Shows the full source and target configuration form with all sections: Source Settings, Masking Policy Settings, Target End Settings, Execution Engine, Mask Queue | All parameters from Table 1 are visible: Data Source Type, Data Connection, Database, Source Table, Specify Column, Dataset Scope, Masking Policy, Target Table, Execution Engine, Mask Queue | Matches RST step 4: 'Configure the source and destination parameters'",
umn/source/user_guide/dataarts_security/sensitive_data_protection/static_masking_tasks/managing_static_masking_tasks.rst,Managing Static Masking Tasks,en-us_image_0000002234237112.png,screenshot,pass,1.00,"Shows periodic scheduling parameters: Repeat (On Schedule selected), Date range, Cycle (Week), Time, Time Range (Tuesday), Start now checkbox | Matches Table 2 parameters exactly: Date, Cycle, Time, Time Range, Start now | Matches RST step 5: 'Click Next and configure scheduling' with the On Schedule option",
umn/source/user_guide/dataarts_security/sensitive_data_protection/static_masking_tasks/managing_static_masking_tasks.rst,Managing Static Masking Tasks,en-us_image_0000002269116453.png,screenshot,pass,1.00,"Shows the IAM console Agencies page with MRS_ECS_DEFAULT_AGENCY listed | The Authorize button is highlighted with a red border, matching the RST instruction to 'click Authorize' | Matches the 'Reference: Authorizing and Binding an Agency' section step 2",
umn/source/user_guide/dataarts_security/sensitive_data_protection/static_masking_tasks/managing_static_masking_tasks.rst,Managing Static Masking Tasks,en-us_image_0000002234077288.png,screenshot,pass,1.00,"Shows the Authorize Agency page at step 1 (Select Policy/Role) with KMS searched in the filter | KMS Administrator policy is checked/selected, matching the RST instruction to 'select the KMS Administrator policy' | Matches the 'Reference: Authorizing and Binding an Agency' section step 3",
umn/source/user_guide/dataarts_security/sensitive_data_protection/static_masking_tasks/managing_static_masking_tasks.rst,Managing Static Masking Tasks,en-us_image_0000002269196545.png,screenshot,pass,1.00,"Shows the O&M Management area of an MRS cluster dashboard | The Agency field displays MRS_ECS_DEFAULT_AGENCY highlighted with a red border, matching the RST instruction to check the binding | Matches the 'Reference: Authorizing and Binding an Agency' section step 6",
umn/source/user_guide/dataarts_security/sensitive_data_protection/static_masking_tasks/managing_static_masking_tasks.rst,Managing Static Masking Tasks,en-us_image_0000002269196537.png,icon,pass,1.00,Small chevron/arrow icon (downward-pointing v shape) used as an expand/collapse control | Referenced in RST as |image1| in the Related Operations section: 'click |image1| to expand instances' | Serves as the visual indicator for expanding task instances to view logs,
umn/source/user_guide/dataarts_security/unified_permission_governance/authorizing_dlg_agency.rst,Authorizing dlg_agency,en-us_image_0000002234080212.png,screenshot,pass,1.00,"Shows the IAM console Policies/Roles page with the 'Create Custom Policy' button in the top-right corner | Matches Figure 1 caption 'Clicking Create Custom Policy' and step 2 in the document | The page displays a list of policies/roles with columns for Policy/Role Name, Type, Description, and Operation | The 'Create Custom Policy' red button is clearly visible as described in the RST",
umn/source/user_guide/dataarts_security/unified_permission_governance/authorizing_dlg_agency.rst,Authorizing dlg_agency,en-us_image_0000002269199465.png,screenshot,pass,1.00,"Shows the Create Custom Policy page with Policy Name 'DataArtsIamUserGroup_IAM' | Policy View is set to JSON as described in the document | The JSON content matches exactly the IAM policy code in the RST (iam:users:listUsers, iam:groups:listGroups, etc.) | Matches Figure 2 caption 'Creating a custom policy for IAM' and step 3",
umn/source/user_guide/dataarts_security/unified_permission_governance/authorizing_dlg_agency.rst,Authorizing dlg_agency,en-us_image_0000002234080220.png,screenshot,pass,1.00,"Shows the Create Custom Policy page with Policy Name 'DataArtsIamUserGroup_MRS' | Policy View is set to JSON as described in the document | The JSON content matches the MRS/CDM policy code in the RST (mrs:cluster:syncUser, cdm:cluster:get) | Matches Figure 3 caption 'Creating custom policies for MRS and CDM' and step 4",
umn/source/user_guide/dataarts_security/unified_permission_governance/authorizing_dlg_agency.rst,Authorizing dlg_agency,en-us_image_0000002269119381.png,screenshot,pass,1.00,Shows the Agencies page with dlg_agency listed and the 'Authorize' link visible | The search field shows 'dlg_agency' as described in step 5 | The delegated party shows 'Cloud service Data Lake Governance Center (DGC)' | Matches Figure 4 caption 'Authorizing dlg_agency' and step 5 in the document,
umn/source/user_guide/dataarts_security/unified_permission_governance/authorizing_dlg_agency.rst,Authorizing dlg_agency,en-us_image_0000002234080188.png,screenshot,pass,1.00,Shows the 'Authorize Agency' dialog at step 1 'Select Policy/Role' | Both DataArtsIamUserGroup_MRS and DataArtsIamUserGroup_IAM are selected as Custom policies | The 'Next' button is visible at the bottom-right | Matches Figure 5 caption 'Selecting the created custom policies' and step 6 in the document,
umn/source/user_guide/dataarts_security/unified_permission_governance/checking_the_cluster_version_and_permissions.rst,Checking the Cluster Version and Permissions,en-us_image_0000002234084880.png,screenshot,pass,1.00,"Image shows browser developer tools with the Network tab highlighted in a red box, matching Figure 1 caption | RST step 2 instructs to press F12 and click the Network tab, which is exactly what is shown | The screenshot clearly displays the Network tab selected among other dev tools tabs (Elements, Console, Sources, Performance, etc.)",
umn/source/user_guide/dataarts_security/unified_permission_governance/checking_the_cluster_version_and_permissions.rst,Checking the Cluster Version and Permissions,en-us_image_0000002269124121.png,screenshot,pass,1.00,"Image shows the GaussDB(DWS) Basic Information page at top and the Network tab in dev tools below | Red arrows point to the clusters?type=xxxxxx request, the Preview tab, and the guest_agent_version field | The guest_agent_version value '8.2.1.311' is visible, matching the RST description of locating this field | Matches Figure 2 caption 'Locating the guest_agent_version field' and RST step 3",
umn/source/user_guide/dataarts_security/unified_permission_governance/checking_the_cluster_version_and_permissions.rst,Checking the Cluster Version and Permissions,en-us_image_0000002234084904.png,screenshot,pass,1.00,"Image shows the Ranger Configurations page with Basic Configurations tab active | The search box contains 'ranger.usersync.conf' and the parameter ranger.usersync.config.expandor is visible | Name field shows 'ranger.usersync.sync.source' and Value field shows 'ldap', matching RST step 3 exactly | Matches Figure 3 caption 'Configuring the ranger.usersync.config.expandor parameter'",
umn/source/user_guide/dataarts_security/unified_permission_governance/checking_the_cluster_version_and_permissions.rst,Checking the Cluster Version and Permissions,en-us_image_0000002234244740.png,screenshot,pass,1.00,"Image shows the Ranger Instance tab with UserSync instance selected and marked as Expired | The More dropdown is open with 'Instance Rolling Restart' highlighted | Matches RST step 4: select the UserSync instance that has expired, click More, and select Instance Rolling Restart | Matches Figure 4 caption 'Performing a rolling instance restart'",
umn/source/user_guide/dataarts_security/unified_permission_governance/checking_the_cluster_version_and_permissions.rst,Checking the Cluster Version and Permissions,en-us_image_0000002234238528.png,screenshot,pass,1.00,"Image shows the Ranger Dashboard with Basic Information section | The 'Ranger WebUI: RangerAdmin' link is visible, which is what RST step 4 instructs to click | Running Status shows Normal, Configuration Status shows Synchronized, Version 2.0.0 | Matches Figure 5 caption 'Accessing the Ranger WebUI'",
umn/source/user_guide/dataarts_security/unified_permission_governance/checking_the_cluster_version_and_permissions.rst,Checking the Cluster Version and Permissions,en-us_image_0000002269197945.png,screenshot,pass,1.00,"Image shows the Ranger Service Manager page with the user dropdown menu open | The 'Log Out' option is highlighted in the dropdown, matching RST step 5 instruction to log out | Current user shown is 'dataarts_user', consistent with the new user created in step 2 | Matches Figure 6 caption 'Logging out of the current account'",
umn/source/user_guide/dataarts_security/unified_permission_governance/checking_the_cluster_version_and_permissions.rst,Checking the Cluster Version and Permissions,en-us_image_0000002269124097.png,screenshot,pass,1.00,"Image shows the Ranger Settings > Users/Groups/Roles > Users page | The search box shows 'USER NAME: dataarts_user' and the user is found in the list | User role is 'User' and groups include hive, Manager_administrator_180, supergroup, compcommon | Matches RST step 6: Find the name of the new user in Settings > Users/Groups/Roles > Users | Matches Figure 7 caption 'Searching for the username'",
umn/source/user_guide/dataarts_security/unified_permission_governance/checking_the_cluster_version_and_permissions.rst,Checking the Cluster Version and Permissions,en-us_image_0000002269124129.png,screenshot,pass,1.00,"Image shows the Ranger User Detail page for 'dataarts_user' | The 'Select Role' dropdown is set to 'Admin', matching RST step 7 instruction to change role to Admin | Groups shown are supergroup, hive, compcommon, Manager_administrator_180 | Save and Cancel buttons are visible at the bottom | Matches Figure 8 caption 'Changing the user role'",
umn/source/user_guide/dataarts_security/unified_permission_governance/controlling_data_access_using_permissions/applying_for_permissions_and_approving_permissions.rst,Applying for Permissions and Approving Permissions,en-us_image_0000002269117233.png,screenshot,pass,1.00,"Image shows the Permission Review page with Review Policies tab active and a Create button highlighted, matching Figure 1 caption. | Left navigation shows Access Permission Management with Permission Review selected, consistent with RST steps. | The red box around Create matches the RST instruction to click Create.",
umn/source/user_guide/dataarts_security/unified_permission_governance/controlling_data_access_using_permissions/applying_for_permissions_and_approving_permissions.rst,Applying for Permissions and Approving Permissions,en-us_image_0000002234237840.png,screenshot,pass,1.00,"Image shows the Create Policy slide-out panel with Basic Information and Review Node Settings sections, matching Figure 2. | Fields Policy Name, Policy Description, Data Security Level, Reviewer Type, and Role are visible, matching Table 1 parameters. | The plus icon for adding review nodes is visible in the Review Node Settings area.",
umn/source/user_guide/dataarts_security/unified_permission_governance/controlling_data_access_using_permissions/applying_for_permissions_and_approving_permissions.rst,Applying for Permissions and Approving Permissions,en-us_image_0000002234237868.png,screenshot,pass,1.00,"Image shows the Review Policies tab with a policy list including Policy Name, Description, Data Security Level, Status toggle, Last Modified, and Operation columns. | The status toggle is shown enabled (blue), consistent with the RST note about enabling a disabled policy. | Edit and Delete operations are visible in the Operation column, matching the Related Operations section.",
umn/source/user_guide/dataarts_security/unified_permission_governance/controlling_data_access_using_permissions/applying_for_permissions_and_approving_permissions.rst,Applying for Permissions and Approving Permissions,en-us_image_0000002234078080.png,screenshot,pass,1.00,"Image shows the Data permission request tab with a Create button highlighted in a red box, matching Figure 4. | Left navigation shows Permission Review selected under Access Permission Management. | The table headers ID, Service Ticket Type, and Workspace are visible, consistent with the service ticket list description.",
umn/source/user_guide/dataarts_security/unified_permission_governance/controlling_data_access_using_permissions/applying_for_permissions_and_approving_permissions.rst,Applying for Permissions and Approving Permissions,en-us_image_0000002516640626.png,screenshot,pass,1.00,"Image shows the full Data permission request form with Workspace, Data Source, Cluster Name, Data Connection, Available Resources, Selected Resources, and Request Reason fields. | The form matches Table 2 parameters including For myself, Workspace Account, For others options. | Submit and Cancel buttons are visible at the bottom, consistent with the RST instruction to click Submit.",
umn/source/user_guide/dataarts_security/unified_permission_governance/controlling_data_access_using_permissions/applying_for_permissions_and_approving_permissions.rst,Applying for Permissions and Approving Permissions,en-us_image_0000002548285041.png,screenshot,pass,1.00,"Image shows the service ticket list with columns ID, Service Ticket Type, Workspace, Service Ticket Summary, Service Ticket Status, Reviewer, Requested At, and Operation. | A Pending Review status and Withdraw operation are visible, matching the RST description of viewing and withdrawing tickets. | The Data permission request tab is active, consistent with the section context.",
umn/source/user_guide/dataarts_security/unified_permission_governance/controlling_data_access_using_permissions/applying_for_permissions_and_approving_permissions.rst,Applying for Permissions and Approving Permissions,en-us_image_0000002269197301.png,screenshot,pass,1.00,"Image shows the Permission Review tab with Pending Review and Reviewed sub-tabs and a Batch Review button, matching Figure 7. | The table shows service tickets with Approved and Rejected operations in the Operation column, consistent with the RST description. | Filter fields for Requested At and ID are visible.",
umn/source/user_guide/dataarts_security/unified_permission_governance/controlling_data_access_using_permissions/applying_for_permissions_and_approving_permissions.rst,Applying for Permissions and Approving Permissions,en-us_image_0000002269197349.png,screenshot,pass,1.00,"Image shows the Reviewed sub-tab active with an approved service ticket listed, matching Figure 8. | The Service Ticket Status column shows Approved with a green checkmark icon. | Reviewed At column is visible, consistent with viewing approved tickets.",
umn/source/user_guide/dataarts_security/unified_permission_governance/controlling_data_access_using_permissions/applying_for_permissions_and_approving_permissions.rst,Applying for Permissions and Approving Permissions,en-us_image_0000002269197293.png,screenshot,pass,1.00,"Image shows the Revoking permissions tab with filter fields for Workspace, Member Name, Database Name, and Table Name, matching Figure 9. | The table shows Data Source Type, Cluster Name, Resource Content, Permission Source, Member Name, Permission, and Operation columns. | Reclaim links are visible in the Operation column, consistent with the RST description.",
umn/source/user_guide/dataarts_security/unified_permission_governance/controlling_data_access_using_permissions/applying_for_permissions_and_approving_permissions.rst,Applying for Permissions and Approving Permissions,en-us_image_0000002269117285.png,screenshot,pass,1.00,"Image shows the Revoking permissions page with a single permission row and the Reclaim button highlighted in a red box, matching Figure 10. | The filter fields and table structure are consistent with the RST description of revoking permissions. | The highlighted Reclaim button matches the RST instruction to click Reclaim in the Operation column.",
umn/source/user_guide/dataarts_security/unified_permission_governance/controlling_data_access_using_permissions/applying_for_permissions_and_approving_permissions.rst,Applying for Permissions and Approving Permissions,en-us_image_0000002234237848.png,icon,pass,1.00,"Image is a small plus (+) icon, referenced as |image1| in the RST for adding review nodes. | The RST states 'You can click |image1| to add review nodes', which matches the plus icon semantics. | The icon is visible in Figure 2 (Create Policy panel) next to the review node settings.",
umn/source/user_guide/dataarts_security/unified_permission_governance/controlling_data_access_using_permissions/applying_for_permissions_and_approving_permissions.rst,Applying for Permissions and Approving Permissions,en-us_image_0000002234237856.png,icon,pass,1.00,"Image is a toggle switch icon in the off (gray) state, referenced as |image2| in the RST. | The RST states 'click |image2| in the Status column' to make a disabled policy take effect, matching a toggle-off icon. | The icon is consistent with the status toggle shown in Figure 3.",
umn/source/user_guide/dataarts_security/unified_permission_governance/controlling_data_access_using_permissions/applying_for_permissions_and_approving_permissions.rst,Applying for Permissions and Approving Permissions,en-us_image_0000002269197289.png,icon,pass,1.00,"Image is a toggle switch icon in the off (gray) state, referenced as |image3| in the RST Related Operations section. | The RST states 'click |image3| or |image4| to enable or disable the policy', matching a toggle-off icon for disabling. | The icon is consistent with the status toggle concept described in the document.",
umn/source/user_guide/dataarts_security/unified_permission_governance/controlling_data_access_using_permissions/applying_for_permissions_and_approving_permissions.rst,Applying for Permissions and Approving Permissions,en-us_image_0000002234078088.png,icon,pass,1.00,"Image is a toggle switch icon in the on (blue) state, referenced as |image4| in the RST Related Operations section. | The RST states 'click |image3| or |image4| to enable or disable the policy', matching a toggle-on icon for enabling. | The icon is consistent with the enabled status toggle shown in Figure 3.",
umn/source/user_guide/dataarts_security/unified_permission_governance/controlling_data_access_using_permissions/configuring_permission_sets.rst,Configuring Permission Sets,en-us_image_0000002234080720.png,screenshot,pass,1.00,"Shows the Permission Sets page with left navigation pane matching RST steps 1-2 | Create button is visible as described in step 3 of Creating a Permission Set | Navigation items (Workspace Permission Sets, Permission Sets, Role Management, etc.) match the documented interface",
umn/source/user_guide/dataarts_security/unified_permission_governance/controlling_data_access_using_permissions/configuring_permission_sets.rst,Configuring Permission Sets,en-us_image_0000002269119917.png,screenshot,pass,1.00,"Shows the Create Permission Set dialog with all four parameters from Table 1: Name, Parent Permission Set, Administrator, Description | Required fields marked with asterisks match the RST table (Name, Parent Permission Set, Administrator) | OK and Cancel buttons present as described in step 4",
umn/source/user_guide/dataarts_security/unified_permission_governance/controlling_data_access_using_permissions/configuring_permission_sets.rst,Configuring Permission Sets,en-us_image_0000002516646776.png,screenshot,pass,1.00,"Shows the Permission Sets list page with multiple permission sets (test1_role, test3, test2, test1) | Matches step 3 of Configuring the Permission Set: locate a permission set and click its name | Permission set names are shown as clickable links in the Name column",
umn/source/user_guide/dataarts_security/unified_permission_governance/controlling_data_access_using_permissions/configuring_permission_sets.rst,Configuring Permission Sets,en-us_image_0000002269119937.png,screenshot,pass,1.00,"Shows the Basic Information area with Name, ID, Status, Description, Data Source, Administrator, Parent Permission Set fields | Matches step 4 of Configuring the Permission Set describing viewing name, ID, and administrator | Status shows Unsynchronized which aligns with the RST note about synchronization",
umn/source/user_guide/dataarts_security/unified_permission_governance/controlling_data_access_using_permissions/configuring_permission_sets.rst,Configuring Permission Sets,en-us_image_0000002269197381.png,screenshot,pass,1.00,"Shows the Permission Configuration tab with By data selected by default | Entire DB, Entire table, Entire column radio buttons visible as described | Fast mode toggle and Show data this role has no permission to checkbox present | Data source information table with hierarchical structure (mrs > default > student_info > name/score) and Authorization links",
umn/source/user_guide/dataarts_security/unified_permission_governance/controlling_data_access_using_permissions/configuring_permission_sets.rst,Configuring Permission Sets,en-us_image_0000002234237936.png,screenshot,pass,1.00,"Shows the Batch Authorization dialog with Cluster Name, Data Source Type (HIVE), Permission Type (ALLOW), Database, Data Table, Data Column fields | Permission Type checkboxes include SELECT ALL, all, select, update, create, drop, alter, index, read, write | Matches Figure 6 description of authorization on the By data page",
umn/source/user_guide/dataarts_security/unified_permission_governance/controlling_data_access_using_permissions/configuring_permission_sets.rst,Configuring Permission Sets,en-us_image_0000002234078128.png,screenshot,pass,1.00,"Shows the By permissions view with Add button highlighted in red box | Add Permission dialog shows Data Source Type (HIVE), Data Connection, Fast mode, Cluster Name, Permission Type (ALLOW/DENY), Database, Data Table, Data Column | DENY option is visible but greyed out, consistent with RST note that Permission Type cannot be set to DENY",
umn/source/user_guide/dataarts_security/unified_permission_governance/controlling_data_access_using_permissions/configuring_permission_sets.rst,Configuring Permission Sets,en-us_image_0000002269117297.png,screenshot,pass,1.00,"Shows the User Configuration tab with Add and Delete buttons | Add User dialog shows Type options: User, User group, Workspace role (greyed out) | Matches RST description that Workspace role is unavailable currently | Table columns include Username, User Type, Added, Reviewer, Operation",
umn/source/user_guide/dataarts_security/unified_permission_governance/controlling_data_access_using_permissions/configuring_permission_sets.rst,Configuring Permission Sets,en-us_image_0000002234237948.png,screenshot,pass,1.00,"Shows the Child Permission Sets tab with a table of child permission sets | Table includes Name, Administrator, Data Source Type, Synchronization Status, Last Synchronized, Created At columns | Matches the RST description of viewing child permission sets of the current permission set",
umn/source/user_guide/dataarts_security/unified_permission_governance/controlling_data_access_using_permissions/configuring_permission_sets.rst,Configuring Permission Sets,en-us_image_0000002234237952.png,screenshot,pass,1.00,"Shows the Log tab with permission synchronization log entries | Log entries show timestamp, member info, permission details including DataSourceType, ClusterName, Database, Table, Column, Actions | Matches RST description of viewing log details if permission synchronization fails",
umn/source/user_guide/dataarts_security/unified_permission_governance/controlling_data_access_using_permissions/configuring_roles.rst,Configuring Roles,en-us_image_0000002269123953.png,screenshot,pass,1.00,"Shows the Role Management page with navigation tree and role details, matching Figure 1 'Role details page'. | Displays Basic Information area and Data Source Role Configuration tab as described in the Configuring a Common Role section. | Includes Synchronize Permissions and Synchronize Role Information buttons referenced in the text.",
umn/source/user_guide/dataarts_security/unified_permission_governance/controlling_data_access_using_permissions/configuring_roles.rst,Configuring Roles,en-us_image_0000002234244560.png,screenshot,pass,1.00,"Shows the 'Create Common Role' dialog matching Figure 2. | Contains Permission Set Name, Parent Permission Set, Administrator, and Description fields matching Table 1 parameters. | Has Cancel and OK buttons consistent with the create-role workflow.",
umn/source/user_guide/dataarts_security/unified_permission_governance/controlling_data_access_using_permissions/configuring_roles.rst,Configuring Roles,en-us_image_0000002269124037.png,screenshot,pass,1.00,"Shows the Basic Information area with name, ID, and administrator as described for Figure 3/14. | Displays Synchronize Permissions and Synchronize Role Information buttons in the upper right corner. | Includes Type (Common) and Parent Permission Set fields consistent with role details.",
umn/source/user_guide/dataarts_security/unified_permission_governance/controlling_data_access_using_permissions/configuring_roles.rst,Configuring Roles,en-us_image_0000002234084752.png,screenshot,pass,1.00,"Shows the Data Source Role Configuration tab matching Figure 4. | Contains Create, Delete, Synchronise buttons and the role table columns (Cluster Name, Role Name, Data Source Role Name, Member Status, Operation). | Displays 'No data available' state consistent with an empty role configuration.",
umn/source/user_guide/dataarts_security/unified_permission_governance/controlling_data_access_using_permissions/configuring_roles.rst,Configuring Roles,en-us_image_0000002269203969.png,screenshot,pass,1.00,"Shows the 'Create Data Source Role' dialog matching Figure 5. | Contains Cluster Type, Cluster Name, Role Name, and Data Connection columns as described. | Includes the MRS delay notice and Cancel/OK buttons consistent with the workflow.",
umn/source/user_guide/dataarts_security/unified_permission_governance/controlling_data_access_using_permissions/configuring_roles.rst,Configuring Roles,en-us_image_0000002269123929.png,screenshot,pass,1.00,"Shows the Permissions tab with 'By data' selected matching Figure 6. | Displays Entire DB/table/column options, Fast mode, and 'Show data this role has no permission to' as described. | Contains the data source information table with HIVE type and Authorization links.",
umn/source/user_guide/dataarts_security/unified_permission_governance/controlling_data_access_using_permissions/configuring_roles.rst,Configuring Roles,en-us_image_0000002234237936.png,screenshot,pass,1.00,"Shows the 'Batch Authorization' dialog matching Figure 7. | Contains Permission Type (ALLOW), Database, Data Tabel, Data Column, and permission checkboxes (select, update, create, drop, etc.). | Consistent with the authorization workflow described for the By data page.",
umn/source/user_guide/dataarts_security/unified_permission_governance/controlling_data_access_using_permissions/configuring_roles.rst,Configuring Roles,en-us_image_0000002234244516.png,screenshot,pass,1.00,"Shows the 'By permissions' tab with the Add button and 'Add Permission' dialog matching Figure 8. | Contains Data Source Type, Data Connection, Cluster Name, Permission Type (ALLOW/DENY), Database, Data Tabel, Data Column fields. | Includes permission checkboxes and Cancel/OK buttons consistent with the text.",
umn/source/user_guide/dataarts_security/unified_permission_governance/controlling_data_access_using_permissions/configuring_roles.rst,Configuring Roles,en-us_image_0000002234084772.png,screenshot,pass,1.00,"Shows the Members tab with the Add button and 'Add User' dialog matching Figure 9. | Contains Type options (User, User Group, Workspace role) and Name field as described. | Consistent with associating roles with users, user groups, or workspace roles.",
umn/source/user_guide/dataarts_security/unified_permission_governance/controlling_data_access_using_permissions/configuring_roles.rst,Configuring Roles,en-us_image_0000002234244644.png,screenshot,pass,1.00,"Shows the Subroles tab with a table of subroles matching Figure 10. | Contains Name, Administrator, Data Source Type, Synchronization Status, Last Synchronized, Created At columns. | Consistent with viewing subroles of the current role.",
umn/source/user_guide/dataarts_security/unified_permission_governance/controlling_data_access_using_permissions/configuring_roles.rst,Configuring Roles,en-us_image_0000002234244592.png,screenshot,pass,1.00,"Shows the Directory Permissions tab matching Figure 11. | Contains Resource Path, Policy Override, Recursive Permission Assignment, and Permission (Read/Write/Execute) columns. | Consistent with viewing HDFS path permissions from the Ranger component.",
umn/source/user_guide/dataarts_security/unified_permission_governance/controlling_data_access_using_permissions/configuring_roles.rst,Configuring Roles,en-us_image_0000002516645920.png,screenshot,pass,1.00,"Shows the Log tab with log detail entries matching Figure 12. | Contains timestamped [MEMBER] and [PERMISSION] log lines with DataSourceType, ClusterName, Database, Table, Column, Actions. | Consistent with viewing logs when permission synchronization fails.",
umn/source/user_guide/dataarts_security/unified_permission_governance/controlling_data_access_using_permissions/configuring_roles.rst,Configuring Roles,en-us_image_0000002269204089.png,screenshot,pass,1.00,"Shows the 'Manage Role' dialog matching Figure 13 for creating a managed role. | Contains Data Connection, Cluster Name, and a table of MRS roles with Parent Permission Set and Manage operations. | Consistent with selecting a Ranger connection and managing MRS roles.",
umn/source/user_guide/dataarts_security/unified_permission_governance/controlling_data_access_using_permissions/configuring_roles.rst,Configuring Roles,en-us_image_0000002516643038.png,screenshot,pass,1.00,Shows the Members tab for a managed role matching Figure 15. | Contains Member Name and Type (Group) columns listing associated users/groups. | Consistent with viewing users or user groups associated with the MRS role.,
umn/source/user_guide/dataarts_security/unified_permission_governance/controlling_data_access_using_permissions/configuring_roles.rst,Configuring Roles,en-us_image_0000002234244656.png,screenshot,pass,1.00,"Shows the Permissions tab with 'By data' for a managed role matching Figure 16. | Contains Entire DB/table/column options, Fast mode, and data source information with HIVE type. | Consistent with configuring permissions on the By data page for managed roles.",
umn/source/user_guide/dataarts_security/unified_permission_governance/controlling_data_access_using_permissions/configuring_roles.rst,Configuring Roles,en-us_image_0000002269204013.png,screenshot,pass,1.00,"Shows the 'By permissions' tab with the 'Add Permission' dialog matching Figure 18. | Contains Data Source Type, Data Connection, Cluster Name, Permission Type (ALLOW/DENY), Database, Data Tabel, Data Column fields. | Consistent with configuring permissions for managed roles.",
umn/source/user_guide/dataarts_security/unified_permission_governance/controlling_data_access_using_permissions/configuring_roles.rst,Configuring Roles,en-us_image_0000002234084692.png,screenshot,pass,1.00,"Shows the Directory Permissions tab for a managed role matching Figure 19. | Contains Resource Path, Policy Override, Recursive Permission Assignment, and Permission (Read/Write/Execute) columns. | Consistent with viewing HDFS path permissions for managed roles.",
umn/source/user_guide/dataarts_security/unified_permission_governance/controlling_data_access_using_permissions/configuring_roles.rst,Configuring Roles,en-us_image_0000002269204065.png,icon,pass,0.83,Small plus icon referenced as |image1| for creating a common role in the navigation tree. | Symbolic UI control consistent with the role creation workflow. | Limited detail as it is an isolated icon.,No surrounding UI context visible; only the icon glyph is shown.
umn/source/user_guide/dataarts_security/unified_permission_governance/controlling_data_access_using_permissions/configuring_roles.rst,Configuring Roles,en-us_image_0000002269123909.png,icon,pass,0.83,Small plus icon referenced as |image2| for creating a managed role in the navigation tree. | Symbolic UI control consistent with the managed role creation workflow. | Limited detail as it is an isolated icon.,No surrounding UI context visible; only the icon glyph is shown.
umn/source/user_guide/dataarts_security/unified_permission_governance/controlling_data_access_using_permissions/configuring_roles.rst,Configuring Roles,en-us_image_0000002234084740.png,icon,pass,0.83,Small boxed plus icon referenced as |image3| to expand the navigation pane on the By data page. | Symbolic UI control consistent with the permission configuration workflow. | Limited detail as it is an isolated icon.,No surrounding UI context visible; only the icon glyph is shown.
umn/source/user_guide/dataarts_security/unified_permission_governance/controlling_data_access_using_permissions/configuring_roles.rst,Configuring Roles,en-us_image_0000002269123989.png,icon,pass,0.83,Small lock/sync icon referenced as |image4| for synchronizing permissions of multiple roles. | Symbolic UI control consistent with the permission synchronization operation. | Limited detail as it is an isolated icon.,No surrounding UI context visible; only the icon glyph is shown.
umn/source/user_guide/dataarts_security/unified_permission_governance/controlling_data_access_using_permissions/configuring_roles.rst,Configuring Roles,en-us_image_0000002269203985.png,icon,pass,0.83,Small person/sync icon referenced as |image5| for synchronizing multiple roles. | Symbolic UI control consistent with the role synchronization operation. | Limited detail as it is an isolated icon.,No surrounding UI context visible; only the icon glyph is shown.
umn/source/user_guide/dataarts_security/unified_permission_governance/controlling_data_access_using_permissions/configuring_roles.rst,Configuring Roles,en-us_image_0000002234244636.png,icon,pass,0.83,Small trash/delete icon referenced as |image6| for deleting roles in the navigation pane. | Symbolic UI control consistent with the role deletion operation. | Limited detail as it is an isolated icon.,No surrounding UI context visible; only the icon glyph is shown.
umn/source/user_guide/dataarts_security/unified_permission_governance/controlling_data_access_using_permissions/configuring_row-level_access_control.rst,Configuring Row-level Access Control,en-us_image_0000002234077724.png,screenshot,pass,1.00,"Image shows the Row-Level Access Control page in the DataArts Security console, matching Figure 1 caption exactly. | Left navigation pane displays 'Row-Level Access Control' highlighted under Access Permission Management, consistent with step 2 of the procedure. | Main area shows Create, Synchronize, and Delete buttons along with a policy list table with Policy Name and Data Source Type columns, matching the RST description. | The page title 'Row-Level Access Control' is clearly visible at the top of the content area.","No policies are listed in the table (empty state), which is expected for a new setup but means no example policy data is shown."
umn/source/user_guide/dataarts_security/unified_permission_governance/controlling_data_access_using_permissions/configuring_row-level_access_control.rst,Configuring Row-level Access Control,en-us_image_0000002269116921.png,screenshot,pass,1.00,"Image shows the 'Create Policy' dialog with all parameters listed in Table 1 of the RST: Policy Name, Data Source Type (DWS), Workspace, Data Connection, Cluster Name, Database, Table, SQL Operation, User/User Group, and Expression. | The Expression field contains the example text about SQL injection prevention and the backtick/double-quote format, matching the RST description. | Data Source Type is pre-set to 'DWS', consistent with the constraint that only DWS is supported. | Cancel and Submit buttons at the bottom match step 4 (Click Submit) in the procedure. | A 'Schema' field is visible in the image but not explicitly listed in Table 1; this is a minor UI addition and not a contradiction.","The Schema field visible in the image is not listed as a parameter in Table 1 of the RST, though it is implied by the table structure context. | The column structure table shows 'No data available' since no table has been selected yet."
umn/source/user_guide/dataarts_security/unified_permission_governance/controlling_data_access_using_permissions/configuring_row-level_access_control.rst,Configuring Row-level Access Control,en-us_image_0000002516803800.png,screenshot,pass,1.00,"Image shows the 'Policy Details' dialog, matching Figure 3 caption 'Viewing policy details' in the RST. | All policy fields are displayed: Policy Name, Data Source Type, Connection Name, Cluster Name, Database, Schema Name, Table, Object, SQL Operation, User/User Group, and Policy Expression. | The Policy Expression shows `name`=""Tom"" which follows the format described in the RST (backticks for fields, double quotes for values). | A 'Running Logs' section is visible at the bottom, consistent with the RST mention of viewing policy run logs for synchronization failures. | The dialog is read-only (no interactive buttons visible), appropriate for a details view.","The Running Logs section appears empty, so no example log content is shown. | The Cluster Name value is truncated (dws_ssl_4autotest_no...), so the full name is not visible."
umn/source/user_guide/dataarts_security/unified_permission_governance/controlling_data_access_using_permissions/configuring_workspace_permission_sets.rst,Configuring Workspace Permission Sets,en-us_image_0000002269197397.png,screenshot,pass,1.00,"Shows the Workspace Permission Sets page with left navigation matching the DataArts Security section | Create, Synchronise, and Delete buttons are visible as described in the RST | The page title 'Workspace Permission Sets' matches the figure caption | Left navigation shows Access Permission Management > Workspace Permission Sets as described in step 2",
umn/source/user_guide/dataarts_security/unified_permission_governance/controlling_data_access_using_permissions/configuring_workspace_permission_sets.rst,Configuring Workspace Permission Sets,en-us_image_0000002269197389.png,screenshot,pass,1.00,"Shows the Create Permission Set dialog with Name, Administrator, and Description fields | Matches Table 1 parameters exactly: Name, Administrator, Description | OK and Cancel buttons are present as expected for a creation dialog",
umn/source/user_guide/dataarts_security/unified_permission_governance/controlling_data_access_using_permissions/configuring_workspace_permission_sets.rst,Configuring Workspace Permission Sets,en-us_image_0000002234237960.png,screenshot,pass,1.00,Shows the Workspace Permission Sets page with a 'test' entry in the table | Matches step 3 of the configuring section: locate a workspace permission set and click its name | The 'test' entry is shown as a clickable link in the Name column,
umn/source/user_guide/dataarts_security/unified_permission_governance/controlling_data_access_using_permissions/configuring_workspace_permission_sets.rst,Configuring Workspace Permission Sets,en-us_image_0000002234237964.png,screenshot,pass,1.00,"Shows the Basic Information area with Name, ID, Status, Description, Data Source, Administrator, Parent Perm, Created At, Updated At, Last Synchr fields | Matches step 4 description: view the name, ID, and administrator of the workspace permission set | The 'Unsynchronized' status is visible, consistent with the RST note about synchronization",
umn/source/user_guide/dataarts_security/unified_permission_governance/controlling_data_access_using_permissions/configuring_workspace_permission_sets.rst,Configuring Workspace Permission Sets,en-us_image_0000002269197381.png,screenshot,pass,1.00,"Shows the Permission Configuration tab with 'By data' selected by default | Entire DB, Entire table, Entire column radio buttons are visible as described | Fast mode toggle and 'Show data this role has no permission to' checkbox are present | Data source information table shows mrs, default, student_info, name, score with Authorization links",
umn/source/user_guide/dataarts_security/unified_permission_governance/controlling_data_access_using_permissions/configuring_workspace_permission_sets.rst,Configuring Workspace Permission Sets,en-us_image_0000002234237936.png,screenshot,pass,1.00,"Shows the Batch Authorization dialog with Cluster Name, Data Source Type (HIVE), Permission Type (ALLOW), Database, Data Tabel, Data Column fields | Permission checkboxes include SELECT ALL, all, select, update, create, drop, alter, index, read, write | Matches the authorization description in the By data subsection",
umn/source/user_guide/dataarts_security/unified_permission_governance/controlling_data_access_using_permissions/configuring_workspace_permission_sets.rst,Configuring Workspace Permission Sets,en-us_image_0000002234078128.png,screenshot,pass,1.00,"Shows the By permissions view with the Add button highlighted in red | Add Permission dialog shows Data Source Type (HIVE), Data Connection, Fast mode, Cluster Name, Permission Type (ALLOW/DENY), Database, Data Tabel, Data Column | Matches the By permissions description including the note that Permission Type cannot be set to DENY (DENY is greyed out)",
umn/source/user_guide/dataarts_security/unified_permission_governance/controlling_data_access_using_permissions/configuring_workspace_permission_sets.rst,Configuring Workspace Permission Sets,en-us_image_0000002269117297.png,screenshot,pass,1.00,"Shows the User Configuration tab with Add and Delete buttons | Add User dialog shows Type options: User, User group, Workspace role (greyed out) | Matches the RST description that Workspace role is unavailable currently | Table columns include Username, User Type, Added, Reviewer, Operation",
umn/source/user_guide/dataarts_security/unified_permission_governance/controlling_data_access_using_permissions/configuring_workspace_permission_sets.rst,Configuring Workspace Permission Sets,en-us_image_0000002234237948.png,screenshot,pass,1.00,Shows the Child Permission Sets tab with a table of child permission sets | Entry 'test1018_1' with Administrator 'dgc_doc' and Unsynchronized status is visible | Matches step 7 description: view the child permission sets of the current permission set,
umn/source/user_guide/dataarts_security/unified_permission_governance/controlling_data_access_using_permissions/configuring_workspace_permission_sets.rst,Configuring Workspace Permission Sets,en-us_image_0000002234237952.png,screenshot,pass,1.00,"Shows the Log tab with detailed log entries | Log entries show timestamp, MEMBER, PERMISSION, DataSourceType: HIVE, ClusterName, ClusterId, Database, Table, Column, Actions | Matches step 8 description: view log details if permission synchronization fails",
umn/source/user_guide/dataarts_security/unified_permission_governance/controlling_data_access_using_permissions/enabling_fine-grained_authentication.rst,Enabling Fine-grained Authentication,en-us_image_0000002269118993.png,screenshot,pass,1.00,"Image shows the Permission Applications page with Fine-grained permission applications tab active, matching Figure 1 caption | The Connectivity Test button is highlighted with a red box, matching the RST instruction to test connectivity | The Fine-grained Authentication Status column shows 'Disabled', consistent with the pre-enablement state described in the RST | The data source name 'hive_0212_test' and 'Not tested' status align with the connectivity testing step",
umn/source/user_guide/dataarts_security/unified_permission_governance/controlling_data_access_using_permissions/enabling_fine-grained_authentication.rst,Enabling Fine-grained Authentication,en-us_image_0000002234239656.png,screenshot,pass,1.00,"Image shows the Permission Applications page with the Fine-grained Authentication Status dropdown open, matching Figure 2 caption | The dropdown displays 'Disabled', 'Enabled for development mode', and 'Enabled for scheduling mode' options exactly as described in RST step 4 | Multiple data sources (mrs_hive, dws0111, hive0111) are visible with their connectivity test statuses | The 'Enabled for development mode' option is highlighted in blue, indicating selection as described in the RST",
umn/source/user_guide/dataarts_security/unified_permission_governance/controlling_data_access_using_permissions/enabling_fine-grained_authentication.rst,Enabling Fine-grained Authentication,en-us_image_0000002269118989.png,screenshot,pass,1.00,"Image shows MRS FusionInsight Manager Hive service Configurations page, matching Figure 3 caption | The search box contains 'core.site.customized.co' (truncated), matching the RST instruction to search for core.site.customized.configs | The parameter shows three Name/Value pairs: hadoop.proxyuser.username.users, .groups, .hosts all set to '*', matching Table 1 in the RST | The red box highlights the configuration area as described in the RST",
umn/source/user_guide/dataarts_security/unified_permission_governance/controlling_data_access_using_permissions/enabling_fine-grained_authentication.rst,Enabling Fine-grained Authentication,en-us_image_0000002234079800.png,screenshot,pass,1.00,"Image shows the 'Save Configuration' dialog box, matching Figure 4 caption | The dialog asks 'Are you sure you want to change the mrs [redacted] configuration?' with a warning icon | The Change Items table shows Hive service with core.site.custo... parameter and core-site.xml file | OK and Cancel buttons are visible, matching the RST instruction to click OK in the dialog box",
umn/source/user_guide/dataarts_security/unified_permission_governance/controlling_data_access_using_permissions/enabling_fine-grained_authentication.rst,Enabling Fine-grained Authentication,en-us_image_0000002234079792.png,screenshot,pass,1.00,"Image shows the Hive Instance tab in MRS FusionInsight Manager, matching Figure 5 caption | The 'More' dropdown menu is open with 'Instance Rolling Restart' highlighted, matching the RST instruction | The instance list shows HiveServer and MetaStore with 'Expired' configuration status, consistent with the need to restart | The menu options (Stop Instance, Restart Instance, Instance Rolling Restart, etc.) match the described workflow",
umn/source/user_guide/dataarts_security/unified_permission_governance/controlling_data_access_using_permissions/enabling_fine-grained_authentication.rst,Enabling Fine-grained Authentication,en-us_image_0000002234079776.png,screenshot,pass,1.00,"Image shows MRS FusionInsight Manager Spark service Configurations page, matching Figure 6 caption | The search box contains 'spark.core-site.customiz' (truncated), matching the RST instruction to search for spark.core-site.customized.configs | The Spark->JDBCServer section shows hadoop.proxyuser.username.groups and .hosts with value '*', matching Table 2 in the RST | The red box highlights the JDBCServer configuration area as described",
umn/source/user_guide/dataarts_security/unified_permission_governance/controlling_data_access_using_permissions/enabling_fine-grained_authentication.rst,Enabling Fine-grained Authentication,en-us_image_0000002269118981.png,screenshot,pass,1.00,"Image shows the 'Save Configuration' dialog box for Spark, matching Figure 7 caption | The dialog asks 'Are you sure you want to change the mrs [redacted] configuration?' with a warning icon | The Change Items table shows Spark service with JDBC S... role and spark.core-sit... parameter | OK and Cancel buttons are visible, matching the RST instruction to click OK",
umn/source/user_guide/dataarts_security/unified_permission_governance/controlling_data_access_using_permissions/enabling_fine-grained_authentication.rst,Enabling Fine-grained Authentication,en-us_image_0000002234239608.png,screenshot,pass,1.00,"Image shows the Spark Instance tab in MRS FusionInsight Manager, matching Figure 8 caption | The 'More' dropdown menu is open with 'Instance Rolling Restart' highlighted, matching the RST instruction | The instance list shows IndexServer, JDBCServer, JobHistory, SparkResource with 'Synchronized' and 'Expired' statuses | The JDBCServer instances show 'Expired' status, consistent with the need for rolling restart after configuration change",
umn/source/user_guide/dataarts_security/unified_permission_governance/controlling_data_access_using_permissions/managing_members.rst,Managing Members,en-us_image_0000002548192329.png,screenshot,pass,1.00,"Image shows the Member Management page in DataArts Studio console, matching Figure 1 caption exactly | Left navigation pane displays 'Access Permission Management' section with 'Member Management' highlighted, matching step 2 of the procedure | Table shows Username, User Type, Role/Permission Set, and Operation columns with Edit and View Permission links as described in the RST | Search bar with 'User Name' dropdown is visible at top right, consistent with a member management interface",
umn/source/user_guide/dataarts_security/unified_permission_governance/controlling_data_access_using_permissions/managing_members.rst,Managing Members,en-us_image_0000002269116001.png,screenshot,pass,1.00,"Image shows the 'Edit Role/Permission Set' dialog box, matching Figure 2 caption exactly | Dialog displays Username (test_dls) and two panels: Available (6 items) and Selected (2 items), consistent with adding/deleting roles or permission sets | Available panel shows checkboxes for role/permission sets (test1018, test1_role, test3, test2, test1, test) with two checked | Selected panel shows 'test' and 'test1' with Cancel operation links, and OK/Cancel buttons at the bottom | This directly corresponds to step 3: 'click Edit in the Operation column. In the displayed dialog box, add or delete roles or permission sets'",
umn/source/user_guide/dataarts_security/unified_permission_governance/controlling_data_access_using_permissions/synchronizing_mrs_hive_and_hetu_permissions.rst,Synchronizing MRS Hive and Hetu Permissions,en-us_image_0000002269119593.png,screenshot,pass,1.00,"Image shows the Hetu Permission Synchronization page in the DataArts Studio console, matching Figure 1 caption exactly. | Left navigation pane displays 'Access Permission Management' section with 'Hetu Permission Synchronization' highlighted, matching step 2 of the RST. | Main panel shows 'Create' and 'Delete' buttons, a search bar, and a table with 'Policy Name' and 'Source Data Source Type' columns, consistent with the RST description. | The page title 'Hetu Permission Synchronization' matches the RST section title.",
umn/source/user_guide/dataarts_security/unified_permission_governance/controlling_data_access_using_permissions/synchronizing_mrs_hive_and_hetu_permissions.rst,Synchronizing MRS Hive and Hetu Permissions,en-us_image_0000002269199673.png,screenshot,pass,1.00,"Image shows the 'Create Policy' dialog with all parameters listed in Table 1 of the RST. | Permission Source section shows Data Source Type (MRS Hive), Data Connection, and Cluster Name fields, matching the RST table. | Permission Target section shows Data Source Type (MRS Hetu), Data Connection, Cluster Name, and Catalog fields, matching the RST table. | Policy Name and Policy Description fields are present with the 256-character limit indicator, consistent with the RST description. | Submit and Cancel buttons at the bottom match step 4 (Click Submit) in the RST.",
umn/source/user_guide/dataarts_security/unified_permission_governance/controlling_data_access_using_permissions/synchronizing_mrs_hive_and_hetu_permissions.rst,Synchronizing MRS Hive and Hetu Permissions,en-us_image_0000002234080396.png,screenshot,pass,1.00,"Image shows a 'Policy Details' dialog, matching Figure 3 caption 'Viewing policy details' in the RST. | The dialog displays Policy Name, Policy Description, Permission Source (Data Source Type: HIVE, Cluster Name), and Permission Target (Data Source Type: HETUENGINE, Cluster Name, Catalog: hive), consistent with the policy parameters described in the RST. | This corresponds to the 'Viewing policy details' bullet in the Related Operations section of the RST. | The read-only nature of the fields (no edit controls) is consistent with a details/viewing view.",
umn/source/user_guide/dataarts_security/unified_permission_governance/controlling_ranger_access_using_permissions/configuring_resource_permissions.rst,Configuring Resource Permissions,en-us_image_0000002234082968.png,screenshot,pass,1.00,"Shows the DataArts Security 'Resource Permission Settings' page with left navigation matching the RST steps. | Lists MRS components (HDFS/hacluster, HBase, Yarn, Hive, Kafka) with Status, Creator, Created and Configure links, matching the document's component list. | Corresponds to Figure 1/4/7/10/13/16/19/22 in the RST.",
umn/source/user_guide/dataarts_security/unified_permission_governance/controlling_ranger_access_using_permissions/configuring_resource_permissions.rst,Configuring Resource Permissions,en-us_image_0000002234082960.png,screenshot,pass,1.00,"Shows the HDFS (hacluster) policy list with a Create button and a left tree highlighting hacluster, matching the HDFS policy creation step. | Policy table columns (Policy Name, Description, Policy Status, Validity Period, Allowed, Blocked, Operation) align with the RST parameter table. | Corresponds to Figure 2 'Creating a permission policy'.",
umn/source/user_guide/dataarts_security/unified_permission_governance/controlling_ranger_access_using_permissions/configuring_resource_permissions.rst,Configuring Resource Permissions,en-us_image_0000002269202205.png,screenshot,pass,1.00,"Shows the HDFS 'Create Permissions Policy (hdfs)' form with Basic Info, Policy Type Access, Policy Status, Overwrite, Audit Log, Policy Name, Resource Path with Recursive toggle. | Includes Validity Period, Allowed table (Role/Group/Username/Permission/Granted), Exceptions for Allowed and Block all other accesses, matching Table 2. | Corresponds to Figure 3 'Assigning a permission policy'.",
umn/source/user_guide/dataarts_security/unified_permission_governance/controlling_ranger_access_using_permissions/configuring_resource_permissions.rst,Configuring Resource Permissions,en-us_image_0000002269122133.png,screenshot,pass,1.00,"Shows the Hive component page with Access/Mask/Row-level Filter tabs (Access selected) and a Create button, matching the Hive access policy step. | Left tree highlights Hive; policy list shows database/table policies. | Corresponds to Figure 5 'Creating a permission policy'.",
umn/source/user_guide/dataarts_security/unified_permission_governance/controlling_ranger_access_using_permissions/configuring_resource_permissions.rst,Configuring Resource Permissions,en-us_image_0000002234082900.png,screenshot,pass,1.00,"Shows the Hive access policy form with database, table, Column fields and Included toggles, matching Table 3. | Includes Validity Period, Allowed and Blocked tables with Role/Group/Username/Permission/Granted, plus Exceptions checkboxes. | Corresponds to Figure 6 'Configuring a Hive policy'.",
umn/source/user_guide/dataarts_security/unified_permission_governance/controlling_ranger_access_using_permissions/configuring_resource_permissions.rst,Configuring Resource Permissions,en-us_image_0000002516802110.png,screenshot,pass,1.00,"Shows the Hive component with the Mask tab selected and a Create button, matching the Hive masking policy step. | Left tree highlights Hive; policy list shows masking policies. | Corresponds to Figure 8 'Creating a permission policy'.",
umn/source/user_guide/dataarts_security/unified_permission_governance/controlling_ranger_access_using_permissions/configuring_resource_permissions.rst,Configuring Resource Permissions,en-us_image_0000002234082924.png,screenshot,pass,1.00,"Shows the 'Create Permissions Policy (hive)' form with Policy Type Mask, Database, Data Table, Column fields, matching Table 4. | Includes a Mask section with Role/Group/Username/Permission/Mask Mode columns. | Corresponds to Figure 9 'Configuring a Hive policy'.",
umn/source/user_guide/dataarts_security/unified_permission_governance/controlling_ranger_access_using_permissions/configuring_resource_permissions.rst,Configuring Resource Permissions,en-us_image_0000002234242776.png,screenshot,pass,1.00,"Shows the Hive component with the Row-level Filter tab selected and a Create button, matching the row-level filter policy step. | Left tree highlights Hive. | Corresponds to Figure 11 'Creating a Hive row-level filter policy'.",
umn/source/user_guide/dataarts_security/unified_permission_governance/controlling_ranger_access_using_permissions/configuring_resource_permissions.rst,Configuring Resource Permissions,en-us_image_0000002269122161.png,screenshot,pass,1.00,"Shows the 'Create Permissions Policy (hive)' form with Policy Type Row-level Filter, Database, Data Table fields, matching Table 5. | Includes a Row-level Filter section with Role/Group/Username/Permission/Row-level Filter columns. | Corresponds to Figure 12 'Configuring a Hive policy'.",
umn/source/user_guide/dataarts_security/unified_permission_governance/controlling_ranger_access_using_permissions/configuring_resource_permissions.rst,Configuring Resource Permissions,en-us_image_0000002269202229.png,screenshot,pass,1.00,"Shows the HBase component with a Create button and a policy list, matching the HBase policy creation step. | Left tree highlights HBase. | Corresponds to Figure 14 'Creating an HBase permission policy'.",
umn/source/user_guide/dataarts_security/unified_permission_governance/controlling_ranger_access_using_permissions/configuring_resource_permissions.rst,Configuring Resource Permissions,en-us_image_0000002269202209.png,screenshot,pass,1.00,"Shows the 'Create Permissions Policy (hbase)' form with Data Table, Column Family, Column fields, matching Table 6. | Includes Allowed and Blocked tables with Role/Group/Username/Permission/Granted and Exceptions/Block all other accesses checkboxes. | Corresponds to Figure 15 'Configuring an HBase policy'.",
umn/source/user_guide/dataarts_security/unified_permission_governance/controlling_ranger_access_using_permissions/configuring_resource_permissions.rst,Configuring Resource Permissions,en-us_image_0000002234242744.png,screenshot,pass,1.00,"Shows the Yarn component with a Create button and a queue policy list, matching the Yarn policy creation step. | Left tree highlights Yarn. | Corresponds to Figure 17 'Creating a Yarn permission policy'.",
umn/source/user_guide/dataarts_security/unified_permission_governance/controlling_ranger_access_using_permissions/configuring_resource_permissions.rst,Configuring Resource Permissions,en-us_image_0000002234242796.png,screenshot,pass,1.00,"Shows the 'Create Permissions Policy (yarn)' form with a Queue field, matching Table 7. | Includes Validity Period, Allowed and Blocked tables with Role/Group/Username/Permission/Granted. | Corresponds to Figure 18 'Configuring a Yarn policy'.",
umn/source/user_guide/dataarts_security/unified_permission_governance/controlling_ranger_access_using_permissions/configuring_resource_permissions.rst,Configuring Resource Permissions,en-us_image_0000002269202241.png,screenshot,pass,1.00,"Shows the Kafka component with a Create button and a topic/consumer group policy list, matching the Kafka policy creation step. | Left tree highlights Kafka. | Corresponds to Figure 20 'Creating a Kafka permission policy'.",
umn/source/user_guide/dataarts_security/unified_permission_governance/controlling_ranger_access_using_permissions/configuring_resource_permissions.rst,Configuring Resource Permissions,en-us_image_0000002234242804.png,screenshot,pass,1.00,"Shows the 'Create Permissions Policy (kafka)' form with Policy Conditions and topic fields, matching Table 8. | Includes Allowed table with a Policy Conditions column and Blocked section. | Corresponds to Figure 21 'Configuring a Kafka policy'.",
umn/source/user_guide/dataarts_security/unified_permission_governance/controlling_ranger_access_using_permissions/configuring_resource_permissions.rst,Configuring Resource Permissions,en-us_image_0000002234082980.png,screenshot,pass,1.00,"Shows the Storm component with a Create button and a topology policy list, matching the Storm policy creation step. | Left tree highlights Storm. | Corresponds to Figure 23 'Creating a Storm permission policy'.",
umn/source/user_guide/dataarts_security/unified_permission_governance/controlling_ranger_access_using_permissions/configuring_resource_permissions.rst,Configuring Resource Permissions,en-us_image_0000002269122177.png,screenshot,pass,1.00,"Shows the 'Create Permissions Policy (storm)' form with a Topology field, matching Table 9. | Includes Validity Period, Allowed and Blocked tables with Role/Group/Username/Permission/Granted. | Corresponds to Figure 24 'Configuring a Storm policy'.",
umn/source/user_guide/dataarts_security/unified_permission_governance/controlling_ranger_access_using_permissions/viewing_permission_reports.rst,Viewing Permission Reports,en-us_image_0000002234081948.png,screenshot,pass,1.00,"Image shows an advanced search panel with fields for Cluster, Policy Type, policy name, Username, Group, and Policy Status, matching the RST description of advanced search. | The 'Advanced Search' link is visible in the upper right corner as described in the RST. | Search and Reset buttons are present, consistent with a search interface. | All fields mentioned in the RST (cluster, policy name, username, user group, policy type, policy status) are visible.",
umn/source/user_guide/dataarts_security/unified_permission_governance/controlling_ranger_access_using_permissions/viewing_permission_reports.rst,Viewing Permission Reports,en-us_image_0000002269201201.jpg,screenshot,pass,1.00,"Image shows a policy list for services (Storm and Kafka) with columns including Policy Name, Description, Policy Type, Policy Status, Validity Period, and Resource Path. | The Policy Status column header contains a filter (funnel) icon highlighted with a red box, matching the RST instruction to click the filter icon in the Policy Status column. | The layout and content align with the 'Policy status filtering' subsection of the RST. | Pagination controls at the bottom confirm this is a policy list view.",
umn/source/user_guide/dataarts_security/unified_permission_governance/controlling_ranger_access_using_permissions/viewing_permission_reports.rst,Viewing Permission Reports,en-us_image_0000002269121133.png,icon,pass,1.00,"Image is a small filter/funnel icon, which is exactly what the RST references as |image1| for the Policy Status column filter. | The icon is used inline in the text: 'you can click |image1| in the Policy Status column to filter the policies to be viewed.' | The funnel shape is a standard filter symbol, consistent with its described purpose. | The icon appears in the Policy Status column header in Image 2, confirming its identity.",
umn/source/user_guide/dataarts_security/unified_permission_governance/controlling_service_resource_access/configuring_queue_permissions.rst,Configuring Queue Permissions,en-us_image_0000002234076776.png,screenshot,pass,1.00,"Image shows the Queue Permissions page with left navigation pane highlighting 'Queue Permissions' | Main panel displays MRS queues and DLI queues in the queue permission directory | Matches Figure 1 description in the RST exactly | Right panel shows Creator, Created, Updated By, Updated fields consistent with queue details",
umn/source/user_guide/dataarts_security/unified_permission_governance/controlling_service_resource_access/configuring_queue_permissions.rst,Configuring Queue Permissions,en-us_image_0000002269196077.png,screenshot,pass,1.00,"Image shows the 'Add Queue Resource' dialog box matching Figure 2 | All parameters from Table 1 are visible: Resource Type, Data Connection, Cluster, Queue Name, Description | Save and Cancel buttons are present at the bottom | Cluster field appears greyed out, consistent with RST note that it is auto-matched",
umn/source/user_guide/dataarts_security/unified_permission_governance/controlling_service_resource_access/configuring_queue_permissions.rst,Configuring Queue Permissions,en-us_image_0000002269196069.png,screenshot,pass,1.00,Image shows MRS Yarn queue details page for 'root.launcher-job' | Queue Type is shown as 'yarn' and Queue Attribute dropdown shows 'Default' | Policy table with Create Policy and Delete buttons is visible | Matches Figure 3 description and the MRS Yarn queue section in step 4,
umn/source/user_guide/dataarts_security/unified_permission_governance/controlling_service_resource_access/configuring_queue_permissions.rst,Configuring Queue Permissions,en-us_image_0000002269115989.png,screenshot,pass,1.00,Image shows DLI queue details page for 'spark_queue' | Queue Type is shown as 'general' consistent with DLI general-purpose queue | Assign Permission and Revoke Permission buttons are visible | Matches Figure 4 description and the DLI queue section in step 4,
umn/source/user_guide/dataarts_security/unified_permission_governance/controlling_service_resource_access/configuring_queue_permissions.rst,Configuring Queue Permissions,en-us_image_0000002234076804.png,screenshot,pass,1.00,"Image shows the Create Policy dialog for MRS Yarn queue | All Table 2 parameters visible: Cluster, Queue Name, Policy Name, Policy Description, Policy Status, Audit Log, Overwrite | Access authorization section with Add User sub-dialog showing Member Name, Permissions (submit-app, admin-queue), Agency | Matches Figure 5 and the MRS Yarn queue permission granting procedure",
umn/source/user_guide/dataarts_security/unified_permission_governance/controlling_service_resource_access/configuring_queue_permissions.rst,Configuring Queue Permissions,en-us_image_0000002516803234.png,screenshot,pass,0.88,"Image shows the 'Assign Permissions to Users' dialog for DLI queue | Username field and Permissions checkboxes are visible | Permissions listed include: All, Submitting jobs, Canceling jobs, Deleting queues, Assigning permissions, Revoking permissions, Viewing other users' permissions, Restarting queues, Modifying specifications | Minor wording differences from RST Table 3: 'Canceling jobs' vs 'Terminating jobs', 'Assigning permissions' vs 'Granting permissions', 'Modifying specifications' vs 'Modifying queue specifications'",RST Table 3 uses slightly different permission names than shown in the image
umn/source/user_guide/dataarts_security/unified_permission_governance/controlling_service_resource_access/configuring_queue_permissions.rst,Configuring Queue Permissions,en-us_image_0000002234236628.png,screenshot,pass,1.00,Image shows the yarn.acl.enable parameter with 'true' radio button selected | Matches Figure 7 'Configuring yarn.acl.enable' in the Reference section | The 'Yarn' header is visible at the top | Consistent with the RST instruction to set yarn.acl.enable to true,
umn/source/user_guide/dataarts_security/unified_permission_governance/controlling_service_resource_access/configuring_queue_permissions.rst,Configuring Queue Permissions,en-us_image_0000002269116017.png,screenshot,pass,1.00,"Image shows the Yarn Configurations page in FusionInsight Manager | Basic Configurations tab is active with yarn.acl.enable set to true | Save, Import, Export buttons and search field are visible | Matches Figure 8 and the Reference section procedure for configuring yarn.acl.enable",
umn/source/user_guide/dataarts_security/unified_permission_governance/controlling_service_resource_access/configuring_queue_permissions.rst,Configuring Queue Permissions,en-us_image_0000002269196097.png,screenshot,pass,1.00,Image shows the Yarn Instance page with the More dropdown menu open | Instance Rolling Restart option is highlighted in the dropdown | Instance list shows NodeManager and ResourceManager entries with Expired configuration status | Matches Figure 9 and step 4 of the Reference section about performing a rolling instance restart,
umn/source/user_guide/dataarts_security/unified_permission_governance/controlling_service_resource_access/configuring_queue_permissions.rst,Configuring Queue Permissions,en-us_image_0000002234236656.png,icon,pass,1.00,Image is a plus (+) icon used as |image1| in the RST | RST step 3 says 'Click |image1| above the queue permission directory to allocate a queue' | The plus icon semantically represents the add/allocate action | Consistent with the add queue resource workflow,
umn/source/user_guide/dataarts_security/unified_permission_governance/controlling_service_resource_access/configuring_queue_permissions.rst,Configuring Queue Permissions,en-us_image_0000002234076768.png,icon,pass,1.00,Image is a trash can/delete icon used as |image2| in the RST | RST Related Operations says 'select queues and click |image2| to delete them' | The trash icon semantically represents the delete action | Consistent with the queue deletion workflow described,
umn/source/user_guide/dataarts_security/unified_permission_governance/controlling_service_resource_access/configuring_workspace_resource_permission_policies.rst,Configuring Workspace Resource Permission Policies,en-us_image_0000002234084516.png,screenshot,pass,1.00,"Image shows the Workspace Resource Permissions page in the DataArts Studio console, matching Figure 1 caption exactly. | Left navigation pane displays 'Access Permission Management' section with 'Workspace Resource Permissions' highlighted, matching RST step 2. | Main panel shows 'Create' and 'Delete' buttons and a 'Policy Name' column, consistent with RST step 3 and the Related Operations section. | The page title 'Workspace Resource Permissions' in the content area matches the figure caption.","The table body rows are not visible (only the header row with Policy Name is shown), but this is expected for an empty policy list."
umn/source/user_guide/dataarts_security/unified_permission_governance/controlling_service_resource_access/configuring_workspace_resource_permission_policies.rst,Configuring Workspace Resource Permission Policies,en-us_image_0000002234084520.png,screenshot,pass,1.00,"Image shows a 'Create Policy' slide-out panel, matching Figure 2 caption 'Creating a workspace resource permission policy'. | The form contains Policy Name (required, marked with red asterisk), Data Connection, Agency, user, user group, and role fields, all matching Table 1 parameters in the RST. | The 'resources' section groups Data Connection and Agency, and the 'authorized object' section groups user, user group, and role, consistent with the RST table structure. | Dropdown selectors and a text input field are visible as interactive controls for selecting values.",The 'Save' button mentioned in RST step 3 is not visible in the screenshot (likely below the visible area of the panel).
umn/source/user_guide/dataarts_security/unified_permission_governance/permission_governance_process.rst,Permission Governance Process,en-us_image_0000002234238520.png,other,pass,1.00,"The image is a flowchart showing the unified permission governance process with three columns: Ranger permission management, Data permission management, and Service resource management. | All steps shown in the diagram (Authorize dlg_agency, Check cluster version, Synchronize IAM users, Configure workspace permission sets, Configure permission sets, Configure common roles, Configure managed roles, Configure row-level access control, Synchronize MRS Hive and Hetu permissions, Apply for permissions, Review permission requests, Enable fine-grained authentication, Configure queue permissions, Configuring workspace resource permission policies, Configure resource permissions, View permission reports) match the RST text exactly. | The diagram is referenced as Figure 1 in the 'Use Process' section and accurately depicts the process described. | No contradictions between the diagram and the RST content.",
umn/source/user_guide/dataarts_security/unified_permission_governance/permission_governance_process.rst,Permission Governance Process,en-us_image_0000002234238528.png,screenshot,pass,1.00,"The image shows the Ranger WebUI Dashboard page with Basic Information including Running Status (Normal), Configuration Status (Synchronized), Version (2.0.0), and a 'RangerAdmin' link. | This matches Figure 2 'Accessing the Ranger WebUI' referenced in the RST step 2 of the MRS default permission removal procedure. | The 'RangerAdmin' link is the element the RST instructs the user to click to go to the Ranger WebUI. | No contradictions with the RST description.",
umn/source/user_guide/dataarts_security/unified_permission_governance/permission_governance_process.rst,Permission Governance Process,en-us_image_0000002269197945.png,screenshot,pass,1.00,"The image shows the Ranger Service Manager page with a dropdown menu open showing 'Profile', 'Log Out', and 'Switch to latest UI' options for user 'dataarts_user'. | The HADOOP SQL area with 'Hive' is visible, matching the RST instruction to click the component plug-in name in the HADOOP SQL area. | This matches Figure 3 'Logging out of the current account' referenced in step 3 of the RST procedure. | No contradictions with the RST description.",
umn/source/user_guide/dataarts_security/unified_permission_governance/permission_governance_process.rst,Permission Governance Process,en-us_image_0000002548269001.png,screenshot,pass,1.00,"The image shows the Ranger Hive Policies 'List of Policies' table on the Access tab with columns including Policy ID, Policy Name, Policy Labels, Default Policy, Status, Audit Logging, Roles, Groups, Users, and Action. | Multiple policies (IDs 1, 3, 7, 8) show 'public' in the Groups column and 'True' in the Default Policy column, exactly matching the RST instruction to locate default policies whose Groups column contains public. | This matches Figure 4 'Policy list' referenced in step 5 of the RST procedure. | No contradictions with the RST description.",
umn/source/user_guide/dataarts_security/unified_permission_governance/synchronizing_iam_users_to_the_data_source.rst,Synchronizing IAM Users to the Data Source,en-us_image_0000002234237176.png,screenshot,pass,1.00,"Image shows the DataArts Security console with 'User Synchronization' selected in the left navigation pane, matching the RST step 2 instruction. | The main panel displays the 'Synchronization Tasks' page with a 'Create' button, exactly as described in RST step 3. | The left navigation structure (Dashboard, Access Permission Management, Permission Sets, Role Management, Permission Review, User Synchronization) is consistent with the DataArts Security console described in the document. | The 'Create' and 'Delete' buttons and 'Cluster Type' column header are visible, matching the expected Synchronization Tasks page layout.","No task entries are visible in the table (only the header row is shown), which is consistent with a new/empty state but not explicitly stated in the RST."
umn/source/user_guide/dataarts_security/unified_permission_governance/synchronizing_iam_users_to_the_data_source.rst,Synchronizing IAM Users to the Data Source,en-us_image_0000002234237168.png,screenshot,pass,1.00,"Image shows the 'Create Synchronization Task' dialog, directly corresponding to RST step 4 and Figure 2. | Form fields (Select Cluster, Cluster Type, Data Connection, Scheduling Time, Scheduling Period, Schedule Interval) match the parameters listed in Table 1 of the RST. | The Scheduling Time field shows two dropdowns with a 'hour' label, consistent with the RST description of selecting a time period. | The Schedule Interval field shows a dropdown with a 'minutes' label, matching the RST description of scheduling by hour or minute. | Cancel and OK buttons are present at the bottom, matching the RST instruction to 'click OK to create a user synchronization task'.","The 'Full Synchronization' and 'User/User Group' fields from Table 1 are not visible; however, these are conditional fields that appear only when an MRS cluster is selected, and no cluster is selected in this image (all fields show '--Select--')."
umn/source/user_guide/management_center/configuring_dataarts_studio_resource_migration.rst,Configuring DataArts Studio Resource Migration,en-us_image_0000002269115061.png,screenshot,pass,1.00,Shows Management Center navigation with Migrate Resources selected | Displays Migrate Resources page with Import File and Export Task buttons | Matches Figure 1 / Figure 6 caption in the RST,
umn/source/user_guide/management_center/configuring_dataarts_studio_resource_migration.rst,Configuring DataArts Studio Resource Migration,en-us_image_0000002234238624.png,screenshot,pass,1.00,"Export Task dialog with step 1 Select File active | Contains OBS Bucket, OBS Path, File Name fields and Next button | Matches Figure 2 caption in the RST",
umn/source/user_guide/management_center/configuring_dataarts_studio_resource_migration.rst,Configuring DataArts Studio Resource Migration,en-us_image_0000002234238664.png,screenshot,pass,1.00,"Export Task step 2 Select Template with resource checkboxes | Lists DataService, DataSource, Classification, Collect, Term etc. | Matches Figure 3 caption in the RST",
umn/source/user_guide/management_center/configuring_dataarts_studio_resource_migration.rst,Configuring DataArts Studio Resource Migration,en-us_image_0000002269198077.png,screenshot,pass,1.00,Export Task step 3 View Result with green checkmark | Shows Task completed message and OK button | Matches Figure 4 caption in the RST,
umn/source/user_guide/management_center/configuring_dataarts_studio_resource_migration.rst,Configuring DataArts Studio Resource Migration,en-us_image_0000002234078784.png,screenshot,pass,1.00,Migrate Resources task list with Export task row | Result Successful and Download operation visible | Matches Figure 5 caption in the RST,
umn/source/user_guide/management_center/configuring_dataarts_studio_resource_migration.rst,Configuring DataArts Studio Resource Migration,en-us_image_0000002234238636.png,screenshot,pass,1.00,Specify File step with Import Mode OBS / Local file toggle | OBS Bucket and OBS Path fields present | Matches Figure 7 caption in the RST,
umn/source/user_guide/management_center/configuring_dataarts_studio_resource_migration.rst,Configuring DataArts Studio Resource Migration,en-us_image_0000002234238648.png,screenshot,pass,1.00,"Import resource selection with checkboxes for DataService, DataSource, etc. | Step 1 Specify File / Step 2 Configure Task indicators | Matches Figure 8 caption in the RST",
umn/source/user_guide/management_center/configuring_dataarts_studio_resource_migration.rst,Configuring DataArts Studio Resource Migration,en-us_image_0000002269198065.png,screenshot,pass,1.00,"Configure Data Connection(1/1) form with Type, Name, Category | Test button visible | Matches Figure 9 caption in the RST",
umn/source/user_guide/management_center/configuring_dataarts_studio_resource_migration.rst,Configuring DataArts Studio Resource Migration,en-us_image_0000002234238656.png,screenshot,pass,1.00,Step 3 View Result with green checkmark | Shows Import task started message | Matches Figure 10 caption in the RST,
umn/source/user_guide/management_center/configuring_dataarts_studio_resource_migration.rst,Configuring DataArts Studio Resource Migration,en-us_image_0000002269198105.png,screenshot,pass,1.00,"Migrate Resources task list with Import task row | Result Subtask failed shown in red, matching RST note | Matches Figure 11 caption in the RST",
umn/source/user_guide/management_center/configuring_environment_isolation_for_a_dataarts_studio_workspace_in_enterprise_mode.rst,Configuring Environment Isolation for a DataArts Studio Workspace in Enterprise Mode,en-us_image_0000002269197513.png,screenshot,pass,1.00,"Shows the 'Configure Data Source Resource Mapping' page with 'Data Source Resource Mapping Configuration' highlighted in the left nav under 'Isolate Environments', matching Figure 1. | Displays the DLI Queue Configuration and DB Configuration tabs and an Add button, consistent with the RST step 3 description.",
umn/source/user_guide/management_center/configuring_environment_isolation_for_a_dataarts_studio_workspace_in_enterprise_mode.rst,Configuring Environment Isolation for a DataArts Studio Workspace in Enterprise Mode,en-us_image_0000002424390041.png,screenshot,pass,1.00,"Shows the DB Configuration tab with Data Connection Name, Type, Development/Production DB Name columns and Edit/Delete operations, matching Figure 2. | Includes an Add button and example rows (spark_sql / SparkSQL), consistent with the RST DB configuration step.",
umn/source/user_guide/management_center/configuring_environment_isolation_for_a_dataarts_studio_workspace_in_enterprise_mode.rst,Configuring Environment Isolation for a DataArts Studio Workspace in Enterprise Mode,en-us_image_0000002269117457.png,screenshot,pass,1.00,"Shows the DLI Queue Configuration tab with Development/Production Environment Queue Name fields (queue_01_dev / queue_01) and Save/Cancel actions, matching Figure 3. | The _dev suffix on the development queue name aligns with the RST recommendation.",
umn/source/user_guide/management_center/configuring_environment_isolation_for_a_dataarts_studio_workspace_in_enterprise_mode.rst,Configuring Environment Isolation for a DataArts Studio Workspace in Enterprise Mode,en-us_image_0000002424510233.png,screenshot,pass,1.00,"Shows the DB Configuration tab with example rows and Edit/Delete operations, matching Figure 4 in the DB Configuration section. | Layout and columns are consistent with the RST description of database mapping configuration.",
umn/source/user_guide/management_center/configuring_environment_isolation_for_a_dataarts_studio_workspace_in_enterprise_mode.rst,Configuring Environment Isolation for a DataArts Studio Workspace in Enterprise Mode,en-us_image_0000002269117469.png,icon,partial,0.77,"Small pencil glyph representing the edit action referenced as |image1| in the RST. | It is an isolated UI symbol, not a full interface screenshot.",No surrounding context shown; relies on RST text to identify it as the edit control.
umn/source/user_guide/management_center/configuring_environment_isolation_for_a_dataarts_studio_workspace_in_enterprise_mode.rst,Configuring Environment Isolation for a DataArts Studio Workspace in Enterprise Mode,en-us_image_0000002234078284.png,icon,partial,0.77,"Small minus/dash glyph representing the delete action referenced as |image2| in the RST. | It is an isolated UI symbol, not a full interface screenshot.",No surrounding context shown; relies on RST text to identify it as the delete control.
umn/source/user_guide/management_center/configuring_environment_isolation_for_a_dataarts_studio_workspace_in_enterprise_mode.rst,Configuring Environment Isolation for a DataArts Studio Workspace in Enterprise Mode,en-us_image_0000002234078248.png,icon,partial,0.77,"Small pencil glyph representing the edit action referenced as |image3| in the RST. | It is an isolated UI symbol, not a full interface screenshot.",No surrounding context shown; relies on RST text to identify it as the edit control.
umn/source/user_guide/management_center/configuring_environment_isolation_for_a_dataarts_studio_workspace_in_enterprise_mode.rst,Configuring Environment Isolation for a DataArts Studio Workspace in Enterprise Mode,en-us_image_0000002234078240.png,icon,partial,0.77,"Small minus/dash glyph representing the delete action referenced as |image4| in the RST. | It is an isolated UI symbol, not a full interface screenshot.",No surrounding context shown; relies on RST text to identify it as the delete control.
umn/source/user_guide/management_center/configuring_environment_isolation_for_a_dataarts_studio_workspace_in_enterprise_mode.rst,Configuring Environment Isolation for a DataArts Studio Workspace in Enterprise Mode,en-us_image_0000002234238072.png,icon,partial,0.77,"Small pencil glyph representing the edit action referenced as |image5| in the RST. | It is an isolated UI symbol, not a full interface screenshot.",No surrounding context shown; relies on RST text to identify it as the edit control.
umn/source/user_guide/management_center/configuring_environment_isolation_for_a_dataarts_studio_workspace_in_enterprise_mode.rst,Configuring Environment Isolation for a DataArts Studio Workspace in Enterprise Mode,en-us_image_0000002234078264.png,icon,partial,0.77,"Small minus/dash glyph representing the delete action referenced as |image6| in the RST. | It is an isolated UI symbol, not a full interface screenshot.",No surrounding context shown; relies on RST text to identify it as the delete control.
umn/source/user_guide/management_center/creating_a_dataarts_studio_data_connection.rst,Creating a DataArts Studio Data Connection,en-us_image_0000002269195981.png,screenshot,pass,1.00,"Image shows the Management Center > Manage Data Connections page with a highlighted 'Create Data Connection' button, matching Figure 1 caption. | Sidebar items 'Manage Data Connections' and 'Migrate Resources' align with the Management Center context described in the RST. | The 'Max. data connections: 200' note and 'Data Connection Name' column are consistent with a data connection management list view. | Directly corresponds to step 3 of the 'Creating a Data Connection' procedure where the user clicks Create Data Connection.","No data connection type selection or parameter fields are visible, but those belong to the subsequent step, not this figure."
umn/source/user_guide/management_center/typical_scenarios_for_using_management_center/creating_a_connection_between_dataarts_studio_and_a_gaussdbdws_data_lake.rst,Creating a Connection Between DataArts Studio and a GaussDB(DWS) Data Lake,en-us_image_0000002269195981.png,screenshot,pass,1.00,"Image shows the Manage Data Connections page in Management Center with the 'Create Data Connection' button highlighted, matching Figure 1 caption exactly. | The left navigation shows 'Management Center' > 'Manage Data Connections' consistent with step 2-3 of the procedure. | The red box highlights the 'Create Data Connection' button as described in step 3 of the RST. | The 'Max. data connections: 200' text and 'Data Connection Name' column header are visible, consistent with the management interface.",
umn/source/user_guide/management_center/typical_scenarios_for_using_management_center/creating_a_connection_between_dataarts_studio_and_a_gaussdbdws_data_lake.rst,Creating a Connection Between DataArts Studio and a GaussDB(DWS) Data Lake,en-us_image_0000002269115869.png,screenshot,pass,1.00,"Image displays the DWS connection parameters form matching Figure 2 caption 'DWS connection parameters'. | All parameters from Table 1 are visible: Data Connection Type (DWS), Name, Tag, Applicable Modules, SSL Encryption, Manual (Cluster Name Mode / Connection String Mode), DWS Cluster Name, KMS Key, Agent, Username, Password. | The form is divided into 'Basic and Network Connectivity Configuration' and 'Data Source Authentication and Other Function Configuration' sections as described in the table. | The Test button at the bottom corresponds to step 5 in the procedure. | Applicable Modules checkboxes (DataArts Migration, Architecture, Factory, Quality, Catalog, Security, DataService) are visible.",
umn/source/user_guide/management_center/typical_scenarios_for_using_management_center/creating_a_connection_between_dataarts_studio_and_a_gaussdbdws_data_lake.rst,Creating a Connection Between DataArts Studio and a GaussDB(DWS) Data Lake,en-us_image_0000002269195969.png,screenshot,pass,1.00,"Image shows the DWS console Security Settings page with the 'Rights Separation' toggle highlighted in a red box, matching Figure 3 caption 'Disabling Rights Separation for the DWS cluster'. | The Security Settings tab is selected in the top navigation, consistent with the reference instruction to choose 'Security Settings'. | The Rights Separation toggle is shown in the off/disabled state, matching the instruction to disable it. | The page also shows Audit Settings section with various audit toggles, providing additional context for the DWS security configuration page. | The breadcrumb shows 'dws' confirming this is the GaussDB(DWS) console.",
umn/source/user_guide/management_center/typical_scenarios_for_using_management_center/creating_a_connection_between_dataarts_studio_and_a_mysql_database.rst,Creating a Connection Between DataArts Studio and a MySQL Database,en-us_image_0000002269195981.png,screenshot,pass,1.00,"Image shows the Management Center > Manage Data Connections page with the 'Create Data Connection' button highlighted in a red box, matching Figure 1 caption exactly | Left sidebar shows 'Management Center' with 'Manage Data Connections' and 'Migrate Resources' navigation items as described in the RST | The 'Max. data connections: 200' text and 'Data Connection Name' column header are visible, consistent with the management interface described | Directly corresponds to RST step 3: 'On the displayed Manage Data Connections page, click Create Data Connection'",
umn/source/user_guide/management_center/typical_scenarios_for_using_management_center/creating_a_connection_between_dataarts_studio_and_a_mysql_database.rst,Creating a Connection Between DataArts Studio and a MySQL Database,en-us_image_0000002234080412.png,screenshot,pass,1.00,"Image shows the RDS connection parameter form with Data Connection Type set to 'RDS(MySQL)', matching Figure 2 caption and RST step 4 | All fields from Table 1 are visible: Name, Tag, Applicable Modules, IP Address or Domain Name, Port, KMS Key, Agent, Driver Name, Driver File Path, Username, Password | The form is organized into sections matching the RST table: Basic and Network Connectivity Configuration, Data Source Driver Configuration, Data Source Authentication and Other Function Configuration | The 'Test' button at the bottom corresponds to RST step 5: 'Click Test to test connectivity of the data connection' | Applicable Modules checkboxes (DataArts Migration, Architecture, Factory, Quality, Catalog, DataService) are visible and consistent with the parameter description",
umn/source/user_guide/management_center/typical_scenarios_for_using_management_center/creating_a_connection_between_dataarts_studio_and_an_mrs_hive_data_lake.rst,Creating a Connection Between DataArts Studio and an MRS Hive Data Lake,en-us_image_0000002269195981.png,screenshot,pass,1.00,"Image shows the Management Center > Manage Data Connections page with the 'Create Data Connection' button highlighted in a red rectangle | Matches Figure 1 caption 'Creating a data connection' in the RST | Corresponds to step 3: 'On the displayed Manage Data Connections page, click Create Data Connection' | Left sidebar shows Management Center with Manage Data Connections and Migrate Resources options as expected | Max. data connections: 200 text is visible, consistent with the agent concurrency limit mentioned in the RST",
umn/source/user_guide/management_center/typical_scenarios_for_using_management_center/creating_a_connection_between_dataarts_studio_and_an_mrs_hive_data_lake.rst,Creating a Connection Between DataArts Studio and an MRS Hive Data Lake,en-us_image_0000002234079400.png,screenshot,pass,1.00,"Image shows the MRS Hive connection parameters form with Data Connection Type set to 'MRS Hive' | Matches Figure 2 caption 'MRS Hive connection parameters' in the RST | Corresponds to step 4: select MRS Hive for Data Connection Type and set other parameters per Table 1 | All major parameters from Table 1 are visible: Name, Tag, Applicable Modules, Connection Type, Manual, MRS Cluster Name, KMS Key, Agent, Username, Password, Enable ldap | The form is organized into 'Basic and Network Connectivity Configuration' and 'Data Source Authentication and Other Function Configuration' sections matching the table structure","The image shows a 'Real-time Metadata Synchronization' toggle that is not explicitly listed in Table 1 of the RST | The 'OBS storage support', 'Use Agency', 'Public agency', 'AK', and 'SK' fields from Table 1 are not visible in this screenshot (likely below the visible area or conditionally displayed)"
