document,title,image,image_type,result,score,reasons,missing_evidence
api-ref/source/appendix/obtaining_a_project_id.rst,Obtaining a Project ID,,,fail,,kein valides Bild,No model result was produced.
umn/source/auditing/viewing_traces_on_the_cts_console.rst,Viewing Traces on the CTS Console,en-us_image_0266235352.png,screenshot,pass,1.00,"Shows a CTS trace list table with columns Trace Name, Resource Type, Trace Source, Resource ID, Trace Status, Operator, Operation Time, Operation. | Displays an expanded trace row (createDCSInstanceS..., Redis, DCS) with Trace ID, Trace Type, Source IP Address, Generated, matching Figure 1 'Expanding trace details'. | Includes a 'View Trace' link in the Operation column, consistent with step 7 of the procedure.",No filter panel or region/project selector visible in this crop.
umn/source/auditing/viewing_traces_on_the_cts_console.rst,Viewing Traces on the CTS Console,en-us_image_0266235315.png,screenshot,pass,1.00,"Displays a JSON-style trace structure with fields such as time, user, request, engine (Redis), engine_version, capacity, vpc_id, security_group_id, subnet_id, available_zones. | Matches Figure 2 'Viewing traces' which shows the trace structure details in the dialog box after clicking View Trace. | Content is consistent with a DCS/Redis operation trace record described in the RST.",No dialog box title or surrounding UI chrome visible; only the raw trace payload is shown.
umn/source/auditing/viewing_traces_on_the_cts_console.rst,Viewing Traces on the CTS Console,en-us_image_0143929918.png,icon,pass,0.88,"A small location-pin / map-marker pictogram, matching |image1| used in step 2 to select a region and project. | Symbolic icon rather than a full UI screenshot, consistent with a region selector control.",No surrounding console UI or label visible to confirm exact placement in the upper-left corner.
umn/source/auditing/viewing_traces_on_the_cts_console.rst,Viewing Traces on the CTS Console,en-us_image_0266235373.png,icon,pass,0.88,"A small downward chevron / expand arrow pictogram, matching |image2| used in step 6 to expand trace details. | Symbolic expand/collapse icon rather than a full interface screenshot.",No adjacent trace row or table context visible to confirm it sits on the left of a trace entry.
umn/source/backing_up_and_restoring_instance_data/configuring_an_automatic_backup_policy.rst,Configuring an Automatic Backup Policy,en-us_image_0143929918.png,icon,partial,0.77,The image is a location pin icon used as a region/project selector in the DCS console | The RST references it in step 2: 'Click |image1| in the upper left corner and select a region and a project' | The icon is consistent with a region selector control in a cloud console UI | It is a prerequisite step for navigating to the backup configuration page,The image does not show the full console context (upper left corner placement) | No text label is visible on the icon to confirm it is specifically a region selector
umn/source/backing_up_and_restoring_instance_data/configuring_an_automatic_backup_policy.rst,Configuring an Automatic Backup Policy,en-us_image_0000001256735725.png,icon,pass,1.00,"The image is a toggle switch in the off position, matching the RST instruction to 'Slide |image2| to the right to enable automatic backup' | This is the primary control for enabling the automatic backup feature described in the document | The toggle is shown in its initial (off) state, consistent with the instruction to slide it to the right | Directly relevant to the core topic of configuring an automatic backup policy","No label or text is visible on the toggle to explicitly identify it as the 'automatic backup' switch | The surrounding UI context (instance details page, Backups & Restorations tab) is not visible"
umn/source/backing_up_and_restoring_instance_data/downloading_a_backup_file.rst,Downloading a Backup File,en-us_image_0143929918.png,icon,partial,0.77,"The image is a small location-pin (map marker) icon, consistent with a region/project selector in a cloud console. | The RST step 2 instructs to click this icon in the upper left corner to select a region and a project, which semantically matches a location pin symbol. | The icon is placed within the Procedure section and supports the navigation steps for accessing the DCS console. | No visible interactive controls or buttons are present; it is an isolated symbolic graphic.","The image does not show surrounding UI context (e.g., the upper-left corner of the console) to confirm exact placement. | No label or text accompanies the icon to explicitly confirm it is the region/project selector."
umn/source/backing_up_and_restoring_instance_data/manually_backing_up_a_dcs_instance.rst,Manually Backing Up a DCS Instance,en-us_image_0143929918.png,icon,partial,0.77,"The image is a small location-pin / map-marker symbol, consistent with an isolated UI icon. | In the RST, |image1| is used in step 2 to indicate clicking the region/project selector in the upper-left corner, which matches a location icon. | The icon is referenced within the Procedure section of the DCS backup guide, so it is contextually relevant. | The visual clearly shows a location pin glyph, providing direct visual evidence for the region selector reference. | No contradiction between the icon and the surrounding text.",The image is a generic location pin; it does not show the actual console UI or the region/project menu it opens. | No label or text accompanies the icon to confirm it is the region selector.
umn/source/backing_up_and_restoring_instance_data/restoring_a_dcs_instance.rst,Restoring a DCS Instance,en-us_image_0143929918.png,icon,pass,1.00,"The image is a small gray location/map-pin icon, matching the region/project selector referenced in step 2 of the procedure. | The RST states 'Click |image1| in the upper left corner and select a region and a project,' which semantically aligns with a location pin icon. | The icon is used within the Procedure section for navigating the DCS console, consistent with the document's topic of restoring a DCS instance. | No contradiction between the icon's meaning (region/location selection) and its usage in the text.",The image is a generic location pin; it does not show the surrounding console UI or the upper-left corner context described in the text. | No label or text accompanies the icon to confirm it is specifically the region/project selector.
umn/source/data_migration_guide/migrating_data_between_dcs_instances/backup_import_between_dcs_redis_instances.rst,Backup Import Between DCS Redis Instances,en-us_image_0000001990974029.png,screenshot,pass,1.00,"Image shows terminal output of the 'info keyspace' command in redis-cli, matching the RST instruction to run this command on source and target Redis | The output displays 'db0:keys=81869,expires=0,avg_ttl=0' which directly corresponds to the RST's mention of checking 'keys' and 'expires' values | Referenced as Figure 1 in the 'Verifying the Migration' section, exactly where the RST places it | The terminal prompt shows a Redis connection on port 6379, consistent with DCS Redis instance access","Only one instance's output is shown; the RST implies comparing source and target, but the figure shows a single result"
umn/source/data_migration_guide/migrating_data_between_dcs_instances/backup_import_between_dcs_redis_instances.rst,Backup Import Between DCS Redis Instances,en-us_image_0000001549115173.png,icon,pass,1.00,"Image is a location pin / map marker icon, consistent with a region selector in a cloud console UI | Referenced as |image1| in step 2 of the procedure: 'Click |image1| in the upper left corner of the console and select the region' | The icon's purpose (region/location selection) matches the RST description of selecting a region | Small, isolated symbolic graphic with no surrounding UI context, classifying it as an icon",No surrounding UI context visible; the icon is shown in isolation without the console interface around it
umn/source/data_migration_guide/migrating_data_between_dcs_instances/online_migration_between_instances.rst,Online Migration Between Instances,en-us_image_0000001955094688.png,screenshot,pass,1.00,Image shows a UI form with 'Migration Type' field and two radio button options: 'Full' (selected) and 'Full + Incremental' | Descriptions under each option match the RST Table 1 content exactly | This is Figure 1 referenced in the 'Configuring the Online Migration Task' section | The selected state (Full) and the layout match the RST description of selecting a migration type,
umn/source/data_migration_guide/migrating_data_between_dcs_instances/online_migration_between_instances.rst,Online Migration Between Instances,en-us_image_0000001990974029.png,screenshot,pass,1.00,"Image shows a terminal/CLI session with the 'info keyspace' command executed on a Redis instance | Output shows 'db0:keys=81869,expires=0,avg_ttl=0' which directly matches the RST instruction to check values of keys and expires | This is Figure 2 referenced in the 'Verifying the Migration' section | The command and output format are consistent with the RST description of verifying data integrity",
umn/source/data_migration_guide/migrating_data_between_dcs_instances/online_migration_between_instances.rst,Online Migration Between Instances,en-us_image_0000001549115173.png,icon,partial,0.78,"Image is a small location pin/map marker icon, consistent with a region selector UI element | The RST references this as |image1| in step 2: 'Click |image1| in the upper left corner of the console and select the region' | The icon is a generic location symbol, not specific to DCS migration but appropriate for a region selector | Used in the 'Creating an Online Migration Task' section as expected",The icon is a generic location pin without any DCS-specific branding or text | Cannot confirm from the icon alone that it appears in the upper left corner of the DCS console
umn/source/data_migration_guide/migrating_data_from_self-hosted_redis_to_dcs/migrating_self-built_redis_online.rst,Migrating Self-Built Redis Online,en-us_image_0291862872.png,screenshot,pass,1.00,"Image shows a 'Migration Type' form with 'Full' and 'Full + Incremental' radio options, matching Figure 1 caption 'Selecting the migration type'. | Descriptions under each option align with Table 1 in the RST (Full for interruptible services; Full + Incremental for minimal downtime). | Image is placed in the 'Configuring the Online Migration Task' section, step 2, exactly where the RST references it. | Radio buttons are visible interactive controls.",
umn/source/data_migration_guide/migrating_data_from_self-hosted_redis_to_dcs/migrating_self-built_redis_online.rst,Migrating Self-Built Redis Online,en-us_image_0000001549115173.png,icon,pass,0.93,"Image is a small location-pin (map marker) pictogram, consistent with a region selector icon. | RST step 2 of 'Creating an Online Migration Task' says 'Click |image1| in the upper left corner of the console and select the region', which matches a region/location icon. | The icon is isolated and symbolic, fitting the 'icon' classification. | No interactive buttons are visible in the icon itself.",The icon is generic; no surrounding console UI is shown to confirm it is the exact region selector in the DCS console.
umn/source/data_migration_guide/migrating_data_from_self-hosted_redis_to_dcs/migrating_self-built_redis_online.rst,Migrating Self-Built Redis Online,en-us_image_0293255709.png,screenshot,pass,1.00,"Image shows a redis-cli terminal running 'info keyspace' and returning 'db0:keys=81869,expires=0,avg_ttl=0'. | RST 'Verifying the Migration' step 2 instructs to run 'info keyspace' to check 'keys' and 'expires', and references |image2| here. | The displayed keys and expires values directly support the verification procedure described. | Terminal/CLI output is a visible application interface, classified as a screenshot.","Only one instance (source or target) output is shown; the RST compares both source and target, but the image illustrates the command output format."
umn/source/data_migration_guide/migrating_data_from_self-hosted_redis_to_dcs/self-hosted_redis_cluster_migration_with_redis-shake_online.rst,Self-Hosted Redis Cluster Migration with redis-shake (Online),en-us_image_0000002000818973.png,screenshot,pass,1.00,"Terminal screenshot of redis-shake executing shake.toml, matching the 'Migrating Data Online' section and Figure 1 caption. | Shows SyncClusterReader/RedisClusterWriter creation and 'syncing aof' output described in the RST. | Final lines show write_ops=[0.00], src-*, syncing aof, diff=[0], exactly the no-new-data state the RST says to stop on. | Red boxes highlight the diff=[0] lines, consistent with the documented completion indicator.",No explicit indication of the source vs target cluster addresses beyond the log lines.
umn/source/data_migration_guide/migrating_data_from_self-hosted_redis_to_dcs/self-hosted_redis_cluster_migration_with_redis-shake_online.rst,Self-Hosted Redis Cluster Migration with redis-shake (Online),en-us_image_0000002001365365.png,screenshot,pass,1.00,"Terminal screenshot of 'redis-cli ... cluster nodes' output, matching the 'Obtaining Information of the Source and Target Redis Nodes' section (|image1|). | Displays node IDs, IP addresses, ports, and master/slave roles, which the RST instructs the user to obtain. | Red underlines highlight the master node addresses, consistent with the instruction to obtain master node IPs and ports.","Password portion of the command is redacted, so the exact connection password is not visible."
umn/source/data_migration_guide/migrating_data_from_self-hosted_redis_to_dcs/self-hosted_redis_cluster_migration_with_redis-shake_online.rst,Self-Hosted Redis Cluster Migration with redis-shake (Online),en-us_image_0000001964418130.png,screenshot,pass,1.00,"Terminal screenshot of 'll' inside the redis-shake-v4.3.2 directory, matching the 'Configuring the redis-shake Tool' section (|image2|) after decompression. | Shows the redis-shake binary and shake.toml file, consistent with the decompress and edit steps described in the RST. | Directory name redis-shake-v4.3.2 matches the v4.3.2 example used in the document.","Does not show the contents of shake.toml, only its presence."
umn/source/data_migration_guide/migrating_data_from_self-hosted_redis_to_dcs/self-hosted_redis_cluster_migration_with_redis-shake_rdb.rst,Self-Hosted Redis Cluster Migration with redis-shake (RDB),en-us_image_0000002001365365.png,screenshot,pass,1.00,"Image shows terminal output of 'redis-cli -h 192.168.0.140 -p 6379 -a [password] cluster nodes' command | Output displays cluster node information with IP addresses, ports, and node roles (master/slave) | Directly matches the RST instruction to query IP addresses and ports of all nodes in the Redis Cluster | Red underlines highlight the master node entries, consistent with the RST note to obtain master node addresses",
umn/source/data_migration_guide/migrating_data_from_self-hosted_redis_to_dcs/self-hosted_redis_cluster_migration_with_redis-shake_rdb.rst,Self-Hosted Redis Cluster Migration with redis-shake (RDB),en-us_image_0000001964888588.png,screenshot,pass,1.00,"Image shows terminal output of 'tar -xvf release-v2.1.2-20220329.tar.gz' command | Extracted files listed: bin/redis-shake.conf, bin/redis-shake.darwin, bin/redis-shake.linux, bin/redis-shake.windows | Followed by 'll' command showing directory contents with the tar.gz file | Directly matches the RST step for decompressing the redis-shake file in the Installing RedisShake section",
umn/source/data_migration_guide/migrating_data_from_self-hosted_redis_to_dcs/self-hosted_redis_cluster_migration_with_redis-shake_rdb.rst,Self-Hosted Redis Cluster Migration with redis-shake (RDB),en-us_image_0000002289570913.png,screenshot,pass,1.00,"Image shows terminal output of 'cd bin' command followed by 'll' | Directory listing shows redis-shake.conf, redis-shake.darwin, redis-shake.linux, redis-shake.windows | Directly matches the RST step 'Go to the redis-shake directory' with 'cd bin' in the Exporting the Backup File section | File names and structure are consistent with the previously extracted redis-shake package",
umn/source/data_migration_guide/migrating_data_from_self-hosted_redis_to_dcs/self-hosted_redis_migration_with_backup_files.rst,Self-Hosted Redis Migration with Backup Files,en-us_image_0000001634759086.png,screenshot,pass,1.00,"Image shows the OBS console 'Upload Object' dialog, which is exactly what the RST describes in step 3d of the OBS upload process. | The dialog displays Storage Class options (Standard, Warm, Cold), a drag-and-drop upload area, KMS encryption checkbox, and Upload/Cancel buttons, all matching the RST description. | The note about 100 files maximum and 5 GB total size limit is visible in the image, matching the RST text. | The figure caption in the RST is 'Figure 1 Uploading an object', which aligns with the dialog title 'Upload Object'.",
umn/source/data_migration_guide/migrating_data_from_self-hosted_redis_to_dcs/self-hosted_redis_migration_with_backup_files.rst,Self-Hosted Redis Migration with Backup Files,en-us_image_0293255709.png,screenshot,pass,1.00,"Image shows a redis-cli terminal session with the 'info keyspace' command and its output, matching the RST step 2 in the 'Verifying the Migration' section. | The output displays 'db0:keys=81869,expires=0,avg_ttl=0', which directly corresponds to the RST instruction to check values of 'keys' and 'expires'. | The terminal prompt shows a Redis connection at port 6379, consistent with the RST context of connecting to a Redis instance. | The image is referenced as |image1| in the RST, placed immediately after the instruction to run the info keyspace command.",
umn/source/data_migration_guide/migrating_data_from_self-hosted_redis_to_dcs/self-hosted_redis_migration_with_redis-cli_aof.rst,Self-Hosted Redis Migration with redis-cli (AOF),en-us_image_0293255709.png,screenshot,pass,1.00,"The image is a terminal screenshot of a redis-cli session, matching the document's focus on redis-cli-based Redis migration. | It shows the 'info keyspace' command and its output (db0:keys=81869,expires=0,avg_ttl=0), exactly the command the document instructs in the 'Verifying the Migration' section. | The displayed 'keys' and 'expires' values correspond to the fields the document tells the reader to compare between source and target Redis. | The image is directly referenced as |image1| within the verification step, so it is highly relevant to its section. | No visible content contradicts the surrounding text.","The image shows only one Redis instance's output; the source-vs-target comparison described in the text is not visible in a single image. | The IP address in the prompt is partially redacted, so the exact host cannot be confirmed."
umn/source/data_migration_guide/migrating_data_from_self-hosted_redis_to_dcs/self-hosted_redis_migration_with_redis-cli_rdb.rst,Self-Hosted Redis Migration with redis-cli (RDB),en-us_image_0293255709.png,screenshot,pass,1.00,"The image is a terminal screenshot of a redis-cli session showing the 'info keyspace' command and its output. | The output displays 'db0:keys=81869,expires=0,avg_ttl=0', which directly matches the RST instruction to check the values of keys and expires. | The image is placed in the 'Verifying the Migration' section immediately after the step describing running the info keyspace command. | The terminal prompt and command line interface are clearly visible, confirming it is a screenshot.","The image shows only one Redis instance (source or target), not both, so the comparison of differences between source and target is not visually demonstrated."
umn/source/data_migration_guide/migration_from_another_cloud/backup_import_from_another_cloud.rst,Backup Import from Another Cloud,en-us_image_0000001634759086.png,screenshot,pass,1.00,"Image shows the OBS console 'Upload Object' dialog, matching Figure 1 referenced in the RST. | Storage Class options (Standard, Warm, Cold), drag-and-drop upload area, KMS encryption checkbox, and Upload/Cancel buttons are all visible and consistent with the RST description. | The note about 100 files maximum and 5 GB total size limit is visible in the image, matching the RST text. | The image is placed in the 'Creating an OBS Bucket and Uploading Backup Files' section, step 3.d, which is exactly where the RST references it.",
umn/source/data_migration_guide/migration_from_another_cloud/backup_import_from_another_cloud.rst,Backup Import from Another Cloud,en-us_image_0293255709.png,screenshot,pass,1.00,"Image shows a redis-cli terminal session with the 'info keyspace' command output, matching the RST reference in the 'Verifying the Migration' section. | The output displays 'db0:keys=81869,expires=0,avg_ttl=0', which directly corresponds to the RST instruction to check values of 'keys' and 'expires'. | The image is referenced as |image1| in step 2 of the 'Verifying the Migration' section, which is exactly where the RST places it. | No interactive buttons are visible; it is a terminal text output.",
umn/source/data_migration_guide/migration_from_another_cloud/backup_import_from_another_cloud_using_redis-shake.rst,Backup Import from Another Cloud Using redis-shake,en-us_image_0293282053.png,screenshot,pass,1.00,"Image shows terminal output of 'redis-cli ... cluster nodes' command, exactly matching the RST step 1 description. | Multiple master and slave nodes with IP:port pairs are visible, consistent with the RST instruction to obtain IP addresses and ports of all masters. | Red underlines highlight the master node addresses, aiding the reader in identifying the relevant values. | The command syntax (redis-cli -h ... -p ... -a ... cluster nodes) matches the code block in the RST.","The password portion is partially obscured (redacted), which is expected for security but means the exact password format is not fully visible."
umn/source/data_migration_guide/migration_from_another_cloud/backup_import_from_another_cloud_using_redis-shake.rst,Backup Import from Another Cloud Using redis-shake,en-us_image_0293255709.png,screenshot,pass,1.00,"Image shows terminal output of 'info keyspace' command, exactly matching RST step 5b. | The output displays 'db0:keys=81869,expires=0,avg_ttl=0', which includes the 'keys' and 'expires' values the RST instructs the reader to check. | The prompt shows a Redis CLI session (192.168.x.217:6379>), consistent with connecting to a Redis instance as described. | No contradiction between the image content and the RST description of verifying data integrity.","Only one database (db0) is shown; the RST does not specify multiple databases, so this is consistent but limits the example scope."
umn/source/data_migration_guide/migration_from_another_cloud/migrating_from_another_cloud_online_using_redis-shake.rst,Migrating from Another Cloud Online Using redis-shake,en-us_image_0000001252755478.png,other,pass,1.00,"Diagram clearly shows the data flow architecture described in the introduction | Labels match the RST: Source (Another Redis cloud service, Forwarding server Nginx), Target (DCS, ECS redis-shake Nginx) | Arrows indicate Internet connection and Online in full migration path | Referenced as Figure 1 in the introduction section",
umn/source/data_migration_guide/migration_from_another_cloud/migrating_from_another_cloud_online_using_redis-shake.rst,Migrating from Another Cloud Online Using redis-shake,en-us_image_0000001299155037.png,screenshot,pass,1.00,Shows nginx.conf with red arrow and red box indicating where to add the stream block | Matches the RST instruction that configuration must be added exactly where shown | Displays the events block and the stream/server block location | Referenced as Figure 2 in step 4b,
umn/source/data_migration_guide/migration_from_another_cloud/migrating_from_another_cloud_online_using_redis-shake.rst,Migrating from Another Cloud Online Using redis-shake,en-us_image_0000001299513869.png,screenshot,pass,1.00,Shows netstat output confirming port 6379 is in LISTEN state | Matches the RST verification step 4d command netstat -an|grep 6379 | Port 6379 highlighted in red for emphasis | Referenced as Figure 3 in step 4d,
umn/source/data_migration_guide/migration_from_another_cloud/migrating_from_another_cloud_online_using_redis-shake.rst,Migrating from Another Cloud Online Using redis-shake,en-us_image_0000001299274493.png,screenshot,pass,1.00,Shows nginx.conf with red arrow and red box indicating where to add the stream block for ECS | Matches the RST instruction for step 5b configuration location | Visually identical to Figure 2 as expected since both show the same nginx.conf structure | Referenced as Figure 4 in step 5b,
umn/source/data_migration_guide/migration_from_another_cloud/migrating_from_another_cloud_online_using_redis-shake.rst,Migrating from Another Cloud Online Using redis-shake,en-us_image_0000001299354449.png,screenshot,pass,1.00,Shows netstat output confirming port 6666 is in LISTEN state | Matches the RST verification step 5d command netstat -an|grep 6666 | Port 6666 highlighted in red for emphasis | Referenced as Figure 5 in step 5d,
umn/source/data_migration_guide/migration_from_another_cloud/migrating_from_another_cloud_online_using_redis-shake.rst,Migrating from Another Cloud Online Using redis-shake,en-us_image_0000001252915210.png,screenshot,pass,1.00,Shows redis-cli connecting to port 6666 with auth returning OK | Displays info server output confirming Redis 5.0.13 standalone mode | Matches the RST step 6 command redis-cli -h {target_ecs_address} -p 6666 -a {password} | Referenced as Figure 6 in step 6,
umn/source/data_migration_guide/migration_from_another_cloud/migrating_from_another_cloud_online_using_redis-shake.rst,Migrating from Another Cloud Online Using redis-shake,en-us_image_0000001252755498.png,screenshot,pass,1.00,Shows redis-shake startup with RedisShake ASCII art banner from Alibaba Cloud | Configuration shows SourceAddress 10.0.1.129:6666 and TargetAddress 10.0.1.175:6379 | Type is set to rump matching the RST command -type rump | Referenced as Figure 7 in step 9,
umn/source/data_migration_guide/migration_from_another_cloud/migrating_from_another_cloud_online_using_redis-shake.rst,Migrating from Another Cloud Online Using redis-shake,en-us_image_0000001253234262.png,screenshot,pass,1.00,Shows redis-shake completion with 'finish!' and 'all rumpers finish!' messages | Displays total data statistics and 'execute runner(*run.CmdRump) finished!' | Red boxes highlight the key completion messages | Referenced as Figure 8 in step 9,
umn/source/data_migration_guide/migration_from_another_cloud/migrating_from_another_cloud_online_using_redis-shake.rst,Migrating from Another Cloud Online Using redis-shake,en-us_image_0000001253074986.png,screenshot,pass,1.00,"Shows the default Nginx welcome page on Red Hat Enterprise Linux | Matches RST step 1f: 'If the following page is displayed, Nginx has been installed successfully' | Page confirms nginx HTTP server is working properly | Referenced as image1 in step 1f",
umn/source/data_migration_guide/migration_from_another_cloud/migrating_redis_from_another_cloud_online.rst,Migrating Redis from Another Cloud Online,en-us_image_0291862872.png,screenshot,pass,1.00,Image shows a Migration Type form with Full and Full + Incremental radio options | Descriptions match the RST Table 1 content for both migration types | Corresponds to Figure 1 in the Configuring the Online Migration Task section | The selected Full option and its description align with the RST description,
umn/source/data_migration_guide/migration_from_another_cloud/migrating_redis_from_another_cloud_online.rst,Migrating Redis from Another Cloud Online,en-us_image_0000001549115173.png,icon,partial,0.77,Image is a small location pin / map marker icon | Used in RST step 2 as the region selector icon in the upper left corner of the console | Icon is generic and not specific to Redis migration but matches the described UI element,No surrounding UI context visible to confirm it is the region selector in the DCS console
umn/source/data_migration_guide/migration_from_another_cloud/migrating_redis_from_another_cloud_online.rst,Migrating Redis from Another Cloud Online,en-us_image_0293255709.png,screenshot,pass,1.00,"Image shows terminal output of the info keyspace command | Output displays db0:keys=81869,expires=0,avg_ttl=0 matching the RST verification step | Corresponds to image2 in the Verifying the Migration section | Directly illustrates checking keys and expires values for data integrity",
umn/source/data_migration_guide/migration_process.rst,Migration Process,en-us_image_0167650535.png,other,fail,0.00,Local color check detected #3298ff.,
umn/source/faqs/client_and_network_connection/how_do_i_access_a_dcs_redis_instance_through_redis_desktop_manager.rst,How Do I Access a DCS Redis Instance Through Redis Desktop Manager?,en-us_image_0266315618.png,screenshot,pass,1.00,"The image is a Redis Desktop Manager UI screenshot showing the Edit Connection Settings dialog, matching the figure caption about accessing a DCS Redis instance through Redis Desktop Manager. | It displays the Address field, port 6379, and Auth password fields, consistent with step 1 of the RST. | The 'Test Connection' button is highlighted and a 'Successful connection to redis-server' popup is shown, matching step 2 and the success message described in the RST. | The interface clearly shows interactive controls (Test Connection, OK, Cancel, Connect to Redis Server).","The RST mentions access within a VPC/intranet, but the displayed address (80.158.22.55) does not visually confirm a VPC context. | The note about Codis-based cluster INFO command output is not depicted in the image."
umn/source/faqs/client_and_network_connection/is_the_read-only_address_of_a_master_standby_instance_connected_to_the_master_or_standby_node.rst,Is the Read-only Address of a Master/Standby Instance Connected to the Master or Standby Node?,en-us_image_0000001431665772.png,screenshot,pass,1.00,"The image is a UI screenshot of a 'Connection' panel showing Connection Address, Read-only Address, and IP Address, matching the figure caption 'Instance addresses'. | The displayed fields directly correspond to the RST's discussion of the connection address (master node) and read-only address (standby node). | The figure is explicitly referenced in the RST as Figure 1, so it is relevant to this section. | Visible copy/edit icons indicate interactive controls are present.",The image does not explicitly label which address maps to the master versus standby node; that mapping is only described in the RST text.
umn/source/faqs/client_and_network_connection/security_group_configurations.rst,Security Group Configurations,en-us_image_0277697231.png,screenshot,pass,1.00,"Image is a UI screenshot of the sg-ECS security group with the Outbound Rules tab selected, matching Figure 1's caption about allowing the ECS to access the DCS instance. | The table shows an outbound rule with destination sg-DCS, consistent with the RST instruction to add an outbound rule so the ECS can reach the DCS instance. | Interactive controls (Add Rule, Fast-Add Rule, Delete, Allow Common Ports) are visible, confirming it is an application screenshot. | The displayed security group name (sg-ECS) and destination (sg-DCS) align with the note in the RST describing the ECS and DCS security groups.",The specific port 6379 mentioned in the RST is not explicitly shown; the rule displays 'TCP: All' instead. | No explicit indication of the protocol/port restriction to the DCS service port is visible.
umn/source/faqs/client_and_network_connection/security_group_configurations.rst,Security Group Configurations,en-us_image_0277697263.png,screenshot,pass,1.00,"Image is a UI screenshot of the sg-DCS security group with the Inbound Rules tab selected, matching Figure 2's caption about making the DCS instance accessible to the ECS. | The table shows an inbound rule with source sg-ECS, consistent with the RST instruction to add an inbound rule so the client (ECS) can access the DCS instance. | Interactive controls (Add Rule, Fast-Add Rule, Delete, Allow Common Ports) are visible, confirming it is an application screenshot. | The displayed security group name (sg-DCS) and source (sg-ECS) align with the RST note describing the two security groups.",The specific port 6379 mentioned in the RST is not explicitly shown; the rule displays 'TCP: All' instead. | The RST's important note about using the DCS instance IP and avoiding 0.0.0.0/0 is not directly reflected in the visible rule rows.
umn/source/faqs/client_and_network_connection/what_if_err_unsupported_config_subcommand_is_displayed_in_springcloud.rst,"What If ""ERR Unsupported CONFIG subcommand"" is Displayed in SpringCloud?",en-us_image_0266315619.png,screenshot,pass,1.00,"The image is a console/terminal screenshot showing a Java stack trace, matching the figure caption 'Spring Cloud error information'. | The highlighted text 'ERR Unsupported CONFIG subcommand' directly matches the FAQ title and the error described in the RST. | The stack trace references Spring framework classes (org.springframework.session, BeanCreationException), consistent with the Spring Cloud/Spring Session context. | No interactive UI controls are visible; it is plain text log output.","No DCS console UI is shown, only the client-side error log, which is consistent with the figure's purpose."
umn/source/faqs/client_and_network_connection/what_should_i_do_if_an_error_is_returned_when_i_use_the_jedis_connection_pool.rst,What Should I Do If an Error Is Returned When I Use the Jedis Connection Pool?,en-us_image_0266315615.png,screenshot,pass,1.00,"The image is a terminal screenshot showing the output of the `ss -s` command, which is exactly the command the document instructs in step 4. | A red box highlights the `timewait 0/0` field, directly corresponding to the document's instruction to check for too many TIME_WAIT connections. | The image is placed immediately after the `ss -s` command reference in the rst, matching its intended location. | The visible output (Total, TCP, timewait values) is consistent with the document's context of diagnosing connection issues.","The image shows timewait 0/0, which is a low value; the document discusses the case of 'too many' TIME_WAIT connections, so the screenshot illustrates the command output rather than a problematic state."
umn/source/faqs/client_and_network_connection/why_is_err_unknown_command_displayed_when_i_access_a_dcs_redis_instance_through_a_redis_client.rst,"Why Is ""ERR unknown command"" Displayed When I Access a DCS Redis Instance Through a Redis Client?",en-us_image_0266315616.png,screenshot,pass,1.00,Shows a Redis CLI session where 'delete hellokitty' returns ERR unknown command 'delete' | The correct command 'del hellokitty' is shown returning (integer) 1 | Directly illustrates the first cause: command spelled incorrectly (delete vs del) | Matches the RST text stating the correct command for deleting a string should be del,
umn/source/faqs/client_and_network_connection/why_is_err_unknown_command_displayed_when_i_access_a_dcs_redis_instance_through_a_redis_client.rst,"Why Is ""ERR unknown command"" Displayed When I Access a DCS Redis Instance Through a Redis Client?",en-us_image_0266315617.png,screenshot,pass,1.00,"Shows a Redis CLI session where 'xadd stream01 * field01 teststring' returns ERR unknown command 'xadd' | The 'info server' command reveals redis_version:3.0.7.9, confirming a lower Redis version | Directly illustrates the second cause: a stream command (Redis 5.0) run in a lower version (3.0) | Matches the RST text describing a stream command available in Redis 5.0 run in Redis 3.0",
umn/source/faqs/data_backup_export_and_migration/what_if_disconnecting_timedout_slave_and_overcoming_of_output_buffer_limits_are_reported_on_the_source_instance_during_online_migration.rst,"What If ""Disconnecting timedout slave"" and ""overcoming of output buffer limits"" Are Reported on the Source Instance During Online Migration?",en-us_image_0000001227082869.png,screenshot,pass,1.00,"Image is a terminal/log screenshot showing Redis log lines. | A red box highlights the lines '# Disconnecting timeout slave' and '# Connection with slave ... lost', matching the RST's first error message. | The surrounding log context (slave synchronization, BGSAVE, RDB) is consistent with an online migration scenario. | No interactive UI controls are present.",The RST phrases the error as 'Disconnecting timedout slave' while the log reads 'Disconnecting timeout slave'; a minor wording difference but not a substantive contradiction.
umn/source/faqs/data_backup_export_and_migration/what_if_disconnecting_timedout_slave_and_overcoming_of_output_buffer_limits_are_reported_on_the_source_instance_during_online_migration.rst,"What If ""Disconnecting timedout slave"" and ""overcoming of output buffer limits"" Are Reported on the Source Instance During Online Migration?",en-us_image_0000001226966281.png,screenshot,pass,1.00,"Image is a terminal/log screenshot showing Redis log lines. | A red box highlights the line 'overcoming of output buffer limits.', matching the RST's second error message exactly. | Repeated occurrences of the same message and 'Connection with slave ... lost' lines are consistent with the described source-instance error. | No interactive UI controls are present.","No additional context beyond the log lines is visible, but the highlighted message fully supports the RST description."
umn/source/faqs/monitoring_and_alarm/how_do_i_view_current_concurrent_connections_and_maximum_connections_of_a_dcs_redis_instance.rst,How Do I View Current Concurrent Connections and Maximum Connections of a DCS Redis Instance?,en-us_image_0000001383077054.png,icon,pass,0.90,"The image is a small expand/fullscreen icon (two diagonal arrows in a square), matching the RST instruction 'Click |image1| to view monitoring details on an enlarged graph.' | It is used as a clickable control to enlarge the Connected Clients monitoring graph, consistent with the 'Viewing Concurrent Connections' section. | No contradiction between the icon's purpose and the surrounding text.","The image does not show the actual monitoring graph or the Connected Clients metric, only the enlarge control. | No surrounding UI context is visible to confirm the exact console location."
umn/source/faqs/redis_commands/why_do_i_fail_to_execute_some_redis_commands.rst,Why Do I Fail to Execute Some Redis Commands?,en-us_image_0000001540208017.png,screenshot,pass,1.00,"Terminal screenshot shows the 'delete' command (highlighted) returning 'ERR unknown command delete', matching the RST's first cause about an incorrect command. | The follow-up 'del hellokitty' returning '(integer) 1' confirms the correct command is 'del', exactly as stated in the document. | The image is directly tied to the first bullet point via the |image1| substitution.","No additional context beyond the terminal output is shown, but the RST text fully explains the scenario."
umn/source/faqs/redis_commands/why_do_i_fail_to_execute_some_redis_commands.rst,Why Do I Fail to Execute Some Redis Commands?,en-us_image_0000001540447885.png,screenshot,pass,1.00,"Terminal screenshot shows the 'xadd' stream command (highlighted) returning 'ERR unknown command xadd', matching the RST's second cause about a higher-version command run on a lower version. | The 'info server' output shows 'redis_version:3.0.7.9' (highlighted), consistent with the document's statement that the stream command (Redis 5.0) was run in Redis 3.0. | The image is directly tied to the second bullet point via the |image2| substitution.","The image does not explicitly show the Redis 5.0 requirement, but the RST text supplies that detail."
umn/source/faqs/redis_commands/why_does_a_redis_command_fail_to_take_effect.rst,Why Does a Redis Command Fail to Take Effect?,en-us_image_0266322522.jpg,screenshot,pass,1.00,"Image shows a redis-cli terminal session executing SET and GET commands exactly as described in Scenario 1 | The SET command sets key_name to key_value and returns OK | The GET command retrieves key_name and returns ""key_value"" | Terminal prompt shows 192.168.2.2:6379 consistent with a Redis instance connection",
umn/source/faqs/redis_commands/why_does_a_redis_command_fail_to_take_effect.rst,Why Does a Redis Command Fail to Take Effect?,en-us_image_0266322523.png,screenshot,pass,1.00,"Image shows a redis-cli terminal session executing EXPIRE and TTL commands exactly as described in Scenario 2 | The EXPIRE command sets timeout to 10 seconds and returns (integer) 1 | The TTL command returns (integer) 7, matching the RST statement that remaining time is 7 seconds | Terminal prompt shows 192.168.2.2:6379 consistent with a Redis instance connection",
umn/source/faqs/redis_usage/can_i_customize_or_change_the_port_for_accessing_a_dcs_instance.rst,Can I Customize or Change the Port for Accessing a DCS Instance?,en-us_image_0000001785451408.png,icon,pass,1.00,"The image is a small pencil/edit icon, matching the RST reference |image1| used in the 'Changing the Port' step. | The RST instructs the user to click this icon next to 'Connection Address' to change the port, which is exactly the edit action the pencil symbol represents. | The icon is directly relevant to the 'Changing the Port' section and the overall topic of modifying the DCS instance port. | No contradiction between the icon and the surrounding text; it is the expected control for editing the connection address/port.","The icon is low-resolution, but its pencil/edit shape is still clearly recognizable. | No surrounding UI context is shown, so the icon is evaluated in isolation as a symbolic control."
umn/source/faqs/redis_usage/can_i_obtain_the_addresses_of_the_nodes_in_a_cluster_dcs_redis_instance.rst,Can I Obtain the Addresses of the Nodes in a Cluster DCS Redis Instance?,en-us_image_0266316213.png,screenshot,pass,1.00,"The image is a terminal screenshot showing the `redis-cli ... cluster nodes` command and its output, matching the RST instruction to run CLUSTER NODES. | The output lists node IDs, IP addresses, ports, and roles (master/slave), with master node IP:port values highlighted, consistent with the text about obtaining master node addresses. | The command line in the image matches the documented command format (redis-cli -h ... -p ... -a ... cluster nodes). | No visible interactive UI controls or buttons are present in the terminal view.","The password argument in the command is partially obscured/redacted in the screenshot. | The full output is truncated on the right edge, so some fields are not fully visible."
umn/source/faqs/redis_usage/how_do_i_create_a_multi-db_proxy_cluster_instance.rst,How Do I Create a Multi-DB Proxy Cluster Instance?,en-us_image_0000001227937166.png,icon,pass,1.00,"The image is a small location pin icon, consistent with a region selector in the DCS console. | The RST references this icon in step 2: 'Click |image1| in the upper left corner to select a region.' | The icon is a simple, isolated UI symbol (map marker), fitting the 'icon' classification. | No contradictions between the image content and the RST description.","The icon is very small and low-resolution, making it difficult to confirm exact styling details. | No surrounding UI context is visible to confirm it appears in the upper left corner of the console."
umn/source/faqs/redis_usage/how_do_i_create_a_multi-db_proxy_cluster_instance.rst,How Do I Create a Multi-DB Proxy Cluster Instance?,en-us_image_0000002477627670.png,screenshot,pass,1.00,"The image shows a 'Parameter Configuration' section with 'Default templates' and 'Custom template' tabs, matching the RST instruction to set Parameter Configuration to use a custom template. | The 'Custom template' tab is highlighted/selected, consistent with the RST step 7 instruction. | A dropdown field and 'View Parameter Templates' link are visible, providing the UI context for selecting the custom template. | The image is a UI screenshot showing interactive elements (tabs, dropdown, link), fitting the 'screenshot' classification. | No contradictions between the image and the RST text; the slight wording difference ('Use custom template' vs 'Custom template') is semantically equivalent.","The full page context is not visible; only the parameter configuration section is shown. | The dropdown is empty, so the actual custom template name is not visible."
umn/source/getting_started/accessing_an_instance/access_in_different_languages/connecting_to_redis_on_redis-py_python.rst,Connecting to Redis on redis-py (Python),en-us_image_0000002278891732.png,screenshot,pass,1.00,"Image shows a terminal session running python 3.6.8 and successfully importing redis, matching Figure 1 caption 'Running the python command' | The output confirms redis-py is installed, consistent with the RST text stating 'redis-py have been successfully installed if the following command output is displayed' | Terminal shows the expected Python version (3.6.8) and GCC info on Linux, matching the CentOS example described in the RST",
umn/source/getting_started/accessing_an_instance/access_in_different_languages/connecting_to_redis_on_redis-py_python.rst,Connecting to Redis on redis-py (Python),en-us_image_0000002313524429.png,screenshot,pass,0.88,"Image shows a terminal session with python CLI and >>> prompt, consistent with Figure 2 caption 'Entering the CLI mode' | The image is visually identical to Figure 1, which is described as verifying redis-py installation rather than entering CLI mode | The RST text for step c.1 says 'Run the python command to enter the CLI mode' and the image does show the CLI prompt, but the inclusion of 'import redis' makes it look more like the installation verification step","The image does not distinctly show only the CLI mode entry without the import redis line, making it ambiguous whether it specifically illustrates step c.1 versus step b.3"
umn/source/getting_started/accessing_an_instance/access_in_different_languages/connecting_to_redis_on_redis-py_python.rst,Connecting to Redis on redis-py (Python),en-us_image_0000002313491413.png,screenshot,pass,1.00,"Image shows redis.StrictRedis connection with host, port, and password, matching the RST code example for step c.2 | The set and get operations (r.set('foo','bar') returning True, print(r.get('foo')) returning b'bar') demonstrate successful read/write operations as described in the RST | The output confirms successful Redis instance access, consistent with Figure 3 caption 'Redis connected successfully'",
umn/source/getting_started/accessing_an_instance/access_in_different_languages/connecting_to_redis_on_stackexchange.redis_csharp.rst,Connecting to Redis on StackExchange.Redis (C#),en-us_image_0148195318.png,screenshot,pass,1.00,"The image is a Visual Studio screenshot showing the Tools menu with 'NuGet Package Manager' and 'Package Manager Console' highlighted, matching Figure 1's caption 'Accessing the NuGet package manager console'. | It directly supports RST step 5, which instructs the user to access the NuGet package manager console to install StackExchange.Redis. | The visible menu path (Tools > NuGet Package Manager > Package Manager Console) aligns with the documented procedure. | No contradiction between the image content and the surrounding RST text.","The image does not show the actual 'Install-Package StackExchange.Redis' command being typed, only the menu navigation to the console."
umn/source/getting_started/accessing_an_instance/accessing_a_dcs_redis_instance_on_the_console.rst,Accessing a DCS Redis Instance on the Console,en-us_image_0143929918.png,icon,pass,1.00,"The image is a small gray location-pin / map-marker symbol, matching the region selector icon referenced in step 2 of the procedure. | The RST states 'Click |image1| in the upper left corner and select a region and a project', and a location pin is the standard icon for region selection in cloud consoles. | The icon is used in the Procedure section, directly supporting the step-by-step instructions for accessing the DCS Redis instance. | The visual content (a teardrop pin with a central dot) is clearly a region/location pictogram, consistent with the documented usage.","The image is an isolated symbol without surrounding UI context, so the exact console layout (upper-left placement) cannot be visually confirmed. | No label or text accompanies the icon in the image itself."
umn/source/getting_started/accessing_an_instance/accessing_a_dcs_redis_instance_through_redis-cli.rst,Accessing a DCS Redis Instance Through redis-cli,en-us_image_0000001538860065.png,screenshot,pass,1.00,"The image is a UI screenshot of a 'Connection' panel showing Password Protected, Connection Address, and IP Address fields with port 6379. | It directly illustrates the {dcs_instance_address} values (Connection Address / IP Address) referenced in step 3c of the procedure. | The displayed port 6379 matches the default port used throughout the document's redis-cli commands. | Copy icons next to the address fields are visible interactive controls, so contains_interactive_buttons is true.",The full Connection Address and IP Address values are partially truncated/obscured in the image. | No explicit label tying the panel to a specific DCS instance type is visible.
umn/source/getting_started/creating_an_instance/creating_a_dcs_redis_instance.rst,Creating a DCS Redis Instance,en-us_image_0266235412.png,icon,pass,1.00,"The image is a small location-pin / map-marker icon, consistent with a region-selector control in a cloud console. | The RST step 2 instructs the user to 'Click |image1| in the upper left corner of the console and select a region and a project,' which matches a location/region icon. | The icon is directly relevant to the 'Creating a DCS Redis Instance' procedure section where it is referenced. | No contradiction exists between the visual content (a location pin) and the textual description (region/project selector).","The image is very small and low-resolution, making it difficult to confirm fine details, but the overall shape is clearly a location pin."
umn/source/getting_started/creating_an_instance/preparing_required_resources.rst,Preparing Required Resources,en-us_image_0000001214124082.png,icon,partial,0.77,"The image is a small location-pin / map-marker symbol, matching the |image1| reference used in step 2 to select a region and project. | It is an isolated UI symbol (icon), not a full screenshot or page interface. | The icon is semantically consistent with a region/project selector in a management console, which aligns with the VPC/subnet preparation procedure. | No contradiction between the icon and the surrounding RST text.","The image alone does not show the surrounding console UI, so the exact placement ('upper left corner') cannot be verified from the image. | No label or text accompanies the icon to confirm it specifically denotes region/project selection."
umn/source/getting_started/viewing_and_modifying_dcs_instance_information.rst,Viewing and Modifying DCS Instance Information,en-us_image_0143929918.png,icon,pass,1.00,"Image is a location pin icon, matching the RST reference for selecting region and project in the upper left corner of the DCS console. | The icon is a standard UI symbol for region/location selection, consistent with step 2 of the procedure. | No contradictions between the image and the document text.",No additional context needed; the icon clearly represents a region selector as described in the RST.
umn/source/getting_started/viewing_and_modifying_dcs_instance_information.rst,Viewing and Modifying DCS Instance Information,en-us_image_0000001369885981.png,icon,pass,1.00,"Image is a pencil/edit icon, matching the RST reference for modifying the instance name. | The pencil icon is the standard UI symbol for editing, consistent with the 'To modify the instance name, click |image2|' instruction. | No contradictions between the image and the document text.",No additional context needed; the icon clearly represents an edit action as described in the RST.
umn/source/getting_started/viewing_and_modifying_dcs_instance_information.rst,Viewing and Modifying DCS Instance Information,en-us_image_0000001369446161.png,icon,pass,1.00,"Image is a pencil/edit icon, matching the RST reference for modifying the description field. | The pencil icon is the standard UI symbol for editing, consistent with the 'To modify the description, click |image3|' instruction. | No contradictions between the image and the document text.",No additional context needed; the icon clearly represents an edit action as described in the RST.
umn/source/getting_started/viewing_and_modifying_dcs_instance_information.rst,Viewing and Modifying DCS Instance Information,en-us_image_0000001572243777.png,icon,pass,1.00,"Image is a pencil/edit icon, matching the RST reference for modifying the maintenance time window. | The RST explicitly calls it 'the |image4| icon' for modifying the time window, and the pencil icon is the standard edit symbol. | No contradictions between the image and the document text.",No additional context needed; the icon clearly represents an edit action as described in the RST.
umn/source/getting_started/viewing_and_modifying_dcs_instance_information.rst,Viewing and Modifying DCS Instance Information,en-us_image_0000001805332909.png,icon,pass,1.00,"Image is a pencil/edit icon, matching the RST reference for changing the port number in the Connection section. | The RST states 'You can click |image5| to change the port,' and the pencil icon is the standard edit symbol. | No contradictions between the image and the document text.",No additional context needed; the icon clearly represents an edit action as described in the RST.
umn/source/managing_dcs_instances/analyzing_big_keys_and_hot_keys.rst,Analyzing Big Keys and Hot Keys,en-us_image_0143929918.png,icon,partial,0.72,"The image is a small location pin icon used as a region selector in the DCS console | It is referenced in step 2 of the Big Key Analysis Procedure as the element to click for selecting a region and project | The icon is a standard navigation element, not directly illustrating big key analysis functionality | The visual content (a gray location pin) is consistent with a region/project selector button in a cloud console UI",The icon does not show any context of the DCS console interface around it | No label or text is visible on the icon to confirm its specific function beyond a generic location marker
umn/source/managing_dcs_instances/analyzing_big_keys_and_hot_keys.rst,Analyzing Big Keys and Hot Keys,en-us_image_0000001148603244.png,icon,partial,0.72,"The image is a small location pin icon used as a region selector in the DCS console | It is referenced in step 2 of the Hot Key Analysis Procedure as the element to click for selecting a region and project | The icon is a standard navigation element, not directly illustrating hot key analysis functionality | The visual content (a gray location pin) is consistent with a region/project selector button in a cloud console UI",The icon does not show any context of the DCS console interface around it | No label or text is visible on the icon to confirm its specific function beyond a generic location marker
umn/source/managing_dcs_instances/diagnosing_an_instance.rst,Diagnosing an Instance,en-us_image_0000001968993633.png,screenshot,pass,1.00,"Image is a UI form screenshot showing 'Tested Objects' dropdown and 'Range' fields with minutes and date/time picker | Matches the RST figure caption 'Specifying the tested object and time range' exactly | The fields shown (Tested Objects, Range with min before and date) align with the procedure step 6 description | The 10-minute default and date picker match the RST note about specifying up to 10 minutes before a point in time",The 'Start Diagnosis' button mentioned in the RST is not visible in this crop of the screenshot
umn/source/managing_dcs_instances/diagnosing_an_instance.rst,Diagnosing an Instance,en-us_image_0143929918.png,icon,pass,0.93,"Image is a small location pin / map marker icon | Referenced in RST step 2 as the icon to click for selecting a region and project | A location pin icon is semantically appropriate for a region/project selector in a cloud console | The icon is small and symbolic, fitting the 'icon' classification","The icon is very small and low-resolution, making fine details hard to discern | No surrounding UI context is visible to confirm it is in the upper-left corner of the console"
umn/source/managing_dcs_instances/managing_ip_address_whitelist.rst,Managing IP Address Whitelist,en-us_image_0143929918.png,icon,pass,0.90,"The image is a small gray location-pin / map-marker pictogram, matching the region/project selector icon referenced in step 2. | The RST step 2 says 'Click |image1| in the upper left corner and select a region and a project', which semantically matches a location-pin region selector icon. | The icon is used within the 'Creating a Whitelist Group' procedure for navigating the DCS console, so it is relevant to the section. | No contradiction between the icon and the surrounding text.","The image is an isolated symbol without surrounding UI context, so its exact placement (upper-left corner) cannot be visually confirmed. | No label or text accompanies the icon to explicitly identify it as the region selector."
umn/source/managing_dcs_instances/managing_sessions.rst,Managing Sessions,en-us_image_0143929918.png,icon,partial,0.73,"The image is a small gray location-pin / map-marker icon, matching the region/project selector referenced in step 2 ('Click |image1| in the upper left corner and select a region and a project'). | It is a generic navigation icon, not specific to the 'Managing Sessions' topic, so topic relevance is low. | The icon visually corresponds exactly to the described region selector control, giving a strong detail match. | No interactive buttons or controls are visible within the isolated icon.","No surrounding UI context is shown, so the icon's placement in the upper-left corner cannot be visually confirmed. | No label or text accompanies the icon to confirm it is the region/project selector."
umn/source/managing_dcs_instances/managing_shards_and_replicas.rst,Managing Shards and Replicas,en-us_image_0000001322339434.png,screenshot,pass,1.00,"Image is labeled Figure 1 in the RST as 'Lists of shards and replicas (cluster)' and shows exactly that. | Displays multiple shards (group-0, group-1, group-2) each with 2 replicas, matching the RST description of a cluster instance. | Shows 'Promote to Master' and 'Delete' operations in the Operation column, consistent with the RST instruction to promote a replica to master. | Columns include Shard Name, Shard ID, Replicas, Replica IP Address, Replica ID, Status, Role, AZ, and Operation as expected.",
umn/source/managing_dcs_instances/managing_shards_and_replicas.rst,Managing Shards and Replicas,en-us_image_0000001941980352.png,screenshot,pass,1.00,"Image is labeled Figure 2 in the RST as 'Lists of shards and replicas (master/standby)' and shows exactly that. | Displays a single shard (group-0) with 2 replicas (one Master, one Replica), matching the RST description of a master/standby instance. | Includes a 'Failover Priority' column with value 100 and an edit icon, consistent with the RST description of failover priority for master/standby instances. | Shows 'Remove IP Address' in the Operation column, matching the RST statement that Remove IP Address is supported in master/standby instances.",
umn/source/managing_dcs_instances/managing_shards_and_replicas.rst,Managing Shards and Replicas,en-us_image_0143929918.png,icon,pass,1.00,"Referenced as |image1| in step 2: 'Click |image1| in the upper left corner and select a region and a project.' | The image is a small location-pin (map marker) icon, which is the standard icon for region/project selection in cloud consoles. | Serves as an inline UI symbol within the procedure, not a full screenshot.",
umn/source/managing_dcs_instances/managing_shards_and_replicas.rst,Managing Shards and Replicas,en-us_image_0000001241691605.png,icon,pass,1.00,"Referenced as |image2| in step 6: 'Click |image2| to show all replicas of a shard.' | The image is a small downward-pointing chevron/arrow icon, the standard expand indicator used to reveal sub-rows (replicas) under a shard. | Serves as an inline UI symbol within the procedure, not a full screenshot.",
umn/source/managing_dcs_instances/managing_tags.rst,Managing Tags,en-us_image_0143929918.png,icon,partial,0.77,"The image is a small location-pin (map marker) pictogram, matching the |image1| reference in step 2 of the Procedure. | Step 2 instructs to click the icon in the upper left corner to select a region and a project, which is consistent with a location/region selector icon. | The icon is part of the general DCS console navigation procedure rather than the tag-management specifics, so it is only indirectly related to the 'Managing Tags' topic. | No contradiction between the icon and the surrounding text.","The image is a generic location pin without any label, so its exact function (region vs. project selector) is inferred from the text rather than visible in the image. | No surrounding UI context is shown to confirm it appears in the upper-left corner of the console."
umn/source/managing_dcs_instances/managing_users.rst,Managing Users,en-us_image_0000002010627429.png,screenshot,pass,1.00,"Image is labeled 'Figure 1 Managing users' in the RST and shows the User Management page | Displays 'Create User' and 'Delete' buttons matching the RST procedure | Table shows 'readonly' (Normal, Read-only) and 'default' (Default, Read/Write) users as described | Operation column shows 'Change Password', 'Reset Password', and 'More' matching the More Operations table | Permissions column correctly shows Read-only and Read/Write as stated in the document",
umn/source/managing_dcs_instances/managing_users.rst,Managing Users,en-us_image_0000002010628601.png,icon,partial,0.72,"Image is a small location pin / map marker icon used as |image1| in step 2 | RST instructs to click this icon in the upper left corner to select a region and project | The icon is a generic navigation element, not specific to user management functionality | The icon is small and slightly blurry but clearly identifiable as a location pin","The icon is low-resolution and somewhat blurry, making fine details hard to discern | No surrounding UI context is visible to confirm its exact placement in the console"
umn/source/managing_dcs_instances/modifying_configuration_parameters.rst,Modifying Configuration Parameters,en-us_image_0143929918.png,icon,partial,0.77,"The image is a location pin icon, consistent with the RST instruction to 'Click |image1| in the upper left corner and select a region and a project.' | The icon is a small symbolic graphic (pictogram) used as a UI element for region/project selection, fitting the 'icon' classification. | The icon is part of the Procedure section (step 2) for navigating the DCS console, which is a prerequisite step before modifying configuration parameters. | The visual content (a location/map pin) semantically aligns with the concept of selecting a geographic region in a cloud console. | No contradictions between the image content and the RST description.","The image does not show the surrounding UI context (upper-left corner placement, dropdown menu) that would confirm it is specifically a region selector button. | No text label is visible on the icon to explicitly confirm its function as a region/project selector."
umn/source/managing_dcs_instances/modifying_maintenance_time_window.rst,Modifying Maintenance Time Window,en-us_image_0143929918.png,icon,partial,0.77,"The image is a gray location pin / map marker icon, consistent with a region/project selector in a cloud console. | The RST step 2 says 'Click |image1| in the upper left corner and select a region and a project', which matches a location-based selector icon. | The icon is a generic navigation element, not specific to DCS or maintenance time windows, so topic match is moderate. | No contradictions between the image and the document text.","The icon is small and low-resolution; surrounding UI context (e.g., the actual console header) is not visible."
umn/source/managing_dcs_instances/modifying_maintenance_time_window.rst,Modifying Maintenance Time Window,en-us_image_0266235581.jpg,icon,pass,1.00,"The image is a blue pencil / edit icon, which is the standard symbol for modifying or editing a field. | RST step 5 says 'click the |image2| icon next to the Maintenance parameter', which directly matches an edit/pencil icon. | The icon is directly relevant to the core action of modifying the maintenance time window. | No contradictions between the image and the document text.",The surrounding 'Instance Details' area and 'Maintenance' parameter label are not visible in the image itself.
umn/source/managing_dcs_instances/modifying_maintenance_time_window.rst,Modifying Maintenance Time Window,en-us_image_0266235415.png,icon,pass,1.00,"The image is a green checkmark, the standard symbol for confirming or saving a change. | RST step 6 says 'Click |image3| to save the modification', which directly matches a confirm/save checkmark icon. | The icon is directly relevant to the save action in the maintenance time window modification procedure. | No contradictions between the image and the document text.",The surrounding dialog or form context is not visible in the image itself.
umn/source/managing_dcs_instances/modifying_maintenance_time_window.rst,Modifying Maintenance Time Window,en-us_image_0266235408.png,icon,pass,1.00,"The image is a red X / cross, the standard symbol for canceling or discarding a change. | RST step 6 says 'or |image4| to discard the modification', which directly matches a cancel/discard X icon. | The icon is directly relevant to the discard action in the maintenance time window modification procedure. | No contradictions between the image and the document text.",The surrounding dialog or form context is not visible in the image itself.
umn/source/managing_dcs_instances/modifying_the_security_group.rst,Modifying the Security Group,en-us_image_0143929918.png,icon,pass,1.00,"The image is a location pin/marker icon, consistent with step 2's instruction to click to select a region and project. | A location pin is a standard UI symbol for region/area selection in cloud consoles. | The icon is used in the Procedure section, step 2, which describes selecting region and project after logging in. | The visual clearly shows a map-pin shape, matching the semantic meaning of region selection.","The icon is small and low-resolution, but the shape is clearly identifiable as a location pin."
umn/source/managing_dcs_instances/modifying_the_security_group.rst,Modifying the Security Group,en-us_image_0266235582.png,icon,pass,1.00,"The image is a pencil/edit icon, consistent with step 5's instruction to click next to the Security Group parameter to modify it. | A pencil icon is a universally recognized symbol for editing/modifying a value. | The icon is used in the Procedure section, step 5, which describes clicking to modify the security group. | The visual clearly shows a pencil shape, matching the semantic meaning of editing a parameter.","The icon is small and slightly blurry, but the pencil shape is identifiable."
umn/source/managing_dcs_instances/modifying_the_security_group.rst,Modifying the Security Group,en-us_image_0266235377.png,icon,pass,1.00,"The image is a green checkmark icon, consistent with step 6's instruction to click to save the modification. | A green checkmark is a standard symbol for confirming or saving an action. | The icon is used in the Procedure section, step 6, which describes saving the security group modification. | The visual clearly shows a green checkmark, matching the semantic meaning of save/confirm.","The icon is small and slightly blurry, but the checkmark shape is identifiable."
umn/source/managing_dcs_instances/modifying_the_security_group.rst,Modifying the Security Group,en-us_image_0266235369.png,icon,pass,1.00,"The image is a red X/cross icon, consistent with step 6's instruction to click to discard the modification. | A red X is a standard symbol for canceling or discarding an action. | The icon is used in the Procedure section, step 6, which describes discarding the security group modification. | The visual clearly shows a red X shape, matching the semantic meaning of cancel/discard.","The icon is small and slightly blurry, but the X shape is identifiable."
umn/source/managing_dcs_instances/scanning_and_deleting_expired_keys_in_a_dcs_redis_instance.rst,Scanning and Deleting Expired Keys in a DCS Redis Instance,en-us_image_0000001730390749.png,screenshot,pass,0.95,"Image shows the DCS console Cache Analysis page with the Expired Key Scan tab active, matching the document topic exactly | The table displays Task ID, Status, Mode, Started, and Completed columns as described in the RST for Figure 1 | The Scheduled toggle (Disabled) and Start Scanning button are visible, matching the RST description of manual and scheduled scan options | The info banner about keyspace scanning and lazy free mechanism matches the RST text | Left navigation shows Analysis and Diagnosis > Cache Analysis path as described in step 5 of the procedure",The RST mentions a 'Start Analysis' button but the image shows 'Start Scanning' — minor naming discrepancy | Preset parameters (number of keys to iterate: 100; scan timeout: 360 minutes) are not visible in the screenshot
umn/source/managing_dcs_instances/scanning_and_deleting_expired_keys_in_a_dcs_redis_instance.rst,Scanning and Deleting Expired Keys in a DCS Redis Instance,en-us_image_0000001549115173.png,icon,partial,0.72,"The image is a small location pin/map marker icon, consistent with the RST instruction to 'select the region where your instance is located' | It is referenced as |image1| in step 2 of the procedure for navigating the DCS console | The icon is a generic region/location selector, not specific to expired key scanning functionality | No contradictions between the icon and its described usage in the RST","The icon is very small and low-resolution, making it difficult to confirm exact visual details | No surrounding UI context is visible to confirm its placement in the upper left corner of the management console"
umn/source/managing_dcs_instances/transmitting_dcs_redis_data_with_encryption_using_ssl.rst,Transmitting DCS Redis Data with Encryption Using SSL,en-us_image_0000001549115173.png,icon,pass,1.00,"The image is a location pin icon, consistent with step 2 which instructs users to click it to select a region in the DCS console. | The icon is a small symbolic graphic (pictogram) used for region selection, matching the described UI element. | It is directly referenced as |image1| in the 'Enabling or Disabling SSL' procedure. | The visual content (a map/location pin) aligns with the semantic purpose of selecting a geographic region.","The image is very small and low-resolution, making fine details hard to discern, but the shape is clearly a location pin."
umn/source/managing_dcs_instances/transmitting_dcs_redis_data_with_encryption_using_ssl.rst,Transmitting DCS Redis Data with Encryption Using SSL,en-us_image_0000001505063901.png,icon,pass,1.00,"The image is a pencil/edit icon, consistent with step 6 which instructs users to click it next to 'SSL Certificate' to enable or disable SSL. | The icon is a small symbolic graphic (pictogram) representing an edit/modify action, matching the described UI element. | It is directly referenced as |image2| in the 'Enabling or Disabling SSL' procedure. | The visual content (a pencil) aligns with the semantic purpose of modifying a setting (enabling/disabling SSL).","The image is very small and low-resolution, but the shape is clearly identifiable as a pencil/edit icon."
umn/source/managing_dcs_instances/viewing_background_tasks.rst,Viewing Background Tasks,en-us_image_0143929918.png,icon,pass,0.83,"The image is a small location pin icon used as a region/project selector in the DCS console navigation. | The RST references this icon in step 2: 'Click |image1| in the upper left corner and select a region and a project.' | The icon is a standard location/region selector pictogram, consistent with its described purpose. | It is a prerequisite navigation step rather than directly related to background tasks.","The icon is very small and low-resolution, making fine details hard to discern. | No surrounding UI context is visible to confirm it is in the upper left corner of the console."
umn/source/managing_dcs_instances/viewing_background_tasks.rst,Viewing Background Tasks,en-us_image_0000001974534420.png,icon,pass,1.00,"The image is a circular refresh/reload arrow icon, a standard UI symbol for refreshing content. | The RST references this icon in step 5: 'Click |image2| to refresh the task status.' | The icon directly supports the background tasks viewing workflow described in the document. | The circular arrow with a small arrowhead is clearly a refresh symbol, matching the described action.",The icon is very small and low-resolution. | No surrounding UI context is visible to confirm it appears on the Background Tasks page.
umn/source/managing_dcs_instances/viewing_redis_run_logs.rst,Viewing Redis Run Logs,en-us_image_0143929918.png,icon,pass,0.90,"The image is a small gray location-pin / map-marker symbol, i.e., an isolated UI icon, not a full screenshot. | In the RST, |image1| is referenced in Procedure step 2: 'Click |image1| in the upper left corner and select a region and a project.' | A location-pin icon is the standard region/project selector symbol in the DCS console, matching the described action. | The icon is placed in the Procedure section and directly supports the login/region-selection step, so it is section-relevant. | No contradiction between the icon and the surrounding text.","The image shows only the icon itself; the region/project dropdown or any label is not visible. | The icon is generic and not specific to Redis run logs, so topic specificity is limited to the procedure step."
umn/source/managing_dcs_instances/viewing_redis_slow_queries.rst,Viewing Redis Slow Queries,en-us_image_0281049655.png,screenshot,pass,1.00,"Image is a clear screenshot of the DCS console 'Slow Log' page, matching the RST figure caption 'Slow query log of an instance'. | The table shows columns Executed, Duration (ms), Shard Name, and Slow Query, consistent with the document's description of viewing slow queries. | A date range selector (11/04/2019 – 11/11/2019) and a refresh icon are visible, matching step 6 of the procedure. | Sample rows show Redis commands (CONFIG SET, CONFIG REWRITE) with durations exceeding 10 ms, aligning with the slowlog-log-slower-than default of 10,000 microseconds. | No contradictions between the image content and the RST text.",
umn/source/managing_dcs_instances/viewing_redis_slow_queries.rst,Viewing Redis Slow Queries,en-us_image_0000001194523041.png,icon,pass,0.95,"The image is a small location-pin icon, referenced in the RST as |image1| in step 2: 'Click |image1| in the upper left corner and select a region and a project.' | A location pin is the standard icon used in Huawei Cloud DCS console for the region/project selector, matching the documented action. | The icon is placed in the 'Viewing Slow Queries on the Console' section, directly supporting the navigation steps. | No contradictions with the RST content.","The icon is small and slightly pixelated, making fine details hard to discern, but the shape is clearly a location pin."
umn/source/managing_passwords/changing_instance_passwords.rst,Changing Instance Passwords,en-us_image_0143929918.png,icon,pass,0.90,"The image is a small gray location-pin / map-marker pictogram, an isolated UI symbol, so it is classified as an icon. | In the RST, step 2 of the Procedure instructs the user to 'Click |image1| in the upper left corner and select a region and a project,' which matches a region-selector location icon. | The icon is placed in the Procedure section and directly supports the navigation step for selecting a region/project before changing the password. | No interactive buttons or controls are visible; it is a static symbolic graphic. | No contradiction between the image and the surrounding text.","The icon has no text label, so its exact function (region selector) is inferred from the RST context rather than visible text. | No surrounding UI (toolbar, menu) is shown to confirm the 'upper left corner' placement."
umn/source/managing_passwords/changing_password_settings_for_dcs_redis_instances.rst,Changing Password Settings for DCS Redis Instances,en-us_image_0143929918.png,icon,pass,0.90,"The image is a small gray location-pin / map-marker symbol, i.e. an isolated UI icon. | In the RST, |image1| is referenced in Procedure step 2: 'Click |image1| in the upper left corner and select a region and a project.' | A location-pin icon is the standard symbol for a region/project selector, matching the described action. | The icon is used within the Procedure section and is consistent with the surrounding steps. | No contradiction between the icon and the document text.","The image shows only the icon symbol, not the surrounding console UI, so the 'upper left corner' placement cannot be visually confirmed. | No label or text accompanies the icon in the image itself."
umn/source/managing_passwords/resetting_instance_passwords.rst,Resetting Instance Passwords,en-us_image_0143929918.png,icon,pass,0.90,"The image is a small gray location-pin / map-marker pictogram, an isolated UI symbol, so it is classified as an icon. | In the RST, |image1| is referenced in Procedure step 2: 'Click |image1| in the upper left corner and select a region and a project,' which matches a region/location selector icon. | The icon appears in the Procedure section and is directly tied to the step of selecting a region and project, so it is section-relevant. | The visual content (a location pin) is consistent with a region selector control, providing clear visual evidence. | No contradiction between the icon and the surrounding RST text.","The image alone does not show the surrounding console UI, so the 'upper left corner' placement cannot be visually confirmed from the icon itself. | The icon is generic; its exact label or tooltip (region/project) is not visible in the image and is inferred from the RST text."
umn/source/migrating_data_with_dcs/importing_backup_files/importing_backup_files_from_an_obs_bucket.rst,Importing Backup Files from an OBS Bucket,en-us_image_0000001634759086.png,screenshot,pass,1.00,"The image is a screenshot of the OBS console 'Upload Object' dialog, matching Figure 1 referenced in the RST. | The dialog shows the drag-and-drop upload area, 'add file' link, 100-file limit, 5 GB size limit, KMS encryption checkbox, and Upload/Cancel buttons, all consistent with the RST description. | The Storage Class options (Standard, Warm, Cold) are visible, aligning with the earlier step in the RST about setting Storage Class. | The image is clearly labeled in the RST as 'Figure 1 Uploading an object' within the 'Creating an OBS Bucket and Uploading Backup Files' section.",
umn/source/migrating_data_with_dcs/importing_backup_files/importing_backup_files_from_an_obs_bucket.rst,Importing Backup Files from an OBS Bucket,en-us_image_0143929918.png,icon,pass,0.88,"The image is a small location-pin / map-marker icon, used in the RST as |image1| for selecting a region and project in the DCS console. | The RST step 2 of 'Creating a Migration Task' says 'Click |image1| in the upper left corner and select a region and a project,' which matches a region/location selector icon. | The icon is small and slightly low-resolution, making fine detail hard to assess, but its shape is clearly a location pin. | No contradiction between the icon's purpose (region selector) and the RST context.","The icon is very small and somewhat blurry, so exact UI context (e.g., whether it appears in a toolbar) cannot be confirmed from the image alone."
umn/source/migrating_data_with_dcs/importing_backup_files/importing_backup_files_from_redis.rst,Importing Backup Files from Redis,en-us_image_0143929918.png,icon,pass,0.90,"The image is a small gray location-pin / map-marker pictogram, matching the region-selector icon referenced in Step 3, step 2 ('Click |image1| in the upper left corner and select a region and a project'). | It is an isolated symbolic UI icon, not a full interface screenshot, so it is classified as 'icon'. | The icon semantically aligns with selecting a region/project in the DCS console, consistent with the migration-task creation procedure described in the RST. | No interactive controls (buttons, menus) are visible within the image itself, only the static symbol.","The image shows only the icon in isolation; the surrounding console UI (upper-left corner placement, region/project dropdown) is not visible to confirm exact context. | No label or text accompanies the icon, so its meaning is inferred from the RST reference rather than from the image alone."
umn/source/migrating_data_with_dcs/migrating_data_online.rst,Migrating Data Online,en-us_image_0143929918.png,icon,pass,0.83,"The image is a small location pin icon used as a UI symbol in the DCS console navigation. | The RST references it in Step 4, step 2: 'Click |image1| in the upper left corner and select a region and a project.' | The icon is a generic region/project selector, not specific to the data migration topic itself. | It is placed in the 'Create a Migration Task' section, which is directly relevant to the document.",The icon is generic and does not show any DCS-specific branding or context. | No surrounding UI is visible to confirm it is in the upper left corner of a console.
umn/source/migrating_data_with_dcs/migrating_data_online.rst,Migrating Data Online,en-us_image_0000001539798309.png,screenshot,pass,1.00,"The image shows a redis-cli terminal session with the 'info keyspace' command and its output. | The RST in the 'Verifying the Migration' section instructs to run the 'info keyspace' command to check values of 'keys' and 'expires'. | The output displays 'db0:keys=81869,expires=0,avg_ttl=0', which directly matches the described verification step. | The image is referenced as |image2| immediately after the instruction to run the info keyspace command. | No contradictions between the image content and the RST description.","The IP address is partially redacted (192.1xx.x.217), which is expected for documentation. | No source vs. target comparison is shown in this single image; the RST mentions calculating differences between source and target."
umn/source/migrating_data_with_dcs/switching_dcs_instance_ip_addresses.rst,Switching DCS Instance IP Addresses,en-us_image_0000001549115173.png,icon,partial,0.77,"The image is a small gray location-pin icon, consistent with a region selector in a cloud console UI. | The RST references this icon in the step 'Click |image1| in the upper left corner of the console and select the region where your instance is located,' which matches a location/region pin symbol. | The icon is used in both the 'Switching IP Addresses' and 'Rolling Back IP Addresses' sections as part of the initial console navigation steps. | The visual content (a simple location marker) aligns with the described action of selecting a region.","The image does not show the surrounding console UI, so the exact placement in the upper-left corner cannot be visually confirmed. | No label or text accompanies the icon in the image itself to explicitly identify it as a region selector."
umn/source/monitoring/configuring_alarm_rules_for_critical_metrics.rst,Configuring Alarm Rules for Critical Metrics,en-us_image_0270432745.png,screenshot,pass,0.88,"Image shows a DCS console table with a Redis instance (dcs-7stc, Redis 3.0, Master/Standby) and the 'View Metric' link highlighted in a red box. | Directly corresponds to Figure 1 in the RST procedure step 4: 'choose More > View Metric'. | The RST says 'choose More > View Metric' but the image shows 'View Metric' as a direct link in the Operation column alongside 'Restart' and 'More', suggesting it may not be under the More dropdown. | The table columns (Name, Status, Cache Engine, Type, CPU, Specification, Used/Available Memory, Connection Address, Operation) are consistent with a DCS instance list view.","The RST instructs to choose 'More > View Metric' but the image shows 'View Metric' as a standalone link, making it unclear if it is accessed via the More menu or directly."
umn/source/monitoring/configuring_alarm_rules_for_critical_metrics.rst,Configuring Alarm Rules for Critical Metrics,en-us_image_0000001321666164.png,screenshot,pass,0.88,"Image shows the 'Create Alarm Rule' page with Method (Create manually), Alarm Policy (CPU Usage, Raw, >=, 80, %, One day, 2 consecutive periods, Major severity), Alarm Notification toggle, and Create button. | Directly corresponds to Figure 2 in the RST procedure step 6a: 'Specify the alarm policy and alarm severity.' | The RST table specifies CPU Usage alarm threshold as 70, but the image shows 80. The RST uses 'For example' language, so this is illustrative rather than a strict contradiction. | The RST says 'exceeds the threshold' but the image shows '>=' (greater than or equal to), a minor semantic difference. | The 'Create' button and 'Create manually' button appear in magenta/pink color.","The exact threshold value in the image (80) differs from the table value (70) for CPU Usage, though the RST frames it as an example. | The 'Raw ...' dropdown and the empty dropdown next to it are not fully legible, making it unclear what specific alarm policy type is selected."
umn/source/monitoring/configuring_alarm_rules_for_critical_metrics.rst,Configuring Alarm Rules for Critical Metrics,en-us_image_0000001148670664.png,icon,pass,0.83,"Image is a small location pin/marker icon, consistent with a region selector. | Referenced in RST step 2 as |image1|: 'Click [icon] in the upper left corner and select a region and a project.' | The location pin icon is a standard symbol for region/location selection in cloud consoles. | The icon is generic and not specific to alarm rules or DCS, but is part of the login/navigation procedure.","The icon is very small and low-resolution, making fine details hard to discern. | No surrounding UI context is visible to confirm it is in the upper left corner of the console."
umn/source/monitoring/configuring_alarm_rules_for_critical_metrics.rst,Configuring Alarm Rules for Critical Metrics,en-us_image_0227732778.png,icon,pass,1.00,"Image is a small plus (+) icon inside a rounded square, a standard 'add' or 'create' symbol. | Referenced in RST step 5 as |image2|: 'Hover over the metric and click [icon] to create an alarm rule for the metric.' | The plus icon is a universally recognized symbol for adding/creating a new item, matching the 'create an alarm rule' action described in the RST. | Directly relevant to the alarm rule creation procedure.",The icon is very small and low-resolution. | No surrounding UI context is visible to confirm it appears next to the CPU Usage metric.
umn/source/monitoring/viewing_dcs_monitoring_metrics.rst,Viewing DCS Monitoring Metrics,en-us_image_0143929918.png,icon,pass,0.90,"The image is a small gray location-pin / map-marker pictogram, i.e., an isolated symbolic icon. | It corresponds to the RST reference |image1| in step 2, where the user clicks the icon in the upper-left corner to select a region and a project. | A location-pin icon is the standard region/project selector symbol in cloud consoles, matching the described action. | No contradiction between the icon and the surrounding procedure text.","The icon is shown in isolation without surrounding console UI, so its exact placement (upper-left corner) cannot be visually confirmed. | No label or text accompanies the icon to explicitly identify it as the region/project selector."
umn/source/operating_dcs_instances/clearing_dcs_instance_data.rst,Clearing DCS Instance Data,en-us_image_0143929918.png,icon,pass,1.00,"The image is a small gray location-pin / map-marker symbol, consistent with a region/project selector icon. | In the RST, |image1| is used in Procedure step 2: 'Click |image1| in the upper left corner and select a region and a project,' which matches a location/region icon. | The icon is directly referenced within the Procedure section of the 'Clearing DCS Instance Data' document. | No contradiction between the icon and the surrounding text.","The image is an isolated symbol without surrounding UI context, so the exact console placement (upper-left corner) cannot be visually confirmed."
umn/source/operating_dcs_instances/command_renaming.rst,Command Renaming,en-us_image_0143929918.png,icon,partial,0.60,"The image is a small gray location-pin / map-marker pictogram, i.e. an isolated UI symbol, so it is classified as an icon. | In the RST it is referenced as |image1| in Procedure step 2: 'Click |image1| in the upper left corner and select a region and a project.' | A location-pin icon semantically matches a region/project selector control, consistent with the step's description. | The icon is a generic console navigation element and is not specific to the Command Renaming topic, so topic and section relevance are low. | No contradiction between the icon and the surrounding text.",No surrounding console UI or label is visible to confirm the icon is the region/project selector. | No text or tooltip on the icon to verify its exact function.
umn/source/operating_dcs_instances/deleting_dcs_instances.rst,Deleting DCS Instances,en-us_image_0143929918.png,icon,pass,1.00,"The image is a small location-pin / map-marker symbol, matching the region/project selector icon referenced in the RST. | The RST instructs 'Click |image1| in the upper left corner and select a region and a project', which aligns with a location/region icon. | The icon is used in the Procedure section for both deleting DCS instances and deleting failed creation tasks, so it is section-relevant. | The visual content (a teardrop pin with a center dot) is clearly visible and consistent with a region selector pictogram. | No contradiction between the image and the surrounding RST text.","The image is isolated, so the surrounding console UI (upper-left placement, region/project dropdown) is not visible to confirm exact context."
umn/source/operating_dcs_instances/exporting_dcs_instance_list.rst,Exporting DCS Instance List,en-us_image_0143929918.png,icon,pass,0.83,"The image is a small location-pin icon, matching the RST reference |image1| used in step 2 to select a region and project. | A location/region selector icon is semantically appropriate for the 'select a region and a project' instruction in the DCS console procedure. | The icon appears in the Procedure section where it is referenced, so it is contextually relevant. | The visual content (a map-marker/location pin) is clearly visible and unambiguous.","The image is an isolated icon without surrounding console UI, so the exact placement in the upper-left corner cannot be verified from the image alone. | No label or text accompanies the icon to confirm it is the region/project selector."
umn/source/operating_dcs_instances/modifying_dcs_instance_specifications.rst,Modifying DCS Instance Specifications,en-us_image_0143929918.png,icon,pass,1.00,"The image is a location pin icon, consistent with the RST instruction to 'Click |image1| in the upper left corner and select a region and a project.' | The icon is used in the Procedure section (step 2) of the DCS instance specification modification workflow. | A location pin is a standard UI symbol for region/project selection in cloud management consoles. | No contradiction between the icon and the surrounding RST text.","The image is a small, low-resolution icon; finer details of the surrounding UI context are not visible."
umn/source/operating_dcs_instances/performing_a_master_standby_switchover_for_a_dcs_instance.rst,Performing a Master/Standby Switchover for a DCS Instance,en-us_image_0143929918.png,icon,partial,0.77,"The image is a small location-pin icon, matching the RST reference |image1| used in step 2 to select a region and project. | A location/region selector icon is semantically consistent with 'select a region and a project' in the DCS console procedure. | The icon is clearly visible and unambiguous as a map-marker/location symbol. | No contradiction between the icon and the surrounding procedure text.","The icon is isolated, so the surrounding console UI context (upper-left corner placement) is not visible in the image itself. | No label or text accompanies the icon to confirm it specifically denotes region/project selection."
umn/source/operating_dcs_instances/restarting_dcs_instances.rst,Restarting DCS Instances,en-us_image_0143929918.png,icon,partial,0.77,"The image is a small gray location/map-pin pictogram, matching the |image1| reference used in step 2 to select a region and project. | It is an isolated symbolic graphic (icon), not a UI screenshot or interactive control. | The icon's meaning (region/location selector) aligns with the procedure text 'select a region and a project'. | No contradiction between the image and the surrounding RST content.","The image does not show the surrounding console UI, so its exact placement in the upper-left corner cannot be visually confirmed. | No label or text accompanies the icon to explicitly identify it as the region selector."
umn/source/operating_dcs_instances/starting_dcs_instances.rst,Starting DCS Instances,en-us_image_0000001148443450.png,icon,pass,0.83,"The image is a small gray location-pin / map-marker pictogram, an isolated UI symbol, so it is classified as an icon. | In the RST, |image1| is referenced in Procedure step 2: 'Click |image1| in the upper left corner and select a region and a project,' which matches a region/location selector icon. | The location-pin shape is semantically consistent with selecting a region, supporting the procedure's intent. | The icon appears in the Procedure section where it is actually used, so section relevance is high. | No visible interactive controls or buttons are present within the image itself.",The image is a generic location pin and does not show the DCS console context (upper-left corner placement) described in the text. | No label or text accompanies the icon to confirm it is the region/project selector.
umn/source/operating_dcs_instances/upgrading_the_minor_or_proxy_version_of_a_dcs_instance.rst,Upgrading the Minor or Proxy Version of a DCS Instance,en-us_image_0000002477620454.png,screenshot,pass,1.00,"Screenshot shows the DCS Instance Details page with Minor Version and Proxy Version fields, each with an Upgrade button | Matches the RST description of the Basic Information page where users can view or upgrade minor/proxy versions | Instance Type is Proxy Cluster, consistent with the document's mention of Proxy Cluster instances | The Upgrade buttons are highlighted with red boxes, matching the RST instruction to click Upgrade next to Minor Version or Proxy Version","The RST mentions the upgrade button being gray when already at latest version, but the screenshot only shows the active (clickable) state"
umn/source/operating_dcs_instances/upgrading_the_minor_or_proxy_version_of_a_dcs_instance.rst,Upgrading the Minor or Proxy Version of a DCS Instance,en-us_image_0000002248341190.png,icon,pass,0.93,Small location pin / map marker icon used as the region/project selector in the DCS console | Referenced in RST step 2 as the icon to click in the upper left corner to select a region and project | The pin shape is semantically appropriate for a region/location selector,"The icon is very small and low-resolution, making it difficult to confirm exact visual details | No surrounding UI context is visible to confirm its placement in the upper left corner"
umn/source/parameter_templates/creating_a_custom_parameter_template.rst,Creating a Custom Parameter Template,en-us_image_0143929918.png,icon,partial,0.72,"The image is a small location pin/marker icon, consistent with a region selector in a cloud console UI. | The RST step 2 instructs the user to click this icon in the upper left corner to select a region and project, which matches the location-pin semantics. | The icon is a generic UI symbol used across Huawei Cloud console pages for region/project selection, so it is topically relevant but not specific to the parameter template topic. | No interactive buttons or controls are visible in the image; it is a static pictogram. | No contradiction exists between the image content and the RST description.","The image does not show the surrounding console UI (upper-left corner context, dropdown menu, region list), so the full interaction described in step 2 cannot be visually confirmed. | No label or text accompanies the icon to explicitly identify it as a region selector."
umn/source/parameter_templates/deleting_a_custom_parameter_template.rst,Deleting a Custom Parameter Template,en-us_image_0143929918.png,icon,pass,1.00,"The image is a small location-pin icon, matching the |image1| reference in step 2 of the procedure. | Step 2 instructs to click the icon in the upper left corner to select a region and a project, which a location-pin symbol appropriately represents. | The icon is placed within the Procedure section and directly supports the described navigation step. | The visual content (a map-marker/location pin) is clearly visible and consistent with a region/project selector control.","The image is a standalone icon without surrounding UI context, so the exact console layout is not visible."
umn/source/parameter_templates/modifying_a_custom_parameter_template.rst,Modifying a Custom Parameter Template,en-us_image_0143929918.png,icon,partial,0.72,"The image is a small location-pin/marker icon, consistent with a region or project selector in a cloud console UI. | The RST references this icon in step 2: 'Click |image1| in the upper left corner and select a region and a project,' which matches the location-pin semantics. | The icon is part of the general DCS console navigation procedure, not directly illustrating parameter template modification. | No contradiction between the icon's appearance and its described function in the document.","The image does not show the surrounding UI context (e.g., the upper-left corner placement or the region/project dropdown) that the RST describes. | No label or text is visible in the icon to confirm it specifically represents 'region and project' selection."
umn/source/parameter_templates/viewing_parameter_templates.rst,Viewing Parameter Templates,en-us_image_0143929918.png,icon,pass,1.00,"The image is a small location-pin / map-marker symbol, matching the |image1| reference in step 2 of the Procedure. | Step 2 instructs to click the icon in the upper left corner to select a region and a project; a location pin is the standard region/project selector icon in cloud consoles. | The icon is an isolated symbolic graphic with no surrounding UI, so it is classified as an icon rather than a screenshot. | No visible interactive button chrome or control states are present in the isolated image.","The image does not show the surrounding DCS console UI, so the 'upper left corner' placement cannot be visually confirmed from the image alone. | No dropdown or region/project selection panel is visible, only the trigger icon."
umn/source/permissions_management/creating_a_user_and_granting_dcs_permissions.rst,Creating a User and Granting DCS Permissions,en-us_image_0000001196623620.png,other,pass,1.00,"The image is a vertical flowchart (Start → three steps → End) illustrating the process of granting DCS permissions, matching Figure 1 referenced in the RST. | The three blue step boxes correspond exactly to the numbered list in the Process Flow section: create a user group and grant permissions, create an IAM user and add to the group, log in and verify permissions. | The diagram is a schematic flowchart, not a UI screenshot or icon, so it is classified as 'other'. | No interactive controls or buttons are visible in the image.","The flowchart does not explicitly mention the 'DCS ReadOnlyAccess' policy name, though the RST text ties it to that example. | No console UI or specific service branding is shown, only generic process steps."
umn/source/service_overview/dcs_instance_types/master_standby_redis.rst,Master/Standby Redis,en-us_image_0000001528638365.png,other,fail,0.00,Local color check detected #3298ff.,
umn/source/service_overview/dcs_instance_types/proxy_cluster_redis.rst,Proxy Cluster Redis,en-us_image_0000001433519397.png,other,fail,0.00,Local color check detected #3298ff.,
umn/source/service_overview/dcs_instance_types/read_write_splitting_redis.rst,Read/Write Splitting Redis,en-us_image_0000001273950310.png,other,fail,0.00,Local color check detected #3298ff.,
umn/source/service_overview/dcs_instance_types/redis_cluster.rst,Redis Cluster,en-us_image_0277578727.png,other,fail,0.00,Local color check detected #3298ff.,
umn/source/service_overview/dcs_instance_types/redis_cluster.rst,Redis Cluster,en-us_image_0000001280621500.png,other,fail,0.00,Local color check detected #3298ff.,
umn/source/service_overview/dcs_instance_types/single-node_redis.rst,Single-Node Redis,en-us_image_0000002416373129.png,other,fail,0.00,Local color check detected #3298ff.,
umn/source/service_overview/disaster_recovery_and_multi-active_solution.rst,Disaster Recovery and Multi-Active Solution,en-us_image_0000002128172684.png,other,fail,0.00,Local color check detected #3298ff.,
umn/source/service_overview/disaster_recovery_and_multi-active_solution.rst,Disaster Recovery and Multi-Active Solution,en-us_image_0000002163572313.png,other,fail,0.00,Local color check detected #3298ff.,
umn/source/service_overview/disaster_recovery_and_multi-active_solution.rst,Disaster Recovery and Multi-Active Solution,en-us_image_0266235346.png,other,pass,1.00,Image shows the evolution from Single-AZ DR to Cross-AZ DR with master/standby nodes | Matches Figure 1 caption: DCS DR architecture evolution | Clearly illustrates the progression from single-AZ HA to cross-AZ HA with AZ A and AZ B labels,
umn/source/service_overview/disaster_recovery_and_multi-active_solution.rst,Disaster Recovery and Multi-Active Solution,en-us_image_0266235448.png,other,pass,1.00,Shows Single-AZ with a single-node DCS instance | Text states 'A new process is started if a fault occurs' matching the RST description | Matches Figure 2 caption: HA for a single-node DCS instance deployed within an AZ,
umn/source/service_overview/disaster_recovery_and_multi-active_solution.rst,Disaster Recovery and Multi-Active Solution,en-us_image_0266235321.png,other,pass,1.00,"Shows Single AZ with Master node process and Standby node process | Displays HA connection and incremental synchronization between nodes | Shows data persistence on both master and standby, matching the RST description | Matches Figure 3 caption: HA for a master/standby DCS instance deployed within an AZ",
umn/source/service_overview/disaster_recovery_and_multi-active_solution.rst,Disaster Recovery and Multi-Active Solution,en-us_image_0000002163572305.png,other,pass,1.00,"Shows AZ A with Master node process (Data read/write) and AZ B with Standby node process | Displays HA connection, increments sync, Memory, AOF file, and Disk file components | Matches Figure 4 caption: Cross-AZ deployment of a master/standby DCS instance | Aligns with RST description of cross-AZ deployment with physically isolated power and networks",
umn/source/service_overview/disaster_recovery_and_multi-active_solution.rst,Disaster Recovery and Multi-Active Solution,en-us_image_0000002128172688.png,other,pass,1.00,"Shows AZ A and AZ B with multiple shards (Shard 1, Shard 2, Shard N) | Each shard has a Master node in AZ A and Standby node in AZ B | Data read/write arrows point to master nodes across shards | Matches Figure 7 caption: Cross-AZ deployment of a Redis Cluster DCS instance",
umn/source/service_overview/disaster_recovery_and_multi-active_solution.rst,Disaster Recovery and Multi-Active Solution,en-us_image_0000001536314713.png,screenshot,pass,1.00,"Shows a UI form for creating a DCS instance with Instance Type, CPU Architecture, Replicas, Primary AZ, and Standby AZ fields | Primary AZ shows eu-de-02 selected and Standby AZ shows eu-de-01 selected, demonstrating different AZ selection | Matches Figure 8 caption: Selecting different AZs | Aligns with RST instruction to select a standby AZ different from the primary AZ",
umn/source/service_overview/related_services.rst,Related Services,en-us_image_0277837533.png,other,pass,1.00,"The diagram centers on DCS and shows its relationships with VPC, ECS, IAM, Cloud Eye, CTS, and OBS, matching the figure caption and the section's topic. | Connection labels (Backup file storage, File backup permission control, User permissions management, Accessing an instance through a client, Monitoring and alarm, Operation logs audit) align with the RST descriptions of each service's role relative to DCS. | VPC is depicted as a container box enclosing ECS and DCS, consistent with the RST statement that DCS runs in VPCs. | The image is a clear, legible relationship diagram with all referenced services present and labeled.","No additional quantitative or configuration details are shown, but none are required by the RST for this figure."
