document,title,image,image_type,result,score,reasons,missing_evidence
api-ref/source/appendix/obtaining_a_project_id.rst,Obtaining a Project ID,,,fail,,kein valides Bild,No model result was produced.
doc/image-creation-guide/source/appendix/configuring_the_vnc_service.rst,Configuring the VNC Service,,,fail,,kein valides Bild,No model result was produced.
doc/image-creation-guide/source/converting_the_image_format.rst,Converting the Image Format,,,fail,,kein valides Bild,No model result was produced.
doc/image-creation-guide/source/faq/how_do_i_check_whether_a_physical_server_is_running_properly.rst,How Do I Check Whether a Physical Server Is Running Properly?,,,fail,,kein valides Bild,No model result was produced.
doc/image-creation-guide/source/faq/what_do_i_do_if_cloudbase-init_is_stopped_on_a_provisioned_windows_bms.rst,What Do I Do If Cloudbase-Init Is Stopped on a Provisioned Windows BMS?,,,fail,,kein valides Bild,No model result was produced.
doc/image-creation-guide/source/linux/checking_the_cloud-init_status/euleros_openeuler.rst,EulerOS/OpenEuler,,,fail,,kein valides Bild,No model result was produced.
doc/image-creation-guide/source/linux/checking_the_cloud-init_status/red_hat_6_centos_6_oracle_linux_6.rst,Red Hat 6/CentOS 6/Oracle Linux 6,,,fail,,kein valides Bild,No model result was produced.
doc/image-creation-guide/source/linux/checking_the_cloud-init_status/suse_11_sp4.rst,SUSE 11 SP4,,,fail,,kein valides Bild,No model result was produced.
doc/image-creation-guide/source/linux/checking_the_cloud-init_status/suse_12_sp1.rst,SUSE 12 SP1,,,fail,,kein valides Bild,No model result was produced.
doc/image-creation-guide/source/linux/checking_the_cloud-init_status/suse_12_sp2_suse_12_sp3_suse_15_oracle_linux_7_red_hat_7_centos_7_centos_8.rst,SUSE 12 SP2/SUSE 12 SP3/SUSE 15/Oracle Linux 7/Red Hat 7/CentOS 7/CentOS 8,,,fail,,kein valides Bild,No model result was produced.
doc/image-creation-guide/source/linux/checking_the_cloud-init_status/ubuntu_16.04_ubuntu_18.04.rst,Ubuntu 16.04/Ubuntu 18.04,,,fail,,kein valides Bild,No model result was produced.
doc/image-creation-guide/source/linux/configuring_cloud-init/cloud-init_0.7.5.rst,Cloud-Init 0.7.5,,,fail,,kein valides Bild,No model result was produced.
doc/image-creation-guide/source/linux/configuring_cloud-init/cloud-init_0.7.6.rst,Cloud-Init 0.7.6,,,fail,,kein valides Bild,No model result was produced.
doc/image-creation-guide/source/linux/configuring_cloud-init/cloud-init_0.7.9_or_later.rst,Cloud-Init 0.7.9 or later,,,fail,,kein valides Bild,No model result was produced.
doc/image-creation-guide/source/linux/configuring_remote_login_to_a_bms/x86_oracle_linux_6_series_red_hat_6_series_centos_6.rst,x86: Oracle Linux 6 series/Red Hat 6 series/CentOS 6,,,fail,,kein valides Bild,No model result was produced.
doc/image-creation-guide/source/linux/configuring_remote_login_to_a_bms/x86_oracle_linux_7.3_oracle_linux_7.4_red_hat_7_centos_7.2_centos_7.4_centos_7.5_centos_7.6.rst,x86: Oracle Linux 7.3/Oracle Linux 7.4/Red Hat 7/CentOS 7.2/CentOS 7.4/CentOS 7.5/CentOS 7.6,,,fail,,kein valides Bild,No model result was produced.
doc/image-creation-guide/source/linux/configuring_remote_login_to_a_bms/x86_suse_11_sp4.rst,x86: SUSE 11 SP4,,,fail,,kein valides Bild,No model result was produced.
doc/image-creation-guide/source/linux/configuring_remote_login_to_a_bms/x86_ubuntu_16.04_ubuntu_18.04.rst,x86: Ubuntu 16.04/Ubuntu 18.04,,,fail,,kein valides Bild,No model result was produced.
doc/image-creation-guide/source/linux/configuring_the_vm_environment/optional_disabling_networkmanager.rst,(Optional) Disabling NetworkManager,,,fail,,kein valides Bild,No model result was produced.
doc/image-creation-guide/source/linux/configuring_the_vm_environment/upload_required_software_packages.rst,Upload Required Software Packages,,,fail,,kein valides Bild,No model result was produced.
doc/image-creation-guide/source/linux/creating_a_linux_vm/creating_a_vm_using_virt-manager/creating_a_linux_vm.rst,Creating a Linux VM,,,fail,,kein valides Bild,No model result was produced.
doc/image-creation-guide/source/linux/installing_a_linux_os_on_the_vm/centos_7.4_arm.rst,CentOS 7.4 ARM,,,fail,,kein valides Bild,No model result was produced.
doc/image-creation-guide/source/linux/installing_a_linux_os_on_the_vm/os_partitioning_recommendations.rst,OS Partitioning Recommendations,,,fail,,kein valides Bild,No model result was produced.
doc/image-creation-guide/source/linux/installing_a_linux_os_on_the_vm/suse_11_sp4.rst,SUSE 11 SP4,,,fail,,kein valides Bild,No model result was produced.
doc/image-creation-guide/source/linux/installing_a_linux_os_on_the_vm/suse_12.rst,SUSE 12,,,fail,,kein valides Bild,No model result was produced.
doc/image-creation-guide/source/linux/installing_a_linux_os_on_the_vm/ubuntu_18.04_ubuntu_16.04_ubuntu_14.04_and_debian_8.6.rst,"Ubuntu 18.04, Ubuntu 16.04, Ubuntu 14.04, and Debian 8.6",,,fail,,kein valides Bild,No model result was produced.
doc/image-creation-guide/source/linux/installing_and_upgrading_drivers_and_firmware_for_ascend_bmss/installation_and_maintenance/installing_the_npu_driver_and_firmware.rst,Installing the NPU Driver and Firmware,,,fail,,kein valides Bild,No model result was produced.
doc/image-creation-guide/source/linux/installing_and_upgrading_drivers_and_firmware_for_ascend_bmss/installation_and_maintenance/installing_the_nvme_driver.rst,Installing the NVMe Driver,,,fail,,kein valides Bild,No model result was produced.
doc/image-creation-guide/source/linux/installing_bms-network-config.rst,Installing bms-network-config,,,fail,,kein valides Bild,No model result was produced.
doc/image-creation-guide/source/linux/installing_the_hi1822_driver/hi1822_offload_cards_for_bmss_with_sdi_2.2.rst,Hi1822 Offload Cards (for BMSs with SDI 2.2),,,fail,,kein valides Bild,No model result was produced.
doc/image-creation-guide/source/linux/modifying_the_boot_file_uefi_boot_mode.rst,Modifying the Boot File (UEFI Boot Mode),,,fail,,kein valides Bild,No model result was produced.
doc/image-creation-guide/source/linux/modifying_the_hardware_device_drivers_that_boot_the_os.rst,Modifying the Hardware Device Drivers That Boot the OS,,,fail,,kein valides Bild,No model result was produced.
doc/image-creation-guide/source/linux/optional_installing_the_ib_driver.rst,(Optional) Installing the IB driver,,,fail,,kein valides Bild,No model result was produced.
doc/image-creation-guide/source/linux/performing_security_configuration/optimizing_udev_and_selinux.rst,Optimizing udev and SELinux,,,fail,,kein valides Bild,No model result was produced.
doc/image-creation-guide/source/linux/performing_security_configuration/optional_setting_the_password_validity_period.rst,(Optional) Setting the Password Validity Period,,,fail,,kein valides Bild,No model result was produced.
doc/image-creation-guide/source/overview.rst,Overview,,,fail,,kein valides Bild,No model result was produced.
doc/image-creation-guide/source/preparing_the_environment.rst,Preparing the Environment,,,fail,,kein valides Bild,No model result was produced.
doc/image-creation-guide/source/stopping_the_vm_and_obtaining_the_image.rst,Stopping the VM and Obtaining the Image,,,fail,,kein valides Bild,No model result was produced.
doc/image-creation-guide/source/windows/configuring_the_sid.rst,Configuring the SID,en-us_image_0143437269.png,screenshot,pass,1.00,"The image is a CLI/terminal screenshot showing a Cloudbase-Init LocalScripts directory listing. | It displays the plugin 'cloudbaseinit.plugins.common.sethostname.SetHostNamePlugin' highlighted, matching step 3c of the RST which instructs deleting that plugin from cloudbase-init-unattend.conf. | The figure corresponds to 'Figure 2 Modifying the configuration file' in the document. | No interactive UI buttons are present; it is a text-based command prompt.","The image is low resolution and partially truncated, so the full file path and surrounding log lines are not fully legible. | The exact file being edited (cloudbase-init-unattend.conf) is not explicitly labeled in the visible text."
doc/image-creation-guide/source/windows/configuring_the_vm_environment.rst,Configuring the VM Environment,,,fail,,kein valides Bild,No model result was produced.
doc/image-creation-guide/source/windows/creating_a_windows_vm/creating_a_vm_from_an_iso_image/installing_a_windows_os_and_the_virtio_driver.rst,Installing a Windows OS and the VirtIO Driver,,,fail,,kein valides Bild,No model result was produced.
doc/image-creation-guide/source/windows/creating_a_windows_vm/creating_a_vm_from_an_iso_image/registering_an_iso_file_windows.rst,Registering an ISO File (Windows),,,fail,,kein valides Bild,No model result was produced.
doc/image-creation-guide/source/windows/creating_a_windows_vm/creating_a_vm_using_virt-manager/creating_a_vm_and_installing_an_os_windows.rst,Creating a VM and Installing an OS (Windows),,,fail,,kein valides Bild,No model result was produced.
doc/image-creation-guide/source/windows/generating_a_new_iso_file.rst,Generating a New ISO File,,,fail,,kein valides Bild,No model result was produced.
doc/image-creation-guide/source/windows/installing_cloudbase-init/windows_server_1709.rst,Windows Server 1709,,,fail,,kein valides Bild,No model result was produced.
doc/image-creation-guide/source/windows/installing_cloudbase-init/windows_server_2012_r2_windows_server_2016.rst,Windows Server 2012 R2/Windows Server 2016,,,fail,,kein valides Bild,No model result was produced.
doc/image-creation-guide/source/windows/optional_configuring_automatic_windows_update.rst,(Optional) Configuring Automatic Windows Update,,,fail,,kein valides Bild,No model result was produced.
doc/image-creation-guide/source/windows/optional_installing_bms-network-config/windows_server_1709.rst,Windows Server 1709,,,fail,,kein valides Bild,No model result was produced.
doc/image-creation-guide/source/windows/optional_installing_bms-network-config/windows_server_2012_r2_windows_server_2016.rst,Windows Server 2012 R2/Windows Server 2016,,,fail,,kein valides Bild,No model result was produced.
doc/image-creation-guide/source/windows/optional_installing_the_sdi_driver.rst,(Optional) Installing the SDI Driver,,,fail,,kein valides Bild,No model result was produced.
doc/image-creation-guide/source/windows/optional_installing_x86_v5_server_drivers/installing_the_chipset_driver.rst,Installing the chipset Driver,,,fail,,kein valides Bild,No model result was produced.
doc/image-creation-guide/source/windows/setting_the_windows_time_zone.rst,Setting the Windows Time Zone,,,fail,,kein valides Bild,No model result was produced.
doc/image-creation-guide/source/windows/setting_the_windows_virtual_memory.rst,Setting the Windows Virtual Memory,,,fail,,kein valides Bild,No model result was produced.
doc/image-creation-guide/source/windows/using_dism_to_integrate_the_virtio_driver_into_an_iso_file.rst,Using Dism++ to Integrate the VirtIO Driver into an ISO File,,,fail,,kein valides Bild,No model result was produced.
umn/source/auditing_of_key_operations/viewing_traces.rst,Viewing Traces,en-us_image_0285431353.png,screenshot,pass,1.00,"Shows a trace list table with columns matching the RST description (Trace Name, Resource Type, Trace Source, Resource ID, Resource Name, Trace Status, Operator, Recorded, Operation) | Displays an expanded trace row with Trace ID, Trace Type (ConsoleAction), Source IP Address, and Generated timestamp | Corresponds to Figure 1 'Expanding a trace' referenced in step 5 of the procedure | The 'View Trace' link is visible in the Operation column, matching the next step in the RST",
umn/source/auditing_of_key_operations/viewing_traces.rst,Viewing Traces,en-us_image_0285431358.png,screenshot,pass,1.00,"Shows a 'View Trace' dialog with JSON content displaying the trace structure | JSON includes time, user (name, id, domain), and request (server details with availability_zone, name, imageRef, flavorRef, vpcid, nics) fields | Corresponds to Figure 2 'Viewing a trace' referenced in step 6 of the procedure | The RST mentions 'key fields in the CTS trace structure' and this image shows exactly that structure",
umn/source/auditing_of_key_operations/viewing_traces.rst,Viewing Traces,en-us_image_0285431352.png,icon,pass,0.88,Small downward-pointing chevron icon used as the expand control in step 5 | Referenced in the RST as |image1| for expanding trace details | Matches the semantic purpose of an expand/collapse toggle in a table row,"Icon is small and slightly blurry, making fine detail hard to discern | No surrounding UI context visible to confirm exact placement"
umn/source/disk/attaching_data_disks.rst,Attaching Data Disks,en-us_image_0102459954.png,icon,pass,0.83,"The image is a small magnifying-glass search icon, matching the RST reference in step 3 where the user clicks the icon to search for a BMS. | The icon is used as a clickable search control in the BMS console, consistent with the procedure described in the document. | The image is semantically relevant to the Procedure section (finding the target BMS) but is not directly about attaching data disks. | No contradictions between the image content and the RST description.","The image is a generic search icon without surrounding UI context, so it is not possible to confirm it belongs specifically to the BMS console rather than another page."
umn/source/disk/initializing_data_disks/initializing_a_windows_data_disk_windows_server_2016.rst,Initializing a Windows Data Disk (Windows Server 2016),en-us_image_0159901908.png,screenshot,pass,1.00,Shows the Server Manager dashboard matching Figure 1 caption. | Navigation tree includes File and Storage Services as described in step 3. | Quick Start and Roles panels match the Windows Server 2016 Server Manager UI.,
umn/source/disk/initializing_data_disks/initializing_a_windows_data_disk_windows_server_2016.rst,Initializing a Windows Data Disk (Windows Server 2016),en-us_image_0159901910.png,screenshot,pass,1.00,"Shows the Servers page under File and Storage Services matching Figure 2. | Left navigation lists Servers, Volumes, Disks, Storage Pools as in the procedure. | Server table shows an online Windows server consistent with the scenario.",
umn/source/disk/initializing_data_disks/initializing_a_windows_data_disk_windows_server_2016.rst,Initializing a Windows Data Disk (Windows Server 2016),en-us_image_0159901911.png,screenshot,pass,1.00,"Shows the Disks page matching Figure 3. | Right-click context menu displays Bring Online for an offline disk as in step 5a. | Disk 1 is Offline with Unknown partition, matching the uninitialized disk scenario.",
umn/source/disk/initializing_data_disks/initializing_a_windows_data_disk_windows_server_2016.rst,Initializing a Windows Data Disk (Windows Server 2016),en-us_image_0159901912.png,screenshot,pass,1.00,Shows the Bring Disk Online dialog matching Figure 4. | Warning text about data loss and Yes/No buttons match step 5b. | Dialog appears over the Disks page.,
umn/source/disk/initializing_data_disks/initializing_a_windows_data_disk_windows_server_2016.rst,Initializing a Windows Data Disk (Windows Server 2016),en-us_image_0159901915.png,screenshot,pass,1.00,Shows disk 1 now Online matching Figure 5 (bring online succeeded). | Context menu shows Initialize option for the next step. | Volumes panel shows the New Volume Wizard link.,
umn/source/disk/initializing_data_disks/initializing_a_windows_data_disk_windows_server_2016.rst,Initializing a Windows Data Disk (Windows Server 2016),en-us_image_0159901916.png,screenshot,pass,1.00,Shows the Initialize Disk dialog matching Figure 6. | Warning about erasing data and initializing as GPT matches step 6a. | Yes/No buttons present for confirmation.,
umn/source/disk/initializing_data_disks/initializing_a_windows_data_disk_windows_server_2016.rst,Initializing a Windows Data Disk (Windows Server 2016),en-us_image_0159901918.png,screenshot,pass,1.00,"Shows disk 1 partition changed to GPT matching Figure 7. | The 'To create a volume, start the New Volume Wizard' link is highlighted, matching step 7. | Unallocated space reduced to 99.9 GB after GPT initialization.",
umn/source/disk/initializing_data_disks/initializing_a_windows_data_disk_windows_server_2016.rst,Initializing a Windows Data Disk (Windows Server 2016),en-us_image_0159901919.png,screenshot,pass,1.00,Shows the New Volume Wizard 'Before you begin' page matching Figure 8. | Wizard steps listed on left match the subsequent wizard pages. | Next button present as in step 8.,
umn/source/disk/initializing_data_disks/initializing_a_windows_data_disk_windows_server_2016.rst,Initializing a Windows Data Disk (Windows Server 2016),en-us_image_0159901920.png,screenshot,pass,1.00,"Shows the 'Select the server and disk' page matching Figure 9. | Server ecs-windows16-en and Disk 1 (100 GB) listed, matching step 10. | Refresh and Rescan buttons present.",
umn/source/disk/initializing_data_disks/initializing_a_windows_data_disk_windows_server_2016.rst,Initializing a Windows Data Disk (Windows Server 2016),en-us_image_0159902021.png,screenshot,pass,1.00,Shows the 'Specify the size of the volume' page matching Figure 10. | Volume size 99.9 GB default matches step 11 description. | Available capacity and minimum size shown.,
umn/source/disk/initializing_data_disks/initializing_a_windows_data_disk_windows_server_2016.rst,Initializing a Windows Data Disk (Windows Server 2016),en-us_image_0159902022.png,screenshot,pass,1.00,"Shows the 'Assign to a drive letter or folder' page matching Figure 11. | Drive letter D selected by default, matching step 12. | Options for folder and no assignment present.",
umn/source/disk/initializing_data_disks/initializing_a_windows_data_disk_windows_server_2016.rst,Initializing a Windows Data Disk (Windows Server 2016),en-us_image_0159902023.png,screenshot,pass,1.00,"Shows the 'Select file system settings' page matching Figure 12. | NTFS file system and Default allocation unit selected, matching step 13. | Volume label 'New Volume' shown.",
umn/source/disk/initializing_data_disks/initializing_a_windows_data_disk_windows_server_2016.rst,Initializing a Windows Data Disk (Windows Server 2016),en-us_image_0159902024.png,screenshot,pass,1.00,"Shows the 'Confirm selections' page matching Figure 13. | Volume location, properties, and file system settings summarized, matching step 14. | Create button enabled.",
umn/source/disk/initializing_data_disks/initializing_a_windows_data_disk_windows_server_2016.rst,Initializing a Windows Data Disk (Windows Server 2016),en-us_image_0159902025.png,screenshot,pass,1.00,"Shows the Completion page matching Figure 14. | All tasks (gather info, create partition, format, add access path, update cache) completed. | Confirms successful volume creation.",
umn/source/disk/initializing_data_disks/initializing_a_windows_data_disk_windows_server_2016.rst,Initializing a Windows Data Disk (Windows Server 2016),en-us_image_0159902027.png,screenshot,pass,1.00,"Shows File Explorer with New Volume (D:) highlighted, matching Figure 15. | Confirms the new volume appears after initialization, matching step 15. | Quick access and This PC navigation visible.",
umn/source/disk/initializing_data_disks/initializing_a_windows_data_disk_windows_server_2016.rst,Initializing a Windows Data Disk (Windows Server 2016),en-us_image_0159902029.png,screenshot,pass,1.00,"Shows Disk Management with right-click menu 'Change Drive Letter and Paths' matching Figure 16. | Disk 1 New Volume visible, matching step 16c. | Volume list and disk layout panels present.",
umn/source/disk/initializing_data_disks/initializing_a_windows_data_disk_windows_server_2016.rst,Initializing a Windows Data Disk (Windows Server 2016),en-us_image_0159902030.png,screenshot,pass,1.00,"Shows the 'Change Drive Letter and Paths for New Volume' dialog matching Figure 17. | Add, Change, Remove buttons present, matching step 16d. | Empty drive letter list shown.",
umn/source/disk/initializing_data_disks/initializing_a_windows_data_disk_windows_server_2016.rst,Initializing a Windows Data Disk (Windows Server 2016),en-us_image_0159902031.png,screenshot,pass,1.00,"Shows the 'Add Drive Letter or Path' dialog matching Figure 18. | 'Assign the following drive letter' selected with D, matching step 16e. | OK and Cancel buttons present.",
umn/source/disk/initializing_data_disks/initializing_a_windows_data_disk_windows_server_2016.rst,Initializing a Windows Data Disk (Windows Server 2016),en-us_image_0159901914.png,icon,pass,1.00,Circular refresh icon matching |image1| used to refresh disk information in step 5c. | Symbolic graphic consistent with the refresh action described.,
umn/source/disk/initializing_data_disks/initializing_a_windows_data_disk_windows_server_2016.rst,Initializing a Windows Data Disk (Windows Server 2016),en-us_image_0159901917.png,icon,pass,1.00,Circular refresh icon matching |image2| used to refresh disk information in step 6c. | Symbolic graphic consistent with the refresh action described.,
umn/source/disk/initializing_data_disks/initializing_a_windows_data_disk_windows_server_2016.rst,Initializing a Windows Data Disk (Windows Server 2016),en-us_image_0159902026.png,icon,pass,1.00,File Explorer folder icon matching |image3| used to open File Explorer in step 15. | Symbolic graphic consistent with checking the new volume in File Explorer.,
umn/source/disk/initializing_data_disks/initializing_a_windows_data_disk_windows_server_2016.rst,Initializing a Windows Data Disk (Windows Server 2016),en-us_image_0159902028.png,icon,pass,1.00,Search/magnifier icon matching |image4| used to open the search/cmd box in step 16a. | Symbolic graphic consistent with the search action to launch cmd.,
umn/source/faqs/disk_faq/are_the_evs_disk_device_names_on_the_console_and_the_device_names_in_bms_oss_consistent.rst,Are the EVS Disk Device Names on the Console and the Device Names in BMS OSs Consistent?,en-us_image_0085721597.png,other,pass,1.00,"Diagram matches Figure 1 (Local System Disk) showing BMS local disks sda/sdb and EVS disks sdc-sdf. | Consistent with RST statement that EVS device names in the OS start after the local disk names. | Schematic illustration, not a UI screenshot or icon.",No VPC console view is shown; only the OS-side device name layout is illustrated.
umn/source/faqs/disk_faq/are_the_evs_disk_device_names_on_the_console_and_the_device_names_in_bms_oss_consistent.rst,Are the EVS Disk Device Names on the Console and the Device Names in BMS OSs Consistent?,en-us_image_0085722230.png,other,pass,1.00,"Matches Figure 2 (Attaching EVS disks to a BMS) with three BMS states: before attach, after attach, after restart. | Shows two EVS disks (sdd, sdf) attached and renumbered after restart, consistent with RST. | Includes legend distinguishing local disk, EVS disk, and attached EVS disk.",No console-side device names shown; only OS-side sequence illustrated.
umn/source/faqs/disk_faq/are_the_evs_disk_device_names_on_the_console_and_the_device_names_in_bms_oss_consistent.rst,Are the EVS Disk Device Names on the Console and the Device Names in BMS OSs Consistent?,en-us_image_0085722243.png,other,pass,1.00,Matches Figure 3 (Detaching EVS disks from a BMS) showing detach of sdd and renumbering after restart. | Consistent with RST description of device name release and change after restart. | Schematic diagram with legend for local and EVS disks.,No console view; only OS-side device names depicted.
umn/source/faqs/disk_faq/are_the_evs_disk_device_names_on_the_console_and_the_device_names_in_bms_oss_consistent.rst,Are the EVS Disk Device Names on the Console and the Device Names in BMS OSs Consistent?,en-us_image_0085722419.png,other,pass,1.00,"Matches Figure 4 (EVS System Disk, situation 1) where sda is the EVS system disk and sdb/sdc are EVS disks, sdd/sdf local. | Consistent with RST that the EVS system disk has the smallest drive letter among EVS disks. | Schematic diagram, not a screenshot or icon.",No console-side names shown; only OS-side layout.
umn/source/faqs/disk_faq/are_the_evs_disk_device_names_on_the_console_and_the_device_names_in_bms_oss_consistent.rst,Are the EVS Disk Device Names on the Console and the Device Names in BMS OSs Consistent?,en-us_image_0085722440.png,other,pass,1.00,"Matches Figure 5 (EVS System Disk, situation 2) where sda/sdb are local and sdc is the EVS system disk with sdd-sdf EVS. | Consistent with RST that the EVS system disk holds the smallest EVS drive letter. | Schematic diagram, not a screenshot or icon.",No console-side names shown; only OS-side layout.
umn/source/faqs/disk_faq/are_the_evs_disk_device_names_on_the_console_and_the_device_names_in_bms_oss_consistent.rst,Are the EVS Disk Device Names on the Console and the Device Names in BMS OSs Consistent?,en-us_image_0085722518.png,other,pass,1.00,"Matches Figure 6 (Attaching an EVS disk before BMS restart) with three BMS states and EVS system disk label. | Shows two EVS disks attached and renumbered after restart, consistent with RST. | Schematic diagram with legend.",No console view; only OS-side device names depicted.
umn/source/faqs/disk_faq/are_the_evs_disk_device_names_on_the_console_and_the_device_names_in_bms_oss_consistent.rst,Are the EVS Disk Device Names on the Console and the Device Names in BMS OSs Consistent?,en-us_image_0085722530.png,other,pass,1.00,Matches Figure 7 (Attaching an EVS disk after BMS restart) showing sda as EVS system disk and renumbering after restart. | Consistent with RST description of device name changes based on disk count and attach sequence. | Schematic diagram with legend.,No console view; only OS-side device names depicted.
umn/source/faqs/disk_faq/are_the_evs_disk_device_names_on_the_console_and_the_device_names_in_bms_oss_consistent.rst,Are the EVS Disk Device Names on the Console and the Device Names in BMS OSs Consistent?,en-us_image_0085722556.png,other,pass,1.00,Matches Figure 8 (Detaching an EVS disk before BMS restart) showing detach of sdd and renumbering after restart. | Consistent with RST description of device name release and change after restart. | Schematic diagram with legend.,No console view; only OS-side device names depicted.
umn/source/faqs/disk_faq/are_the_evs_disk_device_names_on_the_console_and_the_device_names_in_bms_oss_consistent.rst,Are the EVS Disk Device Names on the Console and the Device Names in BMS OSs Consistent?,en-us_image_0085722625.png,other,pass,1.00,"Matches Figure 9 (Detaching an EVS disk after BMS restart) showing sda as EVS system disk, detach of sdb, and renumbering after restart. | Consistent with RST description of device name changes after restart. | Schematic diagram with legend.",No console view; only OS-side device names depicted.
umn/source/faqs/disk_faq/how_do_i_obtain_the_drive_letter_of_an_evs_disk.rst,How Do I Obtain the Drive Letter of an EVS Disk?,en-us_image_0143429915.png,screenshot,pass,1.00,"The image is a terminal screenshot showing the output of the 'll' command in /dev/disk/by-id, which directly matches the document's instruction to check the WWN-to-drive-letter mapping. | The WWN format (wwn-0x + hex identifier) and the symlink targets (../../sdb, ../../sdc, etc.) match the format described in the RST, including the example wwn-0x50000397c80b685d -> ../../sdc. | The figure is placed in step 2 of the procedure, which is exactly about running the ll command to check the mapping, making it highly relevant to the section. | The visual evidence clearly shows multiple WWN entries mapped to drive letters, providing concrete visual confirmation of the described process. | No contradictions exist between the image content and the document text; the image accurately illustrates the described procedure.","The specific device identifier mentioned in the RST example (50000397c80b685d) is not explicitly visible in the image, though similar WWN entries are shown."
umn/source/faqs/instance_faq/how_do_i_create_a_bms_that_can_be_quickly_provisioned.rst,How Do I Create a BMS That Can be Quickly Provisioned?,en-us_image_0152865740.png,screenshot,pass,1.00,"The image is a UI screenshot of a BMS creation page, matching the figure caption 'Creating a BMS'. | It shows a flavor (physical.h2.large) with EVS boot support, an image selection, and a system disk type/capacity, aligning with the RST steps for quick provisioning. | Red highlight boxes emphasize the flavor, image, and system disk fields described in the text. | No visible contradiction between the image content and the RST description.","The image does not explicitly show the 'quick provisioning' flag, but the flavor note mentions EVS boot support which implies it."
umn/source/faqs/login_faq/what_do_i_do_if_the_bms_console_is_displayed_improperly_after_i_remotely_log_in_to_a_bms.rst,What Do I Do If the BMS Console Is Displayed Improperly After I Remotely Log In to a BMS?,en-us_image_0086489072.png,screenshot,pass,1.00,"The image is a terminal/console screenshot showing a right-click context menu, matching the figure caption 'Selecting Resize: xxx'. | The menu item 'Resize: 166x48' is highlighted with a red box, directly illustrating the solution step of selecting Resize after remote BMS login. | The visible SOL session and command-line prompt are consistent with the BMS remote console context described in the RST. | The image aligns with the Solution section's instruction to right-click the blank area and select Resize.",No additional information is missing; the image fully supports the referenced figure.
umn/source/faqs/login_faq/what_do_i_do_if_the_login_page_does_not_respond.rst,What Do I Do If the Login Page Does Not Respond?,en-us_image_0284616130.png,screenshot,pass,1.00,Shows the /etc/default/grub file in a vi editor with GRUB_CMDLINE_LINUX line highlighted | The highlighted text 'console=tty0 console=ttyS0' matches exactly what the RST instructs to add | Corresponds to Figure 1 referenced in the RST for SUSE/CentOS/EulerOS configuration | The file path and content are consistent with the described procedure,
umn/source/faqs/login_faq/what_do_i_do_if_the_login_page_does_not_respond.rst,What Do I Do If the Login Page Does Not Respond?,en-us_image_0284616133.png,screenshot,pass,1.00,Shows the /etc/sysconfig/grub file in a vi editor with GRUB_CMDLINE_LINUX line highlighted | The highlighted text 'console=tty0 console=ttyS0' matches the RST instruction for Oracle/RHEL | Corresponds to Figure 2 referenced in the RST for Oracle Linux 7.3 and RHEL 7.3 | File content and structure are consistent with the described procedure,
umn/source/faqs/login_faq/what_do_i_do_if_the_login_page_does_not_respond.rst,What Do I Do If the Login Page Does Not Respond?,en-us_image_0284616134.png,screenshot,pass,1.00,"Shows the /etc/securetty file in a vi editor with ttyS0 highlighted at the bottom | The highlighted 'ttyS0' entry matches the RST instruction to add it to /etc/securetty | Corresponds to Figure 3 referenced in the RST for the optional security configuration step | File content shows standard securetty entries (vc/2-11, tty1-11) with ttyS0 appended",
umn/source/faqs/login_faq/what_do_i_do_if_the_numeric_keypad_does_not_work_during_remote_login.rst,What Do I Do If the Numeric Keypad Does Not Work During Remote Login?,en-us_image_0243377357.png,screenshot,pass,1.00,"Image shows a terminal login screen with a red box highlighting garbled characters at the login prompt, matching the described symptom of numbers not displaying properly. | The 'Authorized users only' banner and login prompt are consistent with a remote login page. | Directly corresponds to the Symptom section and the |image1| reference.",No additional context beyond the terminal text is visible.
umn/source/faqs/login_faq/what_do_i_do_if_the_numeric_keypad_does_not_work_during_remote_login.rst,What Do I Do If the Numeric Keypad Does Not Work During Remote Login?,en-us_image_0243377633.png,screenshot,pass,1.00,"Image shows the 'setleds -F' command output with 'Current flags: NumLock off CapsLock off ScrollLock off', matching the solution step 1. | The NumLock off state aligns with the rst statement that NumLock is off indicating the keypad is turned off. | Directly corresponds to the |image2| reference in the Solution section.",No additional context beyond the terminal text is visible.
umn/source/faqs/network_and_security_faq/how_can_i_configure_a_static_ip_address_for_a_bms.rst,How Can I Configure a Static IP Address for a BMS?,en-us_image_0284616137.png,screenshot,pass,1.00,"Shows a terminal editor displaying the ifcfg-bond0 network configuration file | Highlighted lines show PERSISTENT_DHCLIENT=1, IPADDR, NETMASK, and GATEWAY fields exactly as described in the RST | Matches Figure 1 caption 'Modifying the network configuration file' | IP address 192.168.20.238 and gateway 192.168.20.1 are consistent with other images in the document",
umn/source/faqs/network_and_security_faq/how_can_i_configure_a_static_ip_address_for_a_bms.rst,How Can I Configure a Static IP Address for a BMS?,en-us_image_0284616135.png,screenshot,pass,1.00,"Shows terminal output of the 'ifconfig bond0' command as referenced in step 1 of the RST | Displays IP address 192.168.20.238, netmask 255.255.255.0, and broadcast address | The highlighted IP address matches the IPADDR value shown in Figure 1 | Consistent with the BMS network configuration described in the document",
umn/source/faqs/network_and_security_faq/how_can_i_configure_a_static_ip_address_for_a_bms.rst,How Can I Configure a Static IP Address for a BMS?,en-us_image_0284616136.png,screenshot,pass,1.00,Shows terminal output of the 'ip ro' command as referenced in step 1 of the RST | Displays the default gateway 192.168.20.1 via bond0 | The gateway address matches the GATEWAY value shown in Figure 1 | Consistent with the BMS network configuration described in the document,
umn/source/faqs/network_and_security_faq/how_do_i_configure_the_dns_server.rst,How Do I Configure the DNS Server?,en-us_image_0177079630.png,screenshot,pass,1.00,"Image shows the Network and Sharing Center in Windows Control Panel, matching Figure 1 in the RST. | Ethernet 3 is highlighted in a red box under Connections, exactly as described in step 3 of the Windows section. | The layout matches Windows Server 2012 R2 Control Panel as referenced in the document.",
umn/source/faqs/network_and_security_faq/how_do_i_configure_the_dns_server.rst,How Do I Configure the DNS Server?,en-us_image_0177079750.png,screenshot,pass,1.00,"Image shows the Ethernet 3 Status dialog box with General tab, matching Figure 2 in the RST. | The Properties button is highlighted in a red box, consistent with the instruction to click Properties. | Connection details (IPv4 Connectivity: Internet, Speed: 10.0 Gbps) are visible and consistent with a BMS network adapter.",
umn/source/faqs/network_and_security_faq/how_do_i_configure_the_dns_server.rst,How Do I Configure the DNS Server?,en-us_image_0177080622.png,screenshot,pass,1.00,"Image shows the Ethernet 3 Properties dialog with Networking tab, matching Figure 3 in the RST. | Internet Protocol Version 4 (TCP/IPv4) is highlighted in a red box, matching the instruction to select it. | The Properties button is also highlighted in a red box, consistent with the next step.",
umn/source/faqs/network_and_security_faq/how_do_i_configure_the_dns_server.rst,How Do I Configure the DNS Server?,en-us_image_0177079125.png,screenshot,pass,1.00,"Image shows the Internet Protocol Version 4 (TCP/IPv4) Properties dialog, matching Figure 4 in the RST. | The 'Use the following DNS server addresses:' option is selected, as described in the document. | Preferred DNS server and Alternate DNS server fields are visible within a red box, matching the configuration step.",The DNS server IP address 100.125.4.25 mentioned in the RST is not filled in the fields shown in the image.
umn/source/faqs/network_and_security_faq/how_do_i_configure_the_dns_server.rst,How Do I Configure the DNS Server?,en-us_image_0177077692.png,icon,pass,1.00,"Image is the Windows Start button icon (four-pane window logo), used as |image1| in the RST. | The RST instructs to 'Click |image1| in the lower left corner to start Control Panel,' which matches this icon. | The icon is a small symbolic graphic representing the Windows Start button.",
umn/source/faqs/network_and_security_faq/how_do_i_configure_the_dns_server.rst,How Do I Configure the DNS Server?,en-us_image_0177081710.png,icon,pass,1.00,"Image is the Windows Start button icon (four-pane window logo), used as |image2| in the RST. | The RST instructs to 'click |image2|, select Windows PowerShell, and enter the ipconfig /all command,' which matches this icon. | The icon is identical to |image1|, both representing the Windows Start button.",
umn/source/faqs/network_and_security_faq/what_do_i_do_if_the_communication_between_the_primary_nic_and_extension_nic_of_the_bms_is_abnormal.rst,What Do I Do If the Communication Between the Primary NIC and Extension NIC of the BMS is Abnormal?,en-us_image_0152285184.png,screenshot,pass,1.00,"The image is a terminal screenshot of the `ip link` command output, showing network interfaces. | It displays bond0 with 172.22.9.7 and bond0.3935 with 172.22.9.206, both on the 172.22.9.0/24 segment, matching the document's primary NIC and extension NIC example. | The bond0.3935 interface name matches the extension NIC device used in the solution's routing commands. | The content aligns with the Figure 1 caption 'Network segment of the NICs' in the Cause section.",The image is plain terminal text rather than a topology diagram of the network segment. | The BMS gateway address 172.22.9.1 is not visible in the image.
umn/source/faqs/network_and_security_faq/what_do_i_do_if_the_network_performance_is_poor_when_128_ethernet_network_devices_are_bound_to_a_bms.rst,What Do I Do If the Network Performance Is Poor When 128 Ethernet Network Devices Are Bound to a BMS?,en-us_image_0236880110.png,screenshot,pass,1.00,"Image is a terminal/editor screenshot showing the /etc/sysconfig/irqbalance file content. | The highlighted line shows IRQBALANCE_ARGS with --hintpolicy=subset, matching the RST statement that the original setting is --hintpolicy=subset. | Directly supports Procedure step 3 of the document. | No contradiction with the surrounding text.","No additional context beyond the config line is shown, but this is sufficient for the described step."
umn/source/faqs/network_and_security_faq/what_do_i_do_if_the_network_performance_is_poor_when_128_ethernet_network_devices_are_bound_to_a_bms.rst,What Do I Do If the Network Performance Is Poor When 128 Ethernet Network Devices Are Bound to a BMS?,en-us_image_0236885177.png,screenshot,pass,1.00,"Image is a terminal/editor screenshot of the same /etc/sysconfig/irqbalance file. | The highlighted line shows IRQBALANCE_ARGS with --hintpolicy=ignore, matching the RST instruction to change the setting to --hintpolicy-ignore. | Directly supports Procedure step 3 of the document. | No contradiction with the surrounding text.","No additional context beyond the config line is shown, but this is sufficient for the described step."
umn/source/faqs/os_faq/how_can_i_activate_a_windows_bms.rst,How Can I Activate a Windows BMS?,en-us_image_0284616151.png,icon,pass,1.00,"The image is the Windows four-pane logo, i.e., the Start button icon. | The RST step 2 instructs to click this icon in the lower left corner to open Windows PowerShell, which matches the icon shown. | The icon is directly relevant to the Windows BMS activation procedure described in the document. | No contradiction between the image and the surrounding text.",The image is an isolated icon and does not show the surrounding taskbar or lower-left corner context.
umn/source/faqs/os_faq/how_can_i_handle_the_eight-hour_difference_between_the_windows_bms_and_local_time.rst,How Can I Handle the Eight-Hour Difference Between the Windows BMS and Local Time,en-us_image_0284616150.png,screenshot,pass,1.00,"Image shows the 'Edit DWORD (32-bit) Value' dialog with Value name 'RealTimeIsUniversal' and Value data '1', exactly matching step 4 of the RST | The dialog title and fields align precisely with the registry modification described in the document | Figure 1 caption 'Adding a code' matches the RST figure reference",
umn/source/faqs/os_faq/how_can_i_handle_the_eight-hour_difference_between_the_windows_bms_and_local_time.rst,How Can I Handle the Eight-Hour Difference Between the Windows BMS and Local Time,en-us_image_0284616149.png,icon,pass,1.00,"Image shows the Windows Start button (four-pane window icon on blue background), matching the |image1| reference in step 2 | The RST instructs to 'Click |image1| in the lower left corner, choose Windows PowerShell', and this icon represents the Windows Start button | The icon is a small symbolic graphic consistent with the Windows 10/11 Start button appearance",
umn/source/faqs/os_faq/how_do_i_change_the_sid_of_a_windows_server_2012_bms.rst,How Do I Change the SID of a Windows Server 2012 BMS?,en-us_image_0165312996.png,screenshot,pass,1.00,Shows a PowerShell terminal with 'whoami /user' output displaying User Name and SID columns | The SID S-1-5-21-287469276-4015456986-3235239863-500 matches the example SID in the RST document | Directly corresponds to Figure 1 'Querying the original SID' in step 2 of the procedure | The administrator account name is partially obscured but the SID is clearly visible,
umn/source/faqs/os_faq/how_do_i_change_the_sid_of_a_windows_server_2012_bms.rst,How Do I Change the SID of a Windows Server 2012 BMS?,en-us_image_0143437269.png,screenshot,pass,1.00,Shows a text editor displaying Cloudbase-Init configuration file content | The highlighted line contains 'cloudbaseinit.plugins.common.sethostname.SetHostNamePlugin' which matches the RST instruction to delete this entry | Directly corresponds to Figure 2 'Modifying the configuration file' in step 3c | The file path references Cloudbase Solutions\Cloudbase-Init directories consistent with the RST,The full file content is not visible; only a portion of the configuration file is shown
umn/source/faqs/os_faq/how_do_i_change_the_sid_of_a_windows_server_2012_bms.rst,How Do I Change the SID of a Windows Server 2012 BMS?,en-us_image_0165324194.png,screenshot,pass,1.00,Shows the 'System Preparation Tool 3.14' dialog box as described in the RST | System Cleanup Action is set to 'Enter System Out-of-Box Experience (OOBE)' with Generalize checked | Shutdown Options is set to 'Reboot' | Directly corresponds to Figure 3 'System Preparation Tool settings' in step 5 | Contains OK and Cancel buttons for user interaction,
umn/source/faqs/os_faq/how_do_i_change_the_sid_of_a_windows_server_2012_bms.rst,How Do I Change the SID of a Windows Server 2012 BMS?,en-us_image_0165334109.png,screenshot,pass,1.00,"Shows a PowerShell terminal with the new SID after the change procedure | The SID S-1-5-21-3812874840-1741028955-636704118-500 is different from the original, confirming the SID was changed | The computer name 'win-ck7r02vrh0' indicates a new/changed machine identity | Directly corresponds to Figure 4 'Querying the new SID' in step 7",
umn/source/faqs/os_faq/how_do_i_change_the_sid_of_a_windows_server_2012_bms.rst,How Do I Change the SID of a Windows Server 2012 BMS?,en-us_image_0165313006.png,icon,pass,1.00,"Shows the Windows Start button (four-pane Windows logo) on a light blue background | Used as |image1| in step 2: 'Click |image1| in the lower left corner, choose Windows PowerShell' | The icon correctly represents the Windows Start button that users click to access PowerShell | It is a small symbolic graphic (pictogram) of the Windows logo",
umn/source/faqs/os_faq/how_do_i_configure_the_static_host_name_of_a_bms.rst,How Do I Configure the Static Host Name of a BMS?,en-us_image_0284616146.png,icon,pass,1.00,"The image shows a pencil/edit icon, which is the standard symbol for editing a field. | The RST references this icon in step 3 as the button to click next to 'Name' to enter a new name. | The icon is consistent with the context of modifying the BMS name in the management console. | No contradictions between the image and the document text.","The icon is small and low-resolution, making fine details hard to discern, but the pencil shape is clear."
umn/source/faqs/os_faq/how_do_i_configure_the_static_host_name_of_a_bms.rst,How Do I Configure the Static Host Name of a BMS?,en-us_image_0284616147.png,icon,pass,1.00,"The image shows a green/teal checkmark, a standard symbol for confirming or saving a change. | The RST references this icon in step 3 as the button to click to save the name change. | The checkmark is semantically appropriate for a save/confirm action in a management console. | No contradictions between the image and the document text.","The icon is small and low-resolution, but the checkmark shape is clearly identifiable."
umn/source/faqs/os_faq/how_do_i_configure_the_static_host_name_of_a_bms.rst,How Do I Configure the Static Host Name of a BMS?,en-us_image_0000001562346554.png,screenshot,pass,1.00,"The image shows terminal output of the bms-network-config.conf file, which is exactly what the RST instructs the user to display with the cat command. | The line 'auto_synchronize_hostname = True' is highlighted with a red box, confirming that automatic synchronization is enabled as described in the RST. | The file also shows 'enable_preserve_hostname = False' highlighted, which is relevant to the manual update section of the document. | The screenshot is in the correct section (step 4 of Automatically Updating the Host Name) and matches the expected output. | No contradictions between the image content and the document instructions.","The full file path is not visible in the terminal output, but the content matches the expected bms-network-config.conf structure."
umn/source/faqs/os_faq/how_do_i_increase_the_swap_partition_size.rst,How Do I Increase the Swap Partition Size?,en-us_image_0284616164.png,screenshot,pass,1.00,"Terminal screenshot of the lsblk command showing disk and partition layout. | The rhel-swap entry shows 3G with the [SWAP] label highlighted in a red box, matching the text 'The size of the swap partition is 3 GB'. | Directly corresponds to Procedure step 2 (run lsblk to check swap size). | No contradiction between the image content and the surrounding RST text.",
umn/source/faqs/os_faq/how_do_i_increase_the_swap_partition_size.rst,How Do I Increase the Swap Partition Size?,en-us_image_0284616165.png,screenshot,pass,0.88,"Terminal screenshot showing memory/swap usage with the Swap value 8265716 (≈8 GB) highlighted in a red box. | The swap size of about 8 GB matches the text 'The size of the swap partition is 8 GB'. | Corresponds to Procedure step 4 (verify expanded swap size). | The RST states to run the lsblk command, but the image actually shows the free command output, a minor mismatch in the depicted command.",The image does not show the lsblk command output that the RST text references for this step.
umn/source/faqs/os_faq/how_do_i_reserve_log_space_if_the_root_partition_automatically_expands_disks.rst,How Do I Reserve Log Space If the Root Partition Automatically Expands Disks?,en-us_image_0284616152.png,screenshot,pass,1.00,"Terminal screenshot of lsblk output matching step 1. | Shows sda3 root partition occupying most of the 837.3G disk, consistent with the scenario. | No interactive UI controls present.",
umn/source/faqs/os_faq/how_do_i_reserve_log_space_if_the_root_partition_automatically_expands_disks.rst,How Do I Reserve Log Space If the Root Partition Automatically Expands Disks?,en-us_image_0284616153.png,screenshot,pass,1.00,Shows mkdir log command and ll listing with log/ directory highlighted. | Matches step 2 of creating a directory for logs. | No interactive UI controls present.,
umn/source/faqs/os_faq/how_do_i_reserve_log_space_if_the_root_partition_automatically_expands_disks.rst,How Do I Reserve Log Space If the Root Partition Automatically Expands Disks?,en-us_image_0284616154.png,screenshot,pass,1.00,Shows dd command creating disk.img of 210 GB and df -h output. | Matches step 3 of creating a 200 GB image file. | No interactive UI controls present.,
umn/source/faqs/os_faq/how_do_i_reserve_log_space_if_the_root_partition_automatically_expands_disks.rst,How Do I Reserve Log Space If the Root Partition Automatically Expands Disks?,en-us_image_0284616155.png,screenshot,pass,1.00,Shows losetup and mkfs.ext4 commands with filesystem creation output. | Matches step 4 of virtualizing and formatting the image file. | No interactive UI controls present.,
umn/source/faqs/os_faq/how_do_i_reserve_log_space_if_the_root_partition_automatically_expands_disks.rst,How Do I Reserve Log Space If the Root Partition Automatically Expands Disks?,en-us_image_0284616156.png,screenshot,pass,1.00,Shows mount disk.img log and df -h with /dev/loop1 mounted on /root/log. | Matches step 5 of mounting the image file to the log directory. | No interactive UI controls present.,
umn/source/faqs/os_faq/how_do_i_reserve_log_space_if_the_root_partition_automatically_expands_disks.rst,How Do I Reserve Log Space If the Root Partition Automatically Expands Disks?,en-us_image_0284616157.png,screenshot,pass,1.00,"Shows cd log/, vim test, and cat test displaying helloworld!. | Matches step 6 of creating a file in the log directory. | No interactive UI controls present.",
umn/source/faqs/os_faq/how_do_i_reserve_log_space_if_the_root_partition_automatically_expands_disks.rst,How Do I Reserve Log Space If the Root Partition Automatically Expands Disks?,en-us_image_0284616158.png,screenshot,pass,1.00,Shows /etc/rc.local content with mount /root/disk.img /root/log and exit 0. | Matches step 7 of adding the mount command to /etc/rc.local. | No interactive UI controls present.,
umn/source/faqs/os_faq/how_do_i_reserve_log_space_if_the_root_partition_automatically_expands_disks.rst,How Do I Reserve Log Space If the Root Partition Automatically Expands Disks?,en-us_image_0284616159.png,screenshot,pass,1.00,Shows reboot message and connection closed by remote host. | Matches step 8 of restarting the OS. | No interactive UI controls present.,
umn/source/faqs/os_faq/how_do_i_reserve_log_space_if_the_root_partition_automatically_expands_disks.rst,How Do I Reserve Log Space If the Root Partition Automatically Expands Disks?,en-us_image_0284616161.png,screenshot,pass,1.00,Shows lsblk with loop0 mounted on /root/log and cat /root/log/test showing helloworld!. | Matches step 9 confirming the image file is mounted after reboot. | No interactive UI controls present.,
umn/source/faqs/os_faq/how_do_i_roll_back_the_kernel_version_if_i_mistakenly_upgrade_the_kernel.rst,How Do I Roll Back the Kernel Version If I Mistakenly Upgrade the Kernel?,en-us_image_0284616162.png,screenshot,pass,1.00,Terminal screenshot showing grub.cfg menuentry output with kernel versions 3.10.0-327.el7.x86_64 and 3.10.0-862.3.2.el7.x86_64 visible | Matches the RST description that 3.10.0-327 is the default and 3.10.0-862.3.2 is the upgraded kernel | Red highlight boxes draw attention to the relevant kernel entries | Directly corresponds to step 3 of the Upgrade Scenario section,
umn/source/faqs/os_faq/how_do_i_roll_back_the_kernel_version_if_i_mistakenly_upgrade_the_kernel.rst,How Do I Roll Back the Kernel Version If I Mistakenly Upgrade the Kernel?,en-us_image_0284616163.png,screenshot,pass,1.00,"GRUB boot menu screenshot showing three CentOS Linux entries including 3.10.0-862.3.2 and 3.10.0-327 kernels | The 3.10.0-327.el7.x86_64 entry is highlighted/selected, indicating the user is choosing the default kernel to boot | Matches the RST instruction to restart the OS from the default kernel after setting it with grub2-set-default | Directly corresponds to step 2 of the Emergency Settings After Kernel Upgrade section",
umn/source/faqs/os_faq/how_do_i_set_the_password_validity_period.rst,How Do I Set the Password Validity Period?,en-us_image_0284616148.png,screenshot,pass,1.00,"Image is a terminal screenshot showing 'Password aging controls' with PASS_MAX_DAYS, PASS_MIN_DAYS, PASS_MIN_LEN, PASS_WARN_AGE, matching the RST topic of password validity period. | The highlighted value 99999 for PASS_MAX_DAYS matches the RST command 'chage -M 99999 user_name' and the verification step. | The figure is referenced in step 3 as 'Configuration verification', and the image shows the verified /etc/login.defs content. | No interactive buttons or controls are visible; it is plain terminal text output.","The image does not show the file path /etc/login.defs explicitly, only the parameter block, but this is consistent with the RST context."
umn/source/getting_started/purchasing_and_logging_in_to_a_linux_bms/quick_start.rst,Quick Start,en-us_image_0177716800.png,other,fail,0.00,Local color check detected #3298ff.,
umn/source/getting_started/purchasing_and_logging_in_to_a_linux_bms/step_2_log_in_to_the_bms.rst,Step 2: Log In to the BMS,en-us_image_0080956622.png,screenshot,pass,1.00,"Image shows the PuTTY Configuration window, which is exactly what Figure 1 in the RST describes | The left panel shows Session, Terminal, Window, and Connection categories matching the steps described (Connection > Data, Connection > SSH > Auth) | The right panel shows Host Name (or IP address) field, Port 22, and Connection type with SSH selected, matching step 4.j | The image is referenced in step 4.g: 'Double-click PUTTY.EXE. The PuTTY Configuration page is displayed.' | All UI elements visible in the screenshot align with the procedure described in the RST",
umn/source/getting_started/purchasing_and_logging_in_to_a_linux_bms/step_2_log_in_to_the_bms.rst,Step 2: Log In to the BMS,en-us_image_0149174576.png,icon,pass,0.88,"The image is a location pin icon, consistent with a region selector button in the Cloud Server Console | The RST references this as |image1| in step 3: 'In the upper left corner, click |image1| and select a region' | A location/region pin icon is semantically appropriate for selecting a region in a cloud console | The icon is small and generic, providing limited visual detail beyond its basic shape","The icon is very small and lacks surrounding UI context (no visible button border, label, or console interface) | Cannot confirm the exact visual appearance of the region selector in the actual Cloud Server Console from this isolated icon alone"
umn/source/getting_started/purchasing_and_logging_in_to_a_linux_bms/step_3_deploy_an_application.rst,Step 3: Deploy an Application,en-us_image_0177728508.png,screenshot,pass,1.00,Terminal screenshot showing 'Installed: nginx.x86_64 1:1.12.2-3.el7' and a 'Dependency Installed' package list ending with 'Complete!'. | Directly matches the RST statement that this figure indicates Nginx was installed successfully via yum. | Located in the 'Install and Start Nginx' section immediately after the yum install nginx instruction. | No interactive controls or buttons are visible; it is a plain command-line output.,"No prompt or hostname visible, but this is not required by the RST."
umn/source/getting_started/purchasing_and_logging_in_to_a_linux_bms/step_3_deploy_an_application.rst,Step 3: Deploy an Application,en-us_image_0177729189.png,screenshot,pass,1.00,"Terminal screenshot showing 'wget http://127.0.0.1' connecting, 'HTTP request sent, awaiting response... 200 OK', and saving 'index.html' at 100%. | Matches the RST instruction to run wget http://127.0.0.1 to test Nginx. | Placed in the 'Install and Start Nginx' section right after the wget test step. | No interactive controls or buttons are visible; it is plain command-line output.","The saved index.html content is not shown, but the RST only requires the wget test output."
umn/source/getting_started/purchasing_and_logging_in_to_a_linux_bms/step_4_release_the_bms.rst,Step 4: Release the BMS,en-us_image_0192798869.png,icon,pass,0.90,"The image is a small gray location-pin / map-marker symbol, matching the RST reference in step 3 where the user clicks the icon to select a region. | It is an isolated UI symbol (icon), not a full screenshot or page interface. | The icon's meaning (region selector) aligns with the procedure text 'click |image1| and select a region'. | No contradiction between the image and the surrounding RST content.","The image is a generic location pin; it does not show the surrounding console UI or the region selection menu, so the exact control context is not visible. | No label or text accompanies the icon in the image itself."
umn/source/image/creating_a_private_image_from_an_external_image_file.rst,Creating a Private Image from an External Image File,en-us_image_0260591452.png,other,pass,1.00,"The image is a three-step flow diagram matching Figure 1's caption 'Creating a private image from an external image file'. | Step 1 'Prepare an image file', Step 2 'Upload the image file to the OBS bucket', and Step 3 'Register the image file as a private image' align with the procedure steps listed in the RST. | The diagram is referenced in the Scenarios section as the visual for the overall procedure. | Labels and icons (user, folder with disc, OBS bucket, disc) are clearly legible and consistent with the described workflow.",No additional detail beyond the high-level three-step flow; specific console screens are not shown (covered in later sections).
umn/source/image/private_image_overview.rst,Private Image Overview,en-us_image_0177240840.png,other,pass,1.00,"The diagram directly illustrates the use of private images as described in the Private Image Overview section. | It shows creating an image from a BMS or an external image file, matching the two creation methods listed in the RST. | It depicts using the image to create a BMS, sharing it cross-account to another tenant, and deleting it, consistent with the text. | Labels (Account A, Account B, Region, Image A) and arrows provide clear visual evidence of the workflow.","No interactive UI controls are present, as expected for a conceptual diagram."
umn/source/instance/logging_in_to_a_linux_bms/logging_in_to_a_bms_using_an_ssh_key_pair.rst,Logging In to a BMS Using an SSH Key Pair,en-us_image_0080956622.png,screenshot,pass,1.00,"The image shows the PuTTY Configuration window, which matches Figure 1 referenced in step 7 of the PuTTY login method. | The visible interface (Session category, Host Name field, Port 22, SSH connection type, Saved Sessions, Open/Cancel buttons) aligns with the RST description of the PuTTY Configuration page. | The image is placed in the 'Logging In to the Linux BMS from a Windows PC' section under Method 1 (PuTTY), so it is topically and sectionally relevant. | No visible element contradicts the surrounding RST text.","The image does not show the later steps (Connection > Data, Connection > SSH > Auth, entering the EIP), but those are described in subsequent steps and not required for this figure."
umn/source/instance/logging_in_to_a_linux_bms/remotely_logging_in_to_a_bms.rst,Remotely Logging In to a BMS,en-us_image_0149836859.png,screenshot,pass,1.00,"Image is a terminal screenshot showing the `passwd` command run as root, matching Figure 1 caption 'Setting a password for user root'. | Visible output 'Changing password for user root.', 'New password:', 'Retype new password:', and 'passwd: all authentication tokens updated successfully.' aligns with the prerequisite step of setting a password for user root. | The image is placed in the Prerequisites section where the RST instructs to run the `passwd` command after switching to root. | No interactive buttons or controls are visible; only command-line text is shown.","The image does not show the preceding `su`/switch-to-root step, only the passwd interaction. | No window chrome or application title is visible, so the surrounding console context is not shown."
umn/source/instance/managing_bmss/changing_the_name_of_a_bms.rst,Changing the Name of a BMS,en-us_image_0259262516.png,icon,pass,1.00,"Pencil/edit icon matches the RST reference |image1| in step 4: 'Click |image1| next to Name' | The icon semantically represents an edit action, consistent with changing a BMS name | Small isolated symbolic graphic, correctly classified as an icon",No surrounding UI context visible; only the isolated pencil icon is shown
umn/source/instance/managing_bmss/changing_the_name_of_a_bms.rst,Changing the Name of a BMS,en-us_image_0176591271.png,icon,pass,1.00,"Checkmark icon matches the RST reference |image2| in step 4: 'click |image2| to save the change' | The checkmark semantically represents a confirm/save action, consistent with saving a name change | Small isolated symbolic graphic, correctly classified as an icon",No surrounding UI context visible; only the isolated checkmark icon is shown
umn/source/instance/managing_bmss/changing_the_name_of_a_bms.rst,Changing the Name of a BMS,en-us_image_0000001562180958.png,screenshot,pass,1.00,"Terminal screenshot shows the bms-network-config.conf file content as referenced in step 5 of the RST | The line 'auto_synchronize_hostname = True' is highlighted, matching the RST instruction to verify automatic synchronization is enabled | The [METADATA] section and surrounding config entries (enable_preserve_hostname, enable_ib, enable_roce) are consistent with a BMS network configuration file | No contradictions between the image content and the RST description",The full file path is not visible in the terminal output | No prompt or command line is visible above the output
umn/source/instance/managing_bmss/rebuilding_a_bms.rst,Rebuilding a BMS,en-us_image_0143392043.png,screenshot,pass,1.00,"The image is a terminal/console screenshot showing the contents of a configuration file, matching the RST step that checks the value of enable_ib in bms-network-config.conf. | The highlighted line 'enable_ib = False' directly corresponds to the RST instruction to change enable_ib to False and verify it. | The figure caption 'Checking the value of enable_ib' aligns with the displayed output. | The content sits within the Procedure section (step 1.c) of the Rebuilding a BMS topic, so it is topically and sectionally relevant.","The image does not show the cat command itself, only the resulting file content. | No interactive UI controls are present, only static text output."
umn/source/instance/user_data_and_metadata/injecting_user_data.rst,Injecting User Data,en-us_image_0158637172.png,screenshot,pass,1.00,"Image shows the BMS creation UI with Advanced Settings and User Data sections | Matches Figure 1 caption 'Injecting user data' in the Procedure section | Displays 'Configure now' selected, 'As text' selected, and a text box with 0/32,768 character counter | All UI elements align with the RST description of setting Advanced Settings to Configure now and pasting user data",
umn/source/instance/user_data_and_metadata/injecting_user_data.rst,Injecting User Data,en-us_image_0158665921.png,screenshot,pass,1.00,Shows terminal output of /etc/hosts file content | Contains the line '192.168.1.130 us.archive.ubuntu.com' matching the Cloud-Config example in the RST | Matches Figure 2 caption 'Viewing the execution result' | Demonstrates the expected result after running the Cloud-Config data script,
umn/source/instance/user_data_and_metadata/injecting_user_data.rst,Injecting User Data,en-us_image_0158694649.png,screenshot,pass,1.00,"Shows Windows file explorer at Local Disk (C:) with file '1111' visible | Notepad window displays '1111 - Notepad' with content 'Hello, BAT Test' | Matches Figure 3 caption 'Text file 1111.txt' | Corresponds to the batch-processing script example that creates C:\1111.txt",
umn/source/instance/user_data_and_metadata/injecting_user_data.rst,Injecting User Data,en-us_image_0158694650.png,screenshot,pass,1.00,"Shows browser with URL http://169.254.169.254/openstack/latest/user_data | Displays the injected user data: 'rem cmd' and 'echo ""Hello, BAT Test"" > C:\1111.txt' | Matches Figure 4 caption 'Viewing user data in 1111.txt' | Demonstrates how to view injected user data via the metadata endpoint",
umn/source/instance/user_data_and_metadata/injecting_user_data.rst,Injecting User Data,en-us_image_0158694651.png,screenshot,pass,1.00,"Shows Windows file explorer at Local Disk (C:) with file 'aaaa' visible | Notepad window displays 'aaaa - Notepad' with content 'Hello, Powershell Test' | Matches Figure 5 caption 'Text file aaaa.txt' | Corresponds to the PowerShell script example that creates C:\aaaa.txt",
umn/source/instance/user_data_and_metadata/injecting_user_data.rst,Injecting User Data,en-us_image_0158694652.jpg,screenshot,pass,1.00,"Shows browser with URL http://169.254.169.254/openstack/latest/user_data | Displays the injected user data: '#ps1' and 'echo ""Hello, Powershell Test"" > C:\aaaa.txt' | Matches Figure 6 caption 'Viewing user data in aaaa.txt' | Demonstrates how to view injected PowerShell user data via the metadata endpoint",
umn/source/instance/user_data_and_metadata/retrieving_metadata.rst,Retrieving Metadata,en-us_image_0166931790.png,screenshot,pass,1.00,"The image is a terminal screenshot showing a curl command to the OpenStack user_data metadata endpoint (http://169.254.169.254/openstack/latest/user_data). | The output displays a 404 Not Found HTML response, which directly matches the RST note stating 'If user data is not injected during BMS creation, the query result is 404.' | The image is labeled as 'Figure 1 404 Not Found' in the RST, and the visual content confirms this label. | The curl command in the image matches exactly the example command provided in the RST for the User Data (OpenStack Metadata API) section. | The HTML structure of the 404 response (title, h1, body text) is clearly visible and legible in the screenshot.",No significant missing evidence; the image fully supports the RST description of the 404 response for the user_data endpoint.
umn/source/instance/viewing_bms_information/viewing_bms_creation_statuses.rst,Viewing BMS Creation Statuses,en-us_image_0166733479.png,screenshot,pass,1.00,"The image is a console UI screenshot showing the BMS list with Start, Stop, Restart, Delete buttons and a 'Task Status:' area displaying a spinner and the number 1, matching the RST description of the Task Status area to the right of common operations. | The table columns (Name/ID, Status, Flavor, Image) and a running BMS row are consistent with the BMS application status context described in Figure 1. | The visible 'Task Status: 1' element corresponds to the RST instruction to click the number in the Task Status area to view processing details. | No visible element contradicts the RST content; the processing spinner aligns with the 'Processing' status described.","The image does not show the expanded task detail view (Processing/Failed sub-tasks and error codes) described in step 4 of the RST. | The specific sub-task breakdown (creating BMS resource, binding EIP, attaching EVS disk) is not visible in this screenshot."
umn/source/key_pair_and_password/using_an_ssh_key_pair.rst,Using an SSH Key Pair,en-us_image_0157339711.png,screenshot,pass,1.00,"Image shows the PuTTY Key Generator window with 'No key.' displayed, matching the RST description in step 1a of 'Create a Key Pair Using PuTTYgen'. | The window title 'PuTTY Key Generator' and the menu bar (File, Key, Conversions, Help) are clearly visible. | The Actions section shows Generate, Load, Save public key, and Save private key buttons as expected. | Parameters section shows RSA selected and 1024 bits, consistent with the tool's default state before generation. | The RST explicitly references this as 'Figure 1 PuTTY Key Generator' and the image matches that caption.",
umn/source/key_pair_and_password/using_an_ssh_key_pair.rst,Using an SSH Key Pair,en-us_image_0157349141.png,screenshot,pass,1.00,"Image shows the PuTTY Key Generator after a key has been generated, with the public key displayed in a red-bordered box. | The RST states 'The public key is that shown in the red box in Figure 2' and the image clearly shows a red box around the public key content. | Key fingerprint, key comment (rsa-key-20190228), and key passphrase fields are visible, consistent with a generated key pair. | The image is referenced as 'Figure 2 Obtaining the public and private keys' in the RST, matching the content shown. | The Actions and Parameters sections remain visible below the key information, consistent with the PuTTY Key Generator layout.",
umn/source/key_pair_and_password/using_an_ssh_key_pair.rst,Using an SSH Key Pair,en-us_image_0131808494.png,screenshot,pass,1.00,"Image shows the 'Import Key Pair' dialog in the management console, matching the RST reference 'Figure 3 Import Public Key'. | The dialog includes a 'Select File' button, a 'Name' field (showing 'KeyPair-et28'), and a 'Public Key Content' text area, all mentioned in the RST. | The RST describes two methods: selecting a file or copying public key content, both reflected in the dialog layout. | OK and Cancel buttons are present at the bottom, consistent with the RST instruction to 'Click OK'. | The dialog notes mention 'Only RSA keys are supported' and a 1024-character limit, providing additional context consistent with the key pair workflow.",
umn/source/network/high-speed_network/overview.rst,Overview,en-us_image_0171648788.png,screenshot,pass,1.00,"Terminal screenshot of ifconfig output showing bond0, bond0.2617, bond0.2618, bond0.3441, eth0, eth1, lo interfaces. | bond0.2617 shows IP 192.168.5.58 and bond0.2618 shows IP 10.34.247.26, matching the RST's stated high-speed NIC private IPs. | Directly supports the 'View High-Speed NICs' section describing how to identify high-speed NIC configuration files via ifconfig. | No interactive UI controls visible; plain command-line output.",No console UI shown; only OS-level ifconfig output is visible.
umn/source/network/high-speed_network/overview.rst,Overview,en-us_image_0171648747.png,screenshot,pass,1.00,"Terminal screenshot showing cat of ifcfg-bond0.2617 and ifcfg-bond0.2618 configuration files. | Displays IPADDR=192.168.5.58 and IPADDR=10.34.247.26, consistent with the high-speed NIC IPs described in the RST. | Matches the RST statement that the figures show NIC and bond configuration information. | No interactive UI controls visible; plain command-line output.",No console UI shown; only OS-level file contents are visible.
umn/source/network/user-defined_vlan/configuring_a_user-defined_vlan_red_hat_centos_oracle_linux_and_euleros.rst,"Configuring a User-defined VLAN (Red Hat, CentOS, Oracle Linux, and EulerOS)",en-us_image_0143411527.png,screenshot,pass,1.00,"Terminal screenshot showing 'ip link' command output, matching step 2 of the RST. | Displays network interfaces (lo, eth1, eth3, eth4, eth5, bond0) with MAC addresses and states consistent with the VLAN configuration context. | The RST states 'Information similar to the following is displayed', and the output aligns with the described NIC layout. | eth3 and eth5 are shown as DOWN with MTU 1500, consistent with pre-configuration state before user-defined VLAN setup.","eth0 is not visible in the screenshot output, though the RST mentions it bears the VPC; it may be scrolled out of view."
umn/source/network/user-defined_vlan/configuring_a_user-defined_vlan_red_hat_centos_oracle_linux_and_euleros.rst,"Configuring a User-defined VLAN (Red Hat, CentOS, Oracle Linux, and EulerOS)",en-us_image_0143411543.png,screenshot,pass,1.00,"Screenshot of a vim editor session showing the 80-persistent-net.rules file content. | Displays SUBSYSTEM==""net"" rules with MAC addresses mapped to eth0, eth1, eth3, and eth5, matching step 5 of the RST. | MAC addresses are in lowercase as the RST note requires. | The format and structure align with the described modification of udev rules for NIC naming persistence.",The full file content is not visible; only the last few lines are shown in the editor.
umn/source/network/user-defined_vlan/configuring_a_user-defined_vlan_red_hat_centos_oracle_linux_and_euleros.rst,"Configuring a User-defined VLAN (Red Hat, CentOS, Oracle Linux, and EulerOS)",en-us_image_0143411661.png,screenshot,pass,1.00,"Terminal screenshot showing tcpdump on bond1 and a successful ping to 10.10.10.3, matching step 11 of the RST. | The IP addresses 10.10.10.3 and 10.10.10.4 match the example IP (10.10.10.3) given in the RST for bond1. | ARP and ICMP traffic on bond1 confirms the user-defined VLAN is operational between BMSs. | Ping statistics show 0% packet loss, confirming successful connectivity as described in the final verification step.",No additional information missing; the screenshot fully supports the verification step.
umn/source/network/user-defined_vlan/configuring_a_user-defined_vlan_suse_linux_enterprise_server_11.rst,Configuring a User-defined VLAN (SUSE Linux Enterprise Server 11),en-us_image_0143400683.png,screenshot,pass,1.00,"Terminal screenshot showing ifup eth4, ifup eth5, and ifup bond1 commands, matching step 9 of the RST. | Output displays Intel 10-Gigabit SFI/SFP+ devices for eth4/eth5 and bond1 enslaving eth4 and eth5, consistent with the user-defined VLAN bond configuration. | No interactive UI controls present; pure CLI output.",
umn/source/network/user-defined_vlan/configuring_a_user-defined_vlan_suse_linux_enterprise_server_11.rst,Configuring a User-defined VLAN (SUSE Linux Enterprise Server 11),en-us_image_0143401140.png,screenshot,pass,1.00,"Terminal screenshot of ip link output matching step 10 of the RST. | Shows bond1 as MASTER with eth4 and eth5 as SLAVE, MTU 8888, state UP, consistent with the configured user-defined VLAN bond. | eth0/eth1 remain slaves of bond0 (VPC), matching the note in step 2.",
umn/source/network/user-defined_vlan/configuring_a_user-defined_vlan_suse_linux_enterprise_server_11.rst,Configuring a User-defined VLAN (SUSE Linux Enterprise Server 11),en-us_image_0143401110.png,screenshot,pass,1.00,"Terminal screenshot of ifconfig output matching step 10 of the RST. | bond1 shows IPADDR 10.10.10.4 with NETMASK 255.255.255.0 and MTU 8888, exactly matching the example values in the RST. | eth4 and eth5 appear as SLAVE MULTICAST with MTU 8888, consistent with the VLAN bond members.",
umn/source/network/user-defined_vlan/configuring_a_user-defined_vlan_suse_linux_enterprise_server_11.rst,Configuring a User-defined VLAN (SUSE Linux Enterprise Server 11),en-us_image_0143401191.png,screenshot,pass,1.00,"Terminal screenshot showing tcpdump on bond1 and a ping to 10.10.10.3, matching step 12 (ping other BMSs). | Ping results show 8 packets transmitted, 0% packet loss, confirming connectivity over the user-defined VLAN. | IPs 10.10.10.4 and 10.10.10.3 are in the same 10.10.10.0/24 segment as the RST example.",
umn/source/network/user-defined_vlan/configuring_a_user-defined_vlan_ubuntu.rst,Configuring a User-defined VLAN (Ubuntu),en-us_image_0143412539.png,screenshot,pass,1.00,Terminal screenshot showing ip link output after VLAN configuration | Displays bond1 interface with MAC f4:4c:7f:3f:da:07 as expected | Shows enp129s0f0 and enp129s0f1 as SLAVE of bond1 with MTU 8888 | Matches step 9 of the RST which instructs running ip link to verify bond1,
umn/source/network/user-defined_vlan/configuring_a_user-defined_vlan_ubuntu.rst,Configuring a User-defined VLAN (Ubuntu),en-us_image_0143413676.png,screenshot,pass,1.00,"Terminal screenshot showing ifconfig output for all interfaces | bond1 shows inet addr 10.10.10.3 matching the RST configuration | MTU 8888 visible on bond1, enp129s0f0, enp129s0f1 as configured | Matches step 9 of the RST which instructs running ifconfig to verify configuration",
umn/source/network/user-defined_vlan/configuring_a_user-defined_vlan_ubuntu.rst,Configuring a User-defined VLAN (Ubuntu),en-us_image_0143413678.png,screenshot,pass,1.00,Terminal screenshot showing successful ping between 10.10.10.4 and 10.10.10.3 | Includes tcpdump output showing ICMP packets on bond1 | Demonstrates connectivity over the user-defined VLAN between BMSs | Matches step 11 of the RST which instructs pinging other BMS IP addresses,
umn/source/network/user-defined_vlan/configuring_a_user-defined_vlan_windows_server.rst,Configuring a User-defined VLAN (Windows Server),en-us_image_0143418134.png,screenshot,pass,1.00,"Shows PowerShell Get-NetAdapter output listing eth0-eth3 and Team1, matching step 2. | NIC names eth0/eth1 (VPC) and eth2/eth3 (user-defined VLAN) align with the note in the RST. | 10 Gbps Intel 82599 adapters consistent with BMS NIC description.",No explicit VPC vs VLAN labeling in the output; relies on RST note.
umn/source/network/user-defined_vlan/configuring_a_user-defined_vlan_windows_server.rst,Configuring a User-defined VLAN (Windows Server),en-us_image_0143418429.png,screenshot,pass,1.00,"Shows New-NetLbfoTeam command creating port group qinq with eth2,eth3. | TeamingMode SwitchIndependent and LoadBalancingAlgorithm Dynamic match Method 1 step a. | Output confirms Name qinq, Members {eth2,eth3}.","Status shown as Degraded, not explained in RST."
umn/source/network/user-defined_vlan/configuring_a_user-defined_vlan_windows_server.rst,Configuring a User-defined VLAN (Windows Server),en-us_image_0143418996.png,screenshot,pass,1.00,"Shows Get-NetLbfoTeamMember output for Method 1 step b. | eth2 and eth3 listed under Team qinq with Active mode, matching the created port group. | Additional Team1 members shown are consistent with prior VPC teaming.",No explicit indication which entry corresponds to the new qinq team beyond the Team field.
umn/source/network/user-defined_vlan/configuring_a_user-defined_vlan_windows_server.rst,Configuring a User-defined VLAN (Windows Server),en-us_image_0143419843.png,screenshot,pass,1.00,"Shows Get-NetAdapter output after creating qinq team (Method 1 step b). | qinq adapter present with Up status, confirming team creation. | eth2/eth3 still listed as individual adapters.",Some interface descriptions truncated with ellipsis.
umn/source/network/user-defined_vlan/configuring_a_user-defined_vlan_windows_server.rst,Configuring a User-defined VLAN (Windows Server),en-us_image_0143420306.png,screenshot,pass,1.00,"Shows New-NetLbfoTeam creating Team2 with eth2,eth3 and IPAddresses load balancing. | Matches Method 2 step a command exactly. | Output confirms Name Team2, Members {eth2,eth3}, SwitchIndependent mode.","Status shown as Down, not explained in RST."
umn/source/network/user-defined_vlan/configuring_a_user-defined_vlan_windows_server.rst,Configuring a User-defined VLAN (Windows Server),en-us_image_0143419873.png,screenshot,pass,1.00,"Shows get-NetLbfoTeamMember after setting eth2 to Standby (Method 2 step b). | eth2 in Team2 has AdministrativeMode Standby, eth3 Active, matching the active/standby note. | Team1 members also shown for context.",No explicit confirmation message for the Set-NetLbfoTeamMember command itself.
umn/source/network/user-defined_vlan/configuring_a_user-defined_vlan_windows_server.rst,Configuring a User-defined VLAN (Windows Server),en-us_image_0143419878.png,screenshot,pass,1.00,"Shows Get-NetAdapter output after Method 2 configuration. | Team2 adapter present and Up, confirming the port group exists. | eth0-eth3 and Team1 also listed, consistent with prior state.",Interface descriptions truncated with ellipsis.
umn/source/network/user-defined_vlan/configuring_a_user-defined_vlan_windows_server.rst,Configuring a User-defined VLAN (Windows Server),en-us_image_0143420818.png,screenshot,pass,1.00,"Shows the Network Connections window opened via ncpa.cpl (step 4). | Lists eth0-eth3, Team1, and Team2, with Team2 highlighted for the next step. | Matches the RST instruction to double-click port group Team2.",No visible action buttons; only the connection list is shown.
umn/source/network/user-defined_vlan/configuring_a_user-defined_vlan_windows_server.rst,Configuring a User-defined VLAN (Windows Server),en-us_image_0143420905.png,screenshot,pass,1.00,Shows Internet Protocol Version 4 (TCP/IPv4) Properties dialog (step 5.d). | Use the following IP address selected with IP 10.10.10.3 and subnet 255.255.255.0. | OK and Cancel buttons visible for confirming the configuration.,"Default gateway left blank, not specified in RST."
umn/source/network/user-defined_vlan/configuring_a_user-defined_vlan_windows_server.rst,Configuring a User-defined VLAN (Windows Server),en-us_image_0143421275.png,screenshot,pass,1.00,Shows ping 10.10.10.4 with successful replies (step 6). | 0% loss and 0ms round trip confirm connectivity between BMSs over the VLAN. | Matches the RST instruction to ping other BMS IP addresses.,Only one target IP shown; RST implies pinging multiple BMSs.
umn/source/network/user-defined_vlan/configuring_a_user-defined_vlan_windows_server.rst,Configuring a User-defined VLAN (Windows Server),en-us_image_0147225511.png,screenshot,pass,1.00,"Shows Add-NetLbfoTeamNIC -Team ""Team2"" -VlanID 500 (step 7). | Output confirms Team2 - VLAN 500 sub-interface with VlanID 500. | Matches the RST command for creating a VLAN sub-interface on Team2.",RST uses placeholder XXX for VLAN ID; image shows concrete value 500.
umn/source/network/vpc/binding_a_virtual_ip_address_to_a_bms.rst,Binding a Virtual IP Address to a BMS,en-us_image_0176810855.png,other,fail,0.00,Local color check detected #3298ff.,
umn/source/network/vpc/configuring_a_nic_red_hat_centos_oracle_linux_and_euleros.rst,"Configuring a NIC (Red Hat, CentOS, Oracle Linux, and EulerOS)",en-us_image_0170933825.png,screenshot,pass,1.00,"Shows terminal output of 'blkid | grep config-2' returning a LABEL=""config-2"" entry, exactly as the RST describes for deciding between Method 1 and Method 2. | Matches the 'Add a NIC' section decision point where the figure is referenced.",
umn/source/network/vpc/configuring_a_nic_red_hat_centos_oracle_linux_and_euleros.rst,"Configuring a NIC (Red Hat, CentOS, Oracle Linux, and EulerOS)",en-us_image_0112846498.png,icon,pass,1.00,"Small downward chevron icon matching the RST instruction 'click |image2| to expand details' in the NICs tab. | Isolated UI symbol used as an expand control, consistent with icon classification.",
umn/source/network/vpc/configuring_a_nic_red_hat_centos_oracle_linux_and_euleros.rst,"Configuring a NIC (Red Hat, CentOS, Oracle Linux, and EulerOS)",en-us_image_0112853637.png,screenshot,pass,1.00,Shows 'ifup bond0.2838' command with 'Determining IP information for bond0.2838... done.' output. | Directly matches the RST example of starting bond0.2838 in Method 1 step 4.,
umn/source/network/vpc/configuring_a_nic_red_hat_centos_oracle_linux_and_euleros.rst,"Configuring a NIC (Red Hat, CentOS, Oracle Linux, and EulerOS)",en-us_image_0112915421.png,screenshot,pass,1.00,Shows 'ip link' output listing interfaces including bond0.2838 in UP state. | Matches the RST step to check the status of the NIC device in Method 1.,
umn/source/network/vpc/configuring_a_nic_red_hat_centos_oracle_linux_and_euleros.rst,"Configuring a NIC (Red Hat, CentOS, Oracle Linux, and EulerOS)",en-us_image_0112915510.png,screenshot,pass,1.00,"Shows 'ping 192.168.1.1 -I bond0.2838' with successful ICMP replies, confirming connectivity. | Matches the RST step to ping the gateway from the new network device in Method 1.",
umn/source/network/vpc/configuring_a_nic_red_hat_centos_oracle_linux_and_euleros.rst,"Configuring a NIC (Red Hat, CentOS, Oracle Linux, and EulerOS)",en-us_image_0170933824.png,icon,pass,1.00,"Downward chevron icon matching the RST instruction 'click |image6| to expand details' in Method 2 NIC info table. | Isolated UI expand symbol, consistent with icon classification.",
umn/source/network/vpc/configuring_a_nic_red_hat_centos_oracle_linux_and_euleros.rst,"Configuring a NIC (Red Hat, CentOS, Oracle Linux, and EulerOS)",en-us_image_0171002025.png,screenshot,pass,1.00,Shows 'ifconfig -a | grep fa:16:3e:4e:f7:ae -B 1' output identifying eth7. | Matches the RST statement that the NIC name is eth7 in Method 2 step 2.,
umn/source/network/vpc/configuring_a_nic_red_hat_centos_oracle_linux_and_euleros.rst,"Configuring a NIC (Red Hat, CentOS, Oracle Linux, and EulerOS)",en-us_image_0171005796.png,screenshot,pass,1.00,Shows 'ifup eth7' with NIC link up and 'done.' output. | Matches the RST example of starting eth7 in Method 2 step 4.,
umn/source/network/vpc/configuring_a_nic_red_hat_centos_oracle_linux_and_euleros.rst,"Configuring a NIC (Red Hat, CentOS, Oracle Linux, and EulerOS)",en-us_image_0171006026.png,screenshot,pass,1.00,"Shows 'ifconfig eth7' output with IP 192.168.0.202 and UP, RUNNING state. | Matches the RST step to check the status of the NIC device in Method 2.",
umn/source/network/vpc/configuring_a_nic_red_hat_centos_oracle_linux_and_euleros.rst,"Configuring a NIC (Red Hat, CentOS, Oracle Linux, and EulerOS)",en-us_image_0171006121.png,screenshot,pass,1.00,Shows 'ping 192.168.0.1 -I eth7' with successful ICMP replies and 0% packet loss. | Matches the RST step to ping the gateway from the new network device in Method 2.,
umn/source/network/vpc/configuring_a_nic_red_hat_centos_oracle_linux_and_euleros.rst,"Configuring a NIC (Red Hat, CentOS, Oracle Linux, and EulerOS)",en-us_image_0170933823.png,screenshot,pass,1.00,"Shows 'blkid | grep config-2' output with LABEL=""config-2"", matching the decision figure in the 'Delete a NIC' section. | Consistent with the RST instruction to use Method 1 when this output is displayed.",
umn/source/network/vpc/configuring_a_nic_suse_linux_enterprise_server_11.rst,Configuring a NIC (SUSE Linux Enterprise Server 11),en-us_image_0112841749.png,icon,pass,0.90,"The image is a small downward chevron/arrow icon used as an expand-details indicator in a table row. | The RST references it as 'click |image1| to expand details' on the NICs tab, which matches the expand-arrow semantics. | It is a generic UI symbol rather than a full screenshot or detailed illustration.",The icon is generic and does not show the surrounding NIC table context. | No text or labels are visible in the icon itself.
umn/source/network/vpc/configuring_a_nic_suse_linux_enterprise_server_11.rst,Configuring a NIC (SUSE Linux Enterprise Server 11),en-us_image_0112845308.png,screenshot,pass,1.00,"The screenshot shows the terminal command '/sbin/ifup bond0.2832' being executed, matching RST step 5 exactly. | Output shows 'Starting DHCP4 client on bond0.2832' and the assigned IP 192.168.1.166/24, consistent with the documented procedure. | The hostname and prompt match the style used elsewhere in the document.",No additional context beyond the single command and its output is visible.
umn/source/network/vpc/configuring_a_nic_suse_linux_enterprise_server_11.rst,Configuring a NIC (SUSE Linux Enterprise Server 11),en-us_image_0112845315.png,screenshot,pass,1.00,"The screenshot shows the 'ip link' command output, which is the method described in RST step 6 to check NIC device status. | The bond0.2832 interface is highlighted with a red box, showing state UP and the correct MAC address fa:16:3e:1b:f0:3f. | This directly confirms the newly added NIC is active, matching the documented verification step.",The full list of interfaces is partially visible but the focus is on the highlighted bond0.2832 entry.
umn/source/network/vpc/configuring_a_nic_suse_linux_enterprise_server_11.rst,Configuring a NIC (SUSE Linux Enterprise Server 11),en-us_image_0112845475.png,screenshot,pass,1.00,"The screenshot shows 'ping 192.168.1.1 -I bond0.2832', matching RST step 7 which instructs to ping the gateway from the new network device. | The gateway 192.168.1.1 matches the example value in Table 1 of the RST document. | Five successful ICMP replies are shown, confirming network connectivity as described.",No additional context beyond the ping command and its output is visible.
umn/source/network/vpc/configuring_a_nic_suse_linux_enterprise_server_12.rst,Configuring a NIC (SUSE Linux Enterprise Server 12),en-us_image_0140752580.png,icon,partial,0.72,Small chevron/arrow icon used as an expand/collapse indicator in the BMS NICs tab | Referenced in RST as the element to click to expand NIC details | Matches the context of step 1 in the Add a NIC section where users locate NIC information,"The icon is very small and low-resolution, making it difficult to confirm exact UI context | No surrounding UI elements visible to confirm it's specifically in the NICs tab"
umn/source/network/vpc/configuring_a_nic_suse_linux_enterprise_server_12.rst,Configuring a NIC (SUSE Linux Enterprise Server 12),en-us_image_0140752823.png,screenshot,pass,1.00,"Terminal screenshot showing /usr/sbin/wicked ifup bond0.2835 command execution | Output shows wicked ignoring eth0 and eth1 configs due to higher prio config, then activating bond0.2835 | Directly matches RST step 5: 'to start bond0.2835, run the command shown in the following figure' | Hostname and command match the SUSE Linux Enterprise Server context",
umn/source/network/vpc/configuring_a_nic_suse_linux_enterprise_server_12.rst,Configuring a NIC (SUSE Linux Enterprise Server 12),en-us_image_0140752825.png,screenshot,pass,1.00,"Terminal screenshot showing ip link command output listing all network interfaces | bond0.2835@bond0 is visible with state UP, confirming the NIC is active | Directly matches RST step 6: 'Run the following command to check the status of the NIC device' | Shows the VLAN interface bond0.2835 with correct MAC address fa:16:3e:01:c3:2e",
umn/source/network/vpc/configuring_a_nic_suse_linux_enterprise_server_12.rst,Configuring a NIC (SUSE Linux Enterprise Server 12),en-us_image_0140752827.png,screenshot,pass,1.00,Terminal screenshot showing ping 192.168.1.1 -I bond0.2835 command | Successful ping responses (64 bytes from 192.168.1.1) confirm network connectivity | Directly matches RST step 7: 'Ping the gateway from the new network device to check whether the network connectivity is normal' | Gateway 192.168.1.1 matches the example value in Table 1,
umn/source/network/vpc/configuring_a_nic_ubuntu.rst,Configuring a NIC (Ubuntu),en-us_image_0112916295.png,icon,pass,0.93,"The image is a small downward-pointing chevron/arrow icon, consistent with an expand/collapse control. | The RST references this icon in the context of clicking to expand NIC details in the BMS NICs tab. | The icon is a standard UI expand symbol, matching the 'click to expand details' instruction. | It is directly referenced in the 'Add a NIC' section, step 1, for obtaining NIC information.",The icon is generic and does not show the specific NIC details page it would expand. | No surrounding UI context is visible to confirm it belongs to the BMS NICs tab.
umn/source/network/vpc/configuring_a_nic_ubuntu.rst,Configuring a NIC (Ubuntu),en-us_image_0112917155.png,screenshot,pass,1.00,"The image shows terminal output of the 'ip link' command, exactly as described in step 7 of the 'Add a NIC' section. | The output displays bond0.2847@bond0 with MAC address fa:16:3e:a2:aa:65, matching the example values in the RST table. | The VLAN 2847 and MAC address are consistent with the configuration example in the document. | The terminal prompt shows root@ubuntu, consistent with the instruction to log in as root.",No additional information is missing; the screenshot clearly shows the expected ip link output.
umn/source/network/vpc/configuring_a_nic_ubuntu.rst,Configuring a NIC (Ubuntu),en-us_image_0112917313.png,screenshot,pass,1.00,"The image shows a ping command to 192.168.1.1, which matches the example gateway address in the RST table. | The RST step 8 instructs to ping the gateway from the new network device to check connectivity, and the image demonstrates exactly this. | The ping source IP 192.168.0.2847 is consistent with the bond0.2847 interface configured in the document. | Successful ping replies confirm network connectivity, matching the expected outcome described in the RST.",No additional information is missing; the screenshot clearly shows successful ping results to the gateway.
umn/source/network/vpc/configuring_a_nic_windows_server.rst,Configuring a NIC (Windows Server),en-us_image_0112918070.png,icon,partial,0.72,"Image is a small downward chevron/expand icon, matching the RST reference to click an icon to expand NIC details in the BMS console. | It is an isolated UI symbol, not a full screenshot, so it provides limited visual evidence of the NIC information retrieval step.",No surrounding BMS NICs table or context is visible; only the expand glyph is shown. | Cannot confirm the icon corresponds to the specific expand control described without the full UI.
umn/source/network/vpc/configuring_a_nic_windows_server.rst,Configuring a NIC (Windows Server),en-us_image_0113093166.png,screenshot,pass,1.00,"PowerShell output of Get-NetAdapter showing Team1, eth1, eth0 adapters, matching step 3 of the Add a NIC section. | Confirms the presence of Team1 (VPC port group) and the eth0/eth1 devices referenced in the note.",Some MAC address columns are partially obscured/blurred.
umn/source/network/vpc/configuring_a_nic_windows_server.rst,Configuring a NIC (Windows Server),en-us_image_0113093405.png,screenshot,pass,1.00,"Shows Add-NetLbfoTeamNIC with -Team Team1 -VlanID 2812 and Set-NetAdapter with the MAC address, matching step 4 commands. | Output confirms the new Team1-vlan-2812 adapter with VLANID 2812, consistent with the example values in the RST.",The Set-NetAdapter command line is cut off at the bottom of the image.
umn/source/network/vpc/configuring_a_nic_windows_server.rst,Configuring a NIC (Windows Server),en-us_image_0113096480.png,screenshot,pass,1.00,"Get-NetAdapter output with the new Team1-vlan-2812 row highlighted in a red box, matching step 5 status check. | Shows the adapter status as Up, confirming the NIC was added successfully.",Some MAC address values are partially blurred.
umn/source/network/vpc/configuring_a_nic_windows_server.rst,Configuring a NIC (Windows Server),en-us_image_0113099288.png,screenshot,pass,1.00,"Windows IP Configuration for Ethernet adapter Team1-vlan-2812 with the IPv4 address highlighted in a red box, matching the RST description in step 6. | Shows Default Gateway 192.168.1.1, consistent with the gateway example value in Table 1.",No additional context beyond the ipconfig output is shown.
umn/source/network/vpc/configuring_a_nic_windows_server.rst,Configuring a NIC (Windows Server),en-us_image_0113099330.png,screenshot,pass,1.00,"PowerShell ping to 192.168.1.1 from 192.168.1.120 with 0% loss, matching step 6 connectivity check. | Confirms normal network connectivity to the gateway as described.",None significant; output is complete.
umn/source/network/vpc/configuring_a_nic_windows_server.rst,Configuring a NIC (Windows Server),en-us_image_0113100398.png,screenshot,pass,1.00,"Get-NetLbfoTeamNIC -Team Team1 output listing Team1-vlan-2812 and Team1, matching Delete a NIC step 3. | Shows the VLAN and team details needed before deletion.",None significant; output is complete.
umn/source/network/vpc/configuring_a_nic_windows_server.rst,Configuring a NIC (Windows Server),en-us_image_0113100585.png,screenshot,pass,1.00,"Shows Remove-NetLbfoTeamNIC -Team ""Team1"" -VlanID 2812, matching Delete a NIC step 4 command. | VLAN ID 2812 is consistent with the example values used throughout the document.","No output is shown after the command, only the command line itself."
umn/source/network/vpc/configuring_a_nic_windows_server.rst,Configuring a NIC (Windows Server),en-us_image_0113102174.png,screenshot,pass,1.00,"Get-NetLbfoTeamNIC shows only Team1 (no Team1-vlan-2812) and Get-NetAdapter lists Team1, eth1, eth0, matching Delete a NIC step 5 verification. | Confirms the NIC was successfully deleted.",Some MAC address values are partially blurred.
umn/source/network/vpc/overview.rst,Overview,en-us_image_0000001633847629.png,screenshot,pass,0.88,"Terminal screenshot of ifconfig output matching the RST instruction to run ifconfig. | Shows bond0, bond0.3029, bond0.3187, bond0.3189, eth0, eth1 consistent with the described VPC NIC and bond configuration. | MAC fa:16:3e:04:5c:6a and IP 192.168.0.14 for bond0.3029 match the stated VPC NIC 2 values. | The RST-cited VPC NIC 1 IP 192.168.0.48 is not visible in the output, so detail alignment is partial.",IP 192.168.0.48 referenced in the RST is not present in the ifconfig output. | No explicit labeling of which interface is VPC NIC 1 vs NIC 2.
umn/source/network/vpc/overview.rst,Overview,en-us_image_0000001633910537.png,screenshot,pass,1.00,"Terminal screenshot showing cat of ifcfg-eth0, ifcfg-eth1, ifcfg-bond0, and ifcfg-bond0.3029. | These files are exactly the NIC configuration files named in the RST. | Content (MASTER=bond0, SLAVE=yes, BONDING_MASTER, VLAN=yes) supports the bond/VLAN description. | No contradiction with the RST text.",Does not show ifcfg-bond0.3187 or ifcfg-bond0.3189 (covered by the next image).
umn/source/network/vpc/overview.rst,Overview,en-us_image_0000001633561065.png,screenshot,pass,1.00,Terminal screenshot showing cat of ifcfg-bond0.3189 and ifcfg-bond0.3187. | These are the remaining VPC NIC configuration files named in the RST. | VLAN=yes and PHYSDEV=bond0 entries align with the bond/VLAN sub-interface description. | No contradiction with the RST text.,Does not show eth0/eth1/bond0 files (covered by the previous image).
umn/source/overview/instance/lifecycle.rst,Lifecycle,en-us_image_0181878592.png,other,fail,0.00,Local color check detected #3298ff.,
umn/source/overview/network.rst,Network,en-us_image_0160824210.png,other,fail,0.00,Local color check detected #3298ff.,
umn/source/overview/network.rst,Network,en-us_image_0161037276.png,other,fail,0.00,Local color check detected #3298ff.,
umn/source/overview/region_and_az.rst,Region and AZ,en-us_image_0184026531.png,other,fail,0.00,Local color check detected #3298ff.,
umn/source/overview/security/identity_authentication_and_access_control.rst,Identity Authentication and Access Control,en-us_image_0000001399664420.png,other,pass,1.00,"The image is a schematic diagram labeled 'Figure 1 Default security group', matching the figure reference in the RST. | It depicts a VPC containing a 'Default security group' with two BMS instances communicating internally, consistent with the text that BMSs in the same security group can communicate. | Arrows show 'Allows outgoing packets' and 'Controls incoming packets' (with a red X), matching the default rule of allowing all outbound and blocking inbound traffic. | The diagram is a static illustration with no interactive UI controls.","The diagram does not show the specific protocol/port or the 0.0.0.0/0 destination detail from Table 1, but this is not required for a conceptual figure."
umn/source/overview/what_is_bms.rst,What Is BMS?,en-us_image_0290913715.png,other,fail,0.00,Local color check detected #3298ff.,
umn/source/resources_and_tags/adjusting_resource_quotas.rst,Adjusting Resource Quotas,en-us_image_0275513364.png,icon,partial,0.77,"The image is a location pin icon, consistent with a region/project selector in the upper left corner of a management console. | The RST step 2 instructs to click this icon to select the desired region and project, which matches the location-pin semantics. | The icon is part of the navigation steps to reach the Quotas page, so it is indirectly relevant to the quota topic.",The image is a generic location pin; it does not show any quota-specific context. | No surrounding UI is visible to confirm it is in the upper left corner of a console.
umn/source/resources_and_tags/adjusting_resource_quotas.rst,Adjusting Resource Quotas,en-us_image_0152727234.png,icon,pass,0.83,"The image is a small bar-chart icon, plausible as a button to open a Quotas or metrics page. | The RST step 3 says clicking this icon in the upper right corner displays the Quotas page, which aligns with a chart/metrics symbol. | The icon is directly tied to the action of viewing quotas, making it relevant to the section.",The image is a generic bar-chart symbol; it does not explicitly label itself as 'Quotas'. | No surrounding UI is visible to confirm placement in the upper right corner.
umn/source/resources_and_tags/tag/overview.rst,Overview,en-us_image_0157904965.png,other,pass,0.88,"The image is a static diagram illustrating how tags (key/value pairs) are assigned to cloud resources (BMS 1-3, EVS disk 1-2), matching the Figure 1 caption and the 'Basics of Tags' section. | It shows two tags per resource group (Owner = Team A, Function = Project 1/2) with arrows linking tags to resources, consistent with the RST description of assigning two tags with keys and values. | The diagram clearly labels 'Key' and 'Value' and groups resources under Team A / Project 1 / Project 2, providing strong visual evidence for the tagging concept. | The RST text states the second tag key is 'Use', but the image labels it 'Function', a minor inconsistency between text and figure.",The 'Use' key mentioned in the RST text is not present in the image (shown as 'Function' instead). | No visual indication of cross-region tagging or the Tag Management Service (TMS) interface is shown.
umn/source/resources_and_tags/tag/searching_for_resources_by_tag.rst,Searching for Resources by Tag,en-us_image_0158328048.png,icon,pass,1.00,"The image is a small plus (+) icon, matching the 'add' action referenced in step 5 ('Click |image1| to add multiple tags'). | It is used as an inline UI symbol (button) within the BMS tag-search workflow, consistent with the document topic. | The plus glyph semantically aligns with adding multiple tags, so detail and section relevance are high. | No contradiction between the icon and the surrounding RST text.","The icon is generic (a plus sign) and does not itself display tag-specific labels, so its exact function relies on the RST caption. | No surrounding UI context is visible in the image to confirm it is the BMS console button."
umn/source/security/security_group/adding_security_group_rules.rst,Adding Security Group Rules,en-us_image_0176623771.png,icon,pass,0.83,"The image is a small downward-pointing chevron/arrow, an isolated UI symbol (icon), not a full screenshot. | In the RST it is referenced as |image1| in Procedure step 4: 'Click the Security Groups tab and then |image1| to view security group rules,' matching an expand/collapse control. | The chevron visually corresponds to the action of expanding a section to reveal security group rules. | The icon is placed within the Procedure section, directly relevant to the step it illustrates. | No contradiction between the image and the surrounding text.","The image is a generic chevron with no labels or context, so it cannot be confirmed to be the exact control shown in the BMS console. | No surrounding UI (tab, table, or page) is visible to verify the specific 'view security group rules' control."
umn/source/troubleshooting/what_do_i_do_if_a_key_pair_created_using_puttygen_cannot_be_imported_to_the_management_console.rst,What Do I Do If a Key Pair Created Using PuTTYgen Cannot Be Imported to the Management Console?,en-us_image_0157339711.png,screenshot,pass,1.00,"Image shows the PuTTY Key Generator window in its initial state with 'No key.' displayed, matching Figure 1 caption in the RST. | The window layout (File/Key/Conversions/Help menus, Actions section with Generate/Load/Save buttons, Parameters section with RSA selected and 1024 bits) is consistent with the RST description of step 1. | The image directly supports the Solution section step 1: 'Double-click puttygen.exe. The PuTTY Key Generator window is displayed.' | No contradictions between the image content and the RST text.",
umn/source/troubleshooting/what_do_i_do_if_a_key_pair_created_using_puttygen_cannot_be_imported_to_the_management_console.rst,What Do I Do If a Key Pair Created Using PuTTYgen Cannot Be Imported to the Management Console?,en-us_image_0157361001.png,screenshot,pass,1.00,"Image shows the PuTTY Key Generator after a private key has been loaded, displaying the public key in OpenSSH authorized_keys format, matching Figure 2 caption 'Restoring the format of the public key content'. | A red box is clearly visible around the public key content area, consistent with the RST statement: 'The content in the red box in Figure 2 is the public key with the format meeting system requirements.' | The key fingerprint (ssh-rsa 1024 bits) and key comment (rsa-key-20190228) are visible, providing concrete detail matching the RST context. | The Load button appears highlighted, consistent with the step describing clicking Load to select the private key. | No contradictions between the image content and the RST text.",
