document,title,image,image_type,result,score,reasons,missing_evidence
api-ref/source/api_usage_guidelines.rst,API Usage Guidelines,en-us_image_0000001427131632.png,other,fail,0.00,Local color check detected #3298ff.,
umn/source/associations/association_overview.rst,Association Overview,en-us_image_0000001477452077.png,other,fail,0.00,Local color check detected #3298ff.,
umn/source/associations/creating_an_association_for_an_attachment_in_a_route_table.rst,Creating an Association for an Attachment in a Route Table,en-us_image_0000001674900098.png,screenshot,pass,1.00,"Image shows the Enterprise Router page with a router named 'er-test' and a search bar at the top, matching Figure 1 'Searching for an enterprise router' | The search fields (Name, Enter a keyword, Search by Tag) are visible, consistent with step 4 of the RST | Router details (Status, AZ, ID, ASN, Default Route Table Association) are displayed as expected on the Enterprise Router page",
umn/source/associations/creating_an_association_for_an_attachment_in_a_route_table.rst,Creating an Association for an Attachment in a Route Table,en-us_image_0000001675131132.png,screenshot,pass,1.00,"Image shows the Route Tables view with 'defaultRouteTable' selected and the Associations tab active, matching Figure 2 'Create Association' | The 'Create Association' button is clearly visible, consistent with step 6 of the RST | An existing association (Virtual gateway, vgw-d85f) is shown in the table, demonstrating the association list",
umn/source/associations/creating_an_association_for_an_attachment_in_a_route_table.rst,Creating an Association for an Attachment in a Route Table,en-us_image_0000001190483836.png,icon,pass,0.88,"Image is a small location pin icon, used in step 2 as |image1| for selecting region and project | A location/region pin icon is semantically appropriate for a region and project selector in a cloud management console | The icon is small and symbolic, consistent with an inline UI element referenced in the procedure","The icon is very small and low-resolution, making it difficult to confirm exact visual details | No surrounding UI context is visible to confirm it appears in the upper left corner as described"
umn/source/associations/deleting_an_association_from_a_route_table.rst,Deleting an Association from a Route Table,en-us_image_0000001674900098.png,screenshot,pass,0.90,"Image shows the Enterprise Router page with a search bar (Name dropdown + keyword field), matching RST step 4 'Search for the target enterprise router by name.' | The page displays router 'er-test' with details (Status, AZ, ID, ASN, etc.) and action buttons (Manage Route Table, Manage Attachment, etc.), consistent with the procedure context. | Labeled as Figure 1 in the RST, which is a prerequisite step before navigating to Route Tables to delete an association. | The search interface with 'Name' filter and 'Enter a keyword' field directly matches the described action.",The image does not show the actual deletion of an association; it only shows the router listing/search step.
umn/source/associations/deleting_an_association_from_a_route_table.rst,Deleting an Association from a Route Table,en-us_image_0000001675139170.png,screenshot,pass,1.00,"Image directly shows the Associations tab of a route table (defaultRouteTable) with a table containing ID, Status, Attachment Type, Attachment Name, and Operation columns. | A 'Delete' link is visible in the Operation column for a Virtual gateway attachment (vgw-d85f), exactly matching RST step 6: 'locate the association you want to delete and click Delete in the Operation column.' | Labeled as Figure 2 'Deleting an association' in the RST, which is the core action of the document. | The left panel shows the route table name and the top shows 'Create Route Table' button, consistent with the Route Tables tab context.",The confirmation dialog box mentioned in step 7 is not shown in this image.
umn/source/associations/deleting_an_association_from_a_route_table.rst,Deleting an Association from a Route Table,en-us_image_0000001190483836.png,icon,partial,0.72,"The image is a small location-pin / map-marker icon, used as the region/project selector in the upper-left corner of the management console. | RST step 2 references this as |image1|: 'Click |image1| in the upper left corner and select the desired region and project.' | The icon is a standard UI symbol for region selection, consistent with its described purpose. | It is a prerequisite navigation step, not directly related to the association deletion action itself.",The icon is very small and low-resolution; the exact label or tooltip is not visible. | No surrounding UI context is shown to confirm its placement in the upper-left corner.
umn/source/associations/viewing_associations_in_a_route_table.rst,Viewing Associations in a Route Table,en-us_image_0000001674900098.png,screenshot,pass,1.00,"Image shows the Enterprise Router page with a router named 'er-test' and its details (Status, AZ, ID, ASN, etc.) | Search bar with 'Name' filter and 'Enter a keyword' field is visible at the top, matching the RST step 4 description of searching for a target enterprise router by name | The page title 'Enterprise Router' and the 'Create Enterprise Router' button match the context of the procedure | Figure caption in RST is 'Searching for an enterprise router' which aligns with the visible search interface",
umn/source/associations/viewing_associations_in_a_route_table.rst,Viewing Associations in a Route Table,en-us_image_0000001723178213.png,screenshot,pass,1.00,"Image shows the Route Tables view with 'defaultRouteTable' selected and the 'Associations' tab active | The Associations table displays columns: ID, Status, Attachment Type, Attachment Name, Operation — matching the RST description of viewing settings such as ID, status, and name of each attachment | A virtual gateway attachment (vgw-d85f) is listed with Status 'Normal', consistent with the RST text about viewing attachments | Figure caption in RST is 'Viewing associations' which directly matches the content shown",
umn/source/associations/viewing_associations_in_a_route_table.rst,Viewing Associations in a Route Table,en-us_image_0000001190483836.png,icon,pass,0.88,"Image is a small location-pin icon, referenced in RST step 2 as the icon to click in the upper left corner to select region and project | The location pin symbol is semantically appropriate for a region/project selector | The icon is used as an inline image (|image1|) in the procedure text, matching its role as a UI symbol | The icon is small and generic; it does not show any specific region or project name, which is expected for a selector icon",The icon is a generic location pin; no specific region or project label is visible on the icon itself
umn/source/attachments/attachment_overview.rst,Attachment Overview,en-us_image_0000001427131632.png,other,fail,0.00,Local color check detected #3298ff.,
umn/source/attachments/modifying_the_basic_information_of_an_attachment.rst,Modifying the Basic Information of an Attachment,en-us_image_0000001674900098.png,screenshot,pass,0.83,"The image shows the Enterprise Router page with a search bar and a router entry 'er-test', matching step 4 'Search for the target enterprise router by name.' | The page displays the 'Manage Attachment' button, which is the next step in the procedure to reach the attachment list. | The figure caption in the RST is 'Searching for an enterprise router', which aligns with the visible search interface. | The image is a full UI screenshot with visible interface elements including buttons, dropdowns, and data fields.","The image does not show the actual attachment modification dialog, which is the main topic of the document. | The search field appears empty, so the act of searching by name is not explicitly demonstrated."
umn/source/attachments/modifying_the_basic_information_of_an_attachment.rst,Modifying the Basic Information of an Attachment,en-us_image_0000001190483836.png,icon,partial,0.62,"The image is a small location-pin icon, consistent with a region/project selector referenced in step 2 of the procedure. | The RST states 'Click |image1| in the upper left corner and select the desired region and project,' and a location pin is a common symbol for region selection. | The icon is a preliminary navigation element, not directly related to modifying attachment basic information. | No contradiction between the icon and its described usage in the RST.","The icon is shown in isolation without surrounding UI context, so its exact placement in the upper-left corner cannot be verified. | The icon does not directly illustrate the main topic of modifying attachment information."
umn/source/attachments/viewing_an_attachment.rst,Viewing an Attachment,en-us_image_0000001674900098.png,screenshot,pass,1.00,"Shows the Enterprise Router page with a search bar and an enterprise router (er-test), matching Figure 1 'Searching for an enterprise router'. | Visible 'Manage Attachment', 'Manage Route Table', 'Manage Sharing' buttons align with the procedure steps. | Search fields (Name, Enter a keyword, Search by Tag) correspond to step 4 of the RST.",No explicit indication of the selected region/project in this view.
umn/source/attachments/viewing_an_attachment.rst,Viewing an Attachment,en-us_image_0000001675151210.png,screenshot,pass,1.00,"Displays the Attachments tab table with Name/ID, Status, Attachment Type, Attached Resource columns, matching Figure 2 'Viewing attachments'. | Lists VPC and Virtual gateway attachments consistent with the RST description of viewing attachment name, status, type, and attached resource. | Includes Modify/Delete operations and a Create Attachment button, consistent with the management console context.",The tab header 'Attachments' is not fully visible in the cropped view.
umn/source/attachments/viewing_an_attachment.rst,Viewing an Attachment,en-us_image_0000002188732464.png,screenshot,pass,1.00,"Shows a VPC attachment details page with Name, Status, VPC name, Created, ID, Attachment Type (VPC), Subnet, and tags, matching Figure 3. | Includes ID, Created, and tags fields explicitly mentioned in step 6 of the RST. | Add Tag section and key/value table align with the described attachment detail view.",No attached-resource link navigation is shown in this static view.
umn/source/attachments/viewing_an_attachment.rst,Viewing an Attachment,en-us_image_0000001675117976.png,screenshot,pass,1.00,"Shows a virtual gateway attachment details page with Attachment Type 'Virtual gateway', matching Figure 4. | Displays Name, Status, Virtual Gateway, Created, ID, and tags section consistent with the RST detail view. | Add Tag section and key/value table match the described attachment detail layout.",No attached-resource navigation shown in this static view.
umn/source/attachments/viewing_an_attachment.rst,Viewing an Attachment,en-us_image_0000001988259322.png,screenshot,pass,1.00,"Shows a VPN gateway attachment details page with Attachment Type 'VPN gateway' and VPN Name, matching Figure 5. | Displays Name, Status, Created, ID, and tags section consistent with the RST detail view. | Add Tag section and key/value table match the described attachment detail layout.",No attached-resource navigation shown in this static view.
umn/source/attachments/viewing_an_attachment.rst,Viewing an Attachment,en-us_image_0000002245988513.png,screenshot,pass,1.00,"Shows a CFW instance attachment details page with Attachment Type 'CFW instance' and Cloud Firewall field, matching Figure 6. | Displays Name, Status, Created, ID, and tags section consistent with the RST detail view. | Add Tag section and key/value table match the described attachment detail layout.",No attached-resource navigation shown in this static view.
umn/source/attachments/viewing_an_attachment.rst,Viewing an Attachment,en-us_image_0000001190483836.png,icon,partial,0.78,"Small location-pin icon used as |image1| in step 2 to select region and project, matching the RST reference. | It is an isolated UI symbol (pictogram), not a full screenshot. | Relevant to the procedure's region/project selection step.",The icon alone does not show the region/project selection dropdown it triggers. | No surrounding UI context is visible to confirm exact placement.
umn/source/attachments/virtual_gateway_attachments/deleting_a_virtual_gateway_attachment.rst,Deleting a Virtual Gateway Attachment,en-us_image_0000001674900098.png,screenshot,pass,1.00,"Image shows the Enterprise Router page with a search bar, matching Figure 1 caption 'Searching for an enterprise router' | The page displays router 'er-test' with details including Attachments (VPC: 4, VGW: 2), consistent with the procedure context | Search controls (Name, Enter a keyword, Search by Tag) are visible at the top, matching step 4 of the procedure | The 'Manage Attachment' button is visible, relevant to the next steps in the procedure",
umn/source/attachments/virtual_gateway_attachments/deleting_a_virtual_gateway_attachment.rst,Deleting a Virtual Gateway Attachment,en-us_image_0000002024742029.png,screenshot,pass,1.00,"Image shows a confirmation dialog for deleting a virtual gateway, matching Figure 2 caption 'Deleting a virtual gateway' | The dialog text 'Are you sure you want to delete this virtual gateway?' and warning about irrecoverability match the RST description in step 9 | Yes and No buttons are visible, consistent with step 10 'Confirm the information and click Yes' | The background shows the Virtual Gateway list with Name, Status, Virtual Interface, and Operation columns",
umn/source/attachments/virtual_gateway_attachments/deleting_a_virtual_gateway_attachment.rst,Deleting a Virtual Gateway Attachment,en-us_image_0000001190483836.png,icon,partial,0.72,"Image is a small location pin icon, used in step 2 as the region/project selector | The RST instructs to 'Click |image1| in the upper left corner and select the desired region and project', and a location pin is a common symbol for region selection | The icon is generic and not specific to the virtual gateway deletion topic | No interactive controls are visible in the icon itself","The icon is very small and low-resolution, making it difficult to confirm exact visual details | No surrounding UI context is visible to confirm its placement in the upper left corner"
umn/source/attachments/vpc_attachments/creating_a_vpc_attachment.rst,Creating a VPC Attachment,en-us_image_0000001674900098.png,screenshot,pass,1.00,"Image shows the Enterprise Router page with a search bar (Name, Enter a keyword, Search by Tag) matching step 4 of the procedure | The page displays an enterprise router named 'er-test' with status Normal, AZ eu-de-01, ASN 64512, and attachment counts (VPC: 4, VGW: 2) | The RST labels this as 'Figure 1: Searching for an enterprise router' which aligns with the visible search interface | Buttons like 'Manage Attachment', 'Manage Route Table', 'Manage Sharing' are visible, consistent with the procedure's next steps",
umn/source/attachments/vpc_attachments/creating_a_vpc_attachment.rst,Creating a VPC Attachment,en-us_image_0000001723035633.png,screenshot,pass,1.00,"Image shows the 'Create Attachment' page matching step 7 of the procedure and Figure 2 in the RST | All parameters from Table 1 are visible: Name (er-attach-01), Attachment Type (VPC), Attached Resource (VPC and Subnet dropdowns), Auto Add Routes (toggle enabled), Description, Tag | The 'Create Now' button at the bottom matches step 8 in the procedure | The Auto Add Routes description text matches the RST table description about adding routes with 10.0.0.0/8, 172.16.0.0/12, and 192.168.0.0/16 as destinations",
umn/source/attachments/vpc_attachments/creating_a_vpc_attachment.rst,Creating a VPC Attachment,en-us_image_0000001190483836.png,icon,pass,1.00,Image is a small location pin/marker icon used as |image1| in step 2 of the procedure | The RST states 'Click |image1| in the upper left corner and select the desired region and project' which is consistent with a location/region icon | The icon is a simple symbolic graphic (pictogram) appropriate for a region selector button,
umn/source/attachments/vpc_attachments/deleting_a_vpc_attachment.rst,Deleting a VPC Attachment,en-us_image_0000001674900098.png,screenshot,pass,1.00,"The image shows the Enterprise Router page with a search bar, matching the RST figure caption 'Searching for an enterprise router'. | The page displays an enterprise router named 'er-test' with details (Status, AZ, ID, ASN, attachments count), consistent with step 4 of the procedure. | The 'Manage Attachment' button is visible, which is the next step in the deletion procedure (step 5). | The search field with 'Name' dropdown and 'Enter a keyword' input matches the RST instruction to search by name. | The 'Create Enterprise Router' button and other management buttons are visible as interactive controls.","The image does not show the actual search in progress (no keyword typed), but the search UI is present."
umn/source/attachments/vpc_attachments/deleting_a_vpc_attachment.rst,Deleting a VPC Attachment,en-us_image_0000001190483836.png,icon,partial,0.77,"The image is a small location-pin icon used as an inline reference (|image1|) in step 2 of the procedure. | The RST instructs to 'Click |image1| in the upper left corner and select the desired region and project,' and a location pin is a common icon for region/project selection. | The icon is a generic UI element not specific to VPC attachment deletion, so topic match is moderate. | The visual clearly shows a teardrop-shaped location marker with a central dot, consistent with a region selector icon.","The icon is shown in isolation without surrounding UI context, so it is not possible to confirm it is specifically the region/project selector from the management console. | No label or text accompanies the icon to confirm its exact function."
umn/source/attachments/vpn_gateway_attachments/deleting_a_vpn_gateway_attachment.rst,Deleting a VPN Gateway Attachment,en-us_image_0000001674900098.png,screenshot,pass,0.83,"Image shows the Enterprise Router page with a search bar and an enterprise router (er-test) with VGW attachments, matching Figure 1 in the RST | The search bar with Name dropdown and keyword field aligns with step 4 'Search for the target enterprise router by name' | The page displays Attachments (Used: 6) with VPC: 4 and VGW: 2, providing context for the VPN gateway attachment deletion procedure | The 'Manage Attachment' button is visible, which is referenced in step 5 of the procedure",The image does not show the specific VPN gateway attachment being targeted for deletion | No indication of the exact search term used to find the target enterprise router
umn/source/attachments/vpn_gateway_attachments/deleting_a_vpn_gateway_attachment.rst,Deleting a VPN Gateway Attachment,en-us_image_0000001190483836.png,icon,partial,0.67,"Image is a small location pin icon used in step 2 to select region and project | The icon is a generic navigation element, not specific to VPN gateway attachment deletion | The location pin is semantically appropriate for region/project selection as described in the RST","No context of the surrounding UI is visible to confirm placement in upper left corner | The icon is very small and low-resolution, making fine details unclear"
umn/source/attachments/vpn_gateway_attachments/deleting_a_vpn_gateway_attachment.rst,Deleting a VPN Gateway Attachment,en-us_image_0000001432667421.png,icon,partial,0.67,"Image is a small left-pointing chevron/arrow icon used in step 7 to navigate back from attachment details page | The back arrow is a generic navigation element, not specific to VPN gateway attachment deletion | The icon is semantically appropriate for going back to the VPN gateway list as described in the RST","No context of the surrounding UI is visible to confirm placement in upper left corner | The icon is very small and low-resolution, making fine details unclear"
umn/source/enterprise_routers/creating_an_enterprise_router.rst,Creating an Enterprise Router,en-us_image_0000001675058246.png,screenshot,pass,1.00,"Image is the 'Create Enterprise Router' page screenshot referenced as Figure 1 in step 4 of the procedure. | All parameters from Table 1 are visible: Region, AZ, Name, ASN, Default Route Table Association, Default Route Table Propagation, Auto Accept Shared Attachments, Enterprise Project, Tag, Description. | Example values match the RST: Name 'er-test-01', ASN 64512 (within 64512-65534 range), Region 'eu-de'. | The 'Create Now' button is visible at the bottom right, matching step 7 of the procedure.",
umn/source/enterprise_routers/creating_an_enterprise_router.rst,Creating an Enterprise Router,en-us_image_0000001190483836.png,icon,pass,0.93,"Image is a small location pin / map marker icon referenced as |image1| in step 2: 'Click |image1| in the upper left corner and select the desired region and project.' | A location pin icon is semantically appropriate for a region/project selector in the upper left corner of a cloud management console. | The icon is small and isolated, consistent with an icon classification.","The icon is very small and low-resolution, making it difficult to discern fine details. | No surrounding UI context is visible to confirm its exact placement in the console."
umn/source/enterprise_routers/deleting_an_enterprise_router.rst,Deleting an Enterprise Router,en-us_image_0000001674900098.png,screenshot,pass,1.00,"Image shows the Enterprise Router management page with search functionality, matching Figure 1 caption 'Searching for an enterprise router' | The page displays an enterprise router entry (er-test) with details including status, AZ, ASN, attachments, and action buttons (Manage Attachment, Manage Route Table, Manage Sharing, More) | The 'More' dropdown button visible in the image corresponds to step 5 where the user chooses More > Delete | Search bar with Name filter and keyword input matches step 4 of the procedure | The 'Create Enterprise Router' button and overall layout are consistent with a cloud management console interface","The image does not show the 'More > Delete' submenu expanded, which is the actual deletion action | No confirmation dialog is visible (referenced in step 6)"
umn/source/enterprise_routers/deleting_an_enterprise_router.rst,Deleting an Enterprise Router,en-us_image_0000001190483836.png,icon,partial,0.72,"Image is a small gray location pin/marker icon, consistent with a region or project selector in a cloud management console | Referenced in step 2 as the element to click in the upper left corner to select region and project | The icon is a standard pictogram for location/region selection, semantically appropriate for the described action | It is an isolated symbolic graphic (icon), not a full UI screenshot",The icon alone does not show the dropdown or selection interface for choosing region and project | No surrounding UI context is visible to confirm its exact placement in the upper left corner
umn/source/enterprise_routers/modifying_an_enterprise_router.rst,Modifying an Enterprise Router,en-us_image_0000001674900098.png,screenshot,pass,1.00,"Image shows the Enterprise Router page with a search bar (Name dropdown, keyword field) matching step 4 of the procedure | The router 'er-test' is visible with details including Default Route Table Association, Auto Accept Shared Attachments, and Attachments count | The page title 'Enterprise Router' and 'Create Enterprise Router' button match the context of the Networking > Enterprise Router navigation described in the RST | Search functionality with 'Name' filter and 'Enter a keyword' placeholder aligns with 'Search for the target enterprise router by name'",The exact region/project selector is not visible in this cropped view
umn/source/enterprise_routers/modifying_an_enterprise_router.rst,Modifying an Enterprise Router,en-us_image_0000001674952208.png,screenshot,pass,1.00,"Image shows the 'Modify Settings' dialog with all parameters listed in Table 1: Name, Default Route Table Association, Association Route Table, Default Route Table Propagation, Propagation Route Table, Auto Accept Shared Attachments | The Name field shows 'er-test-01' matching the example value in Table 1 | All Enable checkboxes are checked, matching the example values in the table | OK and Cancel buttons are present at the bottom, consistent with step 6 'Click OK'",The route table dropdown values are truncated (defaultRouteTable(382ba...)) so the full identifier is not visible
umn/source/enterprise_routers/modifying_an_enterprise_router.rst,Modifying an Enterprise Router,en-us_image_0000001190483836.png,icon,pass,1.00,"Image is a small location pin/marker icon, consistent with a region/project selector icon in the upper left corner of a cloud management console | The RST step 2 says 'Click [image1] in the upper left corner and select the desired region and project' which matches the purpose of a location pin icon | The icon is a simple symbolic graphic (pictogram) appropriate for the described UI element",The icon is shown in isolation without surrounding UI context to confirm its exact placement in the upper left corner
umn/source/enterprise_routers/viewing_an_enterprise_router.rst,Viewing an Enterprise Router,en-us_image_0000001674900098.png,screenshot,pass,1.00,"Screenshot shows the Enterprise Router page with a search bar and a listed router 'er-test', matching Figure 1 'Searching for an enterprise router'. | Displays AZ (eu-de-01), Default Route Table Association (Enabled), Default Route Table Propagation (Enabled), and Created date, all mentioned in the RST scenarios. | Shows attachments summary (VPC: 4, VGW: 2) consistent with the RST mention of viewing attachments. | Includes interactive controls: Create Enterprise Router button, Manage Attachment, Manage Route Table, Manage Sharing, More, and search fields.",
umn/source/enterprise_routers/viewing_an_enterprise_router.rst,Viewing an Enterprise Router,en-us_image_0000001675113568.png,screenshot,pass,1.00,"Screenshot shows the Basic Information page of an enterprise router, matching Figure 2 'Basic Information' in the RST. | Displays detailed fields: Name, Status, ASN, Default Route Table Propagation, Association Route Table, Enterprise Project, Description, ID, AZ, Default Route Table Association, Auto Accept Shared Attachments, Propagation Route Table, and Created date. | All fields align with the RST description of viewing detailed information about the enterprise router including AZs, default route table association and propagation, and creation time. | No interactive buttons visible; only text fields with small edit icons.",
umn/source/enterprise_routers/viewing_an_enterprise_router.rst,Viewing an Enterprise Router,en-us_image_0000001190483836.png,icon,partial,0.77,"Small location-pin icon used as |image1| in step 2: 'Click |image1| in the upper left corner and select the desired region and project.' | The icon is a standard region/project selector pictogram, consistent with the RST instruction. | It is a generic UI element rather than a direct illustration of viewing an enterprise router, so topic and detail match are moderate. | No interactive controls visible; it is an isolated symbolic graphic.",The icon alone does not show the region/project dropdown or selection UI that the RST step describes.
umn/source/faq/how_do_i_route_traffic_to_100.64.x.x_through_an_enterprise_router.rst,How Do I Route Traffic to 100.64.x.x Through an Enterprise Router?,en-us_image_0000001446449166.png,other,fail,0.00,Local color check detected #3298ff.,
umn/source/flow_logs/creating_a_flow_log.rst,Creating a Flow Log,en-us_image_0000001674900098.png,screenshot,pass,1.00,"Shows the Enterprise Router page with a search bar and an enterprise router entry (er-test), matching Figure 1 'Searching for an enterprise router' | The page displays router details (Status, AZ, ID, ASN, Attachments) consistent with the RST context of searching for a target enterprise router | Visible buttons (Create Enterprise Router, Manage Attachment, Manage Route Table, Manage Sharing, More) align with the Enterprise Router management interface",
umn/source/flow_logs/creating_a_flow_log.rst,Creating a Flow Log,en-us_image_0000001725954305.png,screenshot,pass,1.00,"Displays a flow log list with columns Name/ID, Resource Type, Resource Details, Status, LTS Log, Description, Operation, matching Figure 2 'List of flow logs' | The 'Create Flow Log' button is visible, consistent with step 6 in the RST procedure | Entries show VPC and Virtual gateway resource types, matching the resource types listed in Table 1",
umn/source/flow_logs/creating_a_flow_log.rst,Creating a Flow Log,en-us_image_0000001726070865.png,screenshot,pass,1.00,"Shows the 'Create Flow Log' dialog with all parameters from Table 1: Name, Resource Type, Resource, Log Group, Log Stream, Description | The Name field shows 'flowlog-ab' matching the example value in Table 1 | Resource Type is set to VPC, matching the example value | Log Group and Log Stream fields include 'Create Log Group' and 'Create Log Stream' links as described in the RST | OK and Cancel buttons are present at the bottom of the dialog",
umn/source/flow_logs/creating_a_flow_log.rst,Creating a Flow Log,en-us_image_0000001190483836.png,icon,partial,0.72,"Small gray location-pin icon used as |image1| in step 2 for selecting region and project | The icon is a standard location/region marker, semantically appropriate for region selection in a cloud management console | It is a simple pictogram without any text or complex UI elements","The icon is very small and low-resolution, making it difficult to confirm exact visual details | No surrounding UI context is visible to confirm its placement in the upper-left corner as described in the RST"
umn/source/flow_logs/deleting_a_flow_log.rst,Deleting a Flow Log,en-us_image_0000001674900098.png,screenshot,pass,1.00,"Image shows the Enterprise Router page with a search bar and a router named 'er-test' displayed | Matches RST Figure 1 caption: 'Searching for an enterprise router' | Corresponds to step 4: 'Search for the target enterprise router by name' | UI elements (search field, router details, action buttons) are clearly visible and consistent with the procedure",
umn/source/flow_logs/deleting_a_flow_log.rst,Deleting a Flow Log,en-us_image_0000001725954305.png,screenshot,pass,1.00,"Image shows a flow log list with columns: Name/ID, Resource Type, Resource Details, Status, LTS Log, Description, Operation | Matches RST Figure 2 caption: 'List of flow logs' | Corresponds to step 5: 'The flow log list is displayed' | The Operation column shows 'View Log Record' and 'More' which would contain the Delete action referenced in step 6",
umn/source/flow_logs/deleting_a_flow_log.rst,Deleting a Flow Log,en-us_image_0000001190483836.png,icon,pass,0.93,"Image is a small location pin / map marker icon | Referenced in RST step 2 as |image1|: 'Click |image1| in the upper left corner and select the desired region and project' | A location pin icon is semantically appropriate for a region/project selector | Icon is small and isolated, consistent with an inline UI symbol",The icon is generic; no text label is visible to confirm it specifically represents region/project selection
umn/source/flow_logs/disabling_a_flow_log.rst,Disabling a Flow Log,en-us_image_0000001674900098.png,screenshot,pass,0.90,"Shows the Enterprise Router page with a search result for 'er-test', matching Figure 1 caption in the RST | Displays the search bar and router details as described in step 4 of the procedure | The page title 'Enterprise Router' and the 'Create Enterprise Router' button are visible | Router details (Status, AZ, ID, ASN, etc.) are clearly shown","The image shows the result after searching, not the act of typing in the search field"
umn/source/flow_logs/disabling_a_flow_log.rst,Disabling a Flow Log,en-us_image_0000001725954305.png,screenshot,pass,1.00,"Shows the flow log list table with columns Name/ID, Resource Type, Resource Details, Status, LTS Log, Description, Operation | Matches Figure 2 caption 'List of flow logs' in the RST | Multiple flow log entries are visible with 'Enabled' status | The Operation column shows 'View Log Record' and 'More' options, consistent with the procedure's mention of clicking Disable in the Operation column",The 'Disable' option is not directly visible (it may be under the 'More' dropdown)
umn/source/flow_logs/disabling_a_flow_log.rst,Disabling a Flow Log,en-us_image_0000001190483836.png,icon,partial,0.72,Small location pin / map marker icon used as |image1| in step 2 for selecting region and project | The icon is a simple symbolic graphic appropriate for a region selector | It is referenced in the RST as the element to click in the upper left corner for region/project selection,"The icon is very small and low-resolution, making it hard to confirm exact visual details | No surrounding UI context is visible to confirm its placement in the upper left corner"
umn/source/flow_logs/enabling_a_flow_log.rst,Enabling a Flow Log,en-us_image_0000001674900098.png,screenshot,pass,1.00,"Image shows the Enterprise Router page with a search bar and a router named 'er-test' displayed | Matches RST Figure 1 caption: 'Searching for an enterprise router' | Corresponds to step 4 in the procedure: 'Search for the target enterprise router by name' | Visible UI elements include search bar, project selector, and router details panel",
umn/source/flow_logs/enabling_a_flow_log.rst,Enabling a Flow Log,en-us_image_0000001725954305.png,screenshot,pass,1.00,"Image shows a flow log list table with columns Name/ID, Resource Type, Resource Details, Status, LTS Log, Description, Operation | Matches RST Figure 2 caption: 'List of flow logs' | Corresponds to step 5 in the procedure where the flow log list is displayed after clicking Flow Logs | Shows multiple flow log entries with 'Enabled' status and 'View Log Record' / 'More' operation links",
umn/source/flow_logs/enabling_a_flow_log.rst,Enabling a Flow Log,en-us_image_0000001190483836.png,icon,partial,0.72,"Image is a small location pin / map marker icon | Referenced in RST step 2 as the icon to click in the upper left corner to select region and project | The location pin icon is semantically appropriate for region/project selection | It is a generic UI navigation element, not specific to flow logs","The icon is very small and low-resolution, making fine details hard to discern | No surrounding UI context is visible to confirm its placement in the upper left corner"
umn/source/flow_logs/flow_log_overview.rst,Flow Log Overview,en-us_image_0000001411390629.png,other,fail,0.00,Local color check detected #3298ff.,
umn/source/flow_logs/viewing_details_about_a_flow_log.rst,Viewing Details About a Flow Log,en-us_image_0000001674900098.png,screenshot,pass,1.00,"Image shows the Enterprise Router page with a search bar (Name, Enter a keyword, Search by Tag) matching the RST description of searching for a target enterprise router by name. | The page displays an enterprise router named 'er-test' with details (Status, AZ, ID, ASN, Attachments) consistent with the Enterprise Router context. | This is referenced as Figure 1 in step 4 of the Procedure section. | The UI elements (Create Enterprise Router button, Manage Attachment, Manage Route Table, etc.) are clearly visible and match the expected interface.",The search keyword entered in the search box is not clearly visible (placeholder text 'Enter a keyword' is shown).
umn/source/flow_logs/viewing_details_about_a_flow_log.rst,Viewing Details About a Flow Log,en-us_image_0000001725954305.png,screenshot,pass,1.00,"Image shows a list of flow logs with columns Name/ID, Resource Type, Resource Details, Status, LTS Log, Description, and Operation, matching the RST description of the flow log list. | The Operation column contains 'View Log Record' links, which directly corresponds to step 6 in the RST procedure. | This is referenced as Figure 2 in step 5 of the Procedure section. | The 'Create Flow Log' button and 'View top 20 traffic statistics' link are visible at the top, consistent with the flow log management interface.",Some flow log names and IDs are partially redacted/blurred in the image.
umn/source/flow_logs/viewing_details_about_a_flow_log.rst,Viewing Details About a Flow Log,en-us_image_0000001190483836.png,icon,partial,0.72,"The image is a small gray location pin icon, used as |image1| in step 2 of the RST for selecting region and project. | It is a generic region/location selector icon, not specific to flow logs or enterprise routers. | The icon is consistent with a typical region selector in cloud management consoles. | No contradiction with the RST text which simply says to click this icon to select region and project.","The icon is very small and low-resolution, making it difficult to confirm exact visual details. | No surrounding UI context is visible to confirm its placement in the upper left corner as described in the RST."
umn/source/getting_started/selecting_a_networking_scheme.rst,Selecting a Networking Scheme,en-us_image_0000002245898521.png,other,fail,0.00,Local color check detected #3298ff.,
umn/source/getting_started/selecting_a_networking_scheme.rst,Selecting a Networking Scheme,en-us_image_0000002210980342.png,other,fail,0.00,Local color check detected #3298ff.,
umn/source/getting_started/using_an_enterprise_router_to_enable_communications_between_vpcs_in_the_same_region/overview.rst,Overview,en-us_image_0000001295153022.png,other,fail,0.00,Local color check detected #3298ff.,
umn/source/getting_started/using_an_enterprise_router_to_enable_communications_between_vpcs_in_the_same_region/overview.rst,Overview,en-us_image_0000001160921916.png,other,fail,0.00,Local color check detected #3298ff.,
umn/source/getting_started/using_an_enterprise_router_to_enable_communications_between_vpcs_in_the_same_region/step_1_plan_networks_and_resources.rst,Step 1: Plan Networks and Resources,en-us_image_0000001193598903.png,other,fail,0.00,Local color check detected #3298ff.,
umn/source/getting_started/using_an_enterprise_router_to_enable_communications_between_vpcs_in_the_same_region/step_2_create_an_enterprise_router.rst,Step 2: Create an Enterprise Router,en-us_image_0000001675058246.png,screenshot,pass,1.00,"The image is a screenshot of the 'Create Enterprise Router' page, which is exactly the figure referenced in the RST (Figure 1). | All parameter fields shown (Region, AZ, Name, ASN, Default Route Table Association, Default Route Table Propagation, Auto Accept Shared Attachments, Enterprise Project, Tag, Description) match the table in the RST. | The 'Create Now' button at the bottom matches step 7 in the procedure. | The Name field shows 'er-test-01' matching the example value in the table. | Auto Accept Shared Attachments is unchecked, consistent with the 'Disable' example value in the table.","The ASN value in the image (64512) differs from the example value in the table (64800), but the table lists it as an example, not a required value."
umn/source/getting_started/using_an_enterprise_router_to_enable_communications_between_vpcs_in_the_same_region/step_2_create_an_enterprise_router.rst,Step 2: Create an Enterprise Router,en-us_image_0000001190483836.png,icon,partial,0.72,"The image is a small location pin / map marker icon, consistent with its use in step 2 as the region/project selector in the upper left corner of the management console. | The RST references this image as |image1| for clicking to select the desired region and project, which aligns with a location/region icon. | The icon is a standard UI symbol for region selection, relevant to the enterprise router creation workflow.","The icon is small and slightly blurry, making fine details hard to discern. | The RST does not describe the icon's appearance in detail, only its function (selecting region and project)."
umn/source/getting_started/using_an_enterprise_router_to_enable_communications_between_vpcs_in_the_same_region/step_4_create_vpc_attachments_for_the_enterprise_router.rst,Step 4: Create VPC Attachments for the Enterprise Router,en-us_image_0000001723035633.png,screenshot,pass,1.00,"Image is a UI screenshot of the 'Create Attachment' page, matching Figure 1 referenced in the RST. | All parameters shown (Name: er-attach-01, Attachment Type: VPC, Attached Resource with VPC/Subnet dropdowns, Auto Add Routes toggle enabled, Description, Tag) align with Table 1 in the RST. | The 'Create Now' button at the bottom matches step 9 in the procedure. | The page title 'Create Attachment' matches the RST description of the Create Attachment page displayed after clicking Create Attachment.",
umn/source/getting_started/using_an_enterprise_router_to_enable_communications_between_vpcs_in_the_same_region/step_4_create_vpc_attachments_for_the_enterprise_router.rst,Step 4: Create VPC Attachments for the Enterprise Router,en-us_image_0000001190483836.png,icon,pass,0.88,"Image is a small location-pin icon, consistent with the RST reference to clicking an icon in the upper left corner to select region and project. | The icon is used as |image1| in step 2 of the procedure, which describes selecting the desired region and project. | A location pin is a standard UI symbol for region/area selection in cloud management consoles.","The icon is very small and low-resolution, making it difficult to verify fine visual details. | The RST does not describe the icon's appearance beyond its function, so visual detail match is limited."
umn/source/getting_started/using_an_enterprise_router_to_enable_communications_between_vpcs_in_the_same_region/step_5_optional_add_routes_to_vpc_route_tables.rst,Step 5: (Optional) Add Routes to VPC Route Tables,en-us_image_0000001674900098.png,screenshot,pass,1.00,"Image shows the Enterprise Router page with a router named 'er-test' visible, matching step 4 'Search for the target enterprise router by name' | The figure caption in the RST is 'Searching for an enterprise router' which directly matches the displayed UI | The router name 'er-test' matches the example value in Table 1 for Next Hop | The page shows search fields (All projects, Name, Enter a keyword) consistent with searching for a router | Attachments section shows VPC 4 and VGW 2, consistent with the enterprise router context","The image does not show the specific search action being performed (e.g., a keyword typed in the search field)"
umn/source/getting_started/using_an_enterprise_router_to_enable_communications_between_vpcs_in_the_same_region/step_5_optional_add_routes_to_vpc_route_tables.rst,Step 5: (Optional) Add Routes to VPC Route Tables,en-us_image_0000001190483836.png,icon,partial,0.78,"The icon is a location pin/marker, which is commonly used in cloud management consoles for region and project selection | Step 2 in the RST says 'Click |image1| in the upper left corner and select the desired region and project', and a location pin is a standard icon for this purpose | The icon is small and symbolic, consistent with an inline UI element referenced in a procedure step | The icon is generic (location pin) and not specific to enterprise routers, but it fits the described action of selecting region/project","The icon is very small and low-resolution, making it difficult to confirm exact visual details | No surrounding UI context is visible to confirm its placement in the upper left corner of the console"
umn/source/getting_started/using_an_enterprise_router_to_enable_communications_between_vpcs_in_the_same_region/step_6_verify_connectivity_among_vpcs.rst,Step 6: Verify Connectivity Among VPCs,en-us_image_0000001195294363.png,screenshot,pass,1.00,"The image is a terminal screenshot showing the output of the ping command described in the RST. | It displays 'ping 10.1.1.105' on host ecs-demo-01, matching the example command in the document. | The output shows successful replies (64 bytes from 10.1.1.105) and '0% packet loss', consistent with the RST's statement that the two VPCs can communicate. | The image directly supports Step 6's purpose of verifying connectivity among VPCs.","No additional context beyond the ping output is shown, but none is required by the RST."
umn/source/monitoring_and_audit/cloud_eye_monitoring/creating_alarm_rules.rst,Creating Alarm Rules,en-us_image_0000001190483836.png,icon,pass,1.00,"The image is a location pin icon, consistent with the RST instruction to 'Click |image1| in the upper left corner and select the desired region and project.' | A location pin is the standard icon for region/project selection in Huawei Cloud management consoles. | The icon is directly referenced in step 2 of the Procedure section for creating alarm rules. | The visual content (a map/location pin) matches the semantic purpose of selecting a region.",No additional context needed; the icon clearly matches its described function in the RST.
umn/source/monitoring_and_audit/cloud_eye_monitoring/creating_alarm_rules.rst,Creating Alarm Rules,en-us_image_0000001214183634.png,icon,pass,1.00,"The image is a downward chevron/arrow icon, consistent with the RST instruction to 'click |image2| to view its attachments.' | A down chevron is the standard UI symbol for expanding a row to reveal sub-items such as attachments. | The icon is directly referenced in the Attachment sub-step of the Procedure section. | The visual content (a downward-pointing chevron) matches the semantic purpose of expanding to view attachments.",No additional context needed; the icon clearly matches its described function in the RST.
umn/source/monitoring_and_audit/cloud_eye_monitoring/viewing_metrics.rst,Viewing Metrics,en-us_image_0000001190483836.png,icon,partial,0.77,"Image is a location-pin icon, consistent with the RST step 2 instruction to click the icon in the upper left corner to select region and project. | It is an isolated symbolic icon, not a full UI screenshot, so it serves as a navigation aid within the Procedure section. | The icon's meaning (region/project selector) aligns with the described action of choosing a region and project.","No surrounding console UI is shown, so the exact placement in the upper-left corner cannot be visually confirmed. | The icon is generic; it does not itself depict metrics or enterprise routers."
umn/source/monitoring_and_audit/cloud_eye_monitoring/viewing_metrics.rst,Viewing Metrics,en-us_image_0000001258580523.png,icon,partial,0.77,"Image is a downward chevron/dropdown icon, consistent with the RST step 5b instruction to click the icon to view an enterprise router's attachments. | It is an isolated symbolic icon used as a UI affordance within the Procedure section. | The expand/dropdown meaning matches the action of revealing attachments before selecting View Metric.","No surrounding list or table UI is shown, so the exact location of the icon in the enterprise router list cannot be confirmed. | The icon does not itself depict metrics or attachments."
umn/source/monitoring_and_audit/cts_auditing/viewing_traces.rst,Viewing Traces,en-us_image_0000001190483836.png,icon,partial,0.77,"The image is a small gray location-pin / map-marker pictogram, consistent with a region/project selector icon. | In the RST, |image1| is used in Procedure step 2: 'Click |image1| in the upper left corner and select the desired region and project,' which matches a region selector icon. | The icon is a generic UI symbol, not specific to the Cloud Trace Service or trace viewing, so topic and detail match are moderate. | No interactive controls (buttons, menus) are visible; it is an isolated static symbol.","No surrounding console UI is shown, so the exact placement (upper-left corner) cannot be visually confirmed. | No label or tooltip is visible to confirm it is the region/project selector."
umn/source/permissions_management/creating_a_user_and_granting_permissions.rst,Creating a User and Granting Permissions,en-us_image_0000001208553649.png,other,fail,0.00,Local color check detected #3298ff.,
umn/source/propagations/creating_a_propagation_for_an_attachment_in_the_route_table.rst,Creating a Propagation for an Attachment in the Route Table,en-us_image_0000001674900098.png,screenshot,pass,1.00,"Image shows the Enterprise Router page with a search bar, matching Figure 1 caption 'Searching for an enterprise router'. | The page displays an enterprise router (er-test) with details like Status, AZ, ASN, and Attachments, consistent with step 4 of the procedure. | The search field at the top right allows searching by name, matching the RST instruction to search for the target enterprise router by name. | The 'Manage Route Table' button is visible, which is referenced in step 5 of the procedure.",
umn/source/propagations/creating_a_propagation_for_an_attachment_in_the_route_table.rst,Creating a Propagation for an Attachment in the Route Table,en-us_image_0000001675129792.png,screenshot,pass,1.00,"Image shows the Route Tables view with the Propagations tab selected, matching the procedure steps 5-6. | The 'Create Propagation' button is clearly visible, aligning with the figure caption 'Create Propagation' and step 6 instruction. | The table shows propagation details (ID, Status, Attachment Type, Attachment Name, Operation) consistent with the propagation list described in the RST. | The left panel shows 'defaultRouteTable' with its ID, matching the route table context of the procedure.",
umn/source/propagations/creating_a_propagation_for_an_attachment_in_the_route_table.rst,Creating a Propagation for an Attachment in the Route Table,en-us_image_0000001190483836.png,icon,partial,0.72,"The image is a small location pin icon, used as |image1| in step 2 for selecting region and project. | A location pin is a common UI symbol for region/area selection, consistent with the RST instruction to 'select the desired region and project'. | The icon is generic and not specific to the enterprise router propagation topic, but serves its purpose as a navigation element. | No contradiction with the RST text; it is referenced as a clickable icon in the upper left corner.","The icon is very small and low-resolution, making it difficult to confirm exact visual details. | No surrounding UI context is visible to confirm it appears in the upper left corner as described."
umn/source/propagations/deleting_a_propagation_from_a_route_table.rst,Deleting a Propagation from a Route Table,en-us_image_0000001674900098.png,screenshot,pass,0.83,"Screenshot of the Enterprise Router page showing a router named 'er-test' with search bar at top | Matches RST step 4: 'Search for the target enterprise router by name' | Shows the Enterprise Router page as described in the procedure | Contains visible buttons: Create Enterprise Router, Manage Attachment, Manage Route Table, Manage Sharing, More, search controls",The image shows the router already found/selected rather than the search action in progress | No explicit indication of the search keyword being typed
umn/source/propagations/deleting_a_propagation_from_a_route_table.rst,Deleting a Propagation from a Route Table,en-us_image_0000001675130592.png,screenshot,pass,1.00,"Shows the Propagations tab of a route table (defaultRouteTable) with a propagation entry | Displays the Operation column with a 'Delete' link, matching RST step 6 description | Directly illustrates the deletion of a propagation from a route table | Contains visible buttons: Create Route Table, Create Propagation, Delete, search and filter controls",The confirmation dialog box mentioned in step 7 is not shown in this image | The figure is placed after step 5 in the RST but visually corresponds to step 6's action
umn/source/propagations/deleting_a_propagation_from_a_route_table.rst,Deleting a Propagation from a Route Table,en-us_image_0000001190483836.png,icon,partial,0.72,Small location pin/marker icon used as a region selector | Matches RST step 2: 'Click |image1| in the upper left corner and select the desired region and project' | Common UI symbol for region/location selection in cloud management consoles | Isolated icon without surrounding interface context,No surrounding UI context visible to confirm it is in the upper left corner | No dropdown or region selection panel shown to demonstrate the selection action
umn/source/propagations/propagation_overview.rst,Propagation Overview,en-us_image_0000001477172813.png,other,pass,1.00,"The image is a network architecture diagram illustrating an enterprise router with a default route table and a custom route table, matching Figure 1 'Propagated routes and static routes'. | It shows attachments (virtual gateway 1, VPN gateway 1, VPC 1, VPC 2, VPN gateway 2, virtual gateway 2) connected via solid (auto propagation) and dashed (manual propagation) arrows, consistent with the RST table description. | The route tables list propagated routes and a static route for the VPC 2 attachment, aligning with the 'No propagation' static-route case described in the document. | A legend distinguishes auto propagation (solid) from manual propagation (dashed), supporting the propagation concepts in the section.","No interactive UI controls are present, as expected for a conceptual diagram."
umn/source/propagations/viewing_a_propagation_in_a_route_table.rst,Viewing a Propagation in a Route Table,en-us_image_0000001674900098.png,screenshot,pass,0.90,"Image shows the Enterprise Router page with a search bar for finding a router by name, matching step 4 of the procedure | The search field with 'Name' dropdown and 'Enter a keyword' placeholder aligns with the RST instruction to search for the target enterprise router by name | The page displays router details (Status, AZ, ID, ASN, etc.) and action buttons (Manage Route Table, etc.) consistent with the described workflow | This is a prerequisite step in the procedure rather than the main topic of viewing a propagation","The image does not show the Route Tables tab or propagation details, which are the main focus of the document"
umn/source/propagations/viewing_a_propagation_in_a_route_table.rst,Viewing a Propagation in a Route Table,en-us_image_0000001723169801.png,screenshot,pass,1.00,"Image directly shows the Propagations tab of a route table, which is the main topic of the document | The table displays ID, Status, Attachment Type, and Attachment Name columns, matching the RST description of viewing propagation settings | The 'Propagations' tab is clearly selected, consistent with step 6 instruction to view propagations on that tab | The route table name 'defaultRouteTable' and the propagation entry with 'Normal' status and 'Virtual gateway' type provide concrete visual evidence","The image shows only one propagation entry; the RST mentions 'all propagations' in plural, but this is a minor display difference"
umn/source/propagations/viewing_a_propagation_in_a_route_table.rst,Viewing a Propagation in a Route Table,en-us_image_0000001190483836.png,icon,partial,0.62,"The image is a small location pin icon used as a region/project selector in step 2 of the procedure | The RST references this as |image1| to click in the upper left corner to select region and project, which is consistent with a location/region icon | This is a generic navigation element not specific to the propagation viewing topic | The icon is small and symbolic, fitting the 'icon' classification",The icon alone does not show the region/project selection dropdown or any context of the upper-left corner placement | No text or additional UI elements are visible to confirm the exact function beyond a location symbol
umn/source/quotas/viewing_quotas.rst,Viewing Quotas,en-us_image_0000002277279113.png,screenshot,pass,0.95,"Image is a screenshot of the Service Quota page for Enterprise Router, matching Figure 1 in the RST. | The table displays quota items (VPN Attachment, Static Route, Route Table, Enterprise Router, VPC Attachment, Flow Log, CAN Attachment, Connect Attachment, DGW/VGW Attachment, multicast domain, multicast domain association, CC Attachment) with used and total values. | Directly corresponds to step 4 where users view used and total resource quotas. | The RST states certain items (CAN Attachment, Connect Attachment, multicast domain, multicast domain association, CC Attachment) are 'not supported', yet they appear in the table with numeric values, creating a minor inconsistency.","The screenshot does not show the full page header or navigation context, only the table portion. | It is unclear whether 'not supported' means the items cannot be viewed or cannot have quotas increased, since they are visible in the table."
umn/source/quotas/viewing_quotas.rst,Viewing Quotas,en-us_image_0000001716625548.png,icon,pass,1.00,"Image is a small location-pin icon, consistent with a region/project selector in the upper left corner of a management console. | The RST references this as |image1| in step 2: 'Click |image1| in the upper left corner and select the desired region and project.' | A map-pin/location icon is a standard UI symbol for region selection, matching the described action. | No contradictions between the icon and the RST description.","The icon is shown in isolation without surrounding UI context (e.g., the upper-left corner of the console)."
umn/source/quotas/viewing_quotas.rst,Viewing Quotas,en-us_image_0000001716466100.png,icon,pass,1.00,"Image is a small bar-chart icon (three vertical bars of decreasing height), commonly used to represent metrics, quotas, or analytics. | The RST references this as |image2| in step 3: 'In the upper right corner of the page, click |image2|. The Service Quota page is displayed.' | A bar-chart icon is a reasonable symbol for navigating to a quota/metrics page. | No contradictions between the icon and the RST description.",The icon is shown in isolation without the surrounding page context (upper right corner of the console).
umn/source/route_tables/creating_a_route_table.rst,Creating a Route Table,en-us_image_0000001674900098.png,screenshot,pass,1.00,"Image shows the Enterprise Router page with a search bar (Name, Enter a keyword, Search by Tag) matching Figure 1 caption 'Searching for an enterprise router' | The page displays an enterprise router entry 'er-test' with status, AZ, ID, ASN details consistent with the RST procedure step 4 | Buttons like 'Manage Route Table' and 'Create Enterprise Router' are visible, aligning with the workflow described in the RST",
umn/source/route_tables/creating_a_route_table.rst,Creating a Route Table,en-us_image_0000001675299306.png,screenshot,pass,1.00,"Image shows the Route Tables tab with 'Create Route Table' button and 'Route table created: 1' indicator, matching Figure 2 caption 'Route Tables' | The Basic Information panel displays Name (defaultRouteTable), Status (Normal), ID, and Created date, consistent with the RST procedure | Tabs for Associations, Propagations, Routes, and Tags are visible, matching the route table management interface described in the RST",
umn/source/route_tables/creating_a_route_table.rst,Creating a Route Table,en-us_image_0000001190483836.png,icon,pass,1.00,"Image is a small location pin/marker icon, consistent with the RST instruction to 'Click |image1| in the upper left corner and select the desired region and project' | A location pin is a standard UI symbol for region/area selection in cloud management consoles | The icon is used as an inline reference (|image1|) in step 2 of the procedure, matching its role as a clickable region selector",
umn/source/route_tables/deleting_a_route_table.rst,Deleting a Route Table,en-us_image_0000001674900098.png,screenshot,pass,1.00,"Screenshot of the Enterprise Router page showing search functionality, matching Figure 1 in step 4 of the procedure. | Displays 'er-test' enterprise router with search fields (Name, Enter a keyword, Search by Tag) consistent with the RST instruction to search for the target enterprise router by name. | Shows 'Manage Route Table' button visible, which is referenced in step 5 of the procedure. | The page layout and elements align with the described workflow for navigating to route tables.",
umn/source/route_tables/deleting_a_route_table.rst,Deleting a Route Table,en-us_image_0000001675120256.png,screenshot,pass,1.00,"Screenshot of the Route Tables tab showing 'defaultRouteTable' with a delete (trash) icon next to its name, matching Figure 2 in step 5. | Displays Basic Information tab with 'Default Route Table Association: Yes' and 'Default Route Table Propagation: Yes', directly relevant to the constraints section. | Shows tabs for Associations, Propagations, Routes, and Tags, consistent with the route table management interface described in the RST. | The trash icon next to the route table name is the exact element referenced in step 6 for initiating deletion.",
umn/source/route_tables/deleting_a_route_table.rst,Deleting a Route Table,en-us_image_0000001190483836.png,icon,partial,0.77,"Small location pin / map marker icon used as |image1| in step 2 for selecting region and project. | The icon is a generic region selector symbol, not specific to route table deletion but part of the standard login/navigation procedure. | Consistent with the RST instruction: 'Click |image1| in the upper left corner and select the desired region and project.' | The icon is a standard UI symbol for region/location selection in cloud management consoles.","The icon is very small and low-resolution, making it difficult to confirm exact visual details beyond the general location pin shape."
umn/source/route_tables/deleting_a_route_table.rst,Deleting a Route Table,en-us_image_0000001142144144.png,icon,pass,1.00,"Trash bin / delete icon used as |image2| in step 6: 'click |image2| next to the name of the target route table.' | Directly represents the delete action central to the 'Deleting a Route Table' procedure. | The icon is a standard delete/trash symbol, semantically matching the deletion operation described in the RST. | No contradiction between the icon and its described usage in the procedure.","The icon is very small and low-resolution, but the trash bin shape is clearly identifiable."
umn/source/route_tables/modifying_a_route_table.rst,Modifying a Route Table,en-us_image_0000001674900098.png,screenshot,pass,0.83,"Image shows the Enterprise Router page with a search bar and an enterprise router entry (er-test), matching the RST step 4 about searching for a target enterprise router by name. | The figure caption in the RST is 'Searching for an enterprise router' which aligns with the visible search interface and router listing. | The page includes buttons like 'Manage Route Table' which is referenced in the next step of the procedure. | This is a prerequisite step in the procedure for modifying a route table, not the core modification action itself.","The image does not show an active search query being typed, only the search bar placeholder text."
umn/source/route_tables/modifying_a_route_table.rst,Modifying a Route Table,en-us_image_0000001723058845.png,screenshot,pass,0.88,"Image shows the Route Tables view with 'defaultRouteTable' listed and its Basic Information panel, matching the RST step 5 about navigating to the Route Tables tab. | The RST figure caption says 'Renaming a route table' but the image shows the route table list/detail view rather than an active rename dialog, which is a minor mismatch. | The Basic Information panel shows Name, Status, Description fields with edit icons, which are the fields the procedure describes modifying. | The 'Create Route Table' button and route table list are visible, consistent with the route table management context.",The image does not show the actual 'Modify Route Table' dialog box that the procedure describes appearing after clicking the edit icon. | The figure caption 'Renaming a route table' does not precisely match the static route table list view shown.
umn/source/route_tables/modifying_a_route_table.rst,Modifying a Route Table,en-us_image_0000001190483836.png,icon,partial,0.67,"Image is a small location pin/marker icon, used in the RST as |image1| for selecting region and project in step 2. | The icon is a standard region/area selector symbol, consistent with the RST instruction to 'select the desired region and project.' | This is a generic navigation icon not specific to route table modification, so topic match is limited. | The icon is clearly visible and unambiguous as a location/region selector.",The icon alone does not show the region/project selection dropdown that would appear after clicking it.
umn/source/route_tables/modifying_a_route_table.rst,Modifying a Route Table,en-us_image_0000001848122286.png,icon,pass,1.00,"Image is a pencil/edit icon, used in the RST as |image2| in step 6 to click next to the route table name to open the Modify Route Table dialog. | The pencil icon is the standard symbol for editing/modifying, directly matching the procedure's action of modifying a route table. | This icon is central to the core action of the document (modifying a route table), giving it high topic and detail match. | The icon is clearly visible and unambiguous as an edit/modify symbol.",The icon alone does not show the surrounding route table list context where it would appear next to a route table name.
umn/source/route_tables/viewing_route_tables.rst,Viewing Route Tables,en-us_image_0000001674900098.png,screenshot,pass,1.00,"Screenshot shows the Enterprise Router page with a router named 'er-test' and its details | Search bar with 'Name' dropdown and keyword field is visible, matching step 4 of the procedure | Buttons 'Manage Route Table', 'Manage Attachment', 'Manage Sharing' are visible | Figure caption in RST is 'Searching for an enterprise router' which matches the content",
umn/source/route_tables/viewing_route_tables.rst,Viewing Route Tables,en-us_image_0000001675299306.png,screenshot,pass,1.00,"Screenshot shows the Route Tables tab with 'defaultRouteTable' listed | Tabs 'Basic Information', 'Associations', 'Propagations', 'Routes', 'Tags' are visible matching step 6 | Basic Information shows Status (Normal), Default Route Table Association (Yes), Default Route Table Propagation (Yes) | Figure caption in RST is 'Route Tables' which matches the content",
umn/source/route_tables/viewing_route_tables.rst,Viewing Route Tables,en-us_image_0000001190483836.png,icon,partial,0.72,"Small location pin / map marker icon used as the region/project selector in step 2 | RST references it as |image1| for 'Click in the upper left corner and select the desired region and project' | Icon is a simple symbolic graphic, not a full UI screenshot | Relevant to the procedure but not directly about route tables themselves","Icon is very small and low-resolution, making it hard to confirm exact design details | No surrounding UI context visible to confirm placement in upper left corner"
umn/source/routes/creating_a_static_route.rst,Creating a Static Route,en-us_image_0000001674900098.png,screenshot,pass,1.00,"Image shows the Enterprise Router page with a search bar and router details, matching Figure 1 caption 'Searching for an enterprise router'. | The page displays an enterprise router named 'er-test' with status, AZ, ID, ASN, and attachment counts, consistent with step 4 of the procedure. | Search fields (Name, Enter a keyword, Search by Tag) are visible at the top, aligning with the RST instruction to search for the target enterprise router by name. | Buttons such as 'Manage Route Table' are visible, which is referenced in step 5 of the procedure.","The image does not show an active search query being typed, but the search interface is present."
umn/source/routes/creating_a_static_route.rst,Creating a Static Route,en-us_image_0000001675304226.png,screenshot,pass,1.00,"Image shows the Route Tables view with the Routes tab active, matching the context of steps 5-6 in the procedure. | The 'Create Route' button is visible, which is the key action described in step 6. | The route table columns (Destination, Next Hop, Attachment Type, Attached Resource, Route Type, Operation) align with the parameters described in Table 1. | A static route entry (192.165.0.0/16) is visible in the table, consistent with the topic of creating a static route.",The figure caption in the RST says 'Creating a static route' but the image shows the route table list view rather than the Create Route dialog box itself.
umn/source/routes/creating_a_static_route.rst,Creating a Static Route,en-us_image_0000001190483836.png,icon,partial,0.77,"Image is a small location pin icon, used in step 2 as |image1| for selecting the desired region and project. | The location pin is a standard UI symbol for region/area selection in cloud management consoles. | The icon is generic and not specific to the static route creation topic, but it is correctly placed in the procedure for region selection.","The icon is very small and low-resolution, making it difficult to confirm exact visual details. | No surrounding UI context is visible to confirm it is in the upper left corner as described."
umn/source/routes/creating_a_static_route.rst,Creating a Static Route,en-us_image_0000001383934230.png,icon,pass,0.83,"Image is a refresh/reload icon inside a square button, used in step 8 as |image2| to refresh the route list. | The circular arrow refresh symbol directly matches the RST instruction to 'click |image2| to refresh the route list'. | The icon is a standard UI refresh control, appropriate for the context of refreshing a list after a creation action.",The icon is very small and low-resolution. | No surrounding UI context is visible to confirm it is in the route list view.
umn/source/routes/deleting_a_static_route.rst,Deleting a Static Route,en-us_image_0000001674900098.png,screenshot,pass,1.00,"Screenshot of the Enterprise Router page showing a router named 'er-test' with search bar, matching Figure 1 caption 'Searching for an enterprise router'. | Displays the search interface (All projects, Name, Enter a keyword, Search by Tag) consistent with step 4 of the procedure. | Shows the 'Manage Route Table' button referenced in step 5 for navigating to the Route Tables tab. | All visible elements (Status, AZ, ID, ASN, Attachments) are consistent with an enterprise router detail view.","The image does not show the upper-left region/project selector icon referenced in step 2, but that is expected as it is a separate image."
umn/source/routes/deleting_a_static_route.rst,Deleting a Static Route,en-us_image_0000001723184881.png,screenshot,pass,1.00,"Screenshot of the Route Table view with the Routes tab active, showing a table with Destination, Next Hop, Attachment Type, Attached Resource, Route Type, and Operation columns. | Clearly displays a 'Static route' entry (192.165.0.0/16) with a 'Delete' link in the Operation column, directly matching the procedure for deleting a static route. | Also shows a 'Propagated route' entry, consistent with the RST note that only static routes can be deleted directly. | The 'Create Route' button and 'Learn how to create a route' link are visible, providing context for the route management interface.","The confirmation dialog box mentioned in step 7 is not shown in this image, but that is expected as it appears after clicking Delete."
umn/source/routes/deleting_a_static_route.rst,Deleting a Static Route,en-us_image_0000001190483836.png,icon,partial,0.72,"Small location-pin icon used as |image1| in step 2: 'Click |image1| in the upper left corner and select the desired region and project.' | The location pin symbol is semantically appropriate for a region/project selector in a cloud management console. | It is a generic UI navigation icon, not specific to the static route deletion topic itself. | No contradictions with the RST text.","The icon is shown in isolation without surrounding UI context, so its exact placement in the upper-left corner cannot be verified from the image alone."
umn/source/routes/deleting_a_static_route.rst,Deleting a Static Route,en-us_image_0000001434293421.png,icon,partial,0.72,"Small refresh/reload icon (circular arrow) used as |image2| in step 7: 'click |image2| to refresh the route list.' | The circular arrow symbol is the standard representation of a refresh action in UI contexts. | It is a generic UI control icon, not specific to the static route deletion topic itself. | No contradictions with the RST text.","The icon is shown in isolation without surrounding UI context, so its exact placement in the route list view cannot be verified from the image alone."
umn/source/routes/modifying_a_static_route.rst,Modifying a Static Route,en-us_image_0000001674900098.png,screenshot,pass,1.00,"Image shows the Enterprise Router page with a search bar and router details, matching Figure 1 'Searching for an enterprise router' in step 4 | The page displays the 'er-test' router with status, AZ, ID, ASN, and attachment counts, consistent with the RST description | Search fields (Name, Enter a keyword, Search by Tag) are visible, matching the instruction to search for the target enterprise router by name | Buttons like 'Manage Route Table' are visible, which is referenced in step 5 of the procedure",
umn/source/routes/modifying_a_static_route.rst,Modifying a Static Route,en-us_image_0000001723183941.png,screenshot,pass,1.00,"Image shows the Route Tables tab with the Routes sub-tab selected, matching Figure 2 'Modifying a static route' in step 5 | The Routes table displays columns: Destination, Next Hop, Attachment Type, Attached Resource, Route Type, Operation, consistent with the RST table parameters | A static route (192.165.0.0/16) is visible with 'Modify' and 'Delete' options in the Operation column, directly matching step 6 instructions | The 'Create Route' button and 'Learn how to create a route' link are visible, providing context for the route management interface",
umn/source/routes/modifying_a_static_route.rst,Modifying a Static Route,en-us_image_0000001190483836.png,icon,partial,0.72,"Image is a small location pin icon, referenced as |image1| in step 2 for selecting region and project | The icon is a general navigation element, not specific to the static route modification topic | The RST instructs to click this icon in the upper left corner to select region and project, which is a standard cloud console navigation step | The icon is a simple pictogram without visible interactive controls or text labels","The icon is very small and low-resolution, making it difficult to confirm exact visual details | No surrounding UI context is visible to confirm its placement in the upper left corner of the console"
umn/source/routes/route_overview.rst,Route Overview,en-us_image_0000001477172813.png,other,pass,1.00,"The image is a network architecture diagram showing an enterprise router with a default route table and a custom route table, matching the figure caption 'Propagated routes and static routes'. | The default route table lists propagated routes for VPC 1, Virtual gateway 1, and VPN gateway 1 attachments, consistent with the RST table description. | The custom route table includes propagated routes for VPC 1, Virtual gateway 1, Virtual gateway 2, VPN gateway 2 and a static route for VPC 2 attachment, matching the RST text. | Solid and dashed arrows labeled 'Auto propagation' and 'Manual propagation' align with the RST's explanation of automatic vs. manual propagation. | No interactive UI controls are present; it is a static explanatory diagram.","The diagram uses placeholder 'x.x.x.x/xx' destinations, so specific IP values are not verifiable against the RST. | The 'xxx route' entries in both tables are not explained in the RST text."
umn/source/routes/viewing_routes.rst,Viewing Routes,en-us_image_0000001674900098.png,screenshot,pass,1.00,"Image shows the Enterprise Router page with a search bar (Name, Enter a keyword, Search by Tag) matching step 4 of the procedure | Router 'er-test' is displayed with status, AZ, ID, ASN, and attachment counts (VPC: 4, VGW: 2) | Buttons 'Manage Route Table', 'Manage Attachment', 'Manage Sharing' are visible, consistent with the described workflow | The 'Create Enterprise Router' button in the upper right matches the page context",
umn/source/routes/viewing_routes.rst,Viewing Routes,en-us_image_0000002246156645.png,screenshot,pass,1.00,"Image shows the Route Tables view with two route tables (er-rtb-3619, defaultRouteTable) in the left panel | The Routes tab is active showing columns: Destination, Next Hop, Attachment Type, Attached Resource, Route Type, Description, Operation | Two routes are visible: a Propagated route (10.0.0.0/8) and a Static route (192.168.0.0/24), matching the RST description of propagated and static routes | The 'Create Route Table' button and route table list match step 5 of the procedure",
umn/source/routes/viewing_routes.rst,Viewing Routes,en-us_image_0000001190483836.png,icon,pass,0.88,"Image is a small location pin/marker icon, consistent with a region/project selector referenced in step 2 | The RST states 'Click |image1| in the upper left corner and select the desired region and project', and a location pin is a common symbol for region selection | The icon is isolated and small, serving as a symbolic UI element rather than a full screenshot","The icon is very small and low-resolution, making it difficult to confirm exact visual details | No surrounding UI context is visible to confirm its placement in the upper left corner"
umn/source/service_overview/how_enterprise_routers_work.rst,How Enterprise Routers Work,en-us_image_0000001586175602.png,other,fail,0.00,Local color check detected #3298ff.,
umn/source/service_overview/how_enterprise_routers_work.rst,How Enterprise Routers Work,en-us_image_0000001529950265.png,other,fail,0.00,Local color check detected #3298ff.,
umn/source/service_overview/region_and_az.rst,Region and AZ,en-us_image_0184026531.png,other,fail,0.00,Local color check detected #3298ff.,
umn/source/service_overview/what_is_an_enterprise_router.rst,What Is an Enterprise Router?,en-us_image_0000001427301842.png,other,fail,0.00,Local color check detected #3298ff.,
umn/source/service_overview/what_is_an_enterprise_router.rst,What Is an Enterprise Router?,en-us_image_0000001559118632.png,other,fail,0.00,Local color check detected #3298ff.,
umn/source/service_overview/when_to_use_enterprise_routers.rst,When to Use Enterprise Routers,en-us_image_0000001190538519.png,other,fail,0.00,Local color check detected #3298ff.,
umn/source/service_overview/when_to_use_enterprise_routers.rst,When to Use Enterprise Routers,en-us_image_0000001144919892.png,other,fail,0.00,Local color check detected #3298ff.,
umn/source/service_overview/when_to_use_enterprise_routers.rst,When to Use Enterprise Routers,en-us_image_0000001730846789.png,other,fail,0.00,Local color check detected #3298ff.,
umn/source/sharing/accepting_an_attachment_request.rst,Accepting an Attachment Request,en-us_image_0000001674900098.png,screenshot,pass,1.00,"Image shows the Enterprise Router page with a search bar at the top, matching the RST description of searching for a target enterprise router by name. | The page displays an enterprise router named 'er-test' with details including Status, AZ, ID, ASN, and Attachments count, consistent with the procedure context. | The search interface includes 'All projects', 'Name', keyword field, and 'Search by Tag' options, aligning with step 4 of the procedure. | The figure caption in the RST ('Searching for an enterprise router') matches the visible content of the screenshot.","The image does not show the 'Attachments' tab or the 'Accept' button mentioned in later steps, but this is expected as the figure is specifically for step 4."
umn/source/sharing/changing_the_name_of_a_sharing.rst,Changing the Name of a Sharing,en-us_image_0000001674900098.png,screenshot,pass,1.00,"Image shows the Enterprise Router page with a search interface, matching Figure 1 caption 'Searching for an enterprise router'. | The page displays an enterprise router entry 'er-test' with details (Status, AZ, ID, ASN, etc.) and a search bar with 'Name' filter and keyword field. | Buttons visible include 'Manage Sharing', 'Manage Attachment', 'Manage Route Table', 'More', and 'Create Enterprise Router', consistent with the Enterprise Router UI described in the RST. | The image aligns with step 4 of the procedure: 'Search for the target enterprise router by name.'",
umn/source/sharing/changing_the_name_of_a_sharing.rst,Changing the Name of a Sharing,en-us_image_0000001723185861.png,screenshot,pass,1.00,"Image shows the Sharing tab with a list of sharings, matching Figure 2 caption 'Editing sharing name'. | The table displays columns: Sharing Name/ID, Resource Owner Account ID, Resource User Account ID, Created, Operation. | A sharing entry 'ershare-554-accid' is visible with a pencil (edit) icon and copy icon next to it, consistent with step 6 where the user clicks the edit icon. | The 'Share Enterprise Router' button and 'Learn more about sharing a subnet' link are visible at the top. | The Operation column shows a 'Delete' link, consistent with the sharing management interface.",
umn/source/sharing/changing_the_name_of_a_sharing.rst,Changing the Name of a Sharing,en-us_image_0000001190483836.png,icon,pass,1.00,"Image is a small location pin / map marker icon, used as |image1| in step 2 of the procedure. | The RST instructs: 'Click |image1| in the upper left corner and select the desired region and project.' A location pin is a standard symbol for region selection. | The icon is a simple symbolic graphic with no visible interactive controls or text. | The icon is semantically appropriate for a region/project selector in a cloud management console.",The icon is very small and low-resolution; finer details are not discernible.
umn/source/sharing/changing_the_name_of_a_sharing.rst,Changing the Name of a Sharing,en-us_image_0000001894082625.png,icon,pass,1.00,"Image is a small pencil/edit icon, used as |image2| in step 6 of the procedure. | The RST instructs: 'In the sharing list, click |image2| next to the sharing.' A pencil icon is the standard symbol for editing. | The icon is a simple symbolic graphic representing the edit action to open the 'Edit Sharing Name' dialog box. | The icon is semantically appropriate for an edit action in a sharing list context.",The icon is very small and low-resolution; finer details are not discernible.
umn/source/sharing/creating_a_sharing.rst,Creating a Sharing,en-us_image_0000001674900098.png,screenshot,pass,1.00,"Image shows the Enterprise Router page with a search bar (Name, Enter a keyword, Search by Tag) matching step 4 of the procedure | The figure caption in RST is 'Searching for an enterprise router' which aligns with the visible search interface | An enterprise router entry 'er-test' is displayed with details (Status, AZ, ID, ASN, etc.) consistent with the described page | Buttons like 'Manage Sharing' are visible, connecting to the next step in the procedure",
umn/source/sharing/creating_a_sharing.rst,Creating a Sharing,en-us_image_0000001723065585.png,screenshot,pass,1.00,"Image shows the Sharing tab with a 'Share Enterprise Router' button, matching step 6 of the procedure | The table displays columns: Sharing Name/ID, Resource Owner Account ID, Resource User Account ID, Created, Operation — consistent with the sharing list described in step 7 | A sharing entry 'ershare-554-accid' is visible with a Delete operation, confirming this is the sharing list view | The figure caption in RST is 'Sharing an enterprise router' which matches the content",
umn/source/sharing/creating_a_sharing.rst,Creating a Sharing,en-us_image_0000001190483836.png,icon,pass,1.00,"Image is a small location pin / map marker icon, which is the standard region and project selector in the Huawei Cloud management console | The RST step 2 references this as |image1|: 'Click |image1| in the upper left corner and select the desired region and project' | The icon is isolated and symbolic, fitting the 'icon' classification | No contradiction between the icon and its described purpose in the procedure",
umn/source/sharing/deleting_a_sharing.rst,Deleting a Sharing,en-us_image_0000001674900098.png,screenshot,pass,1.00,"Shows the Enterprise Router page with a search bar and an enterprise router entry (er-test), matching Figure 1 caption 'Searching for an enterprise router'. | Displays the 'Manage Sharing' button visible in the upper right, consistent with step 5 of the procedure. | The page layout, search fields (All projects, Name, keyword), and router details (Status, AZ, ASN, Attachments) align with the RST description of the Enterprise Router page. | No contradictions between the image content and the RST text.","The image does not show the Sharing tab itself, but that is expected since this figure is for step 4 (searching), not step 5."
umn/source/sharing/deleting_a_sharing.rst,Deleting a Sharing,en-us_image_0000001723186137.png,screenshot,pass,1.00,"Shows the Sharing tab with a table containing Sharing Name/ID, Resource Owner Account ID, Resource User Account ID, Created, and Operation columns, matching the RST description of locating a sharing to delete. | The 'Delete' link is visible in the Operation column, directly corresponding to step 6 of the procedure. | The 'Share Enterprise Router' button and filter criteria bar are consistent with the Sharing tab interface described in the RST. | No contradictions between the image and the RST content.","The confirmation dialog box mentioned in step 7 is not shown in this image, but that is expected as this figure covers steps 5-6."
umn/source/sharing/deleting_a_sharing.rst,Deleting a Sharing,en-us_image_0000001190483836.png,icon,partial,0.77,"A small location-pin icon used as the region/project selector in step 2 of the procedure. | The RST states 'Click |image1| in the upper left corner and select the desired region and project,' which is consistent with a location/region icon. | The icon is a generic UI symbol for region selection and is not directly related to the core topic of deleting a sharing. | No contradictions between the icon and its described usage in the RST.","The icon is very small and low-resolution, making it difficult to confirm exact visual details beyond the location-pin shape. | No surrounding UI context is visible to confirm its placement in the upper-left corner of the console."
umn/source/sharing/rejecting_an_attachment_request.rst,Rejecting an Attachment Request,en-us_image_0000001674900098.png,screenshot,pass,1.00,"Image shows the Enterprise Router management console page with search functionality, matching Figure 1 caption 'Searching for an enterprise router' | The page displays an enterprise router entry (er-test) with details including 'Auto Accept Shared Attachments: Disabled', which aligns with the note in the RST | Search bar with 'All projects' dropdown, Name filter, and keyword field matches step 4 of the procedure | Buttons for Manage Attachment, Manage Route Table, Manage Sharing are visible, relevant to the attachment workflow described",The image does not show the Attachments tab or the Reject button mentioned in later steps | No attachment request list is visible in this screenshot
umn/source/sharing/rejecting_an_attachment_request.rst,Rejecting an Attachment Request,en-us_image_0000001190483836.png,icon,partial,0.72,"The image is a small gray location pin icon, used in step 2 as the clickable element to select region and project | The icon is consistent with a region/project selector in a cloud management console | It serves as a navigation aid in the procedure rather than directly illustrating the attachment rejection topic | The icon is generic and does not provide specific visual detail about the enterprise router or attachment workflow",The icon alone does not show the region/project selection dropdown or menu that would appear after clicking | No context of the upper-left corner placement is visible in the isolated icon
umn/source/sharing/sharing_overview.rst,Sharing Overview,en-us_image_0000001399653186.png,other,fail,0.00,Local color check detected #3298ff.,
umn/source/sharing/sharing_overview.rst,Sharing Overview,en-us_image_0000001213710098.png,other,fail,0.00,Local color check detected #3298ff.,
umn/source/sharing/sharing_overview.rst,Sharing Overview,en-us_image_0000001213710140.png,other,fail,0.00,Local color check detected #3298ff.,
umn/source/sharing/viewing_sharing_details.rst,Viewing Sharing Details,en-us_image_0000001674900098.png,screenshot,pass,1.00,"Image shows the Enterprise Router page with a search bar and a router entry 'er-test', matching Figure 1 description | The page includes 'Manage Sharing' button visible in the upper right, consistent with the procedure | Search fields (All projects, Name, Enter a keyword) are visible, matching step 4's instruction to search by name | The layout and elements align with the RST's description of the Enterprise Router page",
umn/source/sharing/viewing_sharing_details.rst,Viewing Sharing Details,en-us_image_0000001675306558.png,screenshot,pass,1.00,"Image shows the Sharing tab with a table containing Sharing Name/ID, Resource Owner Account ID, Resource User Account ID, and Created columns | This exactly matches the RST step 6 description of what can be viewed on the Sharing tab | The 'Share Enterprise Router' button and filter criteria are visible, consistent with the sharing management context | One sharing entry 'ershare-554-accd' is displayed with account IDs and creation timestamp",
umn/source/sharing/viewing_sharing_details.rst,Viewing Sharing Details,en-us_image_0000001190483836.png,icon,partial,0.72,"Image is a small gray location pin icon, used as |image1| in step 2 for selecting region and project | The icon is a standard UI symbol for region/location selection, consistent with the RST instruction | It is a generic navigation icon not specific to the sharing details topic | No contradiction with the RST text describing clicking this icon to select region and project","The icon is very small and low-resolution, making it difficult to confirm exact visual details | No surrounding UI context is visible to confirm its placement in the upper left corner"
umn/source/tags/adding_a_tag/adding_a_tag_to_a_route_table.rst,Adding a Tag to a Route Table,en-us_image_0000001674900098.png,screenshot,pass,1.00,"Screenshot shows the Enterprise Router page with a router named 'er-test' and a search bar, matching Figure 1 caption 'Searching for an enterprise router'. | The page displays the search controls (Name, Enter a keyword, Search by Tag) consistent with step 4 of the procedure. | Router details (Status, AZ, ID, ASN, Attachments) are visible, confirming this is the Enterprise Router detail view. | The 'Create Enterprise Router' button and management buttons (Manage Attachment, Manage Route Table, Manage Sharing) are present as expected.","The search keyword is not entered in the field, so the actual search action is not shown, but the interface for searching is clearly visible."
umn/source/tags/adding_a_tag/adding_a_tag_to_a_route_table.rst,Adding a Tag to a Route Table,en-us_image_0000001678023102.png,screenshot,pass,1.00,"Screenshot shows the Route Tables view with the 'Tags' tab selected, directly matching Figure 2 caption 'Adding a tag to a route table'. | The 'Add Tag' button is visible in the right pane, consistent with step 6 of the procedure. | A tag with Key 'ENVIRONMENT' and Value 'TEST' is displayed, showing the result of adding a tag as described in step 7. | The route table 'defaultRouteTable' is listed on the left, matching the context of locating a route table.",The 'Add Tag' dialog box mentioned in step 7 is not shown; instead the completed tag list is displayed.
umn/source/tags/adding_a_tag/adding_a_tag_to_a_route_table.rst,Adding a Tag to a Route Table,en-us_image_0000001190483836.png,icon,partial,0.78,"The image is a small location-pin / map-marker icon, used as |image1| in step 2 for selecting region and project. | A location pin is a standard UI symbol for region/area selection, semantically matching the described action. | The icon is referenced inline in the RST as the element to click in the upper left corner for region selection. | The icon is small and low-resolution, limiting the amount of visual detail available.","The icon is very small and pixelated, making it difficult to confirm exact styling or label. | No surrounding UI context is visible to confirm its placement in the upper left corner."
umn/source/tags/adding_a_tag/adding_a_tag_to_an_attachment.rst,Adding a Tag to an Attachment,en-us_image_0000001674900098.png,screenshot,pass,1.00,"Shows the Enterprise Router page with a search bar and an enterprise router entry (er-test) | Matches Figure 1 caption 'Searching for an enterprise router' | Displays search fields (All projects, Name, keyword) consistent with step 4 of the procedure | Shows router details including Status, AZ, ID, ASN, and Attachments count",
umn/source/tags/adding_a_tag/adding_a_tag_to_an_attachment.rst,Adding a Tag to an Attachment,en-us_image_0000001675151210.png,screenshot,pass,1.00,"Shows the attachment list table with columns Name/ID, Status, Attachment Type, Attached Resource, etc. | Matches Figure 2 caption 'Viewing attachments' | Consistent with step 5 where the user clicks the Attachments tab to see the list | Displays multiple attachments (VPC and Virtual gateway types) with Modify/Delete operations",
umn/source/tags/adding_a_tag/adding_a_tag_to_an_attachment.rst,Adding a Tag to an Attachment,en-us_image_0000001726061645.png,screenshot,pass,1.00,"Shows the attachment details page for 'er-attach-test' with an 'Add Tag' button | Matches Figure 3 caption 'Adding a tag to an attachment' | Displays tag key (ENVIRONMENT) and value (TEST) in the tag list | Directly illustrates steps 6-8: locating the attachment, clicking Add Tag, and viewing the added tag",
umn/source/tags/adding_a_tag/adding_a_tag_to_an_attachment.rst,Adding a Tag to an Attachment,en-us_image_0000001190483836.png,icon,partial,0.72,Small location pin icon used as |image1| in step 2 for selecting region and project | Not directly related to the main topic of adding a tag but part of the navigation procedure | Serves as a UI symbol for the region/project selector in the upper left corner | Simple pictogram with no text or complex UI elements,No visible text or label on the icon itself | Context of where it appears in the full UI is not shown in this isolated image
umn/source/tags/adding_a_tag/adding_a_tag_to_an_enterprise_router.rst,Adding a Tag to an Enterprise Router,en-us_image_0000001674900098.png,screenshot,pass,1.00,"Image shows the Enterprise Router page with a search bar and an enterprise router entry (er-test), matching Figure 1 'Searching for an enterprise router'. | The page displays router details (Status, AZ, ID, ASN, Default Route, Attachments) consistent with step 4 of the procedure. | The 'Create Enterprise Router' button and search/filter controls are visible, confirming this is the correct management console page. | No contradictions between the image content and the RST description.",
umn/source/tags/adding_a_tag/adding_a_tag_to_an_enterprise_router.rst,Adding a Tag to an Enterprise Router,en-us_image_0000001678022214.png,screenshot,pass,1.00,"Image shows the Tags tab of an enterprise router with an 'Add Tag' button and a list of existing tags (Key/Value pairs), matching Figure 2 'Adding a tag to an enterprise router'. | The tag list displays entries like ENVIRONMENT/TEST, LANDSCAPE/EPW, REGION/EU, WORKGROUP/INFRA with Edit/Delete operations, consistent with steps 5-6. | The helper text 'You can add 9 more tags. A tag is a pair of key and value...' aligns with the tag configuration described in the procedure. | No contradictions between the image and the RST content.",
umn/source/tags/adding_a_tag/adding_a_tag_to_an_enterprise_router.rst,Adding a Tag to an Enterprise Router,en-us_image_0000001190483836.png,icon,partial,0.72,"Image is a small gray location-pin icon, referenced as |image1| in step 2 for selecting region and project in the upper left corner. | The location pin is a standard icon used in cloud management consoles for region/project navigation, consistent with the RST instruction. | The icon is generic and not specific to enterprise routers, so topic match is moderate. | No contradictions; the icon is appropriately placed in the procedure for region selection.","The icon is very small and generic; it does not show the surrounding UI context (upper-left corner placement, dropdown menu) that the RST describes."
umn/source/tags/deleting_a_tag/deleting_a_route_table_tag.rst,Deleting a Route Table Tag,en-us_image_0000001674900098.png,screenshot,pass,1.00,"Image shows the Enterprise Router page with a search bar (Name field, keyword input, Search by Tag) matching Figure 1 caption | Displays an enterprise router named 'er-test' with status, AZ, ID, and attachment details | Matches RST step 4: 'Search for the target enterprise router by name' | The page title 'Enterprise Router' and the 'Create Enterprise Router' button confirm the correct context",
umn/source/tags/deleting_a_tag/deleting_a_route_table_tag.rst,Deleting a Route Table Tag,en-us_image_0000001726066365.png,screenshot,pass,1.00,"Image shows the Tags tab of a route table (defaultRouteTable) with a tag entry (Key: ENVIRONMENT, Value: TEST) | The Operation column contains 'Edit' and 'Delete' links, matching RST step 6: 'click Delete in the Operation column' | Matches Figure 2 caption: 'Deleting a route table tag' | Shows the route table list on the left and the tag management interface on the right, consistent with the procedure",
umn/source/tags/deleting_a_tag/deleting_a_route_table_tag.rst,Deleting a Route Table Tag,en-us_image_0000001190483836.png,icon,partial,0.72,"Image is a small location pin/marker icon used as the region/project selector in step 2 | RST references it as |image1|: 'Click |image1| in the upper left corner and select the desired region and project' | The icon is a generic UI symbol, not specific to route table tag deletion | It serves a navigational purpose in the procedure rather than illustrating the tag deletion itself","The icon is very small and low-resolution, making it difficult to confirm exact visual details | No surrounding UI context is visible to confirm its placement in the upper left corner"
umn/source/tags/deleting_a_tag/deleting_an_attachment_tag.rst,Deleting an Attachment Tag,en-us_image_0000001674900098.png,screenshot,pass,1.00,Shows the Enterprise Router page with a search bar and an enterprise router entry (er-test) | Matches Figure 1 caption 'Searching for an enterprise router' | Displays the search interface with Name field and keyword input as described in step 4 | Shows Manage Attachment button which is relevant to the next step in the procedure,
umn/source/tags/deleting_a_tag/deleting_an_attachment_tag.rst,Deleting an Attachment Tag,en-us_image_0000001675151210.png,screenshot,pass,1.00,"Shows the attachment list with columns: Name/ID, Status, Attachment Type, Attached Resource, Account/Project ID, Association Route Table, Description, Operation | Matches Figure 2 caption 'Viewing attachments' | Displays multiple attachments (er-attach-1f08, vgw-d85f, vpc-api-atta, vgw-ER) with Modify and Delete operations | Corresponds to step 5 where the attachment list is displayed after clicking Attachments",
umn/source/tags/deleting_a_tag/deleting_an_attachment_tag.rst,Deleting an Attachment Tag,en-us_image_0000001678027358.png,screenshot,pass,1.00,"Shows the attachment details page for er-attach-test with Name, Status, VPC name, Created, Description fields | Displays a tag section with Add Tag button and a table showing Key (ENVIRONMENT), Value (TEST), and Operation (Edit | Delete) | Matches Figure 3 caption 'Deleting an attachment tag' | Directly illustrates steps 6-7: locating the attachment and finding the tag with a Delete option in the Operation column",
umn/source/tags/deleting_a_tag/deleting_an_attachment_tag.rst,Deleting an Attachment Tag,en-us_image_0000001190483836.png,icon,partial,0.72,Small location pin icon used as the region/project selector in the upper left corner | Referenced as |image1| in step 2: 'Click |image1| in the upper left corner and select the desired region and project' | Generic location pin pictogram consistent with a region selector control | Not directly related to the main topic of deleting an attachment tag but part of the navigation procedure,"The icon is very small and low-resolution, making it difficult to confirm exact visual details | No surrounding UI context visible to confirm its placement in the upper left corner"
umn/source/tags/deleting_a_tag/deleting_an_enterprise_router_tag.rst,Deleting an Enterprise Router Tag,en-us_image_0000001674900098.png,screenshot,pass,1.00,"Shows the Enterprise Router page with a search bar and a router entry named 'er-test' | Matches Figure 1 caption 'Searching for an enterprise router' in step 4 | Displays search controls (Name dropdown, keyword field, Search by Tag) consistent with the procedure | Router details (Status, AZ, ID, ASN, Attachments) are visible and relevant",
umn/source/tags/deleting_a_tag/deleting_an_enterprise_router_tag.rst,Deleting an Enterprise Router Tag,en-us_image_0000001725946477.png,screenshot,pass,1.00,"Shows the tag list with Key, Value, and Operation columns as described in step 5 | Each tag row has Edit and Delete links in the Operation column, matching step 6 | Add Tag button and tag count message are visible at the top | Directly corresponds to Figure 2 'Deleting an enterprise router tag'",
umn/source/tags/deleting_a_tag/deleting_an_enterprise_router_tag.rst,Deleting an Enterprise Router Tag,en-us_image_0000001190483836.png,icon,partial,0.78,Small gray location-pin icon used as the region/project selector in step 2 | Referenced as |image1| in the RST for selecting region and project | Icon is generic (map marker) and does not show specific UI context | No interactive controls visible in the isolated icon itself,"Icon is very small and low-resolution, making fine details hard to discern | No surrounding UI context visible to confirm its placement in the upper-left corner"
umn/source/tags/editing_a_tag/editing_a_route_table_tag.rst,Editing a Route Table Tag,en-us_image_0000001674900098.png,screenshot,pass,1.00,"Image shows the Enterprise Router page with a search bar and an enterprise router entry 'er-test', matching Figure 1 caption 'Searching for an enterprise router'. | The search interface (Name dropdown, keyword field, Search by Tag) aligns with step 4 of the procedure. | The page displays router details (Status, AZ, ID, ASN, Attachments) consistent with the Enterprise Router context. | No visible contradictions between the image content and the RST description.",
umn/source/tags/editing_a_tag/editing_a_route_table_tag.rst,Editing a Route Table Tag,en-us_image_0000001726066369.png,screenshot,pass,1.00,"Image shows the route table detail page with the Tags tab active, matching Figure 2 caption 'Modifying a route table tag'. | The Tags tab displays a table with Key 'ENVIRONMENT', Value 'TEST', and an Operation column containing 'Edit' and 'Delete' links, exactly as described in step 6. | The 'Add Tag' button and explanatory text about tag key/value pairs are visible, consistent with the tag editing context. | No contradictions between the image and the RST procedure steps 5-6.",
umn/source/tags/editing_a_tag/editing_a_route_table_tag.rst,Editing a Route Table Tag,en-us_image_0000001190483836.png,icon,pass,1.00,"Image is a small location-pin icon, consistent with the |image1| reference in step 2 for selecting region and project. | The icon is a standard region/area selector symbol used in cloud management consoles. | It is referenced inline in the RST as the element to click in the upper left corner for region/project selection. | No contradictions; the icon serves its documented purpose as a region selector.","The icon is shown in isolation without surrounding UI context, so its exact placement in the upper-left corner cannot be visually confirmed from the image alone."
umn/source/tags/editing_a_tag/editing_an_attachment_tag.rst,Editing an Attachment Tag,en-us_image_0000001674900098.png,screenshot,pass,1.00,"Shows the Enterprise Router page with a search bar and an enterprise router named 'er-test' | Matches Figure 1 caption 'Searching for an enterprise router' | Corresponds to step 4: 'Search for the target enterprise router by name' | Displays router details (Status, AZ, ID, ASN, Attachments count) consistent with the procedure",
umn/source/tags/editing_a_tag/editing_an_attachment_tag.rst,Editing an Attachment Tag,en-us_image_0000001675151210.png,screenshot,pass,1.00,"Shows the attachment list with columns: Name/ID, Status, Attachment Type, Attached Resource, Account/Project ID, Association Route Table, Description, Operation | Matches Figure 2 caption 'Viewing attachments' | Corresponds to step 5: 'Click the enterprise router name and click Attachments. The attachment list is displayed.' | Lists multiple attachments (VPC and Virtual gateway types) with Modify/Delete operations",
umn/source/tags/editing_a_tag/editing_an_attachment_tag.rst,Editing an Attachment Tag,en-us_image_0000001678187078.png,screenshot,pass,1.00,"Shows the attachment details page for 'er-attach-test' with Name, Status, VPC name, ID, Attachment Type, Subnet, Auto Add Routes | Displays a tag section with Key: ENVIRONMENT, Value: TEST, and Edit/Delete in the Operation column | Matches Figure 3 caption 'Modifying an attachment tag' | Directly corresponds to steps 6-7: locating the attachment and clicking Edit in the Operation column",
umn/source/tags/editing_a_tag/editing_an_attachment_tag.rst,Editing an Attachment Tag,en-us_image_0000001190483836.png,icon,partial,0.72,"Small location pin icon used for region/project selection in the upper left corner | Corresponds to step 2: 'Click |image1| in the upper left corner and select the desired region and project' | It is a generic navigation icon, not specific to the tag editing task | Serves as a reference for the user to identify the correct UI element to click","The icon is very small and low-resolution, making it difficult to confirm exact visual details | No surrounding UI context is visible to confirm its placement in the upper left corner"
umn/source/tags/editing_a_tag/editing_an_enterprise_router_tag.rst,Editing an Enterprise Router Tag,en-us_image_0000001674900098.png,screenshot,pass,1.00,"Shows the Enterprise Router page with a search bar for finding a router by name, matching step 4 of the procedure | Displays router 'er-test' with details (Status, AZ, ID, ASN, etc.) consistent with the enterprise router context | Search bar with 'Name' dropdown and 'Enter a keyword' field matches the described search action | Referenced as Figure 1 in the RST for searching an enterprise router",
umn/source/tags/editing_a_tag/editing_an_enterprise_router_tag.rst,Editing an Enterprise Router Tag,en-us_image_0000001725946489.png,screenshot,pass,1.00,"Shows the tag list with Key, Value, and Operation columns as described in the procedure | Each tag row has 'Edit | Delete' links in the Operation column, matching step 6's instruction to click Edit | Add Tag button visible at top, consistent with the tag management context | Referenced as Figure 2 in the RST for modifying an enterprise router tag",
umn/source/tags/editing_a_tag/editing_an_enterprise_router_tag.rst,Editing an Enterprise Router Tag,en-us_image_0000001190483836.png,icon,pass,0.83,"Small location pin / map marker icon used as the region/project selector in step 2 | Referenced as |image1| in the RST for clicking to select region and project | Icon is a simple gray pictogram, not a full UI screenshot | Supports the procedure's navigation step but is not directly about tag editing","The icon is very small and low-resolution, making it hard to confirm exact visual details | No surrounding UI context visible to confirm its placement in the upper left corner"
umn/source/tags/overview.rst,Overview,en-us_image_0000001147413690.png,other,fail,0.00,Local color check detected #3298ff.,
umn/source/tags/searching_for_a_cloud_resource_by_tag/searching_for_a_route_table_by_tag.rst,Searching for a Route Table by Tag,en-us_image_0000001674900098.png,screenshot,pass,1.00,"Screenshot shows the Enterprise Router page with 'er-test' router, matching Figure 1 caption in the RST. | Search bar with 'Name' dropdown, 'Enter a keyword' field, and 'Search by Tag' button are visible, consistent with step 4. | Router details (Status, AZ, ID, ASN, Attachments) are displayed as expected on the Enterprise Router page. | The image is referenced in the Procedure section as the result of searching for the target enterprise router by name.",
umn/source/tags/searching_for_a_cloud_resource_by_tag/searching_for_a_route_table_by_tag.rst,Searching for a Route Table by Tag,en-us_image_0000001723189849.png,screenshot,pass,1.00,"Screenshot shows the route table list with 'Create Route Table' button and 'Route table created: 1' label, matching Figure 2 caption. | The 'Search by Tag' panel is expanded showing 'Tag key' and 'Tag value' input fields, a '+' add button, and 'Search'/'Reset' buttons. | Helper text about selecting keys/values from drop-down lists and the 10-tag maximum is visible, matching the RST description in step 7. | Directly illustrates the core topic of searching for a route table by tag.",
umn/source/tags/searching_for_a_cloud_resource_by_tag/searching_for_a_route_table_by_tag.rst,Searching for a Route Table by Tag,en-us_image_0000001190483836.png,icon,partial,0.77,"Small location-pin icon used as |image1| in step 2 for selecting region and project. | The icon is a standard map-marker/pin symbol, appropriate for a region selector in the upper-left corner. | It is a supporting UI element rather than the main topic of the document (tag-based route table search). | No contradiction with the RST text describing clicking this icon to select region and project.",The icon is very small and low-resolution; exact label or tooltip is not visible.
umn/source/tags/searching_for_a_cloud_resource_by_tag/searching_for_a_route_table_by_tag.rst,Searching for a Route Table by Tag,en-us_image_0000001213604225.png,icon,pass,0.90,"Small plus-sign (+) icon in a bordered box, used as |image2| in step 7 to add multiple tags. | The plus symbol is the standard UI convention for adding items, matching the RST instruction to 'add multiple tags'. | Directly relevant to the tag-search procedure described in the document. | No contradiction with the RST text.",Icon is very small; no tooltip or label text is visible.
umn/source/tags/searching_for_a_cloud_resource_by_tag/searching_for_a_route_table_by_tag.rst,Searching for a Route Table by Tag,en-us_image_0000001435362757.png,icon,pass,0.90,"Small X (cross) icon used as |image3| in step 7 to delete added tags one by one. | The X symbol is the standard UI convention for removing/closing items, matching the RST instruction to 'delete the added tags'. | Directly relevant to the tag-search procedure described in the document. | No contradiction with the RST text.",Icon is very small; no tooltip or label text is visible.
umn/source/tags/searching_for_a_cloud_resource_by_tag/searching_for_an_attachment_by_tag.rst,Searching for an Attachment by Tag,en-us_image_0000001674900098.png,screenshot,pass,0.83,"The image shows the Enterprise Router page with a router named 'er-test' and its details, matching Figure 1 in the RST. | The RST step 4 says 'Search for the target enterprise router by name' and the image displays the router page with a search bar at the top. | The image is a supporting step (finding the router) rather than the main action of searching attachments by tag. | The page includes 'Manage Attachment' button and attachment counts (VPC 4, VGW 2), consistent with the workflow described.","The search box does not show a typed keyword, so the actual search action is not visible. | The 'Search by Tag' button is visible but not the focus of this figure."
umn/source/tags/searching_for_a_cloud_resource_by_tag/searching_for_an_attachment_by_tag.rst,Searching for an Attachment by Tag,en-us_image_0000001723068325.png,screenshot,pass,1.00,"The image directly shows the tag filter dropdown for searching attachments by tag, which is the core topic of the document. | The RST step 6 says 'select Tag for Property, select the tag to be searched for, and click OK' and the image shows exactly this: a tag dropdown with checkboxes and OK/Cancel buttons. | The 'Create Attachment' button and attachment list with Status column are visible in the background, confirming this is the attachment list page. | The tag options (ENVII=PRO, ENVII=ACC, ENVII=DEV, ENVII=TEST, key1, key2, key3) demonstrate the tag selection mechanism described in the RST.","The 'Property' selector showing 'Tag' is not explicitly visible in the cropped image, though the tag filter is clearly active."
umn/source/tags/searching_for_a_cloud_resource_by_tag/searching_for_an_attachment_by_tag.rst,Searching for an Attachment by Tag,en-us_image_0000001190483836.png,icon,partial,0.67,"The image is a small location-pin icon used as the region/project selector in step 2 of the procedure. | The RST says 'Click |image1| in the upper left corner and select the desired region and project' which matches a location/region icon. | The icon is a standard UI symbol for region selection, not directly related to the tag-searching topic. | It serves as a navigational prerequisite rather than illustrating the main search-by-tag action.","The icon is shown in isolation without surrounding UI context, so its exact placement in the upper-left corner cannot be verified from the image alone."
umn/source/tags/searching_for_a_cloud_resource_by_tag/searching_for_an_enterprise_router_by_tag.rst,Searching for an Enterprise Router by Tag,en-us_image_0000001674900098.png,screenshot,pass,1.00,"Screenshot shows the Enterprise Router page with a router named 'er-test' and its details (Status, AZ, ASN, etc.) | The 'Search by Tag' button is visible in the upper right, matching step 4 of the procedure | The page header reads 'Enterprise Router' and includes 'Create Enterprise Router' button, consistent with the RST description | Figure 1 caption in RST is 'Searching for an enterprise router' which matches this view",
umn/source/tags/searching_for_a_cloud_resource_by_tag/searching_for_an_enterprise_router_by_tag.rst,Searching for an Enterprise Router by Tag,en-us_image_0000001675307578.png,screenshot,pass,1.00,"Screenshot shows the expanded tag search panel with 'Tag key' and 'Tag value' input fields | A '+' button is visible for adding multiple tags, matching the RST description of clicking to add tags | 'Search' and 'Reset' buttons are visible, matching step 5 and the RST text about clearing tags | Helper text mentions maximum of 10 tags, consistent with the RST statement | Figure 2 caption in RST is 'Searching for an enterprise router by tag' which matches this view",
umn/source/tags/searching_for_a_cloud_resource_by_tag/searching_for_an_enterprise_router_by_tag.rst,Searching for an Enterprise Router by Tag,en-us_image_0000001190483836.png,icon,pass,1.00,"Small location pin / map marker icon used as the region selector in the upper left corner | RST step 2 says 'Click |image1| in the upper left corner and select the desired region and project', which matches a region/area selector icon | The icon is a standard location pin symbol commonly used for region selection in cloud management consoles",
umn/source/tags/searching_for_a_cloud_resource_by_tag/searching_for_an_enterprise_router_by_tag.rst,Searching for an Enterprise Router by Tag,en-us_image_0000001213604225.png,icon,pass,1.00,"Small plus (+) icon in a bordered box, representing an 'add' action | RST step 5 says 'click |image2| to add multiple tags', which matches a plus/add icon | The icon is consistent with the '+' button visible in Figure 2 screenshot next to the tag fields",
umn/source/tags/searching_for_a_cloud_resource_by_tag/searching_for_an_enterprise_router_by_tag.rst,Searching for an Enterprise Router by Tag,en-us_image_0000001435362757.png,icon,pass,1.00,"Small X (cross) icon representing a delete/remove action | RST step 5 says 'You can click |image3| to delete the added tags one by one', which matches a delete/close icon | The icon is a standard close/remove symbol used in UI for deleting individual items",
umn/source/tags/viewing_a_tag/viewing_a_route_table_tag.rst,Viewing a Route Table Tag,en-us_image_0000001674900098.png,screenshot,pass,1.00,"Image shows the Enterprise Router page with a search bar and an enterprise router named 'er-test' listed | Matches RST Figure 1 caption 'Searching for an enterprise router' | Shows the search interface (Name field, keyword input, Search by Tag) consistent with step 4 of the procedure | Displays router details including Status, AZ, ID, ASN, and attachments",
umn/source/tags/viewing_a_tag/viewing_a_route_table_tag.rst,Viewing a Route Table Tag,en-us_image_0000001678027362.png,screenshot,pass,1.00,"Image shows the route table detail page with the Tags tab selected | Displays a tag with Key=ENVIRONMENT and Value=TEST, matching step 6 'view its details, including the tag key and tag value' | Matches RST Figure 2 caption 'Viewing a route table tag' | Shows the defaultRouteTable with its ID and the tag management interface (Add Tag, Edit, Delete)",
umn/source/tags/viewing_a_tag/viewing_a_route_table_tag.rst,Viewing a Route Table Tag,en-us_image_0000001190483836.png,icon,partial,0.77,Image is a small location pin/marker icon used as the region/project selector | Referenced in RST step 2 as |image1|: 'Click |image1| in the upper left corner and select the desired region and project' | The icon is a standard location/region selector symbol consistent with its described purpose | It is a supporting UI element in the procedure rather than directly illustrating the route table tag topic,"The icon is very small and low-resolution, making fine details hard to discern | No surrounding UI context is visible to confirm its exact placement in the interface"
umn/source/tags/viewing_a_tag/viewing_an_attachment_tag.rst,Viewing an Attachment Tag,en-us_image_0000001674900098.png,screenshot,pass,1.00,"Shows the Enterprise Router page with a search bar at the top, matching Figure 1 caption 'Searching for an enterprise router' | Displays an enterprise router named 'er-test' with status, AZ, ID, ASN, and attachment counts | Search bar with 'Name' filter and 'Enter a keyword' field is visible, consistent with step 4 of the procedure | The 'Create Enterprise Router' button and management controls are visible in the interface",
umn/source/tags/viewing_a_tag/viewing_an_attachment_tag.rst,Viewing an Attachment Tag,en-us_image_0000001675151210.png,screenshot,pass,1.00,"Shows the attachment list with columns for Name/ID, Status, Attachment Type, Attached Resource, Account/Project ID, Association Route Table, Description, and Operation | Matches Figure 2 caption 'Viewing attachments' and step 5 of the procedure | Multiple attachments are listed (er-attach-1f08, vgw-d85f, vpc-api-atta, vgw-ER) with their details | Create Attachment button and filter criteria bar are visible at the top",
umn/source/tags/viewing_a_tag/viewing_an_attachment_tag.rst,Viewing an Attachment Tag,en-us_image_0000001725946485.png,screenshot,pass,1.00,"Shows the attachment details page for 'er-attach-test' with status, VPC name, subnet, and creation date | Displays a tag section with Key 'ENVIRONMENT' and Value 'TEST', directly matching the topic 'Viewing an attachment tag' | Matches Figure 3 caption and steps 6-7 of the procedure (locating the attachment and viewing its tag details) | Add Tag button and Edit/Delete operations are visible in the tag table",
umn/source/tags/viewing_a_tag/viewing_an_attachment_tag.rst,Viewing an Attachment Tag,en-us_image_0000001190483836.png,icon,partial,0.72,"Small location pin icon used as the region/project selector in step 2 of the procedure | Matches the RST reference 'Click |image1| in the upper left corner and select the desired region and project' | It is a simple symbolic graphic (pictogram) rather than a full UI screenshot | The icon is monochrome and minimal, serving as a clickable region selector","The icon is very small and low-resolution, making fine details hard to discern | No surrounding UI context is visible to confirm its placement in the upper left corner"
umn/source/tags/viewing_a_tag/viewing_an_enterprise_router_tag.rst,Viewing an Enterprise Router Tag,en-us_image_0000001674900098.png,screenshot,pass,1.00,Shows the Enterprise Router page with a router named 'er-test' and its details | Includes the search bar with 'Name' dropdown and keyword field matching step 4 description | Displays 'Search by Tag' button and project selector as described in the procedure | Matches Figure 1 caption 'Searching for an enterprise router',
umn/source/tags/viewing_a_tag/viewing_an_enterprise_router_tag.rst,Viewing an Enterprise Router Tag,en-us_image_0000001678187074.png,screenshot,pass,1.00,"Directly shows the tag list with Key, Value, and Operation columns as described in step 5 | Displays multiple tag key-value pairs (ENVIRONMENT/TEST, LANDSCAPE/EPW, etc.) matching step 6 | Includes 'Add Tag' button and explanatory text about tag pairs | Matches Figure 2 caption 'Viewing an enterprise router tag'",
umn/source/tags/viewing_a_tag/viewing_an_enterprise_router_tag.rst,Viewing an Enterprise Router Tag,en-us_image_0000001190483836.png,icon,partial,0.78,Small location pin icon used as |image1| in step 2 for region/project selection | Consistent with the RST instruction to click this icon in the upper left corner | Serves as a navigation symbol for selecting region and project | Limited visual detail due to small size but clearly a map/location pin,Cannot verify the exact placement in the upper left corner from the isolated icon | No surrounding UI context visible to confirm it is the region/project selector
